sequence,monotonic_ns,elapsed_ms,publish_gap_ms,ros_timestamp_us,reliability,subscription_count,arming_state,nav_state,nav_state_user_intention,failsafe
1,4948842405627,2709.298,,1786610315673596,reliable,1,1,4,4,0
2,4948927964990,2794.858,85.559,1786610315759195,reliable,1,1,4,4,0
3,4949042281426,2909.174,114.316,1786610315873467,reliable,1,1,4,4,0
4,4949125860265,2992.753,83.579,1786610315957042,reliable,1,1,4,4,0
5,4949222327807,3089.220,96.468,1786610316053509,reliable,1,1,4,4,0
6,4949326452064,3193.345,104.124,1786610316157640,reliable,1,1,4,4,0
7,4949430575458,3297.468,104.123,1786610316261759,reliable,1,1,4,4,0
8,4949532419971,3399.312,101.845,1786610316363607,reliable,1,1,4,4,0
9,4949641454431,3508.347,109.034,1786610316472632,reliable,1,1,4,4,0
10,4949725115008,3592.008,83.661,1786610316556297,reliable,1,1,4,4,0
11,4949822848384,3689.741,97.733,1786610316654060,reliable,1,1,4,4,0
12,4949927367261,3794.260,104.519,1786610316758595,reliable,1,1,4,4,0
13,4950042223282,3909.116,114.856,1786610316873413,reliable,1,1,4,4,0
14,4950125363343,3992.256,83.140,1786610316956545,reliable,1,1,4,4,0
15,4950241994795,4108.887,116.631,1786610317073171,reliable,1,1,4,4,0
16,4950325493670,4192.386,83.499,1786610317156676,reliable,1,1,4,4,0
17,4950422005329,4288.898,96.512,1786610317253197,reliable,1,1,4,4,0
18,4950525847837,4392.740,103.843,1786610317357035,reliable,1,1,4,4,0
19,4950629337777,4496.230,103.490,1786610317460524,reliable,1,1,4,4,0
20,4950733569656,4600.462,104.232,1786610317564761,reliable,1,1,4,4,0
21,4950842222038,4709.115,108.652,1786610317673406,reliable,1,1,4,4,0
22,4950925990115,4792.883,83.768,1786610317757169,reliable,1,1,4,4,0
23,4951024501370,4891.394,98.511,1786610317855689,reliable,1,1,4,4,0
24,4951129367342,4996.260,104.866,1786610317960556,reliable,1,1,4,4,0
25,4951242709215,5109.602,113.342,1786610318073896,reliable,1,1,4,4,0
26,4951326080822,5192.973,83.372,1786610318157259,reliable,1,1,4,4,0
27,4951442231771,5309.124,116.151,1786610318273422,reliable,1,1,4,4,0
28,4951526703807,5393.596,84.472,1786610318357890,reliable,1,1,4,4,0
29,4951622035704,5488.928,95.332,1786610318453214,reliable,1,1,4,4,0
30,4951726303808,5593.196,104.268,1786610318557483,reliable,1,1,4,4,0
31,4951840773169,5707.666,114.469,1786610318671958,reliable,1,1,4,4,0
32,4951924614216,5791.507,83.841,1786610318755803,reliable,1,1,4,4,0
33,4952022220032,5889.113,97.606,1786610318853423,reliable,1,1,4,4,0
34,4952126053130,5992.946,103.833,1786610318957246,reliable,1,1,4,4,0
35,4952222279762,6089.172,96.227,1786610319053464,reliable,1,1,4,4,0
36,4952327342096,6194.235,105.062,1786610319158521,reliable,1,1,4,4,0
37,4952422118148,6289.011,94.776,1786610319253309,reliable,1,1,4,4,0
38,4952525885449,6392.778,103.767,1786610319357068,reliable,1,1,4,4,0
39,4952629769333,6496.662,103.884,1786610319460957,reliable,1,1,4,4,0
40,4952734281421,6601.174,104.512,1786610319565470,reliable,1,1,4,4,0
41,4952821869038,6688.762,87.588,1786610319653055,reliable,1,1,4,4,0
42,4952925670933,6792.563,103.802,1786610319756858,reliable,1,1,4,4,0
43,4953029426712,6896.319,103.756,1786610319860614,reliable,1,1,4,4,0
44,4953133649340,7000.542,104.223,1786610319964837,reliable,1,1,4,4,0
45,4953237524692,7104.417,103.875,1786610320068709,reliable,1,1,4,4,0
46,4953340721168,7207.614,103.196,1786610320171934,reliable,1,1,4,4,0
47,4953423925766,7290.818,83.205,1786610320255111,reliable,1,1,4,4,0
48,4953527870262,7394.763,103.944,1786610320359051,reliable,1,1,4,4,0
49,4953631609719,7498.502,103.739,1786610320462797,reliable,1,1,4,4,0
50,4953735989892,7602.882,104.380,1786610320567240,reliable,1,1,4,4,0
51,4953837937066,7704.830,101.947,1786610320669148,reliable,1,1,4,4,0
52,4953938291681,7805.184,100.355,1786610320769481,reliable,1,1,4,4,0
53,4954038679514,7905.572,100.388,1786610320869867,reliable,1,1,4,4,0
54,4954122191046,7989.084,83.512,1786610320953378,reliable,1,1,4,4,0
55,4954239138179,8106.031,116.947,1786610321070327,reliable,1,1,4,4,0
56,4954322959017,8189.852,83.821,1786610321154190,reliable,1,1,4,4,0
57,4954428657424,8295.550,105.698,1786610321259836,reliable,1,1,4,4,0
58,4954532124189,8399.017,103.467,1786610321363311,reliable,1,1,4,4,0
59,4954635972357,8502.865,103.848,1786610321467235,reliable,1,1,4,4,0
60,4954734405240,8601.298,98.433,1786610321565599,reliable,1,1,4,4,0
61,4954835320086,8702.213,100.915,1786610321666507,reliable,1,1,4,4,0
62,4954940612961,8807.505,105.293,1786610321771799,reliable,1,1,4,4,0
63,4955040552348,8907.445,99.939,1786610321871730,reliable,1,1,4,4,0
64,4955123395294,8990.288,82.843,1786610321954580,reliable,1,1,4,4,0
65,4955238626209,9105.519,115.231,1786610322069826,reliable,1,1,4,4,0
66,4955342162515,9209.055,103.536,1786610322173351,reliable,1,1,4,4,0
67,4955438786059,9305.679,96.624,1786610322269975,reliable,1,1,4,4,0
68,4955521671446,9388.564,82.885,1786610322352854,reliable,1,1,4,4,0
69,4955638993175,9505.886,117.322,1786610322470182,reliable,1,1,4,4,0
70,4955722382245,9589.275,83.389,1786610322553570,reliable,1,1,4,4,0
71,4955838439120,9705.332,116.057,1786610322669622,reliable,1,1,4,4,0
72,4955941922206,9808.815,103.483,1786610322773126,reliable,1,1,4,4,0
73,4956029452967,9896.345,87.531,1786610322860636,reliable,1,1,4,4,0
74,4956133747084,10000.640,104.294,1786610322964948,reliable,1,1,4,4,0
75,4956229882674,10096.775,96.136,1786610323061064,reliable,1,1,4,4,0
76,4956334052910,10200.945,104.170,1786610323165241,reliable,1,1,4,4,0
77,4956437638754,10304.531,103.586,1786610323268828,reliable,1,1,4,4,0
78,4956541206357,10408.099,103.568,1786610323372398,reliable,1,1,4,4,0
79,4956624154730,10491.047,82.948,1786610323455345,reliable,1,1,4,4,0
80,4956733732214,10600.625,109.577,1786610323564921,reliable,1,1,4,4,0
81,4956829316041,10696.209,95.584,1786610323660505,reliable,1,1,4,4,0
82,4956934670070,10801.563,105.354,1786610323765858,reliable,1,1,4,4,0
83,4957038473176,10905.366,103.803,1786610323869664,reliable,1,1,4,4,0
84,4957133921474,11000.814,95.448,1786610323965114,reliable,1,1,4,4,0
85,4957237359544,11104.252,103.438,1786610324068540,reliable,1,1,4,4,0
86,4957334091418,11200.984,96.732,1786610324165278,reliable,1,1,4,4,0
87,4957437644844,11304.537,103.553,1786610324268834,reliable,1,1,4,4,0
88,4957534351116,11401.244,96.706,1786610324365580,reliable,1,1,4,4,0
89,4957637975618,11504.868,103.625,1786610324469163,reliable,1,1,4,4,0
90,4957733394284,11600.287,95.419,1786610324564586,reliable,1,1,4,4,0
91,4957837038915,11703.931,103.645,1786610324668217,reliable,1,1,4,4,0
92,4957940667610,11807.560,103.629,1786610324771853,reliable,1,1,4,4,0
93,4958023716604,11890.609,83.049,1786610324854904,reliable,1,1,4,4,0
94,4958127689545,11994.582,103.973,1786610324958878,reliable,1,1,4,4,0
95,4958234453988,12101.347,106.764,1786610325065645,reliable,1,1,4,4,0
96,4958328212767,12195.105,93.759,1786610325159400,reliable,1,1,4,4,0
97,4958431805362,12298.698,103.593,1786610325263021,reliable,1,1,4,4,0
98,4958521778734,12388.671,89.973,1786610325352968,reliable,1,1,4,4,0
99,4958623485218,12490.378,101.706,1786610325454673,reliable,1,1,4,4,0
100,4958724238646,12591.131,100.753,1786610325555428,reliable,1,1,4,4,0
101,4958829575807,12696.468,105.337,1786610325660760,reliable,1,1,4,4,0
102,4958923679346,12790.572,94.104,1786610325754865,reliable,1,1,4,4,0
103,4959027573146,12894.466,103.894,1786610325858754,reliable,1,1,4,4,0
104,4959124216248,12991.109,96.643,1786610325955407,reliable,1,1,4,4,0
105,4959227841309,13094.734,103.625,1786610326059031,reliable,1,1,4,4,0
106,4959324374806,13191.267,96.533,1786610326155566,reliable,1,1,4,4,0
107,4959430380267,13297.273,106.005,1786610326261564,reliable,1,1,4,4,0
108,4959524903229,13391.796,94.523,1786610326356093,reliable,1,1,4,4,0
109,4959628252159,13495.145,103.349,1786610326459486,reliable,1,1,4,4,0
110,4959723985442,13590.878,95.733,1786610326555245,reliable,1,1,4,4,0
111,4959827496688,13694.389,103.511,1786610326658684,reliable,1,1,4,4,0
112,4959924896931,13791.789,97.400,1786610326756084,reliable,1,1,4,4,0
113,4960028653601,13895.546,103.757,1786610326859844,reliable,1,1,4,4,0
114,4960124770397,13991.663,96.117,1786610326955956,reliable,1,1,4,4,0
115,4960229714106,14096.607,104.944,1786610327060907,reliable,1,1,4,4,0
116,4960324975488,14191.868,95.261,1786610327156161,reliable,1,1,4,4,0
117,4960428417833,14295.310,103.442,1786610327259606,reliable,1,1,4,4,0
118,4960525150321,14392.043,96.732,1786610327356336,reliable,1,1,4,4,0
119,4960629066329,14495.959,103.916,1786610327460255,reliable,1,1,4,4,0
120,4960724885796,14591.778,95.819,1786610327556075,reliable,1,1,4,4,0
121,4960828884114,14695.777,103.998,1786610327660073,reliable,1,1,4,4,0
122,4960925160059,14792.053,96.276,1786610327756345,reliable,1,1,4,4,0
123,4961029028577,14895.921,103.869,1786610327860215,reliable,1,1,4,4,0
124,4961124222978,14991.116,95.194,1786610327955412,reliable,1,1,4,4,0
125,4961228063413,15094.956,103.840,1786610328059256,reliable,1,1,4,4,0
126,4961324577264,15191.470,96.514,1786610328155768,reliable,1,1,4,4,0
127,4961429799344,15296.692,105.222,1786610328260985,reliable,1,1,4,4,0
128,4961524657277,15391.550,94.858,1786610328355850,reliable,1,1,4,4,0
129,4961630078569,15496.971,105.421,1786610328461265,reliable,1,1,4,4,0
130,4961723931059,15590.824,93.852,1786610328555111,reliable,1,1,4,4,0
131,4961827097322,15693.990,103.166,1786610328658281,reliable,1,1,4,4,0
132,4961926356540,15793.249,99.259,1786610328757549,reliable,1,1,4,4,0
133,4962030296742,15897.189,103.940,1786610328861476,reliable,1,1,4,4,0
134,4962125251417,15992.144,94.955,1786610328956438,reliable,1,1,4,4,0
135,4962229091499,16095.984,103.840,1786610329060275,reliable,1,1,4,4,0
136,4962324462717,16191.355,95.371,1786610329155657,reliable,1,1,4,4,0
137,4962433559997,16300.453,109.097,1786610329264746,reliable,1,1,4,4,0
138,4962525728762,16392.621,92.169,1786610329356945,reliable,1,1,4,4,0
139,4962630846962,16497.739,105.118,1786610329462036,reliable,1,1,4,4,0
140,4962725784103,16592.677,94.937,1786610329556967,reliable,1,1,4,4,0
141,4962829626219,16696.519,103.842,1786610329660806,reliable,1,1,4,4,0
142,4962924424054,16791.317,94.798,1786610329755609,reliable,1,1,4,4,0
143,4963028302908,16895.195,103.879,1786610329859496,reliable,1,1,4,4,0
144,4963124735604,16991.628,96.433,1786610329955929,reliable,1,1,4,4,0
145,4963228408733,17095.301,103.673,1786610330059594,reliable,1,1,4,4,0
146,4963325310679,17192.203,96.902,1786610330156504,reliable,1,1,4,4,0
147,4963431853357,17298.746,106.543,1786610330263044,reliable,1,1,4,4,0
148,4963525437035,17392.330,93.584,1786610330356628,reliable,1,1,4,4,0
149,4963629301232,17496.194,103.864,1786610330460492,reliable,1,1,4,4,0
150,4963724514042,17591.407,95.213,1786610330555703,reliable,1,1,4,4,0
151,4963828373119,17695.266,103.859,1786610330659566,reliable,1,1,4,4,0
152,4963924476323,17791.369,96.103,1786610330755664,reliable,1,1,4,4,0
153,4964028418702,17895.311,103.942,1786610330859605,reliable,1,1,4,4,0
154,4964125372362,17992.265,96.954,1786610330956560,reliable,1,1,4,4,0
155,4964229964462,18096.857,104.592,1786610331061152,reliable,1,1,4,4,0
156,4964325053682,18191.946,95.089,1786610331156246,reliable,1,1,4,4,0
157,4964430738159,18297.631,105.684,1786610331261929,reliable,1,1,4,4,0
158,4964526825909,18393.718,96.088,1786610331358009,reliable,1,1,4,4,0
159,4964630368005,18497.261,103.542,1786610331461550,reliable,1,1,4,4,0
160,4964724604626,18591.497,94.237,1786610331555794,reliable,1,1,4,4,0
161,4964828485656,18695.378,103.881,1786610331659676,reliable,1,1,4,4,0
162,4964925157733,18792.050,96.672,1786610331756346,reliable,1,1,4,4,0
163,4965028756089,18895.649,103.598,1786610331859948,reliable,1,1,4,4,0
164,4965125780061,18992.673,97.024,1786610331956978,reliable,1,1,4,4,0
165,4965229312316,19096.205,103.532,1786610332060523,reliable,1,1,4,4,0
166,4965325594834,19192.487,96.283,1786610332156780,reliable,1,1,4,4,0
167,4965429618945,19296.511,104.024,1786610332260807,reliable,1,1,4,4,0
168,4965524777742,19391.670,95.159,1786610332355968,reliable,1,1,4,4,0
169,4965629749852,19496.642,104.972,1786610332460938,reliable,1,1,4,4,0
170,4965725492206,19592.385,95.742,1786610332556678,reliable,1,1,4,4,0
171,4965828957754,19695.850,103.466,1786610332660145,reliable,1,1,4,4,0
172,4965924986591,19791.879,96.029,1786610332756174,reliable,1,1,4,4,0
173,4966029021359,19895.914,104.035,1786610332860211,reliable,1,1,4,4,0
174,4966125567414,19992.460,96.546,1786610332956759,reliable,1,1,4,4,0
175,4966230464237,20097.357,104.897,1786610333061663,reliable,1,1,4,4,0
176,4966325446257,20192.339,94.982,1786610333156632,reliable,1,1,4,4,0
177,4966429685808,20296.578,104.240,1786610333260872,reliable,1,1,4,4,0
178,4966524653459,20391.546,94.968,1786610333355841,reliable,1,1,4,4,0
179,4966628569212,20495.462,103.916,1786610333459757,reliable,1,1,4,4,0
180,4966725382935,20592.275,96.814,1786610333556561,reliable,1,1,4,4,0
181,4966829074994,20695.968,103.692,1786610333660263,reliable,1,1,4,4,0
182,4966925698241,20792.591,96.623,1786610333756889,reliable,1,1,4,4,0
183,4967030598858,20897.491,104.901,1786610333861796,reliable,1,1,4,4,0
184,4967124409602,20991.302,93.811,1786610333955595,reliable,1,1,4,4,0
185,4967227944001,21094.837,103.534,1786610334059131,reliable,1,1,4,4,0
186,4967325372807,21192.265,97.429,1786610334156564,reliable,1,1,4,4,0
187,4967430496511,21297.389,105.124,1786610334261689,reliable,1,1,4,4,0
188,4967525415554,21392.308,94.919,1786610334356601,reliable,1,1,4,4,0
189,4967629490838,21496.383,104.075,1786610334460677,reliable,1,1,4,4,0
190,4967725860535,21592.753,96.370,1786610334557052,reliable,1,1,4,4,0
191,4967830400233,21697.293,104.540,1786610334661588,reliable,1,1,4,4,0
192,4967925855311,21792.748,95.455,1786610334757050,reliable,1,1,4,4,0
193,4968031388290,21898.281,105.533,1786610334862582,reliable,1,1,4,4,0
194,4968125380201,21992.273,93.992,1786610334956560,reliable,1,1,4,4,0
195,4968229111093,22096.004,103.731,1786610335060299,reliable,1,1,4,4,0
196,4968326086400,22192.979,96.975,1786610335157316,reliable,1,1,4,4,0
197,4968430940935,22297.833,104.855,1786610335262130,reliable,1,1,4,4,0
198,4968525551418,22392.444,94.610,1786610335356733,reliable,1,1,4,4,0
199,4968629445539,22496.338,103.894,1786610335460632,reliable,1,1,4,4,0
200,4968724940111,22591.833,95.495,1786610335556149,reliable,1,1,4,4,0
201,4968829063718,22695.956,104.124,1786610335660250,reliable,1,1,4,4,0
202,4968925509295,22792.402,96.446,1786610335756702,reliable,1,1,4,4,0
203,4969031583493,22898.476,106.074,1786610335862775,reliable,1,1,4,4,0
204,4969126296350,22993.189,94.713,1786610335957493,reliable,1,1,4,4,0
205,4969231435238,23098.328,105.139,1786610336062624,reliable,1,1,4,4,0
206,4969325236360,23192.129,93.801,1786610336156427,reliable,1,1,4,4,0
207,4969430784444,23297.677,105.548,1786610336261981,reliable,1,1,4,4,0
208,4969525709606,23392.602,94.925,1786610336356926,reliable,1,1,4,4,0
209,4969630973992,23497.867,105.264,1786610336462154,reliable,1,1,4,4,0
210,4969724808109,23591.701,93.834,1786610336555987,reliable,1,1,4,4,0
211,4969829488681,23696.381,104.681,1786610336660677,reliable,1,1,4,4,0
212,4969924729480,23791.622,95.241,1786610336755912,reliable,1,1,4,4,0
213,4970028402979,23895.296,103.673,1786610336859589,reliable,1,1,4,4,0
214,4970125337135,23992.230,96.934,1786610336956520,reliable,1,1,4,4,0
215,4970230418900,24097.311,105.082,1786610337061608,reliable,1,1,4,4,0
216,4970325852450,24192.745,95.434,1786610337157037,reliable,1,1,4,4,0
217,4970431342355,24298.235,105.490,1786610337262537,reliable,1,1,4,4,0
218,4970525506193,24392.399,94.164,1786610337356685,reliable,1,1,4,4,0
219,4970629657676,24496.550,104.151,1786610337460851,reliable,1,1,4,4,0
220,4970726845994,24593.739,97.188,1786610337558029,reliable,1,1,4,4,0
221,4970832212403,24699.105,105.366,1786610337663400,reliable,1,1,4,4,0
222,4970926056156,24792.949,93.844,1786610337757244,reliable,1,1,4,4,0
223,4971030226937,24897.119,104.171,1786610337861415,reliable,1,1,4,4,0
224,4971127178600,24994.071,96.952,1786610337958368,reliable,1,1,4,4,0
225,4971230885141,25097.778,103.707,1786610338062070,reliable,1,1,4,4,0
226,4971325964241,25192.857,95.079,1786610338157155,reliable,1,1,4,4,0
227,4971430947906,25297.840,104.984,1786610338262174,reliable,1,1,4,4,0
228,4971526231498,25393.124,95.284,1786610338357414,reliable,1,1,4,4,0
229,4971630253534,25497.146,104.022,1786610338461445,reliable,1,1,4,4,0
230,4971726355067,25593.248,96.102,1786610338557537,reliable,1,1,4,4,0
231,4971830450804,25697.343,104.096,1786610338661636,reliable,1,1,4,4,0
232,4971925752925,25792.645,95.302,1786610338756946,reliable,1,1,4,4,0
233,4972030977374,25897.870,105.224,1786610338862167,reliable,1,1,4,4,0
234,4972125192546,25992.085,94.215,1786610338956421,reliable,1,1,4,4,0
235,4972228947380,26095.840,103.755,1786610339060139,reliable,1,1,4,4,0
236,4972325973999,26192.867,97.027,1786610339157159,reliable,1,1,4,4,0
237,4972431262516,26298.155,105.289,1786610339262451,reliable,1,1,4,4,0
238,4972526090404,26392.983,94.828,1786610339357283,reliable,1,1,4,4,0
239,4972630793476,26497.686,104.703,1786610339461982,reliable,1,1,4,4,0
240,4972725283934,26592.176,94.490,1786610339556471,reliable,1,1,4,4,0
241,4972829064964,26695.957,103.781,1786610339660257,reliable,1,1,4,4,0
242,4972925782475,26792.675,96.718,1786610339756969,reliable,1,1,4,4,0
243,4973031241147,26898.134,105.459,1786610339862470,reliable,1,1,4,4,0
244,4973125780280,26992.673,94.539,1786610339957011,reliable,1,1,4,4,0
245,4973230988999,27097.882,105.209,1786610340062176,reliable,1,1,4,4,0
246,4973326184401,27193.077,95.195,1786610340157406,reliable,1,1,4,4,0
247,4973429735626,27296.628,103.551,1786610340260918,reliable,1,1,4,4,0
248,4973526891824,27393.784,97.156,1786610340358073,reliable,1,1,4,4,0
249,4973631696056,27498.589,104.804,1786610340462887,reliable,1,1,4,4,0
250,4973725946855,27592.839,94.251,1786610340557136,reliable,1,1,4,4,0
251,4973829756400,27696.649,103.810,1786610340660939,reliable,1,1,4,4,0
252,4973926327761,27793.220,96.571,1786610340757516,reliable,1,1,4,4,0
253,4974029896747,27896.789,103.569,1786610340861078,reliable,1,1,4,4,0
254,4974125284737,27992.177,95.388,1786610340956476,reliable,1,1,4,4,0
255,4974230965167,28097.858,105.680,1786610341062163,reliable,1,1,4,4,0
256,4974325286022,28192.179,94.321,1786610341156466,reliable,1,1,4,4,0
257,4974428834080,28295.727,103.548,1786610341260020,reliable,1,1,4,4,0
258,4974526483017,28393.376,97.649,1786610341357669,reliable,1,1,4,4,0
259,4974630407386,28497.300,103.924,1786610341461589,reliable,1,1,4,4,0
260,4974726755377,28593.648,96.348,1786610341557950,reliable,1,1,4,4,0
261,4974832160416,28699.053,105.405,1786610341663349,reliable,1,1,4,4,0
262,4974926212166,28793.105,94.052,1786610341757395,reliable,1,1,4,4,0
263,4975029644249,28896.537,103.432,1786610341860832,reliable,1,1,4,4,0
264,4975131804764,28998.697,102.161,1786610341963008,reliable,1,1,4,4,0
265,4975237341119,29104.234,105.536,1786610342069039,reliable,1,1,4,4,0
266,4975325390260,29192.283,88.049,1786610342156576,reliable,1,1,4,4,0
267,4975429063256,29295.956,103.673,1786610342260245,reliable,1,1,4,4,0
268,4975525964277,29392.857,96.901,1786610342357145,reliable,1,1,4,4,0
269,4975629792770,29496.685,103.828,1786610342460974,reliable,1,1,4,4,0
270,4975726064375,29592.957,96.272,1786610342557257,reliable,1,1,4,4,0
271,4975831537099,29698.430,105.473,1786610342662763,reliable,1,1,4,4,0
272,4975926441484,29793.334,94.904,1786610342757641,reliable,1,1,4,4,0
273,4976030019657,29896.912,103.578,1786610342861234,reliable,1,1,4,4,0
274,4976126269982,29993.163,96.250,1786610342957455,reliable,1,1,4,4,0
275,4976229941776,30096.834,103.672,1786610343061131,reliable,1,1,4,4,0
276,4976326451993,30193.345,96.510,1786610343157641,reliable,1,1,4,4,0
277,4976431301511,30298.194,104.850,1786610343262483,reliable,1,1,4,4,0
278,4976525993342,30392.886,94.692,1786610343357186,reliable,1,1,4,4,0
279,4976631734724,30498.627,105.741,1786610343462917,reliable,1,1,4,4,0
280,4976725665452,30592.558,93.931,1786610343556887,reliable,1,1,4,4,0
281,4976830314158,30697.207,104.649,1786610343661499,reliable,1,1,4,4,0
282,4976926285557,30793.178,95.971,1786610343757475,reliable,1,1,4,4,0
283,4977031190183,30898.083,104.905,1786610343862373,reliable,1,1,4,4,0
284,4977126746580,30993.639,95.556,1786610343957934,reliable,1,1,4,4,0
285,4977230402823,31097.295,103.656,1786610344061591,reliable,1,1,4,4,0
286,4977325726442,31192.619,95.324,1786610344156917,reliable,1,1,4,4,0
287,4977429815307,31296.708,104.089,1786610344261000,reliable,1,1,4,4,0
288,4977526636234,31393.529,96.821,1786610344357825,reliable,1,1,4,4,0
289,4977630612964,31497.505,103.977,1786610344461803,reliable,1,1,4,4,0
290,4977725756892,31592.649,95.144,1786610344556947,reliable,1,1,4,4,0
291,4977830132270,31697.025,104.375,1786610344661321,reliable,1,1,4,4,0
292,4977927181500,31794.074,97.049,1786610344758405,reliable,1,1,4,4,0
293,4978032099536,31898.992,104.918,1786610344863280,reliable,1,1,4,4,0
294,4978126595744,31993.488,94.496,1786610344957826,reliable,1,1,4,4,0
295,4978230401214,32097.294,103.805,1786610345061587,reliable,1,1,4,4,0
296,4978326185282,32193.078,95.784,1786610345157377,reliable,1,1,4,4,0
297,4978429810312,32296.703,103.625,1786610345260998,reliable,1,1,4,4,0
298,4978527919354,32394.812,98.109,1786610345359109,reliable,1,1,4,4,0
299,4978631793328,32498.686,103.874,1786610345462980,reliable,1,1,4,4,0
300,4978726797412,32593.690,95.004,1786610345557996,reliable,1,1,4,4,0
301,4978832311934,32699.204,105.515,1786610345663500,reliable,1,1,4,4,0
302,4978926264849,32793.157,93.953,1786610345757454,reliable,1,1,4,4,0
303,4979031185639,32898.078,104.921,1786610345862374,reliable,1,1,4,4,0
304,4979127219162,32994.112,96.034,1786610345958402,reliable,1,1,4,4,0
305,4979231064988,33097.958,103.846,1786610346062252,reliable,1,1,4,4,0
306,4979326668409,33193.561,95.603,1786610346157856,reliable,1,1,4,4,0
307,4979430150841,33297.043,103.482,1786610346261333,reliable,1,1,4,4,0
308,4979525897310,33392.790,95.746,1786610346357083,reliable,1,1,4,4,0
309,4979630108202,33497.001,104.211,1786610346461299,reliable,1,1,4,4,0
310,4979725361362,33592.254,95.253,1786610346556551,reliable,1,1,4,4,0
311,4979831127933,33698.020,105.767,1786610346662311,reliable,1,1,4,4,0
312,4979926677239,33793.570,95.549,1786610346757869,reliable,1,1,4,4,0
313,4980032267319,33899.160,105.590,1786610346863454,reliable,1,1,4,4,0
314,4980126176108,33993.069,93.909,1786610346957366,reliable,1,1,4,4,0
315,4980229973551,34096.866,103.797,1786610347061162,reliable,1,1,4,4,0
316,4980326551436,34193.444,96.578,1786610347157741,reliable,1,1,4,4,0
317,4980431562667,34298.455,105.011,1786610347262750,reliable,1,1,4,4,0
318,4980526827992,34393.721,95.265,1786610347358032,reliable,1,1,4,4,0
319,4980633406166,34500.299,106.578,1786610347464585,reliable,1,1,4,4,0
320,4980725581895,34592.474,92.176,1786610347556774,reliable,1,1,4,4,0
321,4980830762352,34697.655,105.180,1786610347661946,reliable,1,1,4,4,0
322,4980926561693,34793.454,95.799,1786610347757754,reliable,1,1,4,4,0
323,4981031617631,34898.510,105.056,1786610347862804,reliable,1,1,4,4,0
324,4981125998774,34992.891,94.381,1786610347957185,reliable,1,1,4,4,0
325,4981229725238,35096.618,103.726,1786610348060915,reliable,1,1,4,4,0
326,4981326665037,35193.558,96.940,1786610348157859,reliable,1,1,4,4,0
327,4981432860502,35299.753,106.195,1786610348264050,reliable,1,1,4,4,0
328,4981526001478,35392.894,93.141,1786610348357191,reliable,1,1,4,4,0
329,4981631808343,35498.701,105.807,1786610348462995,reliable,1,1,4,4,0
330,4981726562410,35593.455,94.754,1786610348557750,reliable,1,1,4,4,0
331,4981830955557,35697.848,104.393,1786610348662136,reliable,1,1,4,4,0
332,4981926711028,35793.604,95.755,1786610348757932,reliable,1,1,4,4,0
333,4982032884860,35899.777,106.174,1786610348864097,reliable,1,1,4,4,0
334,4982126286684,35993.179,93.402,1786610348957476,reliable,1,1,4,4,0
335,4982230706408,36097.599,104.420,1786610349061896,reliable,1,1,4,4,0
336,4982326207821,36193.100,95.501,1786610349157395,reliable,1,1,4,4,0
337,4982430245717,36297.138,104.038,1786610349261427,reliable,1,1,4,4,0
338,4982526435747,36393.328,96.190,1786610349357621,reliable,1,1,4,4,0
339,4982631074511,36497.967,104.639,1786610349462264,reliable,1,1,4,4,0
340,4982726828899,36593.721,95.754,1786610349558021,reliable,1,1,4,4,0
341,4982832455819,36699.348,105.627,1786610349663645,reliable,1,1,4,4,0
342,4982926217319,36793.110,93.761,1786610349757444,reliable,1,1,4,4,0
343,4983030450267,36897.343,104.233,1786610349861638,reliable,1,1,4,4,0
344,4983128295981,36995.189,97.846,1786610349959490,reliable,1,1,4,4,0
345,4983232641910,37099.534,104.346,1786610350063831,reliable,1,1,4,4,0
346,4983326803471,37193.696,94.162,1786610350157982,reliable,1,1,4,4,0
347,4983431517474,37298.410,104.714,1786610350262705,reliable,1,1,4,4,0
348,4983527364736,37394.257,95.847,1786610350358549,reliable,1,1,4,4,0
349,4983631797059,37498.690,104.432,1786610350462985,reliable,1,1,4,4,0
350,4983727016507,37593.909,95.219,1786610350558198,reliable,1,1,4,4,0
351,4983831151979,37698.045,104.135,1786610350662337,reliable,1,1,4,4,0
352,4983927724437,37794.617,96.572,1786610350758932,reliable,1,1,4,4,0
353,4984031711997,37898.605,103.988,1786610350862897,reliable,1,1,4,4,0
354,4984127247528,37994.140,95.536,1786610350958434,reliable,1,1,4,4,0
355,4984230936685,38097.829,103.689,1786610351062114,reliable,1,1,4,4,0
356,4984327352338,38194.245,96.416,1786610351158536,reliable,1,1,4,4,0
357,4984431074028,38297.967,103.722,1786610351262259,reliable,1,1,4,4,0
358,4984526437714,38393.330,95.364,1786610351357640,reliable,1,1,4,4,0
359,4984639745738,38506.638,113.308,1786610351470923,reliable,1,1,4,4,0
360,4984726936039,38593.829,87.190,1786610351558126,reliable,1,1,4,4,0
361,4984831952239,38698.845,105.016,1786610351663135,reliable,1,1,4,4,0
362,4984927095240,38793.988,95.143,1786610351758281,reliable,1,1,4,4,0
363,4985030876933,38897.769,103.782,1786610351862066,reliable,1,1,4,4,0
364,4985126539709,38993.432,95.663,1786610351957729,reliable,1,1,4,4,0
365,4985231509489,39098.402,104.970,1786610352062699,reliable,1,1,4,4,0
366,4985326358686,39193.251,94.849,1786610352157543,reliable,1,1,4,4,0
367,4985430158656,39297.051,103.800,1786610352261345,reliable,1,1,4,4,0
368,4985527796082,39394.689,97.637,1786610352358984,reliable,1,1,4,4,0
369,4985632362785,39499.255,104.567,1786610352463543,reliable,1,1,4,4,0
370,4985726767284,39593.660,94.404,1786610352557954,reliable,1,1,4,4,0
371,4985832102448,39698.995,105.335,1786610352663298,reliable,1,1,4,4,0
372,4985926896474,39793.789,94.794,1786610352758088,reliable,1,1,4,4,0
373,4986031695959,39898.588,104.799,1786610352862887,reliable,1,1,4,4,0
374,4986127245165,39994.138,95.549,1786610352958434,reliable,1,1,4,4,0
375,4986233792385,40100.685,106.547,1786610353064977,reliable,1,1,4,4,0
376,4986327064501,40193.957,93.272,1786610353158251,reliable,1,1,4,4,0
377,4986430955775,40297.848,103.891,1786610353262144,reliable,1,1,4,4,0
378,4986526541341,40393.434,95.586,1786610353357724,reliable,1,1,4,4,0
379,4986630348930,40497.241,103.808,1786610353461535,reliable,1,1,4,4,0
380,4986726451358,40593.344,96.102,1786610353557638,reliable,1,1,4,4,0
381,4986829806376,40696.699,103.355,1786610353660987,reliable,1,1,4,4,0
382,4986926123409,40793.016,96.317,1786610353757316,reliable,1,1,4,4,0
383,4987031755266,40898.648,105.632,1786610353862947,reliable,1,1,4,4,0
384,4987127176278,40994.069,95.421,1786610353958366,reliable,1,1,4,4,0
385,4987233216270,41100.109,106.040,1786610354064408,reliable,1,1,4,4,0
386,4987327490403,41194.383,94.274,1786610354158676,reliable,1,1,4,4,0
387,4987430981496,41297.874,103.491,1786610354262193,reliable,1,1,4,4,0
388,4987526817482,41393.710,95.836,1786610354358009,reliable,1,1,4,4,0
389,4987632146347,41499.039,105.329,1786610354463339,reliable,1,1,4,4,0
390,4987727699276,41594.592,95.553,1786610354558891,reliable,1,1,4,4,0
391,4987834095565,41700.988,106.396,1786610354665289,reliable,1,1,4,4,0
392,4987926225988,41793.119,92.130,1786610354757406,reliable,1,1,4,4,0
393,4988030034156,41896.927,103.808,1786610354861219,reliable,1,1,4,4,0
394,4988127000576,41993.893,96.966,1786610354958193,reliable,1,1,4,4,0
395,4988232877169,42099.770,105.877,1786610355064067,reliable,1,1,4,4,0
396,4988327572645,42194.465,94.695,1786610355158761,reliable,1,1,4,4,0
397,4988431687138,42298.580,104.114,1786610355262887,reliable,1,1,4,4,0
398,4988526632708,42393.525,94.946,1786610355357853,reliable,1,1,4,4,0
399,4988631876964,42498.769,105.244,1786610355463597,reliable,1,1,4,4,0
400,4988727580467,42594.473,95.704,1786610355558768,reliable,1,1,4,4,0
401,4988831533254,42698.426,103.953,1786610355662723,reliable,1,1,4,4,0
402,4988927193235,42794.086,95.660,1786610355758380,reliable,1,1,4,4,0
403,4989030782161,42897.675,103.589,1786610355862006,reliable,1,1,4,4,0
404,4989127215979,42994.109,96.434,1786610355958396,reliable,1,1,4,4,0
405,4989231004804,43097.897,103.789,1786610356062189,reliable,1,1,4,4,0
406,4989327569707,43194.462,96.565,1786610356158751,reliable,1,1,4,4,0
407,4989431230289,43298.123,103.661,1786610356262418,reliable,1,1,4,4,0
408,4989526802558,43393.695,95.572,1786610356357988,reliable,1,1,4,4,0
409,4989630695824,43497.588,103.893,1786610356461877,reliable,1,1,4,4,0
410,4989726556366,43593.449,95.861,1786610356557747,reliable,1,1,4,4,0
411,4989831290578,43698.183,104.734,1786610356662475,reliable,1,1,4,4,0
412,4989927688272,43794.581,96.398,1786610356758881,reliable,1,1,4,4,0
413,4990033038296,43899.931,105.350,1786610356864268,reliable,1,1,4,4,0
414,4990126897633,43993.790,93.859,1786610356958081,reliable,1,1,4,4,0
415,4990231850337,44098.743,104.953,1786610357063044,reliable,1,1,4,4,0
416,4990326949976,44193.843,95.100,1786610357158129,reliable,1,1,4,4,0
417,4990430640483,44297.533,103.691,1786610357261885,reliable,1,1,4,4,0
418,4990527587525,44394.480,96.947,1786610357358763,reliable,1,1,4,4,0
419,4990631172361,44498.065,103.585,1786610357462361,reliable,1,1,4,4,0
420,4990727182773,44594.075,96.010,1786610357558363,reliable,1,1,4,4,0
421,4990831230101,44698.123,104.047,1786610357662418,reliable,1,1,4,4,0
422,4990927564627,44794.457,96.335,1786610357758751,reliable,1,1,4,4,0
423,4991032575083,44899.468,105.010,1786610357863765,reliable,1,1,4,4,0
424,4991127710052,44994.603,95.135,1786610357958890,reliable,1,1,4,4,0
425,4991231386109,45098.279,103.676,1786610358062567,reliable,1,1,4,4,0
426,4991326372019,45193.265,94.986,1786610358157561,reliable,1,1,4,4,0
427,4991431748003,45298.641,105.376,1786610358262991,reliable,1,1,4,4,0
428,4991527916445,45394.809,96.168,1786610358359098,reliable,1,1,4,4,0
429,4991631424993,45498.318,103.509,1786610358462613,reliable,1,1,4,4,0
430,4991727153986,45594.047,95.729,1786610358558341,reliable,1,1,4,4,0
431,4991831257000,45698.150,104.103,1786610358662447,reliable,1,1,4,4,0
432,4991927146706,45794.039,95.890,1786610358758330,reliable,1,1,4,4,0
433,4992031811321,45898.704,104.665,1786610358862995,reliable,1,1,4,4,0
434,4992127834123,45994.727,96.023,1786610358959018,reliable,1,1,4,4,0
435,4992234492979,46101.386,106.659,1786610359065684,reliable,1,1,4,4,0
436,4992327269552,46194.162,92.777,1786610359158462,reliable,1,1,4,4,0
437,4992432234411,46299.127,104.965,1786610359263424,reliable,1,1,4,4,0
438,4992527119394,46394.012,94.885,1786610359358309,reliable,1,1,4,4,0
439,4992632135071,46499.028,105.016,1786610359463327,reliable,1,1,4,4,0
440,4992736115137,46603.008,103.980,1786610359567309,reliable,1,1,4,4,0
441,4992832807456,46699.700,96.692,1786610359663996,reliable,1,1,4,4,0
442,4992937628498,46804.521,104.821,1786610359768813,reliable,1,1,4,4,0
443,4993033071625,46899.964,95.443,1786610359864255,reliable,1,1,4,4,0
444,4993128160491,46995.053,95.089,1786610359959446,reliable,1,1,4,4,0
445,4993231832587,47098.725,103.672,1786610360063022,reliable,1,1,4,4,0
446,4993327175234,47194.068,95.343,1786610360158362,reliable,1,1,4,4,0
447,4993431155912,47298.048,103.981,1786610360262345,reliable,1,1,4,4,0
448,4993527506264,47394.399,96.350,1786610360358695,reliable,1,1,4,4,0
449,4993632947314,47499.840,105.441,1786610360464136,reliable,1,1,4,4,0
450,4993727642883,47594.535,94.696,1786610360558832,reliable,1,1,4,4,0
451,4993833113086,47700.006,105.470,1786610360664339,reliable,1,1,4,4,0
452,4993926947295,47793.840,93.834,1786610360758144,reliable,1,1,4,4,0
453,4994030760411,47897.653,103.813,1786610360861963,reliable,1,1,4,4,0
454,4994127446782,47994.339,96.686,1786610360958639,reliable,1,1,4,4,0
455,4994233034992,48099.928,105.588,1786610361064228,reliable,1,1,4,4,0
456,4994327858223,48194.751,94.823,1786610361159049,reliable,1,1,4,4,0
457,4994433299532,48300.192,105.441,1786610361264490,reliable,1,1,4,4,0
458,4994528248402,48395.141,94.949,1786610361359437,reliable,1,1,4,4,0
459,4994631791362,48498.684,103.543,1786610361463009,reliable,1,1,4,4,0
460,4994727347947,48594.240,95.557,1786610361558533,reliable,1,1,4,4,0
461,4994831542561,48698.435,104.195,1786610361662726,reliable,1,1,4,4,0
462,4994928392788,48795.285,96.850,1786610361759582,reliable,1,1,4,4,0
463,4995033522975,48900.416,105.130,1786610361864730,reliable,1,1,4,4,0
464,4995127584370,48994.477,94.061,1786610361958773,reliable,1,1,4,4,0
465,4995231075600,49097.968,103.491,1786610362062262,reliable,1,1,4,4,0
466,4995327715741,49194.608,96.640,1786610362158906,reliable,1,1,4,4,0
467,4995432723268,49299.616,105.008,1786610362263906,reliable,1,1,4,4,0
468,4995528067527,49394.960,95.344,1786610362359264,reliable,1,1,4,4,0
469,4995633104848,49499.997,105.037,1786610362464291,reliable,1,1,4,4,0
470,4995727432410,49594.325,94.328,1786610362558620,reliable,1,1,4,4,0
471,4995831134519,49698.027,103.702,1786610362662317,reliable,1,1,4,4,0
472,4995928396327,49795.289,97.262,1786610362759581,reliable,1,1,4,4,0
473,4996032207530,49899.100,103.811,1786610362863413,reliable,1,1,4,4,0
474,4996128641291,49995.534,96.434,1786610362959838,reliable,1,1,4,4,0
475,4996233643778,50100.536,105.002,1786610363064829,reliable,1,1,4,4,0
476,4996327450740,50194.343,93.807,1786610363158637,reliable,1,1,4,4,0
477,4996431108211,50298.001,103.657,1786610363262291,reliable,1,1,4,4,0
478,4996528533202,50395.426,97.425,1786610363359716,reliable,1,1,4,4,0
479,4996632247412,50499.140,103.714,1786610363463436,reliable,1,1,4,4,0
480,4996728445773,50595.338,96.198,1786610363559651,reliable,1,1,4,4,0
481,4996831984134,50698.877,103.538,1786610363663201,reliable,1,1,4,4,0
482,4996927737094,50794.630,95.753,1786610363758922,reliable,1,1,4,4,0
483,4997031526956,50898.419,103.790,1786610363862711,reliable,1,1,4,4,0
484,4997128636281,50995.529,97.109,1786610363959814,reliable,1,1,4,4,0
485,4997232422447,51099.315,103.786,1786610364063600,reliable,1,1,4,4,0
486,4997327686266,51194.579,95.264,1786610364158871,reliable,1,1,4,4,0
487,4997431940703,51298.833,104.254,1786610364263125,reliable,1,1,4,4,0
488,4997528357355,51395.250,96.417,1786610364359549,reliable,1,1,4,4,0
489,4997632268316,51499.161,103.911,1786610364463475,reliable,1,1,4,4,0
490,4997728690568,51595.583,96.422,1786610364559878,reliable,1,1,4,4,0
491,4997832429136,51699.322,103.739,1786610364663615,reliable,1,1,4,4,0
492,4997928474151,51795.367,96.045,1786610364759661,reliable,1,1,4,4,0
493,4998032293235,51899.186,103.819,1786610364863481,reliable,1,1,4,4,0
494,4998127629986,51994.523,95.337,1786610364958816,reliable,1,1,4,4,0
495,4998231152302,52098.045,103.522,1786610365062373,reliable,1,1,4,4,0
496,4998327506684,52194.399,96.354,1786610365158695,reliable,1,1,4,4,0
497,4998433256440,52300.149,105.750,1786610365264474,reliable,1,1,4,4,0
498,4998527820739,52394.713,94.564,1786610365359037,reliable,1,1,4,4,0
499,4998633435159,52500.328,105.614,1786610365464619,reliable,1,1,4,4,0
500,4998728655015,52595.548,95.220,1786610365559843,reliable,1,1,4,4,0
501,4998832792777,52699.685,104.138,1786610365663981,reliable,1,1,4,4,0
502,4998927212139,52794.105,94.419,1786610365758404,reliable,1,1,4,4,0
503,4999033406688,52900.299,106.195,1786610365864598,reliable,1,1,4,4,0
504,4999127750686,52994.643,94.344,1786610365958937,reliable,1,1,4,4,0
505,4999231484602,53098.377,103.734,1786610366062711,reliable,1,1,4,4,0
506,4999328810533,53195.703,97.326,1786610366159999,reliable,1,1,4,4,0
507,4999432783170,53299.676,103.973,1786610366264004,reliable,1,1,4,4,0
508,4999528290472,53395.183,95.507,1786610366359479,reliable,1,1,4,4,0
509,4999634094795,53500.987,105.804,1786610366465285,reliable,1,1,4,4,0
510,4999728894409,53595.787,94.800,1786610366560076,reliable,1,1,4,4,0
511,4999833181848,53700.074,104.287,1786610366664391,reliable,1,1,4,4,0
512,4999928120926,53795.013,94.939,1786610366759309,reliable,1,1,4,4,0
513,5000034234930,53901.127,106.114,1786610366865426,reliable,1,1,4,4,0
514,5000128287239,53995.180,94.052,1786610366959474,reliable,1,1,4,4,0
515,5000233452310,54100.345,105.165,1786610367064637,reliable,1,1,4,4,0
516,5000329146892,54196.039,95.695,1786610367160328,reliable,1,1,4,4,0
517,5000433205811,54300.098,104.059,1786610367264393,reliable,1,1,4,4,0
518,5000527635363,54394.528,94.430,1786610367358831,reliable,1,1,4,4,0
519,5000632865258,54499.758,105.230,1786610367464057,reliable,1,1,4,4,0
520,5000728469212,54595.362,95.604,1786610367559658,reliable,1,1,4,4,0
521,5000833579612,54700.472,105.110,1786610367664759,reliable,1,1,4,4,0
522,5000927768608,54794.661,94.189,1786610367758957,reliable,1,1,4,4,0
523,5001031397230,54898.290,103.629,1786610367862581,reliable,1,1,4,4,0
524,5001129119029,54996.012,97.722,1786610367960306,reliable,1,1,4,4,0
525,5001232758612,55099.651,103.640,1786610368063948,reliable,1,1,4,4,0
526,5001328552151,55195.445,95.794,1786610368159743,reliable,1,1,4,4,0
527,5001433761121,55300.654,105.209,1786610368264952,reliable,1,1,4,4,0
528,5001527912937,55394.805,94.152,1786610368359100,reliable,1,1,4,4,0
529,5001631925233,55498.818,104.012,1786610368463114,reliable,1,1,4,4,0
530,5001728885844,55595.778,96.961,1786610368560070,reliable,1,1,4,4,0
531,5001832446083,55699.339,103.560,1786610368663629,reliable,1,1,4,4,0
532,5001928856040,55795.749,96.410,1786610368760044,reliable,1,1,4,4,0
533,5002033803684,55900.696,104.948,1786610368865028,reliable,1,1,4,4,0
534,5002128968324,55995.861,95.165,1786610368960156,reliable,1,1,4,4,0
535,5002232772080,56099.665,103.804,1786610369063958,reliable,1,1,4,4,0
536,5002330129968,56197.022,97.358,1786610369161319,reliable,1,1,4,4,0
537,5002433812970,56300.705,103.683,1786610369265002,reliable,1,1,4,4,0
538,5002528979729,56395.872,95.167,1786610369360167,reliable,1,1,4,4,0
539,5002632800819,56499.693,103.821,1786610369463988,reliable,1,1,4,4,0
540,5002729131578,56596.024,96.331,1786610369560317,reliable,1,1,4,4,0
541,5002832784563,56699.677,103.653,1786610369663973,reliable,1,1,4,4,0
542,5002929087353,56795.980,96.303,1786610369760275,reliable,1,1,4,4,0
543,5003032819766,56899.712,103.732,1786610369864039,reliable,1,1,4,4,0
544,5003128977779,56995.870,96.158,1786610369960166,reliable,1,1,4,4,0
545,5003232948398,57099.841,103.971,1786610370064128,reliable,1,1,4,4,0
546,5003328785632,57195.678,95.837,1786610370159967,reliable,1,1,4,4,0
547,5003432863253,57299.756,104.078,1786610370264046,reliable,1,1,4,4,0
548,5003529050107,57395.943,96.187,1786610370360240,reliable,1,1,4,4,0
549,5003634185866,57501.078,105.136,1786610370465377,reliable,1,1,4,4,0
550,5003727828036,57594.721,93.642,1786610370559010,reliable,1,1,4,4,0
551,5003831475042,57698.368,103.647,1786610370662660,reliable,1,1,4,4,0
552,5003928578746,57795.471,97.104,1786610370759769,reliable,1,1,4,4,0
553,5004033841167,57900.734,105.262,1786610370865030,reliable,1,1,4,4,0
554,5004128663274,57995.556,94.822,1786610370959851,reliable,1,1,4,4,0
555,5004233408724,58100.301,104.745,1786610371064616,reliable,1,1,4,4,0
556,5004328782580,58195.675,95.374,1786610371159971,reliable,1,1,4,4,0
557,5004433798049,58300.691,105.015,1786610371264986,reliable,1,1,4,4,0
558,5004529274439,58396.167,95.476,1786610371360462,reliable,1,1,4,4,0
559,5004633091346,58499.984,103.817,1786610371464280,reliable,1,1,4,4,0
560,5004728461906,58595.354,95.371,1786610371559646,reliable,1,1,4,4,0
561,5004833076649,58699.969,104.615,1786610371664263,reliable,1,1,4,4,0
562,5004929063307,58795.956,95.987,1786610371760250,reliable,1,1,4,4,0
563,5005033386290,58900.279,104.323,1786610371864574,reliable,1,1,4,4,0
564,5005128554087,58995.447,95.168,1786610371959735,reliable,1,1,4,4,0
565,5005233612870,59100.505,105.059,1786610372064803,reliable,1,1,4,4,0
566,5005328257510,59195.150,94.645,1786610372159445,reliable,1,1,4,4,0
567,5005431884428,59298.777,103.627,1786610372263070,reliable,1,1,4,4,0
568,5005529628884,59396.521,97.744,1786610372360818,reliable,1,1,4,4,0
569,5005633368064,59500.261,103.739,1786610372464555,reliable,1,1,4,4,0
570,5005727663917,59594.556,94.296,1786610372558849,reliable,1,1,4,4,0
571,5005832865128,59699.758,105.201,1786610372664056,reliable,1,1,4,4,0
572,5005929181155,59796.074,96.316,1786610372760366,reliable,1,1,4,4,0
573,5006033764221,59900.657,104.583,1786610372864976,reliable,1,1,4,4,0
574,5006128846197,59995.739,95.082,1786610372960025,reliable,1,1,4,4,0
575,5006233807923,60100.700,104.962,1786610373064993,reliable,1,1,4,4,0
576,5006328238959,60195.131,94.431,1786610373159426,reliable,1,1,4,4,0
577,5006432355380,60299.248,104.116,1786610373263537,reliable,1,1,4,4,0
578,5006528574353,60395.467,96.219,1786610373359758,reliable,1,1,4,4,0
579,5006632466410,60499.359,103.892,1786610373463654,reliable,1,1,4,4,0
580,5006729502290,60596.395,97.036,1786610373560686,reliable,1,1,4,4,0
581,5006833738750,60700.631,104.236,1786610373664925,reliable,1,1,4,4,0
582,5006929369339,60796.262,95.631,1786610373760556,reliable,1,1,4,4,0
583,5007033378939,60900.271,104.010,1786610373864565,reliable,1,1,4,4,0
584,5007128507004,60995.400,95.128,1786610373959744,reliable,1,1,4,4,0
585,5007233589670,61100.482,105.083,1786610374064779,reliable,1,1,4,4,0
586,5007328588520,61195.481,94.999,1786610374159778,reliable,1,1,4,4,0
587,5007433828366,61300.721,105.240,1786610374265019,reliable,1,1,4,4,0
588,5007528786830,61395.679,94.958,1786610374359979,reliable,1,1,4,4,0
589,5007633667266,61500.560,104.880,1786610374464855,reliable,1,1,4,4,0
590,5007729643704,61596.536,95.976,1786610374560833,reliable,1,1,4,4,0
591,5007833553976,61700.447,103.910,1786610374664755,reliable,1,1,4,4,0
592,5007929458314,61796.351,95.904,1786610374760645,reliable,1,1,4,4,0
593,5008033525330,61900.418,104.067,1786610374864713,reliable,1,1,4,4,0
594,5008129109203,61996.002,95.584,1786610374960297,reliable,1,1,4,4,0
595,5008234066907,62100.959,104.958,1786610375065259,reliable,1,1,4,4,0
596,5008329555615,62196.448,95.489,1786610375160741,reliable,1,1,4,4,0
597,5008433752083,62300.645,104.196,1786610375264937,reliable,1,1,4,4,0
598,5008529182419,62396.075,95.430,1786610375360366,reliable,1,1,4,4,0
599,5008633982407,62500.875,104.800,1786610375465169,reliable,1,1,4,4,0
600,5008728868843,62595.761,94.886,1786610375560057,reliable,1,1,4,4,0
601,5008832745102,62699.638,103.876,1786610375663931,reliable,1,1,4,4,0
602,5008929528407,62796.421,96.783,1786610375760722,reliable,1,1,4,4,0
603,5009035135734,62902.028,105.607,1786610375866327,reliable,1,1,4,4,0
604,5009129666790,62996.559,94.531,1786610375960880,reliable,1,1,4,4,0
605,5009235212946,63102.105,105.546,1786610376066403,reliable,1,1,4,4,0
606,5009328208505,63195.101,92.996,1786610376159398,reliable,1,1,4,4,0
607,5009432599165,63299.492,104.391,1786610376263786,reliable,1,1,4,4,0
608,5009530531081,63397.424,97.932,1786610376361717,reliable,1,1,4,4,0
609,5009634335886,63501.228,103.805,1786610376465524,reliable,1,1,4,4,0
610,5009729077713,63595.970,94.742,1786610376560267,reliable,1,1,4,4,0
611,5009834271552,63701.164,105.194,1786610376665461,reliable,1,1,4,4,0
612,5009930280134,63797.173,96.009,1786610376761474,reliable,1,1,4,4,0
613,5010037572388,63904.465,107.292,1786610376868761,reliable,1,1,4,4,0
614,5010129615832,63996.508,92.043,1786610376960805,reliable,1,1,4,4,0
615,5010234847736,64101.740,105.232,1786610377066043,reliable,1,1,4,4,0
616,5010329137484,64196.030,94.290,1786610377160317,reliable,1,1,4,4,0
617,5010433215428,64300.108,104.078,1786610377264402,reliable,1,1,4,4,0
618,5010529818514,64396.711,96.603,1786610377361005,reliable,1,1,4,4,0
619,5010633674750,64500.567,103.856,1786610377464863,reliable,1,1,4,4,0
620,5010728164156,64595.057,94.489,1786610377559353,reliable,1,1,4,4,0
621,5010833543801,64700.436,105.380,1786610377664740,reliable,1,1,4,4,0
622,5010930504314,64797.397,96.961,1786610377761696,reliable,1,1,4,4,0
623,5011036836841,64903.729,106.333,1786610377868026,reliable,1,1,4,4,0
624,5011129890555,64996.783,93.054,1786610377961079,reliable,1,1,4,4,0
625,5011234381114,65101.274,104.491,1786610378065571,reliable,1,1,4,4,0
626,5011329272117,65196.165,94.891,1786610378160450,reliable,1,1,4,4,0
627,5011432938077,65299.831,103.666,1786610378264127,reliable,1,1,4,4,0
628,5011529553586,65396.446,96.616,1786610378360735,reliable,1,1,4,4,0
629,5011633963042,65500.856,104.409,1786610378465150,reliable,1,1,4,4,0
630,5011729994808,65596.887,96.032,1786610378561184,reliable,1,1,4,4,0
631,5011834692119,65701.585,104.697,1786610378665879,reliable,1,1,4,4,0
632,5011929283458,65796.176,94.591,1786610378760466,reliable,1,1,4,4,0
633,5012033776086,65900.669,104.493,1786610378864958,reliable,1,1,4,4,0
634,5012128753237,65995.646,94.977,1786610378959933,reliable,1,1,4,4,0
635,5012232417007,66099.310,103.664,1786610379063606,reliable,1,1,4,4,0
636,5012329635979,66196.529,97.219,1786610379160823,reliable,1,1,4,4,0
637,5012433454529,66300.347,103.819,1786610379264642,reliable,1,1,4,4,0
638,5012529660425,66396.553,96.206,1786610379360868,reliable,1,1,4,4,0
639,5012633155086,66500.048,103.495,1786610379464345,reliable,1,1,4,4,0
640,5012729789004,66596.682,96.634,1786610379560969,reliable,1,1,4,4,0
641,5012833352436,66700.245,103.563,1786610379664535,reliable,1,1,4,4,0
642,5012929739078,66796.632,96.387,1786610379760922,reliable,1,1,4,4,0
643,5013034229022,66901.122,104.490,1786610379865413,reliable,1,1,4,4,0
644,5013129851208,66996.744,95.622,1786610379961031,reliable,1,1,4,4,0
645,5013233160243,67100.053,103.309,1786610380064384,reliable,1,1,4,4,0
646,5013328684639,67195.577,95.524,1786610380159874,reliable,1,1,4,4,0
647,5013433772829,67300.665,105.088,1786610380264960,reliable,1,1,4,4,0
648,5013529705470,67396.598,95.933,1786610380360920,reliable,1,1,4,4,0
649,5013634778491,67501.671,105.073,1786610380465972,reliable,1,1,4,4,0
650,5013729648869,67596.541,94.870,1786610380560831,reliable,1,1,4,4,0
651,5013833678091,67700.571,104.029,1786610380664868,reliable,1,1,4,4,0
652,5013929625165,67796.518,95.947,1786610380760812,reliable,1,1,4,4,0
653,5014035256103,67902.149,105.631,1786610380866449,reliable,1,1,4,4,0
654,5014128674694,67995.567,93.419,1786610380959866,reliable,1,1,4,4,0
655,5014234208171,68101.101,105.533,1786610381065397,reliable,1,1,4,4,0
656,5014328154541,68195.047,93.946,1786610381159340,reliable,1,1,4,4,0
657,5014434317384,68301.210,106.163,1786610381265512,reliable,1,1,4,4,0
658,5014530221039,68397.114,95.904,1786610381361417,reliable,1,1,4,4,0
659,5014636293477,68503.186,106.072,1786610381467498,reliable,1,1,4,4,0
660,5014729069387,68595.962,92.776,1786610381560257,reliable,1,1,4,4,0
661,5014833954692,68700.847,104.885,1786610381665145,reliable,1,1,4,4,0
662,5014930646452,68797.539,96.692,1786610381761837,reliable,1,1,4,4,0
663,5015035775897,68902.668,105.129,1786610381866968,reliable,1,1,4,4,0
664,5015129821025,68996.714,94.045,1786610381961009,reliable,1,1,4,4,0
665,5015233815964,69100.708,103.995,1786610382065008,reliable,1,1,4,4,0
666,5015329936438,69196.829,96.120,1786610382161124,reliable,1,1,4,4,0
667,5015434479587,69301.372,104.543,1786610382265668,reliable,1,1,4,4,0
668,5015529909082,69396.802,95.429,1786610382361096,reliable,1,1,4,4,0
669,5015634289759,69501.182,104.381,1786610382465487,reliable,1,1,4,4,0
670,5015729951233,69596.844,95.661,1786610382561133,reliable,1,1,4,4,0
671,5015834682552,69701.575,104.731,1786610382665871,reliable,1,1,4,4,0
672,5015929771421,69796.664,95.089,1786610382760952,reliable,1,1,4,4,0
673,5016033665609,69900.558,103.894,1786610382864847,reliable,1,1,4,4,0
674,5016130211097,69997.104,96.545,1786610382961397,reliable,1,1,4,4,0
675,5016234385828,70101.278,104.175,1786610383065570,reliable,1,1,4,4,0
676,5016330417955,70197.310,96.032,1786610383161613,reliable,1,1,4,4,0
677,5016435577845,70302.470,105.160,1786610383266771,reliable,1,1,4,4,0
678,5016530107558,70397.000,94.530,1786610383361296,reliable,1,1,4,4,0
679,5016633928755,70500.821,103.821,1786610383465116,reliable,1,1,4,4,0
680,5016729399765,70596.292,95.471,1786610383560592,reliable,1,1,4,4,0
681,5016834147922,70701.040,104.748,1786610383665332,reliable,1,1,4,4,0
682,5016930167503,70797.060,96.020,1786610383761359,reliable,1,1,4,4,0
683,5017035429159,70902.322,105.262,1786610383866618,reliable,1,1,4,4,0
684,5017129547651,70996.440,94.118,1786610383960730,reliable,1,1,4,4,0
685,5017221881240,71088.774,92.334,1786610384053070,reliable,1,1,4,4,0
686,5017329499694,71196.392,107.618,1786610384160689,reliable,1,1,4,4,0
687,5017434044166,71300.937,104.544,1786610384265227,reliable,1,1,4,4,0
688,5017529481998,71396.375,95.438,1786610384360670,reliable,1,1,4,4,0
689,5017633341252,71500.234,103.859,1786610384464529,reliable,1,1,4,4,0
690,5017730306138,71597.199,96.965,1786610384561496,reliable,1,1,4,4,0
691,5017834099916,71700.992,103.794,1786610384665305,reliable,1,1,4,4,0
692,5017930255737,71797.148,96.156,1786610384761443,reliable,1,1,4,4,0
693,5018034126319,71901.019,103.871,1786610384865309,reliable,1,1,4,4,0
694,5018130369440,71997.262,96.243,1786610384961562,reliable,1,1,4,4,0
695,5018234459795,72101.352,104.090,1786610385065665,reliable,1,1,4,4,0
696,5018330095821,72196.988,95.636,1786610385161284,reliable,1,1,4,4,0
697,5018435493208,72302.386,105.397,1786610385266677,reliable,1,1,4,4,0
698,5018530251109,72397.144,94.758,1786610385361439,reliable,1,1,4,4,0
699,5018635223386,72502.116,104.972,1786610385466439,reliable,1,1,4,4,0
700,5018730081837,72596.974,94.858,1786610385561273,reliable,1,1,4,4,0
701,5018836343235,72703.236,106.261,1786610385667535,reliable,1,1,4,4,0
702,5018930456847,72797.349,94.114,1786610385761636,reliable,1,1,4,4,0
703,5019033860788,72900.753,103.404,1786610385865051,reliable,1,1,4,4,0
704,5019130402781,72997.295,96.542,1786610385961588,reliable,1,1,4,4,0
705,5019234865257,73101.758,104.462,1786610386066049,reliable,1,1,4,4,0
706,5019330085367,73196.978,95.220,1786610386161278,reliable,1,1,4,4,0
707,5019435541866,73302.434,105.456,1786610386266724,reliable,1,1,4,4,0
708,5019531369335,73398.262,95.827,1786610386362556,reliable,1,1,4,4,0
709,5019635430851,73502.323,104.062,1786610386466616,reliable,1,1,4,4,0
710,5019730354786,73597.247,94.924,1786610386561542,reliable,1,1,4,4,0
711,5019834075293,73700.968,103.721,1786610386665264,reliable,1,1,4,4,0
712,5019930437156,73797.330,96.362,1786610386761669,reliable,1,1,4,4,0
713,5020035682733,73902.575,105.246,1786610386866863,reliable,1,1,4,4,0
714,5020129559159,73996.452,93.876,1786610386960743,reliable,1,1,4,4,0
715,5020233944678,74100.837,104.386,1786610387065163,reliable,1,1,4,4,0
716,5020330545378,74197.438,96.601,1786610387161732,reliable,1,1,4,4,0
717,5020434421644,74301.314,103.876,1786610387265613,reliable,1,1,4,4,0
718,5020530657429,74397.550,96.236,1786610387361848,reliable,1,1,4,4,0
719,5020635578547,74502.471,104.921,1786610387466763,reliable,1,1,4,4,0
720,5020730196587,74597.089,94.618,1786610387561387,reliable,1,1,4,4,0
721,5020834178138,74701.071,103.982,1786610387665367,reliable,1,1,4,4,0
722,5020930342048,74797.235,96.164,1786610387761530,reliable,1,1,4,4,0
723,5021034054785,74900.947,103.713,1786610387865245,reliable,1,1,4,4,0
724,5021137613563,75004.506,103.559,1786610387968796,reliable,1,1,4,4,0
725,5021231347129,75098.240,93.734,1786610388062538,reliable,1,1,4,4,0
726,5021330388887,75197.281,99.042,1786610388161576,reliable,1,1,4,4,0
727,5021433840786,75300.733,103.452,1786610388265029,reliable,1,1,4,4,0
728,5021530976113,75397.869,97.135,1786610388362167,reliable,1,1,4,4,0
729,5021634657079,75501.550,103.681,1786610388465844,reliable,1,1,4,4,0
730,5021730339341,75597.232,95.682,1786610388561530,reliable,1,1,4,4,0
731,5021834020468,75700.913,103.681,1786610388665211,reliable,1,1,4,4,0
732,5021929806511,75796.699,95.786,1786610388760996,reliable,1,1,4,4,0
733,5022035567358,75902.460,105.761,1786610388866760,reliable,1,1,4,4,0
734,5022130331846,75997.224,94.764,1786610388961522,reliable,1,1,4,4,0
735,5022224617194,76091.510,94.285,1786610389055806,reliable,1,1,4,4,0
736,5022329736863,76196.629,105.120,1786610389160925,reliable,1,1,4,4,0
737,5022434718765,76301.611,104.982,1786610389265902,reliable,1,1,4,4,0
738,5022531100974,76397.994,96.382,1786610389362282,reliable,1,1,4,4,0
739,5022634524879,76501.417,103.424,1786610389465706,reliable,1,1,4,4,0
740,5022730518621,76597.411,95.994,1786610389561713,reliable,1,1,4,4,0
741,5022835647730,76702.540,105.129,1786610389666839,reliable,1,1,4,4,0
742,5022929757602,76796.650,94.110,1786610389760944,reliable,1,1,4,4,0
743,5023033346347,76900.239,103.589,1786610389864575,reliable,1,1,4,4,0
744,5023130011867,76996.904,96.666,1786610389961195,reliable,1,1,4,4,0
745,5023234887989,77101.781,104.876,1786610390066075,reliable,1,1,4,4,0
746,5023330525082,77197.418,95.637,1786610390161718,reliable,1,1,4,4,0
747,5023436080715,77302.973,105.556,1786610390267274,reliable,1,1,4,4,0
748,5023530574808,77397.467,94.494,1786610390361761,reliable,1,1,4,4,0
749,5023634202409,77501.095,103.628,1786610390465393,reliable,1,1,4,4,0
750,5023729725736,77596.618,95.523,1786610390560911,reliable,1,1,4,4,0
751,5023833643464,77700.536,103.918,1786610390664832,reliable,1,1,4,4,0
752,5023930725941,77797.618,97.082,1786610390761914,reliable,1,1,4,4,0
753,5024034360967,77901.253,103.635,1786610390865550,reliable,1,1,4,4,0
754,5024129281384,77996.174,94.920,1786610390960471,reliable,1,1,4,4,0
755,5024234766471,78101.659,105.485,1786610391065955,reliable,1,1,4,4,0
756,5024330253134,78197.146,95.487,1786610391161443,reliable,1,1,4,4,0
757,5024435450868,78302.343,105.198,1786610391266642,reliable,1,1,4,4,0
758,5024529940425,78396.833,94.490,1786610391361128,reliable,1,1,4,4,0
759,5024633988502,78500.881,104.048,1786610391465177,reliable,1,1,4,4,0
760,5024730916324,78597.809,96.928,1786610391562111,reliable,1,1,4,4,0
761,5024836105449,78702.998,105.189,1786610391667289,reliable,1,1,4,4,0
762,5024930180202,78797.073,94.075,1786610391761370,reliable,1,1,4,4,0
763,5025035538488,78902.431,105.358,1786610391866721,reliable,1,1,4,4,0
764,5025130063887,78996.956,94.525,1786610391961253,reliable,1,1,4,4,0
765,5025234508834,79101.401,104.445,1786610392065689,reliable,1,1,4,4,0
766,5025330564621,79197.457,96.056,1786610392161751,reliable,1,1,4,4,0
767,5025435256065,79302.149,104.691,1786610392266442,reliable,1,1,4,4,0
768,5025530877623,79397.770,95.622,1786610392362064,reliable,1,1,4,4,0
769,5025634766435,79501.659,103.889,1786610392465956,reliable,1,1,4,4,0
770,5025730952789,79597.845,96.186,1786610392562139,reliable,1,1,4,4,0
771,5025834819840,79701.712,103.867,1786610392666008,reliable,1,1,4,4,0
772,5025929820856,79796.713,95.001,1786610392761008,reliable,1,1,4,4,0
773,5026033982097,79900.875,104.161,1786610392865246,reliable,1,1,4,4,0
774,5026129919319,79996.812,95.937,1786610392961108,reliable,1,1,4,4,0
775,5026233493574,80100.386,103.574,1786610393064682,reliable,1,1,4,4,0
776,5026329515448,80196.408,96.022,1786610393160703,reliable,1,1,4,4,0
777,5026434959895,80301.852,105.444,1786610393266149,reliable,1,1,4,4,0
778,5026530103551,80396.996,95.144,1786610393361296,reliable,1,1,4,4,0
779,5026635887759,80502.780,105.784,1786610393467083,reliable,1,1,4,4,0
780,5026730763754,80597.656,94.876,1786610393561958,reliable,1,1,4,4,0
781,5026836938861,80703.831,106.175,1786610393668184,reliable,1,1,4,4,0
782,5026929984942,80796.877,93.046,1786610393761170,reliable,1,1,4,4,0
783,5027033957029,80900.850,103.972,1786610393865143,reliable,1,1,4,4,0
784,5027130049531,80996.942,96.093,1786610393961239,reliable,1,1,4,4,0
785,5027237080345,81103.973,107.031,1786610394068276,reliable,1,1,4,4,0
786,5027330918571,81197.811,93.838,1786610394162106,reliable,1,1,4,4,0
787,5027434603515,81301.496,103.685,1786610394265792,reliable,1,1,4,4,0
788,5027531119471,81398.012,96.516,1786610394362305,reliable,1,1,4,4,0
789,5027634690650,81501.583,103.571,1786610394465875,reliable,1,1,4,4,0
790,5027731116106,81598.009,96.425,1786610394562303,reliable,1,1,4,4,0
791,5027834841820,81701.734,103.726,1786610394666021,reliable,1,1,4,4,0
792,5027930523847,81797.416,95.682,1786610394761709,reliable,1,1,4,4,0
793,5028034429730,81901.322,103.906,1786610394865615,reliable,1,1,4,4,0
794,5028130610566,81997.503,96.181,1786610394961804,reliable,1,1,4,4,0
795,5028235948152,82102.841,105.338,1786610395067134,reliable,1,1,4,4,0
796,5028331398945,82198.291,95.451,1786610395162591,reliable,1,1,4,4,0
797,5028436559232,82303.452,105.160,1786610395267751,reliable,1,1,4,4,0
798,5028530397980,82397.291,93.839,1786610395361584,reliable,1,1,4,4,0
799,5028634134582,82501.027,103.737,1786610395465322,reliable,1,1,4,4,0
800,5028731281489,82598.174,97.147,1786610395562466,reliable,1,1,4,4,0
801,5028835326074,82702.219,104.045,1786610395666511,reliable,1,1,4,4,0
802,5028931019375,82797.912,95.693,1786610395762203,reliable,1,1,4,4,0
803,5029034847118,82901.740,103.828,1786610395866133,reliable,1,1,4,4,0
804,5029130282934,82997.175,95.436,1786610395961473,reliable,1,1,4,4,0
805,5029235141369,83102.034,104.858,1786610396066327,reliable,1,1,4,4,0
806,5029331145286,83198.038,96.004,1786610396162329,reliable,1,1,4,4,0
807,5029435224888,83302.117,104.080,1786610396266408,reliable,1,1,4,4,0
808,5029531277096,83398.170,96.052,1786610396362463,reliable,1,1,4,4,0
809,5029634814848,83501.707,103.538,1786610396465995,reliable,1,1,4,4,0
810,5029730195919,83597.088,95.381,1786610396561385,reliable,1,1,4,4,0
811,5029834072311,83700.965,103.876,1786610396665261,reliable,1,1,4,4,0
812,5029930535674,83797.428,96.463,1786610396761727,reliable,1,1,4,4,0
813,5030036162615,83903.055,105.627,1786610396867352,reliable,1,1,4,4,0
814,5030131185973,83998.079,95.023,1786610396962370,reliable,1,1,4,4,0
815,5030234994156,84101.887,103.808,1786610397066181,reliable,1,1,4,4,0
816,5030330530668,84197.423,95.537,1786610397161718,reliable,1,1,4,4,0
817,5030434127214,84301.020,103.597,1786610397265315,reliable,1,1,4,4,0
818,5030531161718,84398.054,97.035,1786610397362352,reliable,1,1,4,4,0
819,5030636870878,84503.763,105.709,1786610397468063,reliable,1,1,4,4,0
820,5030730416511,84597.309,93.546,1786610397561603,reliable,1,1,4,4,0
821,5030834202986,84701.096,103.786,1786610397665390,reliable,1,1,4,4,0
822,5030931081514,84797.974,96.879,1786610397762272,reliable,1,1,4,4,0
823,5031035991340,84902.884,104.910,1786610397867237,reliable,1,1,4,4,0
824,5031131419431,84998.312,95.428,1786610397962645,reliable,1,1,4,4,0
825,5031236915157,85103.808,105.496,1786610398068104,reliable,1,1,4,4,0
826,5031330817393,85197.710,93.902,1786610398161995,reliable,1,1,4,4,0
827,5031434608708,85301.501,103.791,1786610398265797,reliable,1,1,4,4,0
828,5031530670375,85397.563,96.062,1786610398361852,reliable,1,1,4,4,0
829,5031637028053,85503.921,106.358,1786610398468217,reliable,1,1,4,4,0
830,5031730297586,85597.190,93.270,1786610398561477,reliable,1,1,4,4,0
831,5031835979391,85702.872,105.682,1786610398667217,reliable,1,1,4,4,0
832,5031930675009,85797.568,94.696,1786610398761857,reliable,1,1,4,4,0
833,5032034560761,85901.453,103.886,1786610398865754,reliable,1,1,4,4,0
834,5032130732641,85997.625,96.172,1786610398961910,reliable,1,1,4,4,0
835,5032236128946,86103.021,105.396,1786610399067316,reliable,1,1,4,4,0
836,5032330927362,86197.820,94.798,1786610399162104,reliable,1,1,4,4,0
837,5032434644826,86301.537,103.717,1786610399265829,reliable,1,1,4,4,0
838,5032530735655,86397.628,96.091,1786610399361945,reliable,1,1,4,4,0
839,5032634816016,86501.709,104.080,1786610399466005,reliable,1,1,4,4,0
840,5032730099703,86596.992,95.284,1786610399561284,reliable,1,1,4,4,0
841,5032834762555,86701.655,104.663,1786610399665951,reliable,1,1,4,4,0
842,5032930513177,86797.406,95.751,1786610399761694,reliable,1,1,4,4,0
843,5033035016533,86901.909,104.503,1786610399866201,reliable,1,1,4,4,0
844,5033130506982,86997.400,95.490,1786610399961694,reliable,1,1,4,4,0
845,5033235776824,87102.669,105.270,1786610400066961,reliable,1,1,4,4,0
846,5033330601172,87197.494,94.824,1786610400161785,reliable,1,1,4,4,0
847,5033435711956,87302.604,105.111,1786610400266902,reliable,1,1,4,4,0
848,5033530316869,87397.209,94.605,1786610400361607,reliable,1,1,4,4,0
849,5033634425687,87501.318,104.109,1786610400465616,reliable,1,1,4,4,0
850,5033730051640,87596.944,95.626,1786610400561262,reliable,1,1,4,4,0
851,5033835162937,87702.055,105.111,1786610400666396,reliable,1,1,4,4,0
852,5033931146827,87798.039,95.984,1786610400762331,reliable,1,1,4,4,0
853,5034036522296,87903.415,105.375,1786610400867713,reliable,1,1,4,4,0
854,5034131414839,87998.307,94.893,1786610400962599,reliable,1,1,4,4,0
855,5034235156840,88102.049,103.742,1786610401066347,reliable,1,1,4,4,0
856,5034331727807,88198.620,96.571,1786610401162916,reliable,1,1,4,4,0
857,5034436462550,88303.355,104.735,1786610401267651,reliable,1,1,4,4,0
858,5034531697647,88398.590,95.235,1786610401362878,reliable,1,1,4,4,0
859,5034635672130,88502.565,103.974,1786610401466862,reliable,1,1,4,4,0
860,5034731097795,88597.990,95.426,1786610401562284,reliable,1,1,4,4,0
861,5034834986066,88701.879,103.888,1786610401666322,reliable,1,1,4,4,0
862,5034930720354,88797.613,95.734,1786610401761911,reliable,1,1,4,4,0
863,5035036842074,88903.735,106.122,1786610401868032,reliable,1,1,4,4,0
864,5035131851560,88998.744,95.009,1786610401963039,reliable,1,1,4,4,0
865,5035237013635,89103.906,105.162,1786610402068267,reliable,1,1,4,4,0
866,5035330664155,89197.557,93.651,1786610402161851,reliable,1,1,4,4,0
867,5035434692248,89301.585,104.028,1786610402265882,reliable,1,1,4,4,0
868,5035531109074,89398.002,96.417,1786610402362295,reliable,1,1,4,4,0
869,5035636583955,89503.476,105.475,1786610402467795,reliable,1,1,4,4,0
870,5035731636109,89598.529,95.052,1786610402562829,reliable,1,1,4,4,0
871,5035836933606,89703.826,105.297,1786610402668123,reliable,1,1,4,4,0
872,5035931770645,89798.663,94.837,1786610402762955,reliable,1,1,4,4,0
873,5036036297738,89903.190,104.527,1786610402867492,reliable,1,1,4,4,0
874,5036131909342,89998.802,95.612,1786610402963094,reliable,1,1,4,4,0
875,5036236133782,90103.026,104.224,1786610403067328,reliable,1,1,4,4,0
876,5036331821623,90198.714,95.688,1786610403163011,reliable,1,1,4,4,0
877,5036436109097,90303.002,104.287,1786610403267298,reliable,1,1,4,4,0
878,5036531883246,90398.776,95.774,1786610403363069,reliable,1,1,4,4,0
879,5036635837264,90502.730,103.954,1786610403467024,reliable,1,1,4,4,0
880,5036731874594,90598.767,96.037,1786610403563067,reliable,1,1,4,4,0
881,5036837253894,90704.146,105.379,1786610403668448,reliable,1,1,4,4,0
882,5036931906552,90798.799,94.653,1786610403763115,reliable,1,1,4,4,0
883,5037035983807,90902.876,104.077,1786610403867230,reliable,1,1,4,4,0
884,5037131442774,90998.335,95.459,1786610403962637,reliable,1,1,4,4,0
885,5037237756727,91104.649,106.314,1786610404068947,reliable,1,1,4,4,0
886,5037331939933,91198.832,94.183,1786610404163126,reliable,1,1,4,4,0
887,5037435606553,91302.499,103.667,1786610404266787,reliable,1,1,4,4,0
888,5037531088123,91397.981,95.482,1786610404362325,reliable,1,1,4,4,0
889,5037638634700,91505.527,107.547,1786610404469829,reliable,1,1,4,4,0
890,5037732181364,91599.074,93.547,1786610404563366,reliable,1,1,4,4,0
891,5037836386026,91703.279,104.205,1786610404667574,reliable,1,1,4,4,0
892,5037931442840,91798.335,95.057,1786610404762635,reliable,1,1,4,4,0
893,5038036423025,91903.316,104.980,1786610404867607,reliable,1,1,4,4,0
894,5038131401180,91998.294,94.978,1786610404962594,reliable,1,1,4,4,0
895,5038237448984,92104.342,106.048,1786610405068640,reliable,1,1,4,4,0
896,5038332427757,92199.320,94.979,1786610405163619,reliable,1,1,4,4,0
897,5038439061626,92305.954,106.634,1786610405270252,reliable,1,1,4,4,0
898,5038531671842,92398.564,92.610,1786610405362886,reliable,1,1,4,4,0
899,5038636671812,92503.564,105.000,1786610405467857,reliable,1,1,4,4,0
900,5038731311210,92598.204,94.639,1786610405562517,reliable,1,1,4,4,0
901,5038836354606,92703.247,105.043,1786610405667546,reliable,1,1,4,4,0
902,5038931041973,92797.935,94.687,1786610405762231,reliable,1,1,4,4,0
903,5039035041738,92901.934,104.000,1786610405866314,reliable,1,1,4,4,0
904,5039132109407,92999.002,97.068,1786610405963298,reliable,1,1,4,4,0
905,5039235532394,93102.425,103.423,1786610406066718,reliable,1,1,4,4,0
906,5039332997691,93199.890,97.465,1786610406164192,reliable,1,1,4,4,0
907,5039438122187,93305.015,105.124,1786610406269313,reliable,1,1,4,4,0
908,5039532067579,93398.960,93.945,1786610406363252,reliable,1,1,4,4,0
909,5039635499422,93502.392,103.432,1786610406466682,reliable,1,1,4,4,0
910,5039731996354,93598.889,96.497,1786610406563266,reliable,1,1,4,4,0
911,5039837629162,93704.522,105.633,1786610406668813,reliable,1,1,4,4,0
912,5039931771747,93798.664,94.143,1786610406762955,reliable,1,1,4,4,0
913,5040035617432,93902.510,103.846,1786610406866804,reliable,1,1,4,4,0
914,5040131310616,93998.203,95.693,1786610406962501,reliable,1,1,4,4,0
915,5040235857023,94102.750,104.546,1786610407067046,reliable,1,1,4,4,0
916,5040332560216,94199.453,96.703,1786610407163741,reliable,1,1,4,4,0
917,5040436663425,94303.556,104.103,1786610407267845,reliable,1,1,4,4,0
918,5040533393051,94400.286,96.730,1786610407364578,reliable,1,1,4,4,0
919,5040637803378,94504.696,104.410,1786610407468985,reliable,1,1,4,4,0
920,5040732125854,94599.018,94.322,1786610407563318,reliable,1,1,4,4,0
921,5040835986684,94702.879,103.861,1786610407667225,reliable,1,1,4,4,0
922,5040931232434,94798.125,95.246,1786610407762421,reliable,1,1,4,4,0
923,5041035463170,94902.356,104.231,1786610407866691,reliable,1,1,4,4,0
924,5041132487176,94999.380,97.024,1786610407963675,reliable,1,1,4,4,0
925,5041236375258,95103.268,103.888,1786610408067625,reliable,1,1,4,4,0
926,5041332804432,95199.697,96.429,1786610408163989,reliable,1,1,4,4,0
927,5041438307265,95305.200,105.503,1786610408269489,reliable,1,1,4,4,0
928,5041531744239,95398.637,93.437,1786610408362937,reliable,1,1,4,4,0
929,5041637102266,95503.995,105.358,1786610408468292,reliable,1,1,4,4,0
930,5041732374044,95599.267,95.272,1786610408563560,reliable,1,1,4,4,0
931,5041836528784,95703.421,104.155,1786610408667710,reliable,1,1,4,4,0
932,5041932406349,95799.299,95.878,1786610408763600,reliable,1,1,4,4,0
933,5042036496318,95903.389,104.090,1786610408867685,reliable,1,1,4,4,0
934,5042132782158,95999.675,96.286,1786610408963963,reliable,1,1,4,4,0
935,5042237451722,96104.344,104.670,1786610409068640,reliable,1,1,4,4,0
936,5042332474731,96199.367,95.023,1786610409163668,reliable,1,1,4,4,0
937,5042437759771,96304.652,105.285,1786610409268943,reliable,1,1,4,4,0
938,5042531159218,96398.052,93.399,1786610409362338,reliable,1,1,4,4,0
939,5042668928220,96535.821,137.769,1786610409500299,reliable,1,1,4,4,0
940,5042736533543,96603.426,67.605,1786610409567736,reliable,1,1,4,4,0
941,5042825763491,96692.656,89.230,1786610409656944,reliable,1,1,4,4,0
942,5042931642477,96798.535,105.879,1786610409762832,reliable,1,1,4,4,0
943,5043038272730,96905.165,106.630,1786610409869462,reliable,1,1,4,4,0
944,5043131224221,96998.117,92.951,1786610409962406,reliable,1,1,4,4,0
945,5043235371275,97102.264,104.147,1786610410066552,reliable,1,1,4,4,0
946,5043331523017,97198.416,96.152,1786610410162709,reliable,1,1,4,4,0
947,5043437040876,97303.933,105.518,1786610410268233,reliable,1,1,4,4,0
948,5043531803340,97398.696,94.762,1786610410362999,reliable,1,1,4,4,0
949,5043638889365,97505.782,107.086,1786610410470079,reliable,1,1,4,4,0
950,5043731100418,97597.993,92.211,1786610410562282,reliable,1,1,4,4,0
951,5043835127905,97702.020,104.027,1786610410666316,reliable,1,1,4,4,0
952,5043932520343,97799.413,97.392,1786610410763705,reliable,1,1,4,4,0
953,5044036458099,97903.351,103.938,1786610410867645,reliable,1,1,4,4,0
954,5044132403624,97999.296,95.946,1786610410963679,reliable,1,1,4,4,0
955,5044238439667,98105.332,106.036,1786610411069627,reliable,1,1,4,4,0
956,5044331500273,98198.393,93.061,1786610411162687,reliable,1,1,4,4,0
957,5044435201387,98302.094,103.701,1786610411266420,reliable,1,1,4,4,0
958,5044532480486,98399.373,97.279,1786610411363666,reliable,1,1,4,4,0
959,5044636771482,98503.664,104.291,1786610411467957,reliable,1,1,4,4,0
960,5044732180321,98599.073,95.409,1786610411563362,reliable,1,1,4,4,0
961,5044835910268,98702.803,103.730,1786610411667094,reliable,1,1,4,4,0
962,5044932680289,98799.573,96.770,1786610411763874,reliable,1,1,4,4,0
963,5045037332485,98904.225,104.652,1786610411868520,reliable,1,1,4,4,0
964,5045132390525,98999.283,95.058,1786610411963581,reliable,1,1,4,4,0
965,5045236590303,99103.483,104.200,1786610412067776,reliable,1,1,4,4,0
966,5045331694627,99198.587,95.104,1786610412162876,reliable,1,1,4,4,0
967,5045437333404,99304.226,105.639,1786610412268524,reliable,1,1,4,4,0
968,5045533049052,99399.942,95.716,1786610412364273,reliable,1,1,4,4,0
969,5045636868548,99503.761,103.819,1786610412468065,reliable,1,1,4,4,0
970,5045731742078,99598.635,94.874,1786610412562940,reliable,1,1,4,4,0
971,5045837425913,99704.318,105.684,1786610412668613,reliable,1,1,4,4,0
972,5045932450010,99799.343,95.024,1786610412763638,reliable,1,1,4,4,0
973,5046037002978,99903.896,104.553,1786610412868188,reliable,1,1,4,4,0
974,5046131555790,99998.448,94.553,1786610412962743,reliable,1,1,4,4,0
975,5046236972399,100103.865,105.417,1786610413068154,reliable,1,1,4,4,0
976,5046333402873,100200.295,96.430,1786610413164584,reliable,1,1,4,4,0
977,5046438013581,100304.906,104.611,1786610413269202,reliable,1,1,4,4,0
978,5046531965993,100398.859,93.952,1786610413363214,reliable,1,1,4,4,0
979,5046635724471,100502.617,103.758,1786610413466911,reliable,1,1,4,4,0
980,5046731518021,100598.411,95.794,1786610413562712,reliable,1,1,4,4,0
981,5046838116369,100705.009,106.598,1786610413669304,reliable,1,1,4,4,0
982,5046932701129,100799.594,94.585,1786610413763887,reliable,1,1,4,4,0
983,5047036642560,100903.535,103.941,1786610413867831,reliable,1,1,4,4,0
984,5047134958397,101001.851,98.316,1786610413966229,reliable,1,1,4,4,0
985,5047241515064,101108.408,106.557,1786610414072701,reliable,1,1,4,4,0
986,5047332737095,101199.630,91.222,1786610414163922,reliable,1,1,4,4,0
987,5047437770263,101304.663,105.033,1786610414268960,reliable,1,1,4,4,0
988,5047532563427,101399.456,94.793,1786610414363753,reliable,1,1,4,4,0
989,5047637084860,101503.977,104.521,1786610414468278,reliable,1,1,4,4,0
990,5047732966297,101599.859,95.881,1786610414564156,reliable,1,1,4,4,0
991,5047837027613,101703.920,104.061,1786610414668216,reliable,1,1,4,4,0
992,5047932594988,101799.488,95.567,1786610414763790,reliable,1,1,4,4,0
993,5048037834020,101904.727,105.239,1786610414869022,reliable,1,1,4,4,0
994,5048132555566,101999.448,94.722,1786610414963756,reliable,1,1,4,4,0
995,5048236492991,102103.386,103.937,1786610415067685,reliable,1,1,4,4,0
996,5048333679552,102200.572,97.187,1786610415164865,reliable,1,1,4,4,0
997,5048438405706,102305.298,104.726,1786610415269587,reliable,1,1,4,4,0
998,5048532671019,102399.564,94.265,1786610415363860,reliable,1,1,4,4,0
999,5048638426275,102505.319,105.755,1786610415469618,reliable,1,1,4,4,0
1000,5048732735813,102599.628,94.310,1786610415563924,reliable,1,1,4,4,0
1001,5048837099904,102703.992,104.364,1786610415668289,reliable,1,1,4,4,0
1002,5048932570934,102799.463,95.471,1786610415763751,reliable,1,1,4,4,0
1003,5049036151854,102903.044,103.581,1786610415867337,reliable,1,1,4,4,0
1004,5049132684722,102999.577,96.533,1786610415963879,reliable,1,1,4,4,0
1005,5049237388014,103104.281,104.703,1786610416068572,reliable,1,1,4,4,0
1006,5049332651877,103199.544,95.264,1786610416163835,reliable,1,1,4,4,0
1007,5049436606199,103303.499,103.954,1786610416267797,reliable,1,1,4,4,0
1008,5049533021441,103399.914,96.415,1786610416364210,reliable,1,1,4,4,0
1009,5049637370020,103504.263,104.349,1786610416468552,reliable,1,1,4,4,0
1010,5049732999691,103599.892,95.630,1786610416564190,reliable,1,1,4,4,0
1011,5049837639484,103704.532,104.640,1786610416668836,reliable,1,1,4,4,0
1012,5049932836976,103799.730,95.197,1786610416764025,reliable,1,1,4,4,0
1013,5050037617222,103904.510,104.780,1786610416868800,reliable,1,1,4,4,0
1014,5050133098311,103999.991,95.481,1786610416964321,reliable,1,1,4,4,0
1015,5050236757886,104103.650,103.660,1786610417067958,reliable,1,1,4,4,0
1016,5050332608442,104199.501,95.851,1786610417163796,reliable,1,1,4,4,0
1017,5050437961170,104304.854,105.353,1786610417269152,reliable,1,1,4,4,0
1018,5050532928104,104399.821,94.967,1786610417364114,reliable,1,1,4,4,0
1019,5050636808896,104503.701,103.881,1786610417467996,reliable,1,1,4,4,0
1020,5050733015564,104599.908,96.207,1786610417564202,reliable,1,1,4,4,0
1021,5050836395022,104703.288,103.379,1786610417667578,reliable,1,1,4,4,0
1022,5050932907239,104799.800,96.512,1786610417764095,reliable,1,1,4,4,0
1023,5051037290709,104904.183,104.383,1786610417868483,reliable,1,1,4,4,0
1024,5051131917084,104998.810,94.626,1786610417963105,reliable,1,1,4,4,0
1025,5051236424673,105103.317,104.508,1786610418067610,reliable,1,1,4,4,0
1026,5051331971035,105198.864,95.546,1786610418163224,reliable,1,1,4,4,0
1027,5051437575943,105304.468,105.605,1786610418268769,reliable,1,1,4,4,0
1028,5051532751889,105399.644,95.176,1786610418363943,reliable,1,1,4,4,0
1029,5051637861768,105504.754,105.110,1786610418469052,reliable,1,1,4,4,0
1030,5051731570387,105598.463,93.709,1786610418562749,reliable,1,1,4,4,0
1031,5051835206186,105702.099,103.636,1786610418666397,reliable,1,1,4,4,0
1032,5051933459129,105800.352,98.253,1786610418764652,reliable,1,1,4,4,0
1033,5052038352838,105905.245,104.894,1786610418869545,reliable,1,1,4,4,0
1034,5052131524569,105998.417,93.172,1786610418962705,reliable,1,1,4,4,0
1035,5052235355627,106102.248,103.831,1786610419066542,reliable,1,1,4,4,0
1036,5052332372656,106199.265,97.017,1786610419163561,reliable,1,1,4,4,0
1037,5052436569768,106303.462,104.197,1786610419267760,reliable,1,1,4,4,0
1038,5052532664837,106399.557,96.095,1786610419363844,reliable,1,1,4,4,0
1039,5052636589906,106503.482,103.925,1786610419467780,reliable,1,1,4,4,0
1040,5052732913177,106599.806,96.323,1786610419564094,reliable,1,1,4,4,0
1041,5052836630045,106703.523,103.717,1786610419667812,reliable,1,1,4,4,0
1042,5052933255888,106800.148,96.626,1786610419764445,reliable,1,1,4,4,0
1043,5053037441192,106904.334,104.185,1786610419868631,reliable,1,1,4,4,0
1044,5053132827015,106999.720,95.386,1786610419964030,reliable,1,1,4,4,0
1045,5053236417688,107103.310,103.591,1786610420067606,reliable,1,1,4,4,0
1046,5053332617829,107199.510,96.200,1786610420163798,reliable,1,1,4,4,0
1047,5053436254479,107303.147,103.637,1786610420267440,reliable,1,1,4,4,0
1048,5053532714982,107399.608,96.461,1786610420363908,reliable,1,1,4,4,0
1049,5053637662825,107504.555,104.948,1786610420468855,reliable,1,1,4,4,0
1050,5053732220271,107599.113,94.557,1786610420563401,reliable,1,1,4,4,0
1051,5053835697458,107702.590,103.477,1786610420666886,reliable,1,1,4,4,0
1052,5053932201548,107799.094,96.504,1786610420763384,reliable,1,1,4,4,0
1053,5054035829878,107902.722,103.628,1786610420867021,reliable,1,1,4,4,0
1054,5054132491350,107999.384,96.661,1786610420963684,reliable,1,1,4,4,0
1055,5054237504750,108104.397,105.013,1786610421068698,reliable,1,1,4,4,0
1056,5054333327253,108200.220,95.823,1786610421164507,reliable,1,1,4,4,0
1057,5054437656231,108304.549,104.329,1786610421268845,reliable,1,1,4,4,0
1058,5054532448099,108399.341,94.792,1786610421363632,reliable,1,1,4,4,0
1059,5054636352866,108503.245,103.905,1786610421467546,reliable,1,1,4,4,0
1060,5054733345468,108600.238,96.993,1786610421564523,reliable,1,1,4,4,0
1061,5054837277820,108704.170,103.932,1786610421668472,reliable,1,1,4,4,0
1062,5054933293580,108800.186,96.016,1786610421764482,reliable,1,1,4,4,0
1063,5055036865309,108903.758,103.572,1786610421868052,reliable,1,1,4,4,0
1064,5055132900430,108999.793,96.035,1786610421964082,reliable,1,1,4,4,0
1065,5055236847137,109103.740,103.947,1786610422068067,reliable,1,1,4,4,0
1066,5055332960225,109199.853,96.113,1786610422164142,reliable,1,1,4,4,0
1067,5055436829832,109303.722,103.870,1786610422268015,reliable,1,1,4,4,0
1068,5055533209107,109400.102,96.379,1786610422364396,reliable,1,1,4,4,0
1069,5055636995063,109503.888,103.786,1786610422468181,reliable,1,1,4,4,0
1070,5055733433316,109600.326,96.438,1786610422564615,reliable,1,1,4,4,0
1071,5055837307180,109704.200,103.874,1786610422668501,reliable,1,1,4,4,0
1072,5055932508357,109799.401,95.201,1786610422763695,reliable,1,1,4,4,0
1073,5056036432527,109903.325,103.924,1786610422867623,reliable,1,1,4,4,0
1074,5056133278797,110000.171,96.846,1786610422964467,reliable,1,1,4,4,0
1075,5056237331183,110104.224,104.052,1786610423068516,reliable,1,1,4,4,0
1076,5056333354774,110200.247,96.024,1786610423164541,reliable,1,1,4,4,0
1077,5056437144260,110304.037,103.789,1786610423268360,reliable,1,1,4,4,0
1078,5056534355965,110401.248,97.212,1786610423365536,reliable,1,1,4,4,0
1079,5056638061064,110504.954,103.705,1786610423469252,reliable,1,1,4,4,0
1080,5056732330629,110599.223,94.270,1786610423563512,reliable,1,1,4,4,0
1081,5056835694753,110702.587,103.364,1786610423666885,reliable,1,1,4,4,0
1082,5056933635993,110800.529,97.941,1786610423764822,reliable,1,1,4,4,0
1083,5057038125668,110905.018,104.490,1786610423869316,reliable,1,1,4,4,0
1084,5057133537938,111000.430,95.412,1786610423964729,reliable,1,1,4,4,0
1085,5057238673258,111105.566,105.135,1786610424070592,reliable,1,1,4,4,0
1086,5057332468640,111199.361,93.795,1786610424163658,reliable,1,1,4,4,0
1087,5057436554532,111303.447,104.086,1786610424267738,reliable,1,1,4,4,0
1088,5057533093325,111399.986,96.539,1786610424364286,reliable,1,1,4,4,0
1089,5057626552212,111493.445,93.459,1786610424457744,reliable,1,1,4,4,0
1090,5057733332617,111600.225,106.780,1786610424564517,reliable,1,1,4,4,0
1091,5057837371819,111704.264,104.039,1786610424668607,reliable,1,1,4,4,0
1092,5057933159028,111800.052,95.787,1786610424764343,reliable,1,1,4,4,0
1093,5058036923371,111903.816,103.764,1786610424868108,reliable,1,1,4,4,0
1094,5058133677981,112000.571,96.755,1786610424964865,reliable,1,1,4,4,0
1095,5058237493768,112104.386,103.816,1786610425068676,reliable,1,1,4,4,0
1096,5058333335999,112200.229,95.842,1786610425164536,reliable,1,1,4,4,0
1097,5058437005468,112303.898,103.669,1786610425268220,reliable,1,1,4,4,0
1098,5058533073724,112399.966,96.068,1786610425364260,reliable,1,1,4,4,0
1099,5058639117564,112506.010,106.044,1786610425470300,reliable,1,1,4,4,0
1100,5058733065732,112599.958,93.948,1786610425564297,reliable,1,1,4,4,0
1101,5058838188126,112705.081,105.122,1786610425669371,reliable,1,1,4,4,0
1102,5058933413307,112800.306,95.225,1786610425764601,reliable,1,1,4,4,0
1103,5059037024085,112903.917,103.611,1786610425868234,reliable,1,1,4,4,0
1104,5059133086325,112999.979,96.062,1786610425964279,reliable,1,1,4,4,0
1105,5059238996001,113105.889,105.910,1786610426070293,reliable,1,1,4,4,0
1106,5059333427786,113200.320,94.432,1786610426164621,reliable,1,1,4,4,0
1107,5059438437768,113305.330,105.010,1786610426269622,reliable,1,1,4,4,0
1108,5059533464073,113400.357,95.026,1786610426364651,reliable,1,1,4,4,0
1109,5059637442685,113504.335,103.979,1786610426468651,reliable,1,1,4,4,0
1110,5059733600973,113600.493,96.158,1786610426564788,reliable,1,1,4,4,0
1111,5059839158050,113706.051,105.557,1786610426670340,reliable,1,1,4,4,0
1112,5059933533128,113800.426,94.375,1786610426764724,reliable,1,1,4,4,0
1113,5060038677868,113905.570,105.145,1786610426869891,reliable,1,1,4,4,0
1114,5060133545446,114000.438,94.868,1786610426964731,reliable,1,1,4,4,0
1115,5060237585614,114104.478,104.040,1786610427068767,reliable,1,1,4,4,0
1116,5060333599012,114200.492,96.013,1786610427164798,reliable,1,1,4,4,0
1117,5060438164410,114305.057,104.565,1786610427269357,reliable,1,1,4,4,0
1118,5060533379023,114400.272,95.215,1786610427364572,reliable,1,1,4,4,0
1119,5060638375927,114505.268,104.997,1786610427469560,reliable,1,1,4,4,0
1120,5060733655086,114600.548,95.279,1786610427564844,reliable,1,1,4,4,0
1121,5060837304766,114704.197,103.650,1786610427668650,reliable,1,1,4,4,0
1122,5060933728229,114800.621,96.423,1786610427764938,reliable,1,1,4,4,0
1123,5061037363413,114904.256,103.635,1786610427868551,reliable,1,1,4,4,0
1124,5061133334856,115000.227,95.971,1786610427964529,reliable,1,1,4,4,0
1125,5061238256991,115105.150,104.922,1786610428069440,reliable,1,1,4,4,0
1126,5061333666216,115200.559,95.409,1786610428164854,reliable,1,1,4,4,0
1127,5061437680753,115304.573,104.015,1786610428268865,reliable,1,1,4,4,0
1128,5061532444608,115399.337,94.764,1786610428363632,reliable,1,1,4,4,0
1129,5061638379704,115505.272,105.935,1786610428469561,reliable,1,1,4,4,0
1130,5061734539584,115601.432,96.160,1786610428565721,reliable,1,1,4,4,0
1131,5061838176698,115705.069,103.637,1786610428669443,reliable,1,1,4,4,0
1132,5061932874373,115799.767,94.698,1786610428764060,reliable,1,1,4,4,0
1133,5062038686009,115905.579,105.812,1786610428869873,reliable,1,1,4,4,0
1134,5062132823789,115999.716,94.138,1786610428964012,reliable,1,1,4,4,0
1135,5062236551774,116103.444,103.728,1786610429067741,reliable,1,1,4,4,0
1136,5062333173476,116200.066,96.622,1786610429164362,reliable,1,1,4,4,0
1137,5062437144534,116304.037,103.971,1786610429268367,reliable,1,1,4,4,0
1138,5062533158659,116400.051,96.014,1786610429364344,reliable,1,1,4,4,0
1139,5062638226274,116505.119,105.068,1786610429469412,reliable,1,1,4,4,0
1140,5062734126699,116601.019,95.900,1786610429565311,reliable,1,1,4,4,0
1141,5062838064860,116704.957,103.938,1786610429669251,reliable,1,1,4,4,0
1142,5062932962844,116799.855,94.898,1786610429764149,reliable,1,1,4,4,0
1143,5063037652459,116904.545,104.690,1786610429868837,reliable,1,1,4,4,0
1144,5063133884994,117000.778,96.233,1786610429965072,reliable,1,1,4,4,0
1145,5063237795492,117104.688,103.910,1786610430069021,reliable,1,1,4,4,0
1146,5063333951907,117200.844,96.156,1786610430165143,reliable,1,1,4,4,0
1147,5063438495511,117305.388,104.544,1786610430269679,reliable,1,1,4,4,0
1148,5063533385795,117400.278,94.890,1786610430364576,reliable,1,1,4,4,0
1149,5063638625843,117505.518,105.240,1786610430469817,reliable,1,1,4,4,0
1150,5063732977449,117599.870,94.352,1786610430564168,reliable,1,1,4,4,0
1151,5063837583231,117704.476,104.606,1786610430668770,reliable,1,1,4,4,0
1152,5063933117893,117800.010,95.535,1786610430764326,reliable,1,1,4,4,0
1153,5064021767796,117888.660,88.650,1786610430852953,reliable,1,1,4,4,0
1154,5064134295820,118001.188,112.528,1786610430965477,reliable,1,1,4,4,0
1155,5064237987535,118104.880,103.692,1786610431069187,reliable,1,1,4,4,0
1156,5064333542498,118200.435,95.555,1786610431164734,reliable,1,1,4,4,0
1157,5064438815710,118305.708,105.273,1786610431270006,reliable,1,1,4,4,0
1158,5064533980993,118400.874,95.165,1786610431365166,reliable,1,1,4,4,0
1159,5064637307854,118504.200,103.327,1786610431468496,reliable,1,1,4,4,0
1160,5064734088435,118600.981,96.781,1786610431565274,reliable,1,1,4,4,0
1161,5064838269955,118705.162,104.182,1786610431669456,reliable,1,1,4,4,0
1162,5064933430118,118800.323,95.160,1786610431764618,reliable,1,1,4,4,0
1163,5065038034726,118904.927,104.605,1786610431869223,reliable,1,1,4,4,0
1164,5065133028931,118999.921,94.994,1786610431964215,reliable,1,1,4,4,0
1165,5065237667256,119104.560,104.638,1786610432068861,reliable,1,1,4,4,0
1166,5065333582501,119200.475,95.915,1786610432164774,reliable,1,1,4,4,0
1167,5065438676964,119305.569,105.094,1786610432269867,reliable,1,1,4,4,0
1168,5065534049372,119400.942,95.372,1786610432365241,reliable,1,1,4,4,0
1169,5065639110074,119506.003,105.061,1786610432470301,reliable,1,1,4,4,0
1170,5065733071577,119599.964,93.962,1786610432564256,reliable,1,1,4,4,0
1171,5065836723582,119703.616,103.652,1786610432667913,reliable,1,1,4,4,0
1172,5065933280197,119800.173,96.557,1786610432764469,reliable,1,1,4,4,0
1173,5066039264136,119906.157,105.984,1786610432870458,reliable,1,1,4,4,0
1174,5066133907331,120000.800,94.643,1786610432965094,reliable,1,1,4,4,0
1175,5066237759074,120104.652,103.852,1786610433068949,reliable,1,1,4,4,0
1176,5066333988841,120200.881,96.230,1786610433165176,reliable,1,1,4,4,0
1177,5066437951525,120304.844,103.963,1786610433269137,reliable,1,1,4,4,0
1178,5066533963235,120400.856,96.012,1786610433365150,reliable,1,1,4,4,0
1179,5066638631003,120505.524,104.668,1786610433469821,reliable,1,1,4,4,0
1180,5066733714516,120600.607,95.084,1786610433564894,reliable,1,1,4,4,0
1181,5066837577932,120704.470,103.863,1786610433668766,reliable,1,1,4,4,0
1182,5066933962392,120800.855,96.384,1786610433765149,reliable,1,1,4,4,0
1183,5067038285827,120905.178,104.323,1786610433869474,reliable,1,1,4,4,0
1184,5067134289888,121001.182,96.004,1786610433965478,reliable,1,1,4,4,0
1185,5067238460888,121105.353,104.171,1786610434069648,reliable,1,1,4,4,0
1186,5067334203479,121201.096,95.743,1786610434165389,reliable,1,1,4,4,0
1187,5067438148893,121305.041,103.945,1786610434269337,reliable,1,1,4,4,0
1188,5067533679477,121400.572,95.531,1786610434364873,reliable,1,1,4,4,0
1189,5067639299805,121506.192,105.620,1786610434470491,reliable,1,1,4,4,0
1190,5067733534113,121600.427,94.234,1786610434565289,reliable,1,1,4,4,0
1191,5067839411956,121706.304,105.878,1786610434670600,reliable,1,1,4,4,0
1192,5067933254504,121800.147,93.843,1786610434764442,reliable,1,1,4,4,0
1193,5068037059048,121903.952,103.805,1786610434868895,reliable,1,1,4,4,0
1194,5068134023896,122000.916,96.965,1786610434965210,reliable,1,1,4,4,0
1195,5068238133144,122105.026,104.109,1786610435069322,reliable,1,1,4,4,0
1196,5068334477116,122201.370,96.344,1786610435165674,reliable,1,1,4,4,0
1197,5068439745217,122306.638,105.268,1786610435270935,reliable,1,1,4,4,0
1198,5068533907215,122400.800,94.162,1786610435365092,reliable,1,1,4,4,0
1199,5068638550043,122505.443,104.643,1786610435469744,reliable,1,1,4,4,0
1200,5068734163810,122601.056,95.614,1786610435565345,reliable,1,1,4,4,0
1201,5068837849769,122704.742,103.686,1786610435669048,reliable,1,1,4,4,0
1202,5068933333419,122800.226,95.484,1786610435764527,reliable,1,1,4,4,0
1203,5069038393767,122905.286,105.060,1786610435869587,reliable,1,1,4,4,0
1204,5069133975789,123000.868,95.582,1786610435965160,reliable,1,1,4,4,0
1205,5069237794059,123104.687,103.818,1786610436068984,reliable,1,1,4,4,0
1206,5069334509994,123201.403,96.716,1786610436165699,reliable,1,1,4,4,0
1207,5069438661134,123305.554,104.151,1786610436269851,reliable,1,1,4,4,0
1208,5069533194231,123400.087,94.533,1786610436364374,reliable,1,1,4,4,0
1209,5069637235351,123504.128,104.041,1786610436468461,reliable,1,1,4,4,0
1210,5069734291395,123601.184,97.056,1786610436565479,reliable,1,1,4,4,0
1211,5069838244895,123705.137,103.954,1786610436669433,reliable,1,1,4,4,0
1212,5069934366983,123801.260,96.122,1786610436765553,reliable,1,1,4,4,0
1213,5070038290210,123905.183,103.923,1786610436869478,reliable,1,1,4,4,0
1214,5070134910749,124001.803,96.621,1786610436966098,reliable,1,1,4,4,0
1215,5070240345766,124107.238,105.435,1786610437071540,reliable,1,1,4,4,0
1216,5070334333479,124201.226,93.988,1786610437165523,reliable,1,1,4,4,0
1217,5070438331568,124305.224,103.998,1786610437269519,reliable,1,1,4,4,0
1218,5070533968369,124400.861,95.637,1786610437365157,reliable,1,1,4,4,0
1219,5070638691638,124505.584,104.723,1786610437469880,reliable,1,1,4,4,0
1220,5070734480029,124601.373,95.788,1786610437565692,reliable,1,1,4,4,0
1221,5070838171322,124705.064,103.691,1786610437669352,reliable,1,1,4,4,0
1222,5070934379089,124801.272,96.208,1786610437765560,reliable,1,1,4,4,0
1223,5071038305079,124905.198,103.926,1786610437869491,reliable,1,1,4,4,0
1224,5071134487662,125001.380,96.183,1786610437965674,reliable,1,1,4,4,0
1225,5071238120316,125105.013,103.633,1786610438069308,reliable,1,1,4,4,0
1226,5071334489414,125201.382,96.369,1786610438165677,reliable,1,1,4,4,0
1227,5071438111051,125305.004,103.622,1786610438269289,reliable,1,1,4,4,0
1228,5071534393875,125401.286,96.283,1786610438365579,reliable,1,1,4,4,0
1229,5071637742413,125504.635,103.349,1786610438468927,reliable,1,1,4,4,0
1230,5071734281470,125601.174,96.539,1786610438565467,reliable,1,1,4,4,0
1231,5071838107051,125705.000,103.826,1786610438669295,reliable,1,1,4,4,0
1232,5071933302600,125800.195,95.196,1786610438764483,reliable,1,1,4,4,0
1233,5072037193559,125904.086,103.891,1786610438868383,reliable,1,1,4,4,0
1234,5072134712079,126001.605,97.519,1786610438965899,reliable,1,1,4,4,0
1235,5072238943902,126105.836,104.232,1786610439070130,reliable,1,1,4,4,0
1236,5072333275878,126200.168,94.332,1786610439164463,reliable,1,1,4,4,0
1237,5072437590002,126304.483,104.314,1786610439268774,reliable,1,1,4,4,0
1238,5072534374521,126401.267,96.785,1786610439365559,reliable,1,1,4,4,0
1239,5072638102733,126504.995,103.728,1786610439469282,reliable,1,1,4,4,0
1240,5072734476069,126601.369,96.373,1786610439565658,reliable,1,1,4,4,0
1241,5072826657529,126693.550,92.181,1786610439657848,reliable,1,1,4,4,0
1242,5072934558191,126801.451,107.901,1786610439765743,reliable,1,1,4,4,0
1243,5073038292644,126905.185,103.734,1786610439869479,reliable,1,1,4,4,0
1244,5073134030819,127000.923,95.738,1786610439965209,reliable,1,1,4,4,0
1245,5073237268856,127104.161,103.238,1786610440068480,reliable,1,1,4,4,0
1246,5073333037285,127199.930,95.768,1786610440164221,reliable,1,1,4,4,0
1247,5073438337185,127305.230,105.300,1786610440269529,reliable,1,1,4,4,0
1248,5073534559327,127401.452,96.222,1786610440365753,reliable,1,1,4,4,0
1249,5073637819277,127504.712,103.260,1786610440469003,reliable,1,1,4,4,0
1250,5073733958024,127600.851,96.139,1786610440565167,reliable,1,1,4,4,0
1251,5073837608036,127704.501,103.650,1786610440668798,reliable,1,1,4,4,0
1252,5073934236530,127801.129,96.628,1786610440765417,reliable,1,1,4,4,0
1253,5074037527873,127904.420,103.291,1786610440868715,reliable,1,1,4,4,0
1254,5074134062635,128000.955,96.535,1786610440965240,reliable,1,1,4,4,0
1255,5074237909731,128104.802,103.847,1786610441069097,reliable,1,1,4,4,0
1256,5074334183120,128201.076,96.273,1786610441165362,reliable,1,1,4,4,0
1257,5074438236103,128305.129,104.053,1786610441269423,reliable,1,1,4,4,0
1258,5074534284172,128401.177,96.048,1786610441365463,reliable,1,1,4,4,0
1259,5074638218559,128505.111,103.934,1786610441469410,reliable,1,1,4,4,0
1260,5074733692653,128600.585,95.474,1786610441564882,reliable,1,1,4,4,0
1261,5074837249298,128704.142,103.557,1786610441668439,reliable,1,1,4,4,0
1262,5074934491524,128801.384,97.242,1786610441765672,reliable,1,1,4,4,0
1263,5075038334931,128905.227,103.843,1786610441869556,reliable,1,1,4,4,0
1264,5075134546718,129001.439,96.212,1786610441965727,reliable,1,1,4,4,0
1265,5075238903444,129105.796,104.357,1786610442070099,reliable,1,1,4,4,0
1266,5075334543766,129201.436,95.640,1786610442165729,reliable,1,1,4,4,0
1267,5075438165992,129305.059,103.622,1786610442269382,reliable,1,1,4,4,0
1268,5075534391424,129401.284,96.225,1786610442365584,reliable,1,1,4,4,0
1269,5075640163813,129507.056,105.772,1786610442471414,reliable,1,1,4,4,0
1270,5075734562295,129601.455,94.398,1786610442565743,reliable,1,1,4,4,0
1271,5075838023523,129704.916,103.461,1786610442669212,reliable,1,1,4,4,0
1272,5075934689772,129801.582,96.666,1786610442765872,reliable,1,1,4,4,0
1273,5076039094205,129905.987,104.404,1786610442871071,reliable,1,1,4,4,0
1274,5076134964903,130001.857,95.871,1786610442966148,reliable,1,1,4,4,0
1275,5076238571692,130105.464,103.607,1786610443069760,reliable,1,1,4,4,0
1276,5076334352000,130201.245,95.780,1786610443165537,reliable,1,1,4,4,0
1277,5076439264655,130306.157,104.913,1786610443270455,reliable,1,1,4,4,0
1278,5076534721751,130401.614,95.457,1786610443365935,reliable,1,1,4,4,0
1279,5076638296371,130505.189,103.575,1786610443469484,reliable,1,1,4,4,0
1280,5076734866565,130601.759,96.570,1786610443566053,reliable,1,1,4,4,0
1281,5076842175695,130709.068,107.309,1786610443673366,reliable,1,1,4,4,0
1282,5076934803148,130801.696,92.627,1786610443765990,reliable,1,1,4,4,0
1283,5077039396079,130906.289,104.593,1786610443870586,reliable,1,1,4,4,0
1284,5077134967931,131001.860,95.572,1786610443966151,reliable,1,1,4,4,0
1285,5077239305800,131106.198,104.338,1786610444070497,reliable,1,1,4,4,0
1286,5077333946846,131200.839,94.641,1786610444165134,reliable,1,1,4,4,0
1287,5077437517158,131304.410,103.570,1786610444268706,reliable,1,1,4,4,0
1288,5077535910186,131402.803,98.393,1786610444367092,reliable,1,1,4,4,0
1289,5077639447440,131506.340,103.537,1786610444470641,reliable,1,1,4,4,0
1290,5077734837731,131601.730,95.390,1786610444566023,reliable,1,1,4,4,0
1291,5077841450109,131708.343,106.612,1786610444672643,reliable,1,1,4,4,0
1292,5077934010149,131800.903,92.560,1786610444765202,reliable,1,1,4,4,0
1293,5078038268263,131905.161,104.258,1786610444869459,reliable,1,1,4,4,0
1294,5078134274705,132001.167,96.006,1786610444965493,reliable,1,1,4,4,0
1295,5078239801269,132106.694,105.527,1786610445070986,reliable,1,1,4,4,0
1296,5078334789542,132201.682,94.988,1786610445165977,reliable,1,1,4,4,0
1297,5078438872172,132305.765,104.083,1786610445270065,reliable,1,1,4,4,0
1298,5078534860643,132401.753,95.988,1786610445366049,reliable,1,1,4,4,0
1299,5078639388954,132506.281,104.528,1786610445470577,reliable,1,1,4,4,0
1300,5078734125569,132601.018,94.737,1786610445565311,reliable,1,1,4,4,0
1301,5078839197773,132706.090,105.072,1786610445670388,reliable,1,1,4,4,0
1302,5078934842519,132801.735,95.645,1786610445766034,reliable,1,1,4,4,0
1303,5079039522548,132906.415,104.680,1786610445870707,reliable,1,1,4,4,0
1304,5079134126998,133001.020,94.604,1786610445965308,reliable,1,1,4,4,0
1305,5079238115980,133105.009,103.989,1786610446069299,reliable,1,1,4,4,0
1306,5079335241371,133202.134,97.125,1786610446166426,reliable,1,1,4,4,0
1307,5079440396533,133307.289,105.155,1786610446271585,reliable,1,1,4,4,0
1308,5079534637175,133401.530,94.241,1786610446365823,reliable,1,1,4,4,0
1309,5079639082583,133505.975,104.445,1786610446470267,reliable,1,1,4,4,0
1310,5079734891892,133601.784,95.809,1786610446566079,reliable,1,1,4,4,0
1311,5079838766687,133705.659,103.875,1786610446669951,reliable,1,1,4,4,0
1312,5079935129552,133802.022,96.363,1786610446766320,reliable,1,1,4,4,0
1313,5080038729744,133905.622,103.600,1786610446869919,reliable,1,1,4,4,0
1314,5080133585258,134000.478,94.856,1786610446964816,reliable,1,1,4,4,0
1315,5080238382826,134105.275,104.798,1786610447069567,reliable,1,1,4,4,0
1316,5080334964689,134201.857,96.582,1786610447166149,reliable,1,1,4,4,0
1317,5080438522747,134305.415,103.558,1786610447269710,reliable,1,1,4,4,0
1318,5080535116099,134402.009,96.593,1786610447366331,reliable,1,1,4,4,0
1319,5080639466827,134506.359,104.351,1786610447470654,reliable,1,1,4,4,0
1320,5080734954281,134601.847,95.487,1786610447566147,reliable,1,1,4,4,0
1321,5080840843659,134707.736,105.889,1786610447672029,reliable,1,1,4,4,0
1322,5080934161048,134801.054,93.317,1786610447765348,reliable,1,1,4,4,0
1323,5081038138034,134905.031,103.977,1786610447869324,reliable,1,1,4,4,0
1324,5081135202027,135002.095,97.064,1786610447966476,reliable,1,1,4,4,0
1325,5081239468003,135106.361,104.266,1786610448070658,reliable,1,1,4,4,0
1326,5081334527903,135201.420,95.060,1786610448165722,reliable,1,1,4,4,0
1327,5081440599187,135307.492,106.071,1786610448271783,reliable,1,1,4,4,0
1328,5081534590375,135401.483,93.991,1786610448365778,reliable,1,1,4,4,0
1329,5081638615759,135505.508,104.025,1786610448469905,reliable,1,1,4,4,0
1330,5081735217764,135602.110,96.602,1786610448566405,reliable,1,1,4,4,0
1331,5081839089830,135705.982,103.872,1786610448670277,reliable,1,1,4,4,0
1332,5081934139586,135801.032,95.050,1786610448765328,reliable,1,1,4,4,0
1333,5082039353653,135906.246,105.214,1786610448870538,reliable,1,1,4,4,0
1334,5082134314606,136001.207,94.961,1786610448965493,reliable,1,1,4,4,0
1335,5082238177315,136105.070,103.863,1786610449069370,reliable,1,1,4,4,0
1336,5082335498016,136202.391,97.321,1786610449166687,reliable,1,1,4,4,0
1337,5082440645437,136307.538,105.147,1786610449271829,reliable,1,1,4,4,0
1338,5082534407511,136401.300,93.762,1786610449365593,reliable,1,1,4,4,0
1339,5082638419722,136505.312,104.012,1786610449469614,reliable,1,1,4,4,0
1340,5082735146513,136602.039,96.727,1786610449566336,reliable,1,1,4,4,0
1341,5082839098594,136705.991,103.952,1786610449670288,reliable,1,1,4,4,0
1342,5082935185874,136802.078,96.087,1786610449766389,reliable,1,1,4,4,0
1343,5083039646901,136906.539,104.461,1786610449870835,reliable,1,1,4,4,0
1344,5083134982249,137001.875,95.335,1786610449966166,reliable,1,1,4,4,0
1345,5083238817001,137105.710,103.835,1786610450070007,reliable,1,1,4,4,0
1346,5083335294068,137202.187,96.477,1786610450166481,reliable,1,1,4,4,0
1347,5083439044906,137305.937,103.751,1786610450270234,reliable,1,1,4,4,0
1348,5083535154856,137402.047,96.110,1786610450366343,reliable,1,1,4,4,0
1349,5083639562741,137506.455,104.408,1786610450470754,reliable,1,1,4,4,0
1350,5083734521097,137601.414,94.958,1786610450565707,reliable,1,1,4,4,0
1351,5083839319109,137706.212,104.798,1786610450670509,reliable,1,1,4,4,0
1352,5083934817997,137801.711,95.499,1786610450766558,reliable,1,1,4,4,0
1353,5084040797268,137907.690,105.979,1786610450871986,reliable,1,1,4,4,0
1354,5084135596130,138002.489,94.799,1786610450966792,reliable,1,1,4,4,0
1355,5084241299058,138108.192,105.703,1786610451072484,reliable,1,1,4,4,0
1356,5084334378095,138201.271,93.079,1786610451165566,reliable,1,1,4,4,0
1357,5084438006060,138304.899,103.628,1786610451269194,reliable,1,1,4,4,0
1358,5084534625674,138401.518,96.620,1786610451365818,reliable,1,1,4,4,0
1359,5084640719937,138507.612,106.094,1786610451471912,reliable,1,1,4,4,0
1360,5084735148528,138602.041,94.429,1786610451566333,reliable,1,1,4,4,0
1361,5084838710699,138705.603,103.562,1786610451669893,reliable,1,1,4,4,0
1362,5084935512463,138802.405,96.802,1786610451766698,reliable,1,1,4,4,0
1363,5085039627358,138906.520,104.115,1786610451870816,reliable,1,1,4,4,0
1364,5085135030128,139001.923,95.403,1786610451966224,reliable,1,1,4,4,0
1365,5085240107862,139107.000,105.078,1786610452071299,reliable,1,1,4,4,0
1366,5085334380492,139201.273,94.273,1786610452165567,reliable,1,1,4,4,0
1367,5085438207997,139305.101,103.828,1786610452269396,reliable,1,1,4,4,0
1368,5085535450463,139402.343,97.242,1786610452366639,reliable,1,1,4,4,0
1369,5085639132523,139506.025,103.682,1786610452470315,reliable,1,1,4,4,0
1370,5085734254816,139601.147,95.122,1786610452565449,reliable,1,1,4,4,0
1371,5085839499492,139706.392,105.245,1786610452670691,reliable,1,1,4,4,0
1372,5085935597725,139802.490,96.098,1786610452766794,reliable,1,1,4,4,0
1373,5086040284205,139907.177,104.686,1786610452871473,reliable,1,1,4,4,0
1374,5086135296990,140002.190,95.013,1786610452966486,reliable,1,1,4,4,0
1375,5086238993214,140105.886,103.696,1786610453070182,reliable,1,1,4,4,0
1376,5086335441873,140202.334,96.449,1786610453166631,reliable,1,1,4,4,0
1377,5086439601690,140306.494,104.160,1786610453270796,reliable,1,1,4,4,0
1378,5086534443124,140401.336,94.841,1786610453365632,reliable,1,1,4,4,0
1379,5086638034312,140504.927,103.591,1786610453469233,reliable,1,1,4,4,0
1380,5086735363675,140602.256,97.329,1786610453566551,reliable,1,1,4,4,0
1381,5086839143926,140706.036,103.780,1786610453670334,reliable,1,1,4,4,0
1382,5086935530375,140802.423,96.386,1786610453766717,reliable,1,1,4,4,0
1383,5087039216703,140906.109,103.686,1786610453870405,reliable,1,1,4,4,0
1384,5087135432042,141002.325,96.215,1786610453966620,reliable,1,1,4,4,0
1385,5087239380543,141106.273,103.949,1786610454070570,reliable,1,1,4,4,0
1386,5087335251180,141202.144,95.871,1786610454166446,reliable,1,1,4,4,0
1387,5087440288896,141307.181,105.038,1786610454271480,reliable,1,1,4,4,0
1388,5087534976066,141401.869,94.687,1786610454366161,reliable,1,1,4,4,0
1389,5087640244639,141507.137,105.269,1786610454471455,reliable,1,1,4,4,0
1390,5087735485269,141602.378,95.241,1786610454566673,reliable,1,1,4,4,0
1391,5087839393825,141706.286,103.909,1786610454670582,reliable,1,1,4,4,0
1392,5087935699261,141802.592,96.305,1786610454766887,reliable,1,1,4,4,0
1393,5088039356096,141906.249,103.657,1786610454870546,reliable,1,1,4,4,0
1394,5088134912929,142001.805,95.557,1786610454966100,reliable,1,1,4,4,0
1395,5088238896420,142105.789,103.983,1786610455070085,reliable,1,1,4,4,0
1396,5088335408597,142202.301,96.512,1786610455166595,reliable,1,1,4,4,0
1397,5088439196394,142306.089,103.788,1786610455270386,reliable,1,1,4,4,0
1398,5088534611348,142401.504,95.415,1786610455365799,reliable,1,1,4,4,0
1399,5088638155231,142505.048,103.544,1786610455469337,reliable,1,1,4,4,0
1400,5088734955803,142601.848,96.801,1786610455566134,reliable,1,1,4,4,0
1401,5088827777384,142694.670,92.822,1786610455658960,reliable,1,1,4,4,0
1402,5088935613325,142802.506,107.836,1786610455766800,reliable,1,1,4,4,0
1403,5089040331490,142907.224,104.718,1786610455871522,reliable,1,1,4,4,0
1404,5089135751564,143002.644,95.420,1786610455966939,reliable,1,1,4,4,0
1405,5089240173739,143107.066,104.422,1786610456071402,reliable,1,1,4,4,0
1406,5089335362523,143202.255,95.189,1786610456166549,reliable,1,1,4,4,0
1407,5089439328642,143306.221,103.966,1786610456270510,reliable,1,1,4,4,0
1408,5089534507569,143401.400,95.179,1786610456365700,reliable,1,1,4,4,0
1409,5089639616161,143506.509,105.109,1786610456470809,reliable,1,1,4,4,0
1410,5089735656847,143602.549,96.041,1786610456566844,reliable,1,1,4,4,0
1411,5089839367405,143706.260,103.711,1786610456670557,reliable,1,1,4,4,0
1412,5089935712838,143802.605,96.345,1786610456766899,reliable,1,1,4,4,0
1413,5090039447974,143906.341,103.735,1786610456870664,reliable,1,1,4,4,0
1414,5090135966213,144002.859,96.518,1786610456967249,reliable,1,1,4,4,0
1415,5090239775738,144106.668,103.810,1786610457071000,reliable,1,1,4,4,0
1416,5090335609391,144202.502,95.834,1786610457166796,reliable,1,1,4,4,0
1417,5090439338234,144306.231,103.729,1786610457270529,reliable,1,1,4,4,0
1418,5090535690177,144402.583,96.352,1786610457366882,reliable,1,1,4,4,0
1419,5090639462798,144506.355,103.773,1786610457470651,reliable,1,1,4,4,0
1420,5090735761651,144602.654,96.299,1786610457566948,reliable,1,1,4,4,0
1421,5090839705702,144706.598,103.944,1786610457670897,reliable,1,1,4,4,0
1422,5090934748799,144801.641,95.043,1786610457765936,reliable,1,1,4,4,0
1423,5091038659345,144905.552,103.911,1786610457869892,reliable,1,1,4,4,0
1424,5091135696561,145002.589,97.037,1786610457966883,reliable,1,1,4,4,0
1425,5091239446160,145106.339,103.750,1786610458070636,reliable,1,1,4,4,0
1426,5091334214350,145201.107,94.768,1786610458165407,reliable,1,1,4,4,0
1427,5091439522110,145306.415,105.308,1786610458270709,reliable,1,1,4,4,0
1428,5091535479685,145402.372,95.958,1786610458366674,reliable,1,1,4,4,0
1429,5091641010300,145507.903,105.531,1786610458472194,reliable,1,1,4,4,0
1430,5091734743350,145601.636,93.733,1786610458565932,reliable,1,1,4,4,0
1431,5091838540048,145705.433,103.797,1786610458669751,reliable,1,1,4,4,0
1432,5091935361750,145802.254,96.822,1786610458766555,reliable,1,1,4,4,0
1433,5092040763753,145907.656,105.402,1786610458871957,reliable,1,1,4,4,0
1434,5092135600169,146002.493,94.836,1786610458966789,reliable,1,1,4,4,0
1435,5092239145487,146106.038,103.545,1786610459070331,reliable,1,1,4,4,0
1436,5092335809757,146202.702,96.664,1786610459166997,reliable,1,1,4,4,0
1437,5092439778218,146306.671,103.968,1786610459270970,reliable,1,1,4,4,0
1438,5092535764833,146402.657,95.987,1786610459366954,reliable,1,1,4,4,0
1439,5092639946101,146506.839,104.181,1786610459471128,reliable,1,1,4,4,0
1440,5092735728421,146602.621,95.782,1786610459566916,reliable,1,1,4,4,0
1441,5092839331365,146706.224,103.603,1786610459670523,reliable,1,1,4,4,0
1442,5092936277149,146803.170,96.946,1786610459767463,reliable,1,1,4,4,0
1443,5093040394992,146907.288,104.118,1786610459871577,reliable,1,1,4,4,0
1444,5093136129310,147003.022,95.734,1786610459967313,reliable,1,1,4,4,0
1445,5093239855350,147106.748,103.726,1786610460071048,reliable,1,1,4,4,0
1446,5093334606448,147201.499,94.751,1786610460165787,reliable,1,1,4,4,0
1447,5093438582314,147305.475,103.976,1786610460269766,reliable,1,1,4,4,0
1448,5093535267335,147402.160,96.685,1786610460366458,reliable,1,1,4,4,0
1449,5093640377225,147507.270,105.110,1786610460471567,reliable,1,1,4,4,0
1450,5093735943487,147602.836,95.566,1786610460567132,reliable,1,1,4,4,0
1451,5093839638544,147706.531,103.695,1786610460670826,reliable,1,1,4,4,0
1452,5093934706805,147801.599,95.068,1786610460765887,reliable,1,1,4,4,0
1453,5094038297122,147905.190,103.590,1786610460869482,reliable,1,1,4,4,0
1454,5094135960961,148002.853,97.664,1786610460967220,reliable,1,1,4,4,0
1455,5094239852459,148106.745,103.891,1786610461071035,reliable,1,1,4,4,0
1456,5094336442579,148203.335,96.590,1786610461167639,reliable,1,1,4,4,0
1457,5094441373404,148308.266,104.931,1786610461272566,reliable,1,1,4,4,0
1458,5094535036575,148401.929,93.663,1786610461366226,reliable,1,1,4,4,0
1459,5094638565846,148505.458,103.529,1786610461469755,reliable,1,1,4,4,0
1460,5094735627247,148602.520,97.061,1786610461566814,reliable,1,1,4,4,0
1461,5094841387411,148708.280,105.760,1786610461672580,reliable,1,1,4,4,0
1462,5094937016858,148803.909,95.629,1786610461768203,reliable,1,1,4,4,0
1463,5095041329933,148908.222,104.313,1786610461872565,reliable,1,1,4,4,0
1464,5095135264825,149002.157,93.935,1786610461966444,reliable,1,1,4,4,0
1465,5095239002988,149105.896,103.738,1786610462070193,reliable,1,1,4,4,0
1466,5095335657188,149202.550,96.654,1786610462166837,reliable,1,1,4,4,0
1467,5095439442354,149306.335,103.785,1786610462270631,reliable,1,1,4,4,0
1468,5095535846562,149402.739,96.404,1786610462367044,reliable,1,1,4,4,0
1469,5095641719287,149508.612,105.873,1786610462472917,reliable,1,1,4,4,0
1470,5095735834232,149602.727,94.115,1786610462567016,reliable,1,1,4,4,0
1471,5095839778987,149706.672,103.945,1786610462670968,reliable,1,1,4,4,0
1472,5095936868691,149803.761,97.090,1786610462768049,reliable,1,1,4,4,0
1473,5096041512606,149908.405,104.644,1786610462872699,reliable,1,1,4,4,0
1474,5096136351160,150003.244,94.839,1786610462967539,reliable,1,1,4,4,0
1475,5096241378083,150108.271,105.027,1786610463072578,reliable,1,1,4,4,0
1476,5096335771773,150202.664,94.394,1786610463166959,reliable,1,1,4,4,0
1477,5096440812835,150307.705,105.041,1786610463271999,reliable,1,1,4,4,0
1478,5096535481222,150402.374,94.668,1786610463366663,reliable,1,1,4,4,0
1479,5096638992919,150505.885,103.512,1786610463470185,reliable,1,1,4,4,0
1480,5096734523863,150601.416,95.531,1786610463565714,reliable,1,1,4,4,0
1481,5096840481180,150707.374,105.957,1786610463671663,reliable,1,1,4,4,0
1482,5096935508779,150802.401,95.028,1786610463766694,reliable,1,1,4,4,0
1483,5097022862996,150889.756,87.354,1786610463854054,reliable,1,1,4,4,0
1484,5097135187731,151002.080,112.325,1786610463966375,reliable,1,1,4,4,0
1485,5097239210505,151106.103,104.023,1786610464070401,reliable,1,1,4,4,0
1486,5097335266442,151202.159,96.056,1786610464166452,reliable,1,1,4,4,0
1487,5097439253881,151306.146,103.987,1786610464270443,reliable,1,1,4,4,0
1488,5097535337147,151402.230,96.083,1786610464366524,reliable,1,1,4,4,0
1489,5097639675925,151506.568,104.339,1786610464470868,reliable,1,1,4,4,0
1490,5097736396109,151603.289,96.720,1786610464567575,reliable,1,1,4,4,0
1491,5097840068528,151706.961,103.672,1786610464671262,reliable,1,1,4,4,0
1492,5097935101711,151801.994,95.033,1786610464766292,reliable,1,1,4,4,0
1493,5098040918427,151907.811,105.817,1786610464872110,reliable,1,1,4,4,0
1494,5098135873111,152002.766,94.955,1786610464967053,reliable,1,1,4,4,0
1495,5098239543022,152106.436,103.670,1786610465070733,reliable,1,1,4,4,0
1496,5098335851654,152202.744,96.309,1786610465167031,reliable,1,1,4,4,0
1497,5098439782848,152306.675,103.931,1786610465270973,reliable,1,1,4,4,0
1498,5098536584873,152403.477,96.802,1786610465367770,reliable,1,1,4,4,0
1499,5098640119477,152507.012,103.535,1786610465471307,reliable,1,1,4,4,0
1500,5098735984223,152602.877,95.865,1786610465567237,reliable,1,1,4,4,0
1501,5098840933467,152707.826,104.949,1786610465672124,reliable,1,1,4,4,0
1502,5098935369940,152802.262,94.436,1786610465766556,reliable,1,1,4,4,0
1503,5099039270316,152906.163,103.900,1786610465870452,reliable,1,1,4,4,0
1504,5099135559780,153002.452,96.289,1786610465966747,reliable,1,1,4,4,0
1505,5099240373263,153107.266,104.813,1786610466071565,reliable,1,1,4,4,0
1506,5099335722742,153202.615,95.349,1786610466166915,reliable,1,1,4,4,0
1507,5099441486202,153308.379,105.763,1786610466272720,reliable,1,1,4,4,0
1508,5099535384048,153402.277,93.898,1786610466366570,reliable,1,1,4,4,0
1509,5099639388057,153506.281,104.004,1786610466470568,reliable,1,1,4,4,0
1510,5099735912679,153602.805,96.525,1786610466567104,reliable,1,1,4,4,0
1511,5099841085912,153707.978,105.173,1786610466672275,reliable,1,1,4,4,0
1512,5099935917645,153802.810,94.832,1786610466767097,reliable,1,1,4,4,0
1513,5100039960088,153906.853,104.042,1786610466871256,reliable,1,1,4,4,0
1514,5100136626283,154003.519,96.666,1786610466967814,reliable,1,1,4,4,0
1515,5100240655273,154107.548,104.029,1786610467071846,reliable,1,1,4,4,0
1516,5100336606674,154203.499,95.951,1786610467167795,reliable,1,1,4,4,0
1517,5100441297440,154308.190,104.691,1786610467272485,reliable,1,1,4,4,0
1518,5100535557361,154402.450,94.260,1786610467366751,reliable,1,1,4,4,0
1519,5100641788146,154508.681,106.231,1786610467472979,reliable,1,1,4,4,0
1520,5100735840508,154602.733,94.052,1786610467567028,reliable,1,1,4,4,0
1521,5100839316289,154706.209,103.476,1786610467670498,reliable,1,1,4,4,0
1522,5100936645817,154803.538,97.330,1786610467767834,reliable,1,1,4,4,0
1523,5101040392999,154907.286,103.747,1786610467871583,reliable,1,1,4,4,0
1524,5101135837279,155002.730,95.444,1786610467967025,reliable,1,1,4,4,0
1525,5101240758921,155107.651,104.922,1786610468071939,reliable,1,1,4,4,0
1526,5101336341685,155203.234,95.583,1786610468167529,reliable,1,1,4,4,0
1527,5101439588992,155306.482,103.247,1786610468270792,reliable,1,1,4,4,0
1528,5101535016838,155401.909,95.428,1786610468366208,reliable,1,1,4,4,0
1529,5101640118639,155507.011,105.102,1786610468471317,reliable,1,1,4,4,0
1530,5101735774909,155602.667,95.656,1786610468566958,reliable,1,1,4,4,0
1531,5101838947782,155705.840,103.173,1786610468670173,reliable,1,1,4,4,0
1532,5101935723962,155802.616,96.776,1786610468766916,reliable,1,1,4,4,0
1533,5102041176238,155908.069,105.452,1786610468872359,reliable,1,1,4,4,0
1534,5102135876541,156002.769,94.700,1786610468967067,reliable,1,1,4,4,0
1535,5102241648399,156108.541,105.772,1786610469072831,reliable,1,1,4,4,0
1536,5102335541266,156202.434,93.893,1786610469166729,reliable,1,1,4,4,0
1537,5102439060980,156305.954,103.520,1786610469270301,reliable,1,1,4,4,0
1538,5102536692883,156403.585,97.632,1786610469367883,reliable,1,1,4,4,0
1539,5102640372985,156507.266,103.680,1786610469471555,reliable,1,1,4,4,0
1540,5102735639882,156602.532,95.267,1786610469566826,reliable,1,1,4,4,0
1541,5102839240078,156706.133,103.600,1786610469670465,reliable,1,1,4,4,0
1542,5102936699591,156803.592,97.460,1786610469767889,reliable,1,1,4,4,0
1543,5103040334637,156907.227,103.635,1786610469871523,reliable,1,1,4,4,0
1544,5103135319508,157002.212,94.985,1786610469966511,reliable,1,1,4,4,0
1545,5103240629028,157107.522,105.310,1786610470071852,reliable,1,1,4,4,0
1546,5103336900869,157203.793,96.272,1786610470168158,reliable,1,1,4,4,0
1547,5103441102251,157307.995,104.201,1786610470272301,reliable,1,1,4,4,0
1548,5103536888859,157403.781,95.787,1786610470368077,reliable,1,1,4,4,0
1549,5103640387178,157507.280,103.498,1786610470471576,reliable,1,1,4,4,0
1550,5103736444387,157603.337,96.057,1786610470567638,reliable,1,1,4,4,0
1551,5103841375233,157708.268,104.931,1786610470672555,reliable,1,1,4,4,0
1552,5103936449978,157803.343,95.075,1786610470767637,reliable,1,1,4,4,0
1553,5104039989194,157906.882,103.539,1786610470871279,reliable,1,1,4,4,0
1554,5104135709752,158002.602,95.721,1786610470966890,reliable,1,1,4,4,0
1555,5104239491076,158106.384,103.781,1786610471070673,reliable,1,1,4,4,0
1556,5104336340647,158203.233,96.850,1786610471167533,reliable,1,1,4,4,0
1557,5104441120333,158308.013,104.780,1786610471272308,reliable,1,1,4,4,0
1558,5104536698854,158403.591,95.579,1786610471367885,reliable,1,1,4,4,0
1559,5104640459787,158507.352,103.761,1786610471471670,reliable,1,1,4,4,0
1560,5104735674904,158602.567,95.215,1786610471566867,reliable,1,1,4,4,0
1561,5104840657220,158707.550,104.982,1786610471671848,reliable,1,1,4,4,0
1562,5104936775151,158803.668,96.118,1786610471767971,reliable,1,1,4,4,0
1563,5105040709657,158907.602,103.935,1786610471871900,reliable,1,1,4,4,0
1564,5105135760289,159002.653,95.051,1786610471966946,reliable,1,1,4,4,0
1565,5105239209232,159106.102,103.449,1786610472070398,reliable,1,1,4,4,0
1566,5105336843675,159203.736,97.634,1786610472168028,reliable,1,1,4,4,0
1567,5105440763155,159307.656,103.919,1786610472271990,reliable,1,1,4,4,0
1568,5105536840299,159403.733,96.077,1786610472368026,reliable,1,1,4,4,0
1569,5105640753667,159507.646,103.913,1786610472471958,reliable,1,1,4,4,0
1570,5105735734711,159602.627,94.981,1786610472566920,reliable,1,1,4,4,0
1571,5105839918071,159706.811,104.183,1786610472671108,reliable,1,1,4,4,0
1572,5105936752168,159803.645,96.834,1786610472767937,reliable,1,1,4,4,0
1573,5106039994634,159906.887,103.242,1786610472871282,reliable,1,1,4,4,0
1574,5106136389037,160003.282,96.394,1786610472967579,reliable,1,1,4,4,0
1575,5106241469054,160108.362,105.080,1786610473072660,reliable,1,1,4,4,0
1576,5106336172569,160203.065,94.704,1786610473167363,reliable,1,1,4,4,0
1577,5106439540524,160306.433,103.368,1786610473270740,reliable,1,1,4,4,0
1578,5106537185126,160404.078,97.645,1786610473368376,reliable,1,1,4,4,0
1579,5106641864964,160508.757,104.680,1786610473473049,reliable,1,1,4,4,0
1580,5106735881449,160602.774,94.016,1786610473567069,reliable,1,1,4,4,0
1581,5106839689451,160706.582,103.808,1786610473670880,reliable,1,1,4,4,0
1582,5106936515786,160803.408,96.826,1786610473767699,reliable,1,1,4,4,0
1583,5107040304812,160907.197,103.789,1786610473871538,reliable,1,1,4,4,0
1584,5107136238158,161003.131,95.933,1786610473967456,reliable,1,1,4,4,0
1585,5107242078694,161108.971,105.841,1786610474073269,reliable,1,1,4,4,0
1586,5107337050553,161203.943,94.972,1786610474168247,reliable,1,1,4,4,0
1587,5107442180595,161309.073,105.130,1786610474273363,reliable,1,1,4,4,0
1588,5107536943903,161403.836,94.763,1786610474368131,reliable,1,1,4,4,0
1589,5107641390819,161508.283,104.447,1786610474472581,reliable,1,1,4,4,0
1590,5107737053804,161603.946,95.663,1786610474568234,reliable,1,1,4,4,0
1591,5107840901725,161707.794,103.848,1786610474672092,reliable,1,1,4,4,0
1592,5107936931698,161803.824,96.030,1786610474768110,reliable,1,1,4,4,0
1593,5108040860806,161907.753,103.929,1786610474872054,reliable,1,1,4,4,0
1594,5108136614546,162003.507,95.754,1786610474967801,reliable,1,1,4,4,0
1595,5108240570106,162107.463,103.956,1786610475071757,reliable,1,1,4,4,0
1596,5108336930665,162203.823,96.361,1786610475168118,reliable,1,1,4,4,0
1597,5108440390428,162307.283,103.460,1786610475271580,reliable,1,1,4,4,0
1598,5108535798572,162402.691,95.408,1786610475366980,reliable,1,1,4,4,0
1599,5108640203645,162507.096,104.405,1786610475471387,reliable,1,1,4,4,0
1600,5108737193120,162604.086,96.989,1786610475568376,reliable,1,1,4,4,0
1601,5108841419787,162708.312,104.227,1786610475672604,reliable,1,1,4,4,0
1602,5108936168422,162803.061,94.749,1786610475767355,reliable,1,1,4,4,0
1603,5109040740380,162907.633,104.572,1786610475871932,reliable,1,1,4,4,0
1604,5109123984967,162990.877,83.245,1786610475955216,reliable,1,1,4,4,0
1605,5109236277385,163103.170,112.292,1786610476067466,reliable,1,1,4,4,0
1606,5109337178200,163204.071,100.901,1786610476168371,reliable,1,1,4,4,0
1607,5109422618138,163289.511,85.440,1786610476253813,reliable,1,1,4,4,0
1608,5109537208125,163404.101,114.590,1786610476368393,reliable,1,1,4,4,0
1609,5109640834243,163507.727,103.626,1786610476472025,reliable,1,1,4,4,0
1610,5109736963962,163603.856,96.130,1786610476568152,reliable,1,1,4,4,0
1611,5109834017678,163700.910,97.054,1786610476665208,reliable,1,1,4,4,0
1612,5109937241159,163804.134,103.223,1786610476768425,reliable,1,1,4,4,0
1613,5110041673222,163908.566,104.432,1786610476872860,reliable,1,1,4,4,0
1614,5110137044165,164003.937,95.371,1786610476968230,reliable,1,1,4,4,0
1615,5110240917991,164107.811,103.874,1786610477072144,reliable,1,1,4,4,0
1616,5110336550781,164203.443,95.633,1786610477167739,reliable,1,1,4,4,0
1617,5110440898088,164307.791,104.347,1786610477272086,reliable,1,1,4,4,0
1618,5110536943051,164403.836,96.045,1786610477368137,reliable,1,1,4,4,0
1619,5110641238772,164508.131,104.296,1786610477472426,reliable,1,1,4,4,0
1620,5110736856394,164603.749,95.618,1786610477568053,reliable,1,1,4,4,0
1621,5110841963117,164708.856,105.107,1786610477673155,reliable,1,1,4,4,0
1622,5110937345435,164804.238,95.382,1786610477768532,reliable,1,1,4,4,0
1623,5111041954414,164908.847,104.609,1786610477873148,reliable,1,1,4,4,0
1624,5111137321660,165004.214,95.367,1786610477968510,reliable,1,1,4,4,0
1625,5111241884610,165108.777,104.563,1786610478073067,reliable,1,1,4,4,0
1626,5111337245471,165204.138,95.361,1786610478168435,reliable,1,1,4,4,0
1627,5111440915811,165307.808,103.670,1786610478272122,reliable,1,1,4,4,0
1628,5111537440517,165404.333,96.525,1786610478368626,reliable,1,1,4,4,0
1629,5111641844191,165508.737,104.404,1786610478473035,reliable,1,1,4,4,0
1630,5111737395363,165604.288,95.551,1786610478568588,reliable,1,1,4,4,0
1631,5111822726180,165689.619,85.331,1786610478653912,reliable,1,1,4,4,0
1632,5111937144698,165804.037,114.419,1786610478768383,reliable,1,1,4,4,0
1633,5112041199017,165908.092,104.054,1786610478872389,reliable,1,1,4,4,0
1634,5112136475268,166003.368,95.276,1786610478967671,reliable,1,1,4,4,0
1635,5112241862738,166108.755,105.387,1786610479073057,reliable,1,1,4,4,0
1636,5112336248384,166203.141,94.386,1786610479167436,reliable,1,1,4,4,0
1637,5112440062550,166306.955,103.814,1786610479271248,reliable,1,1,4,4,0
1638,5112537118936,166404.011,97.056,1786610479368307,reliable,1,1,4,4,0
1639,5112641075539,166507.968,103.957,1786610479472266,reliable,1,1,4,4,0
1640,5112737166231,166604.059,96.091,1786610479568363,reliable,1,1,4,4,0
1641,5112842287542,166709.180,105.121,1786610479673477,reliable,1,1,4,4,0
1642,5112936490975,166803.384,94.203,1786610479767677,reliable,1,1,4,4,0
1643,5113041098222,166907.991,104.607,1786610479872282,reliable,1,1,4,4,0
1644,5113135995884,167002.888,94.898,1786610479967241,reliable,1,1,4,4,0
1645,5113239741588,167106.634,103.746,1786610480070932,reliable,1,1,4,4,0
1646,5113336608576,167203.501,96.867,1786610480167796,reliable,1,1,4,4,0
1647,5113440851314,167307.744,104.243,1786610480272031,reliable,1,1,4,4,0
1648,5113536501624,167403.394,95.650,1786610480367690,reliable,1,1,4,4,0
1649,5113641288730,167508.181,104.787,1786610480472481,reliable,1,1,4,4,0
1650,5113737123430,167604.016,95.835,1786610480568313,reliable,1,1,4,4,0
1651,5113841318774,167708.211,104.195,1786610480672504,reliable,1,1,4,4,0
1652,5113937368296,167804.261,96.050,1786610480768600,reliable,1,1,4,4,0
1653,5114040913220,167907.806,103.545,1786610480872100,reliable,1,1,4,4,0
1654,5114137337826,168004.230,96.425,1786610480968552,reliable,1,1,4,4,0
1655,5114241768142,168108.661,104.430,1786610481072963,reliable,1,1,4,4,0
1656,5114336305793,168203.198,94.538,1786610481167540,reliable,1,1,4,4,0
1657,5114439917165,168306.810,103.611,1786610481271099,reliable,1,1,4,4,0
1658,5114535931118,168402.824,96.014,1786610481367122,reliable,1,1,4,4,0
1659,5114641106059,168507.999,105.175,1786610481472296,reliable,1,1,4,4,0
1660,5114737210478,168604.103,96.104,1786610481568395,reliable,1,1,4,4,0
1661,5114840926590,168707.819,103.716,1786610481672115,reliable,1,1,4,4,0
1662,5114938378539,168805.271,97.452,1786610481769562,reliable,1,1,4,4,0
1663,5115021738596,168888.631,83.360,1786610481852979,reliable,1,1,4,4,0
1664,5115137654061,169004.547,115.915,1786610481968850,reliable,1,1,4,4,0
1665,5115222615279,169089.508,84.961,1786610482053805,reliable,1,1,4,4,0
1666,5115337236925,169204.129,114.622,1786610482168426,reliable,1,1,4,4,0
1667,5115440885369,169307.778,103.648,1786610482272074,reliable,1,1,4,4,0
1668,5115537815142,169404.708,96.930,1786610482369005,reliable,1,1,4,4,0
1669,5115641815533,169508.708,104.000,1786610482473036,reliable,1,1,4,4,0
1670,5115737228811,169604.121,95.413,1786610482568415,reliable,1,1,4,4,0
1671,5115841178544,169708.071,103.950,1786610482672368,reliable,1,1,4,4,0
1672,5115936073022,169802.966,94.894,1786610482767257,reliable,1,1,4,4,0
1673,5116040919199,169907.812,104.846,1786610482872111,reliable,1,1,4,4,0
1674,5116136828332,170003.721,95.909,1786610482968011,reliable,1,1,4,4,0
1675,5116242022573,170108.915,105.194,1786610483073208,reliable,1,1,4,4,0
1676,5116336965964,170203.858,94.943,1786610483168145,reliable,1,1,4,4,0
1677,5116440608182,170307.501,103.642,1786610483271788,reliable,1,1,4,4,0
1678,5116537161063,170404.054,96.553,1786610483368339,reliable,1,1,4,4,0
1679,5116640557002,170507.450,103.396,1786610483471750,reliable,1,1,4,4,0
1680,5116737211390,170604.104,96.654,1786610483568391,reliable,1,1,4,4,0
1681,5116841238612,170708.131,104.027,1786610483672428,reliable,1,1,4,4,0
1682,5116937073550,170803.966,95.835,1786610483768254,reliable,1,1,4,4,0
1683,5117040741753,170907.634,103.668,1786610483871932,reliable,1,1,4,4,0
1684,5117137292746,171004.185,96.551,1786610483968474,reliable,1,1,4,4,0
1685,5117240538749,171107.431,103.246,1786610484071730,reliable,1,1,4,4,0
1686,5117336629520,171203.522,96.091,1786610484167811,reliable,1,1,4,4,0
1687,5117439935678,171306.828,103.306,1786610484271124,reliable,1,1,4,4,0
1688,5117537250518,171404.143,97.315,1786610484368429,reliable,1,1,4,4,0
1689,5117640716874,171507.609,103.466,1786610484471908,reliable,1,1,4,4,0
1690,5117737634997,171604.528,96.918,1786610484568823,reliable,1,1,4,4,0
1691,5117841307055,171708.200,103.672,1786610484672554,reliable,1,1,4,4,0
1692,5117937192379,171804.085,95.885,1786610484768374,reliable,1,1,4,4,0
1693,5118041987287,171908.880,104.795,1786610484873180,reliable,1,1,4,4,0
1694,5118136816067,172003.709,94.829,1786610484968001,reliable,1,1,4,4,0
1695,5118240736506,172107.629,103.920,1786610485071926,reliable,1,1,4,4,0
1696,5118337882364,172204.775,97.146,1786610485169062,reliable,1,1,4,4,0
1697,5118441954545,172308.847,104.072,1786610485273143,reliable,1,1,4,4,0
1698,5118537207610,172404.100,95.253,1786610485368393,reliable,1,1,4,4,0
1699,5118641473364,172508.366,104.266,1786610485472685,reliable,1,1,4,4,0
1700,5118736754270,172603.647,95.281,1786610485567942,reliable,1,1,4,4,0
1701,5118840459655,172707.352,103.705,1786610485671650,reliable,1,1,4,4,0
1702,5118937202270,172804.095,96.743,1786610485768397,reliable,1,1,4,4,0
1703,5119041752640,172908.645,104.550,1786610485872959,reliable,1,1,4,4,0
1704,5119137851555,173004.744,96.099,1786610485969039,reliable,1,1,4,4,0
1705,5119241833257,173108.726,103.982,1786610486073020,reliable,1,1,4,4,0
1706,5119337765015,173204.658,95.932,1786610486168950,reliable,1,1,4,4,0
1707,5119442175332,173309.068,104.410,1786610486273362,reliable,1,1,4,4,0
1708,5119537907884,173404.800,95.733,1786610486369092,reliable,1,1,4,4,0
1709,5119641426014,173508.319,103.518,1786610486472613,reliable,1,1,4,4,0
1710,5119737332523,173604.225,95.907,1786610486568521,reliable,1,1,4,4,0
1711,5119821803583,173688.696,84.471,1786610486652988,reliable,1,1,4,4,0
1712,5119937169942,173804.062,115.366,1786610486768350,reliable,1,1,4,4,0
1713,5120041197080,173908.090,104.027,1786610486872379,reliable,1,1,4,4,0
1714,5120136998178,174003.891,95.801,1786610486968192,reliable,1,1,4,4,0
1715,5120222231780,174089.124,85.234,1786610487053448,reliable,1,1,4,4,0
1716,5120337082490,174203.975,114.851,1786610487168270,reliable,1,1,4,4,0
1717,5120421804775,174288.697,84.722,1786610487252991,reliable,1,1,4,4,0
1718,5120537661082,174404.554,115.856,1786610487368847,reliable,1,1,4,4,0
1719,5120641496101,174508.389,103.835,1786610487472681,reliable,1,1,4,4,0
1720,5120737144314,174604.037,95.648,1786610487568366,reliable,1,1,4,4,0
1721,5120821673473,174688.566,84.529,1786610487652867,reliable,1,1,4,4,0
1722,5120937784636,174804.677,116.111,1786610487768972,reliable,1,1,4,4,0
1723,5121041252540,174908.145,103.468,1786610487872433,reliable,1,1,4,4,0
1724,5121137111799,175004.004,95.859,1786610487968303,reliable,1,1,4,4,0
1725,5121241863443,175108.756,104.752,1786610488073053,reliable,1,1,4,4,0
1726,5121338794686,175205.687,96.931,1786610488169979,reliable,1,1,4,4,0
1727,5121421755849,175288.648,82.961,1786610488252945,reliable,1,1,4,4,0
1728,5121536870675,175403.763,115.115,1786610488368057,reliable,1,1,4,4,0
1729,5121640168893,175507.061,103.298,1786610488471395,reliable,1,1,4,4,0
1730,5121737795389,175604.688,97.626,1786610488568995,reliable,1,1,4,4,0
1731,5121823321236,175690.214,85.526,1786610488654533,reliable,1,1,4,4,0
1732,5121937790187,175804.683,114.469,1786610488768983,reliable,1,1,4,4,0
1733,5122022191072,175889.084,84.401,1786610488853384,reliable,1,1,4,4,0
1734,5122137797305,176004.690,115.606,1786610488968987,reliable,1,1,4,4,0
1735,5122222835610,176089.728,85.038,1786610489054023,reliable,1,1,4,4,0
1736,5122337814669,176204.707,114.979,1786610489168999,reliable,1,1,4,4,0
1737,5122441218825,176308.111,103.404,1786610489272412,reliable,1,1,4,4,0
1738,5122537800794,176404.693,96.582,1786610489368988,reliable,1,1,4,4,0
1739,5122641488894,176508.381,103.688,1786610489472673,reliable,1,1,4,4,0
1740,5122737116755,176604.009,95.628,1786610489568309,reliable,1,1,4,4,0
1741,5122821918982,176688.812,84.802,1786610489653136,reliable,1,1,4,4,0
1742,5122938210304,176805.103,116.291,1786610489769393,reliable,1,1,4,4,0
1743,5123041659453,176908.552,103.449,1786610489872840,reliable,1,1,4,4,0
1744,5123137556218,177004.449,95.897,1786610489968744,reliable,1,1,4,4,0
1745,5123221919897,177088.812,84.364,1786610490053105,reliable,1,1,4,4,0
1746,5123336944315,177203.837,115.024,1786610490168133,reliable,1,1,4,4,0
1747,5123422942692,177289.835,85.998,1786610490254121,reliable,1,1,4,4,0
1748,5123537926052,177404.819,114.983,1786610490369110,reliable,1,1,4,4,0
1749,5123641594774,177508.487,103.669,1786610490472774,reliable,1,1,4,4,0
1750,5123737801420,177604.694,96.207,1786610490568985,reliable,1,1,4,4,0
1751,5123841258840,177708.151,103.457,1786610490672444,reliable,1,1,4,4,0
1752,5123937741879,177804.634,96.483,1786610490768921,reliable,1,1,4,4,0
1753,5124041157282,177908.050,103.415,1786610490872347,reliable,1,1,4,4,0
1754,5124137822789,178004.715,96.666,1786610490969005,reliable,1,1,4,4,0
1755,5124242329765,178109.222,104.507,1786610491073509,reliable,1,1,4,4,0
1756,5124338276548,178205.169,95.947,1786610491169463,reliable,1,1,4,4,0
1757,5124423566795,178290.459,85.290,1786610491254759,reliable,1,1,4,4,0
1758,5124537075405,178403.968,113.509,1786610491368266,reliable,1,1,4,4,0
1759,5124640899347,178507.792,103.824,1786610491472090,reliable,1,1,4,4,0
1760,5124737922545,178604.815,97.023,1786610491569109,reliable,1,1,4,4,0
1761,5124841922524,178708.815,104.000,1786610491673114,reliable,1,1,4,4,0
1762,5124937314411,178804.207,95.392,1786610491768501,reliable,1,1,4,4,0
1763,5125041430041,178908.323,104.116,1786610491872655,reliable,1,1,4,4,0
1764,5125137954313,179004.847,96.524,1786610491969141,reliable,1,1,4,4,0
1765,5125222014020,179088.907,84.060,1786610492053203,reliable,1,1,4,4,0
1766,5125337690962,179204.583,115.677,1786610492168870,reliable,1,1,4,4,0
1767,5125441834801,179308.727,104.144,1786610492273059,reliable,1,1,4,4,0
1768,5125538181900,179405.074,96.347,1786610492369369,reliable,1,1,4,4,0
1769,5125641686391,179508.579,103.504,1786610492472916,reliable,1,1,4,4,0
1770,5125738241112,179605.134,96.555,1786610492569435,reliable,1,1,4,4,0
1771,5125822525651,179689.418,84.285,1786610492653718,reliable,1,1,4,4,0
1772,5125937962427,179804.855,115.437,1786610492769151,reliable,1,1,4,4,0
1773,5126041739631,179908.632,103.777,1786610492872928,reliable,1,1,4,4,0
1774,5126138226638,180005.119,96.487,1786610492969434,reliable,1,1,4,4,0
1775,5126222022899,180088.915,83.796,1786610493053211,reliable,1,1,4,4,0
1776,5126337541354,180204.434,115.518,1786610493168735,reliable,1,1,4,4,0
1777,5126422460906,180289.353,84.920,1786610493253645,reliable,1,1,4,4,0
1778,5126537982210,180404.875,115.521,1786610493369170,reliable,1,1,4,4,0
1779,5126642110991,180509.004,104.129,1786610493473299,reliable,1,1,4,4,0
1780,5126738039854,180604.932,95.929,1786610493569224,reliable,1,1,4,4,0
1781,5126842351584,180709.244,104.312,1786610493673541,reliable,1,1,4,4,0
1782,5126938058777,180804.951,95.707,1786610493769247,reliable,1,1,4,4,0
1783,5127041511922,180908.404,103.453,1786610493872701,reliable,1,1,4,4,0
1784,5127138038755,181004.931,96.527,1786610493969226,reliable,1,1,4,4,0
1785,5127241858268,181108.751,103.820,1786610494073047,reliable,1,1,4,4,0
1786,5127338015794,181204.908,96.158,1786610494169202,reliable,1,1,4,4,0
1787,5127441559229,181308.452,103.543,1786610494272749,reliable,1,1,4,4,0
1788,5127538777650,181405.670,97.218,1786610494369967,reliable,1,1,4,4,0
1789,5127642095255,181508.988,103.318,1786610494473285,reliable,1,1,4,4,0
1790,5127737211279,181604.104,95.116,1786610494568399,reliable,1,1,4,4,0
1791,5127840840893,181707.733,103.630,1786610494672031,reliable,1,1,4,4,0
1792,5127937875660,181804.768,97.035,1786610494769068,reliable,1,1,4,4,0
1793,5128022373746,181889.266,84.498,1786610494853567,reliable,1,1,4,4,0
1794,5128139097497,182005.990,116.724,1786610494970277,reliable,1,1,4,4,0
1795,5128222164814,182089.057,83.067,1786610495053395,reliable,1,1,4,4,0
1796,5128337740450,182204.633,115.576,1786610495168927,reliable,1,1,4,4,0
1797,5128441349375,182308.242,103.609,1786610495272540,reliable,1,1,4,4,0
1798,5128538374942,182405.267,97.026,1786610495369562,reliable,1,1,4,4,0
1799,5128621922267,182488.815,83.547,1786610495453114,reliable,1,1,4,4,0
1800,5128738256965,182605.149,116.335,1786610495569443,reliable,1,1,4,4,0
1801,5128841910018,182708.803,103.653,1786610495673101,reliable,1,1,4,4,0
1802,5128937281939,182804.174,95.372,1786610495768463,reliable,1,1,4,4,0
1803,5129040737995,182907.631,103.456,1786610495871951,reliable,1,1,4,4,0
1804,5129138645092,183005.538,97.907,1786610495969834,reliable,1,1,4,4,0
1805,5129221858800,183088.751,83.214,1786610496053072,reliable,1,1,4,4,0
1806,5129338031010,183204.924,116.172,1786610496169214,reliable,1,1,4,4,0
1807,5129441976535,183308.869,103.946,1786610496273167,reliable,1,1,4,4,0
1808,5129538330132,183405.223,96.354,1786610496369518,reliable,1,1,4,4,0
1809,5129621787329,183488.680,83.457,1786610496452973,reliable,1,1,4,4,0
1810,5129738363551,183605.256,116.576,1786610496569551,reliable,1,1,4,4,0
1811,5129842081870,183708.974,103.718,1786610496673262,reliable,1,1,4,4,0
1812,5129937881147,183804.774,95.799,1786610496769060,reliable,1,1,4,4,0
1813,5130041825424,183908.718,103.944,1786610496873015,reliable,1,1,4,4,0
1814,5130138225102,184005.118,96.400,1786610496969411,reliable,1,1,4,4,0
1815,5130221858297,184088.751,83.633,1786610497053048,reliable,1,1,4,4,0
1816,5130338116987,184205.010,116.259,1786610497169308,reliable,1,1,4,4,0
1817,5130423433040,184290.326,85.316,1786610497254666,reliable,1,1,4,4,0
1818,5130537219340,184404.112,113.786,1786610497368397,reliable,1,1,4,4,0
1819,5130640850471,184507.743,103.631,1786610497472036,reliable,1,1,4,4,0
1820,5130736504161,184603.397,95.654,1786610497567692,reliable,1,1,4,4,0
1821,5130841826349,184708.719,105.322,1786610497673012,reliable,1,1,4,4,0
1822,5130938047703,184804.940,96.221,1786610497769240,reliable,1,1,4,4,0
1823,5131022939423,184889.832,84.892,1786610497854129,reliable,1,1,4,4,0
1824,5131138121987,185005.015,115.183,1786610497969303,reliable,1,1,4,4,0
1825,5131221721247,185088.614,83.599,1786610498052907,reliable,1,1,4,4,0
1826,5131337159031,185204.052,115.438,1786610498168339,reliable,1,1,4,4,0
1827,5131422078387,185288.971,84.919,1786610498253268,reliable,1,1,4,4,0
1828,5131538404388,185405.297,116.326,1786610498369588,reliable,1,1,4,4,0
1829,5131621787957,185488.680,83.384,1786610498453029,reliable,1,1,4,4,0
1830,5131737899360,185604.792,116.111,1786610498569086,reliable,1,1,4,4,0
1831,5131842172830,185709.065,104.273,1786610498673360,reliable,1,1,4,4,0
1832,5131938484538,185805.377,96.312,1786610498769661,reliable,1,1,4,4,0
1833,5132021723143,185888.616,83.239,1786610498852909,reliable,1,1,4,4,0
1834,5132138286111,186005.179,116.563,1786610498969464,reliable,1,1,4,4,0
1835,5132221895694,186088.788,83.610,1786610499053077,reliable,1,1,4,4,0
1836,5132338451892,186205.344,116.556,1786610499169672,reliable,1,1,4,4,0
1837,5132422571563,186289.464,84.120,1786610499253757,reliable,1,1,4,4,0
1838,5132538688996,186405.582,116.117,1786610499369873,reliable,1,1,4,4,0
1839,5132621675388,186488.568,82.986,1786610499452853,reliable,1,1,4,4,0
1840,5132738622605,186605.515,116.947,1786610499569808,reliable,1,1,4,4,0
1841,5132821823723,186688.716,83.201,1786610499653010,reliable,1,1,4,4,0
1842,5132936981289,186803.874,115.158,1786610499768170,reliable,1,1,4,4,0
1843,5133021832085,186888.725,84.851,1786610499853017,reliable,1,1,4,4,0
1844,5133137088054,187003.981,115.256,1786610499968275,reliable,1,1,4,4,0
1845,5133222153058,187089.046,85.065,1786610500053333,reliable,1,1,4,4,0
1846,5133338596082,187205.489,116.443,1786610500169790,reliable,1,1,4,4,0
1847,5133421771042,187288.664,83.175,1786610500252958,reliable,1,1,4,4,0
1848,5133538351605,187405.244,116.581,1786610500369544,reliable,1,1,4,4,0
1849,5133623083953,187489.976,84.732,1786610500454266,reliable,1,1,4,4,0
1850,5133737968693,187604.861,114.885,1786610500569700,reliable,1,1,4,4,0
1851,5133822651823,187689.544,84.683,1786610500653864,reliable,1,1,4,4,0
1852,5133937410704,187804.303,114.759,1786610500768593,reliable,1,1,4,4,0
1853,5134041019034,187907.912,103.608,1786610500872206,reliable,1,1,4,4,0
1854,5134138809986,188005.703,97.791,1786610500969996,reliable,1,1,4,4,0
1855,5134221884360,188088.777,83.074,1786610501053065,reliable,1,1,4,4,0
1856,5134338431848,188205.324,116.547,1786610501169614,reliable,1,1,4,4,0
1857,5134442154309,188309.047,103.722,1786610501273341,reliable,1,1,4,4,0
1858,5134538686938,188405.579,96.533,1786610501369864,reliable,1,1,4,4,0
1859,5134642191057,188509.084,103.504,1786610501473377,reliable,1,1,4,4,0
1860,5134737584903,188604.477,95.394,1786610501568770,reliable,1,1,4,4,0
1861,5134822879557,188689.772,85.295,1786610501654068,reliable,1,1,4,4,0
1862,5134938547501,188805.440,115.668,1786610501769731,reliable,1,1,4,4,0
1863,5135021874036,188888.767,83.327,1786610501853056,reliable,1,1,4,4,0
1864,5135137993288,189004.886,116.119,1786610501969197,reliable,1,1,4,4,0
1865,5135242102502,189108.995,104.109,1786610502073337,reliable,1,1,4,4,0
1866,5135337415658,189204.308,95.313,1786610502168607,reliable,1,1,4,4,0
1867,5135421904452,189288.797,84.489,1786610502253096,reliable,1,1,4,4,0
1868,5135538638232,189405.531,116.734,1786610502369821,reliable,1,1,4,4,0
1869,5135622193848,189489.086,83.556,1786610502453381,reliable,1,1,4,4,0
1870,5135738610083,189605.503,116.416,1786610502569795,reliable,1,1,4,4,0
1871,5135821749464,189688.642,83.139,1786610502652937,reliable,1,1,4,4,0
1872,5135937987357,189804.880,116.238,1786610502769179,reliable,1,1,4,4,0
1873,5136022682333,189889.575,84.695,1786610502853880,reliable,1,1,4,4,0
1874,5136139134057,190006.027,116.452,1786610502970360,reliable,1,1,4,4,0
1875,5136223142190,190090.035,84.008,1786610503054333,reliable,1,1,4,4,0
1876,5136339094778,190205.987,115.953,1786610503170288,reliable,1,1,4,4,0
1877,5136423652393,190290.545,84.558,1786610503254847,reliable,1,1,4,4,0
1878,5136537730913,190404.623,114.079,1786610503368912,reliable,1,1,4,4,0
1879,5136622786077,190489.679,85.055,1786610503454088,reliable,1,1,4,4,0
1880,5136737484743,190604.377,114.699,1786610503568665,reliable,1,1,4,4,0
1881,5136841318694,190708.211,103.834,1786610503672513,reliable,1,1,4,4,0
1882,5136938096356,190804.989,96.778,1786610503769283,reliable,1,1,4,4,0
1883,5137022494734,190889.387,84.398,1786610503853687,reliable,1,1,4,4,0
1884,5137137630020,191004.523,115.135,1786610503968808,reliable,1,1,4,4,0
1885,5137241236115,191108.129,103.606,1786610504072426,reliable,1,1,4,4,0
1886,5137338204007,191205.097,96.968,1786610504169382,reliable,1,1,4,4,0
1887,5137441749198,191308.642,103.545,1786610504272957,reliable,1,1,4,4,0
1888,5137538884999,191405.778,97.136,1786610504370076,reliable,1,1,4,4,0
1889,5137621829116,191488.722,82.944,1786610504453012,reliable,1,1,4,4,0
1890,5137738445832,191605.338,116.617,1786610504569635,reliable,1,1,4,4,0
1891,5137823049995,191689.943,84.604,1786610504654244,reliable,1,1,4,4,0
1892,5137937852485,191804.745,114.802,1786610504769032,reliable,1,1,4,4,0
1893,5138041934427,191908.827,104.082,1786610504873154,reliable,1,1,4,4,0
1894,5138138510533,192005.403,96.576,1786610504969694,reliable,1,1,4,4,0
1895,5138222707157,192089.600,84.197,1786610505053890,reliable,1,1,4,4,0
1896,5138338559898,192205.452,115.853,1786610505169740,reliable,1,1,4,4,0
1897,5138442065777,192308.958,103.506,1786610505273291,reliable,1,1,4,4,0
1898,5138537966681,192404.859,95.901,1786610505369148,reliable,1,1,4,4,0
1899,5138641830969,192508.723,103.864,1786610505473020,reliable,1,1,4,4,0
1900,5138737997576,192604.890,96.167,1786610505569182,reliable,1,1,4,4,0
1901,5138822017582,192688.910,84.020,1786610505653211,reliable,1,1,4,4,0
1902,5138939539200,192806.432,117.522,1786610505770722,reliable,1,1,4,4,0
1903,5139022796945,192889.689,83.258,1786610505853981,reliable,1,1,4,4,0
1904,5139137463702,193004.356,114.667,1786610505968658,reliable,1,1,4,4,0
1905,5139222143624,193089.036,84.680,1786610506053420,reliable,1,1,4,4,0
1906,5139338791920,193205.684,116.648,1786610506169971,reliable,1,1,4,4,0
1907,5139422198905,193289.091,83.407,1786610506253387,reliable,1,1,4,4,0
1908,5139537792901,193404.685,115.594,1786610506368979,reliable,1,1,4,4,0
1909,5139642327975,193509.221,104.535,1786610506473544,reliable,1,1,4,4,0
1910,5139738998805,193605.891,96.671,1786610506570178,reliable,1,1,4,4,0
1911,5139822269786,193689.162,83.271,1786610506653483,reliable,1,1,4,4,0
1912,5139938974436,193805.867,116.705,1786610506770152,reliable,1,1,4,4,0
1913,5140021943488,193888.836,82.969,1786610506853131,reliable,1,1,4,4,0
1914,5140138836304,194005.729,116.893,1786610506970067,reliable,1,1,4,4,0
1915,5140221895080,194088.788,83.059,1786610507053082,reliable,1,1,4,4,0
1916,5140338251734,194205.144,116.357,1786610507169438,reliable,1,1,4,4,0
1917,5140422858386,194289.751,84.607,1786610507254047,reliable,1,1,4,4,0
1918,5140538373738,194405.266,115.515,1786610507369561,reliable,1,1,4,4,0
1919,5140622809474,194489.702,84.436,1786610507453995,reliable,1,1,4,4,0
1920,5140738851432,194605.744,116.042,1786610507570034,reliable,1,1,4,4,0
1921,5140822311685,194689.204,83.460,1786610507653500,reliable,1,1,4,4,0
1922,5140939250916,194806.143,116.939,1786610507770428,reliable,1,1,4,4,0
1923,5141022585053,194889.478,83.334,1786610507853768,reliable,1,1,4,4,0
1924,5141139011598,195005.904,116.427,1786610507970216,reliable,1,1,4,4,0
1925,5141222105786,195088.998,83.094,1786610508053326,reliable,1,1,4,4,0
1926,5141337956298,195204.849,115.851,1786610508169140,reliable,1,1,4,4,0
1927,5141441460304,195308.353,103.504,1786610508272660,reliable,1,1,4,4,0
1928,5141522619235,195389.512,81.159,1786610508353804,reliable,1,1,4,4,0
1929,5141623400417,195490.293,100.781,1786610508454584,reliable,1,1,4,4,0
1930,5141738713058,195605.606,115.313,1786610508569902,reliable,1,1,4,4,0
1931,5141823543607,195690.436,84.831,1786610508654735,reliable,1,1,4,4,0
1932,5141938366475,195805.259,114.823,1786610508769553,reliable,1,1,4,4,0
1933,5142023205024,195890.098,84.839,1786610508854393,reliable,1,1,4,4,0
1934,5142138716423,196005.609,115.511,1786610508969906,reliable,1,1,4,4,0
1935,5142223368528,196090.261,84.652,1786610509054600,reliable,1,1,4,4,0
1936,5142337941484,196204.834,114.573,1786610509169132,reliable,1,1,4,4,0
1937,5142441570310,196308.463,103.629,1786610509272834,reliable,1,1,4,4,0
1938,5142538436301,196405.329,96.866,1786610509369621,reliable,1,1,4,4,0
1939,5142642126728,196509.019,103.690,1786610509473317,reliable,1,1,4,4,0
1940,5142738934189,196605.827,96.807,1786610509570119,reliable,1,1,4,4,0
1941,5142823339914,196690.232,84.406,1786610509654531,reliable,1,1,4,4,0
1942,5142937886341,196804.779,114.546,1786610509769102,reliable,1,1,4,4,0
1943,5143041560449,196908.453,103.674,1786610509872747,reliable,1,1,4,4,0
1944,5143138391878,197005.284,96.831,1786610509969579,reliable,1,1,4,4,0
1945,5143222606679,197089.499,84.215,1786610510053797,reliable,1,1,4,4,0
1946,5143338966481,197205.859,116.360,1786610510170155,reliable,1,1,4,4,0
1947,5143421841368,197288.734,82.875,1786610510253031,reliable,1,1,4,4,0
1948,5143539874270,197406.767,118.033,1786610510371068,reliable,1,1,4,4,0
1949,5143633999214,197500.892,94.125,1786610510465192,reliable,1,1,4,4,0
1950,5143738750645,197605.643,104.751,1786610510569943,reliable,1,1,4,4,0
1951,5143823828855,197690.721,85.078,1786610510655020,reliable,1,1,4,4,0
1952,5143939088724,197805.981,115.260,1786610510770275,reliable,1,1,4,4,0
1953,5144022304548,197889.197,83.216,1786610510853494,reliable,1,1,4,4,0
1954,5144139327695,198006.220,117.023,1786610510970508,reliable,1,1,4,4,0
1955,5144223364429,198090.257,84.037,1786610511054551,reliable,1,1,4,4,0
1956,5144338561015,198205.454,115.197,1786610511169750,reliable,1,1,4,4,0
1957,5144422577616,198289.470,84.017,1786610511253766,reliable,1,1,4,4,0
1958,5144538853910,198405.746,116.276,1786610511370044,reliable,1,1,4,4,0
1959,5144624854946,198491.747,86.001,1786610511456096,reliable,1,1,4,4,0
1960,5144738231356,198605.124,113.376,1786610511569420,reliable,1,1,4,4,0
1961,5144821688710,198688.581,83.457,1786610511652879,reliable,1,1,4,4,0
1962,5144938457561,198805.350,116.769,1786610511769643,reliable,1,1,4,4,0
1963,5145022926046,198889.819,84.468,1786610511854153,reliable,1,1,4,4,0
1964,5145139079520,199005.972,116.153,1786610511970265,reliable,1,1,4,4,0
1965,5145221868370,199088.761,82.789,1786610512053058,reliable,1,1,4,4,0
1966,5145339136320,199206.029,117.268,1786610512170324,reliable,1,1,4,4,0
1967,5145421995630,199288.888,82.859,1786610512253219,reliable,1,1,4,4,0
1968,5145539820171,199406.713,117.825,1786610512371012,reliable,1,1,4,4,0
1969,5145625119768,199492.012,85.300,1786610512456313,reliable,1,1,4,4,0
1970,5145739203347,199606.096,114.084,1786610512570390,reliable,1,1,4,4,0
1971,5145822392970,199689.285,83.190,1786610512653581,reliable,1,1,4,4,0
1972,5145939259406,199806.152,116.866,1786610512770445,reliable,1,1,4,4,0
1973,5146022559655,199889.452,83.300,1786610512853783,reliable,1,1,4,4,0
1974,5146139083170,200005.976,116.524,1786610512970268,reliable,1,1,4,4,0
1975,5146222138158,200089.031,83.055,1786610513053328,reliable,1,1,4,4,0
1976,5146338651831,200205.544,116.514,1786610513169832,reliable,1,1,4,4,0
1977,5146421910659,200288.803,83.259,1786610513253101,reliable,1,1,4,4,0
1978,5146539339395,200406.232,117.429,1786610513370526,reliable,1,1,4,4,0
1979,5146622407978,200489.301,83.069,1786610513453593,reliable,1,1,4,4,0
1980,5146738977557,200605.870,116.570,1786610513570178,reliable,1,1,4,4,0
1981,5146823413183,200690.306,84.436,1786610513654603,reliable,1,1,4,4,0
1982,5146939221942,200806.114,115.809,1786610513770412,reliable,1,1,4,4,0
1983,5147022266300,200889.159,83.044,1786610513853454,reliable,1,1,4,4,0
1984,5147139493368,201006.386,117.227,1786610513970681,reliable,1,1,4,4,0
1985,5147222632217,201089.525,83.139,1786610514053818,reliable,1,1,4,4,0
1986,5147338931947,201205.824,116.300,1786610514170134,reliable,1,1,4,4,0
1987,5147423199076,201290.092,84.267,1786610514254410,reliable,1,1,4,4,0
1988,5147538343769,201405.236,115.145,1786610514369543,reliable,1,1,4,4,0
1989,5147641747679,201508.640,103.404,1786610514472929,reliable,1,1,4,4,0
1990,5147738495322,201605.388,96.748,1786610514569686,reliable,1,1,4,4,0
1991,5147823769197,201690.662,85.274,1786610514654960,reliable,1,1,4,4,0
1992,5147938947746,201805.840,115.179,1786610514770681,reliable,1,1,4,4,0
1993,5148023756201,201890.649,84.808,1786610514854947,reliable,1,1,4,4,0
1994,5148139343529,202006.236,115.587,1786610514970529,reliable,1,1,4,4,0
1995,5148222321114,202089.214,82.978,1786610515053533,reliable,1,1,4,4,0
1996,5148339356717,202206.249,117.036,1786610515170544,reliable,1,1,4,4,0
1997,5148423303986,202290.197,83.947,1786610515254494,reliable,1,1,4,4,0
1998,5148538536407,202405.429,115.232,1786610515369736,reliable,1,1,4,4,0
1999,5148642183700,202509.076,103.647,1786610515473373,reliable,1,1,4,4,0
2000,5148739555057,202606.448,97.371,1786610515570742,reliable,1,1,4,4,0
2001,5148823063530,202689.956,83.508,1786610515654256,reliable,1,1,4,4,0
2002,5148938393426,202805.286,115.330,1786610515769580,reliable,1,1,4,4,0
2003,5149042011086,202908.904,103.618,1786610515873199,reliable,1,1,4,4,0
2004,5149138459283,203005.352,96.448,1786610515969647,reliable,1,1,4,4,0
2005,5149222022982,203088.916,83.564,1786610516053203,reliable,1,1,4,4,0
2006,5149338579836,203205.472,116.557,1786610516169766,reliable,1,1,4,4,0
2007,5149423391530,203290.284,84.812,1786610516254580,reliable,1,1,4,4,0
2008,5149539354609,203406.247,115.963,1786610516370540,reliable,1,1,4,4,0
2009,5149622882079,203489.775,83.527,1786610516454070,reliable,1,1,4,4,0
2010,5149739503766,203606.396,116.622,1786610516570688,reliable,1,1,4,4,0
2011,5149822845727,203689.738,83.342,1786610516654035,reliable,1,1,4,4,0
2012,5149939473495,203806.366,116.628,1786610516770659,reliable,1,1,4,4,0
2013,5150023292204,203890.185,83.819,1786610516854480,reliable,1,1,4,4,0
2014,5150139580059,204006.473,116.288,1786610516970767,reliable,1,1,4,4,0
2015,5150222561875,204089.454,82.982,1786610517053751,reliable,1,1,4,4,0
2016,5150338586122,204205.479,116.024,1786610517169771,reliable,1,1,4,4,0
2017,5150421685025,204288.578,83.099,1786610517252883,reliable,1,1,4,4,0
2018,5150538956152,204405.849,117.271,1786610517370145,reliable,1,1,4,4,0
2019,5150625173309,204492.066,86.217,1786610517456366,reliable,1,1,4,4,0
2020,5150739224450,204606.117,114.051,1786610517570414,reliable,1,1,4,4,0
2021,5150823951426,204690.844,84.727,1786610517655133,reliable,1,1,4,4,0
2022,5150939503725,204806.396,115.552,1786610517770692,reliable,1,1,4,4,0
2023,5151022801929,204889.694,83.298,1786610517853989,reliable,1,1,4,4,0
2024,5151138765086,205005.658,115.963,1786610517969952,reliable,1,1,4,4,0
2025,5151221743914,205088.636,82.979,1786610518052933,reliable,1,1,4,4,0
2026,5151339681921,205206.574,117.938,1786610518170904,reliable,1,1,4,4,0
2027,5151422976496,205289.869,83.295,1786610518254167,reliable,1,1,4,4,0
2028,5151538876915,205405.769,115.900,1786610518370065,reliable,1,1,4,4,0
2029,5151623579845,205490.472,84.703,1786610518454821,reliable,1,1,4,4,0
2030,5151727551068,205594.444,103.971,1786610518558738,reliable,1,1,4,4,0
2031,5151824070040,205690.963,96.519,1786610518655281,reliable,1,1,4,4,0
2032,5151938631961,205805.524,114.562,1786610518769818,reliable,1,1,4,4,0
2033,5152041929023,205908.822,103.297,1786610518873115,reliable,1,1,4,4,0
2034,5152138780227,206005.673,96.851,1786610518969961,reliable,1,1,4,4,0
2035,5152223377580,206090.270,84.597,1786610519054568,reliable,1,1,4,4,0
2036,5152339188059,206206.081,115.810,1786610519170377,reliable,1,1,4,4,0
2037,5152423451830,206290.344,84.264,1786610519254698,reliable,1,1,4,4,0
2038,5152538881693,206405.774,115.430,1786610519370067,reliable,1,1,4,4,0
2039,5152622112702,206489.005,83.231,1786610519453304,reliable,1,1,4,4,0
2040,5152739652921,206606.545,117.540,1786610519570854,reliable,1,1,4,4,0
2041,5152823168001,206690.061,83.515,1786610519654355,reliable,1,1,4,4,0
2042,5152939541215,206806.434,116.373,1786610519770766,reliable,1,1,4,4,0
2043,5153023381328,206890.274,83.840,1786610519854571,reliable,1,1,4,4,0
2044,5153138768309,207005.661,115.387,1786610519969992,reliable,1,1,4,4,0
2045,5153222015695,207088.908,83.247,1786610520053205,reliable,1,1,4,4,0
2046,5153339041996,207205.935,117.026,1786610520170235,reliable,1,1,4,4,0
2047,5153424438071,207291.331,85.396,1786610520255629,reliable,1,1,4,4,0
2048,5153539717001,207406.610,115.279,1786610520370903,reliable,1,1,4,4,0
2049,5153623490028,207490.383,83.773,1786610520454680,reliable,1,1,4,4,0
2050,5153739745142,207606.638,116.255,1786610520570932,reliable,1,1,4,4,0
2051,5153822756229,207689.649,83.011,1786610520653946,reliable,1,1,4,4,0
2052,5153939094129,207805.987,116.338,1786610520770284,reliable,1,1,4,4,0
2053,5154024123475,207891.016,85.029,1786610520855311,reliable,1,1,4,4,0
2054,5154139782286,208006.675,115.659,1786610520970968,reliable,1,1,4,4,0
2055,5154222659859,208089.552,82.878,1786610521053851,reliable,1,1,4,4,0
2056,5154339847203,208206.740,117.187,1786610521171032,reliable,1,1,4,4,0
2057,5154424458734,208291.351,84.612,1786610521255647,reliable,1,1,4,4,0
2058,5154538614003,208405.507,114.155,1786610521369808,reliable,1,1,4,4,0
2059,5154623353057,208490.246,84.739,1786610521454547,reliable,1,1,4,4,0
2060,5154738903721,208605.796,115.551,1786610521570089,reliable,1,1,4,4,0
2061,5154822124466,208689.017,83.221,1786610521653312,reliable,1,1,4,4,0
2062,5154939241184,208806.134,117.117,1786610521770435,reliable,1,1,4,4,0
2063,5155024798146,208891.691,85.557,1786610521855990,reliable,1,1,4,4,0
2064,5155139569303,209006.462,114.771,1786610521970887,reliable,1,1,4,4,0
2065,5155224060663,209090.953,84.491,1786610522055252,reliable,1,1,4,4,0
2066,5155338878844,209205.771,114.818,1786610522170067,reliable,1,1,4,4,0
2067,5155422087353,209288.980,83.209,1786610522253276,reliable,1,1,4,4,0
2068,5155539891079,209406.784,117.804,1786610522371078,reliable,1,1,4,4,0
2069,5155623117892,209490.010,83.227,1786610522454307,reliable,1,1,4,4,0
2070,5155739936570,209606.829,116.819,1786610522571125,reliable,1,1,4,4,0
2071,5155823546880,209690.439,83.610,1786610522654737,reliable,1,1,4,4,0
2072,5155938832368,209805.725,115.285,1786610522770019,reliable,1,1,4,4,0
2073,5156021965291,209888.858,83.133,1786610522853148,reliable,1,1,4,4,0
2074,5156139566644,210006.459,117.601,1786610522970761,reliable,1,1,4,4,0
2075,5156223750690,210090.643,84.184,1786610523054942,reliable,1,1,4,4,0
2076,5156339677394,210206.570,115.927,1786610523170866,reliable,1,1,4,4,0
2077,5156423068134,210289.961,83.391,1786610523254264,reliable,1,1,4,4,0
2078,5156539791017,210406.684,116.723,1786610523370974,reliable,1,1,4,4,0
2079,5156623084123,210489.977,83.293,1786610523454294,reliable,1,1,4,4,0
2080,5156738864967,210605.757,115.781,1786610523570041,reliable,1,1,4,4,0
2081,5156821732911,210688.625,82.868,1786610523652958,reliable,1,1,4,4,0
2082,5156939166275,210806.059,117.433,1786610523770356,reliable,1,1,4,4,0
2083,5157022213008,210889.106,83.047,1786610523853405,reliable,1,1,4,4,0
2084,5157138640683,211005.533,116.428,1786610523969817,reliable,1,1,4,4,0
2085,5157222058682,211088.951,83.418,1786610524053292,reliable,1,1,4,4,0
2086,5157340221007,211207.114,118.162,1786610524171407,reliable,1,1,4,4,0
2087,5157423302448,211290.195,83.081,1786610524254493,reliable,1,1,4,4,0
2088,5157539496981,211406.390,116.195,1786610524370688,reliable,1,1,4,4,0
2089,5157624762475,211491.655,85.265,1786610524455994,reliable,1,1,4,4,0
2090,5157738926623,211605.819,114.164,1786610524570109,reliable,1,1,4,4,0
2091,5157822357033,211689.250,83.430,1786610524653538,reliable,1,1,4,4,0
2092,5157938662321,211805.555,116.305,1786610524769842,reliable,1,1,4,4,0
2093,5158042141697,211909.034,103.479,1786610524873332,reliable,1,1,4,4,0
2094,5158138909487,212005.802,96.768,1786610524970088,reliable,1,1,4,4,0
2095,5158222576215,212089.469,83.667,1786610525053764,reliable,1,1,4,4,0
2096,5158340091307,212206.984,117.515,1786610525171279,reliable,1,1,4,4,0
2097,5158422946619,212289.839,82.855,1786610525254130,reliable,1,1,4,4,0
2098,5158539662941,212406.555,116.716,1786610525370843,reliable,1,1,4,4,0
2099,5158622548429,212489.441,82.885,1786610525453739,reliable,1,1,4,4,0
2100,5158739637303,212606.530,117.089,1786610525570816,reliable,1,1,4,4,0
2101,5158822842032,212689.735,83.205,1786610525654021,reliable,1,1,4,4,0
2102,5158940350116,212807.243,117.508,1786610525771659,reliable,1,1,4,4,0
2103,5159023248821,212890.141,82.899,1786610525854456,reliable,1,1,4,4,0
2104,5159139931925,213006.824,116.683,1786610525971113,reliable,1,1,4,4,0
2105,5159223127558,213090.020,83.196,1786610526054308,reliable,1,1,4,4,0
2106,5159339676050,213206.569,116.548,1786610526170852,reliable,1,1,4,4,0
2107,5159422661562,213289.554,82.986,1786610526253857,reliable,1,1,4,4,0
2108,5159539139044,213406.032,116.477,1786610526370321,reliable,1,1,4,4,0
2109,5159623713714,213490.606,84.575,1786610526454896,reliable,1,1,4,4,0
2110,5159739133795,213606.026,115.420,1786610526570312,reliable,1,1,4,4,0
2111,5159822193740,213689.086,83.060,1786610526653415,reliable,1,1,4,4,0
2112,5159939879956,213806.772,117.686,1786610526771060,reliable,1,1,4,4,0
2113,5160022990910,213889.883,83.111,1786610526854171,reliable,1,1,4,4,0
2114,5160140165625,214007.058,117.175,1786610526971344,reliable,1,1,4,4,0
2115,5160223255516,214090.148,83.090,1786610527054438,reliable,1,1,4,4,0
2116,5160339357997,214206.251,116.102,1786610527170547,reliable,1,1,4,4,0
2117,5160424549245,214291.442,85.191,1786610527255735,reliable,1,1,4,4,0
2118,5160539216332,214406.109,114.667,1786610527370407,reliable,1,1,4,4,0
2119,5160623026555,214489.919,83.810,1786610527454250,reliable,1,1,4,4,0
2120,5160740111620,214607.004,117.085,1786610527571296,reliable,1,1,4,4,0
2121,5160824671749,214691.564,84.560,1786610527655865,reliable,1,1,4,4,0
2122,5160938922218,214805.815,114.250,1786610527770104,reliable,1,1,4,4,0
2123,5161021930246,214888.823,83.008,1786610527853121,reliable,1,1,4,4,0
2124,5161139431704,215006.324,117.501,1786610527970613,reliable,1,1,4,4,0
2125,5161222827030,215089.720,83.395,1786610528054015,reliable,1,1,4,4,0
2126,5161340464411,215207.357,117.637,1786610528171644,reliable,1,1,4,4,0
2127,5161424210845,215291.103,83.746,1786610528255394,reliable,1,1,4,4,0
2128,5161539978550,215406.871,115.768,1786610528371285,reliable,1,1,4,4,0
2129,5161623971646,215490.864,83.993,1786610528455246,reliable,1,1,4,4,0
2130,5161740647180,215607.540,116.676,1786610528571831,reliable,1,1,4,4,0
2131,5161823793311,215690.686,83.146,1786610528655002,reliable,1,1,4,4,0
2132,5161927476858,215794.369,103.684,1786610528758662,reliable,1,1,4,4,0
2133,5162041748015,215908.641,114.271,1786610528872930,reliable,1,1,4,4,0
2134,5162139252727,216006.145,97.505,1786610528970436,reliable,1,1,4,4,0
2135,5162222532231,216089.425,83.280,1786610529053719,reliable,1,1,4,4,0
2136,5162340224029,216207.117,117.692,1786610529171410,reliable,1,1,4,4,0
2137,5162423198848,216290.091,82.975,1786610529254379,reliable,1,1,4,4,0
2138,5162540415659,216407.308,117.217,1786610529371597,reliable,1,1,4,4,0
2139,5162623374862,216490.267,82.959,1786610529454562,reliable,1,1,4,4,0
2140,5162739469439,216606.362,116.095,1786610529570655,reliable,1,1,4,4,0
2141,5162822785866,216689.678,83.316,1786610529654009,reliable,1,1,4,4,0
2142,5162939657101,216806.550,116.871,1786610529770846,reliable,1,1,4,4,0
2143,5163024323640,216891.216,84.667,1786610529855508,reliable,1,1,4,4,0
2144,5163140501835,217007.394,116.178,1786610529971695,reliable,1,1,4,4,0
2145,5163225802622,217092.695,85.301,1786610530057073,reliable,1,1,4,4,0
2146,5163340135444,217207.028,114.333,1786610530171374,reliable,1,1,4,4,0
2147,5163424277448,217291.170,84.142,1786610530255464,reliable,1,1,4,4,0
2148,5163540411368,217407.304,116.134,1786610530371594,reliable,1,1,4,4,0
2149,5163623790538,217490.683,83.379,1786610530454973,reliable,1,1,4,4,0
2150,5163740341012,217607.234,116.550,1786610530571526,reliable,1,1,4,4,0
2151,5163823864761,217690.757,83.524,1786610530655052,reliable,1,1,4,4,0
2152,5163939887128,217806.780,116.022,1786610530771064,reliable,1,1,4,4,0
2153,5164023502335,217890.395,83.615,1786610530854688,reliable,1,1,4,4,0
2154,5164140271182,218007.164,116.769,1786610530971459,reliable,1,1,4,4,0
2155,5164223066843,218089.959,82.796,1786610531054253,reliable,1,1,4,4,0
2156,5164340267012,218207.160,117.200,1786610531171450,reliable,1,1,4,4,0
2157,5164423466838,218290.359,83.200,1786610531254660,reliable,1,1,4,4,0
2158,5164539459011,218406.352,115.992,1786610531370646,reliable,1,1,4,4,0
2159,5164625114414,218492.007,85.655,1786610531456301,reliable,1,1,4,4,0
2160,5164739067180,218605.960,113.953,1786610531570248,reliable,1,1,4,4,0
2161,5164823310550,218690.203,84.243,1786610531654498,reliable,1,1,4,4,0
2162,5164939427270,218806.320,116.117,1786610531770609,reliable,1,1,4,4,0
2163,5165025823362,218892.716,86.396,1786610531857008,reliable,1,1,4,4,0
2164,5165139667773,219006.560,113.844,1786610531970855,reliable,1,1,4,4,0
2165,5165224271880,219091.164,84.604,1786610532055464,reliable,1,1,4,4,0
2166,5165339820347,219206.713,115.548,1786610532171001,reliable,1,1,4,4,0
2167,5165424810507,219291.703,84.990,1786610532255999,reliable,1,1,4,4,0
2168,5165539032671,219405.925,114.222,1786610532370210,reliable,1,1,4,4,0
2169,5165621936606,219488.829,82.904,1786610532453122,reliable,1,1,4,4,0
2170,5165739811687,219606.704,117.875,1786610532571004,reliable,1,1,4,4,0
2171,5165824168648,219691.061,84.357,1786610532655358,reliable,1,1,4,4,0
2172,5165939741403,219806.634,115.573,1786610532770931,reliable,1,1,4,4,0
2173,5166024532966,219891.425,84.792,1786610532855724,reliable,1,1,4,4,0
2174,5166139786994,220006.680,115.254,1786610532970964,reliable,1,1,4,4,0
2175,5166222717675,220089.610,82.931,1786610533053904,reliable,1,1,4,4,0
2176,5166340226235,220207.119,117.509,1786610533171417,reliable,1,1,4,4,0
2177,5166424268201,220291.161,84.042,1786610533255458,reliable,1,1,4,4,0
2178,5166539803531,220406.696,115.535,1786610533371009,reliable,1,1,4,4,0
2179,5166624379365,220491.272,84.576,1786610533455622,reliable,1,1,4,4,0
2180,5166740223055,220607.116,115.844,1786610533571410,reliable,1,1,4,4,0
2181,5166823493163,220690.386,83.270,1786610533654684,reliable,1,1,4,4,0
2182,5166940448366,220807.341,116.955,1786610533771638,reliable,1,1,4,4,0
2183,5167023575335,220890.468,83.127,1786610533854768,reliable,1,1,4,4,0
2184,5167140643021,221007.536,117.068,1786610533971824,reliable,1,1,4,4,0
2185,5167223816383,221090.709,83.173,1786610534055006,reliable,1,1,4,4,0
2186,5167340626735,221207.519,116.810,1786610534171826,reliable,1,1,4,4,0
2187,5167423579128,221290.472,82.952,1786610534254793,reliable,1,1,4,4,0
2188,5167539969342,221406.862,116.390,1786610534371242,reliable,1,1,4,4,0
2189,5167625300062,221492.193,85.331,1786610534456491,reliable,1,1,4,4,0
2190,5167739607605,221606.500,114.308,1786610534570795,reliable,1,1,4,4,0
2191,5167823016904,221689.909,83.409,1786610534654204,reliable,1,1,4,4,0
2192,5167940802478,221807.695,117.786,1786610534771984,reliable,1,1,4,4,0
2193,5168024852337,221891.745,84.050,1786610534856033,reliable,1,1,4,4,0
2194,5168140154782,222007.047,115.302,1786610534971346,reliable,1,1,4,4,0
2195,5168224892873,222091.785,84.738,1786610535056084,reliable,1,1,4,4,0
2196,5168339682618,222206.575,114.790,1786610535170865,reliable,1,1,4,4,0
2197,5168424187196,222291.080,84.505,1786610535255369,reliable,1,1,4,4,0
2198,5168540836023,222407.729,116.649,1786610535372015,reliable,1,1,4,4,0
2199,5168624228895,222491.121,83.393,1786610535455414,reliable,1,1,4,4,0
2200,5168740283950,222607.176,116.055,1786610535571471,reliable,1,1,4,4,0
2201,5168825791558,222692.684,85.508,1786610535656979,reliable,1,1,4,4,0
2202,5168939751077,222806.644,113.960,1786610535770937,reliable,1,1,4,4,0
2203,5169031729584,222898.622,91.979,1786610535862913,reliable,1,1,4,4,0
2204,5169139872746,223006.765,108.143,1786610535971064,reliable,1,1,4,4,0
2205,5169225111061,223092.004,85.238,1786610536056304,reliable,1,1,4,4,0
2206,5169340180541,223207.073,115.069,1786610536171977,reliable,1,1,4,4,0
2207,5169425403971,223292.296,85.223,1786610536256593,reliable,1,1,4,4,0
2208,5169540504812,223407.397,115.101,1786610536371692,reliable,1,1,4,4,0
2209,5169623692419,223490.585,83.188,1786610536454875,reliable,1,1,4,4,0
2210,5169740950365,223607.843,117.258,1786610536572136,reliable,1,1,4,4,0
2211,5169824291384,223691.184,83.341,1786610536655472,reliable,1,1,4,4,0
2212,5169940683167,223807.576,116.392,1786610536771867,reliable,1,1,4,4,0
2213,5170024499205,223891.392,83.816,1786610536855688,reliable,1,1,4,4,0
2214,5170139696240,224006.589,115.197,1786610536970881,reliable,1,1,4,4,0
2215,5170223844982,224090.738,84.149,1786610537055035,reliable,1,1,4,4,0
2216,5170339411322,224206.304,115.566,1786610537170604,reliable,1,1,4,4,0
2217,5170423493114,224290.386,84.082,1786610537254686,reliable,1,1,4,4,0
2218,5170540586496,224407.479,117.093,1786610537371775,reliable,1,1,4,4,0
2219,5170623540903,224490.433,82.954,1786610537454730,reliable,1,1,4,4,0
2220,5170740775984,224607.669,117.235,1786610537571964,reliable,1,1,4,4,0
2221,5170823822426,224690.715,83.046,1786610537655013,reliable,1,1,4,4,0
2222,5170939725925,224806.618,115.903,1786610537770911,reliable,1,1,4,4,0
2223,5171022852720,224889.745,83.127,1786610537854062,reliable,1,1,4,4,0
2224,5171139711089,225006.604,116.858,1786610537970898,reliable,1,1,4,4,0
2225,5171222970872,225089.863,83.260,1786610538054161,reliable,1,1,4,4,0
2226,5171340897664,225207.790,117.927,1786610538172084,reliable,1,1,4,4,0
2227,5171423984031,225290.877,83.086,1786610538255233,reliable,1,1,4,4,0
2228,5171540134112,225407.027,116.150,1786610538371325,reliable,1,1,4,4,0
2229,5171624923621,225491.816,84.790,1786610538456117,reliable,1,1,4,4,0
2230,5171740938851,225607.831,116.015,1786610538572146,reliable,1,1,4,4,0
2231,5171823817437,225690.710,82.879,1786610538655001,reliable,1,1,4,4,0
2232,5171940841970,225807.734,117.025,1786610538772028,reliable,1,1,4,4,0
2233,5172024275192,225891.168,83.433,1786610538855461,reliable,1,1,4,4,0
2234,5172122337637,225989.230,98.062,1786610538953522,reliable,1,1,4,4,0
2235,5172223999900,226090.892,101.662,1786610539055270,reliable,1,1,4,4,0
2236,5172340686809,226207.579,116.687,1786610539171870,reliable,1,1,4,4,0
2237,5172423644809,226290.537,82.958,1786610539254831,reliable,1,1,4,4,0
2238,5172540917268,226407.810,117.272,1786610539372102,reliable,1,1,4,4,0
2239,5172623979463,226490.872,83.062,1786610539455223,reliable,1,1,4,4,0
2240,5172739677678,226606.570,115.698,1786610539570863,reliable,1,1,4,4,0
2241,5172822983142,226689.876,83.305,1786610539654169,reliable,1,1,4,4,0
2242,5172940202223,226807.095,117.219,1786610539771383,reliable,1,1,4,4,0
2243,5173022844921,226889.737,82.643,1786610539854026,reliable,1,1,4,4,0
2244,5173139381523,227006.274,116.537,1786610539970571,reliable,1,1,4,4,0
2245,5173227400812,227094.293,88.019,1786610540058590,reliable,1,1,4,4,0
2246,5173339835868,227206.728,112.435,1786610540171023,reliable,1,1,4,4,0
2247,5173422832386,227289.725,82.997,1786610540254018,reliable,1,1,4,4,0
2248,5173540094748,227406.987,117.262,1786610540371283,reliable,1,1,4,4,0
2249,5173625027309,227491.920,84.933,1786610540456215,reliable,1,1,4,4,0
2250,5173740994411,227607.887,115.967,1786610540572182,reliable,1,1,4,4,0
2251,5173824212598,227691.105,83.218,1786610540655403,reliable,1,1,4,4,0
2252,5173939915437,227806.808,115.703,1786610540771136,reliable,1,1,4,4,0
2253,5174024380404,227891.273,84.465,1786610540855571,reliable,1,1,4,4,0
2254,5174139658914,228006.551,115.279,1786610540970851,reliable,1,1,4,4,0
2255,5174226196528,228093.089,86.538,1786610541057379,reliable,1,1,4,4,0
2256,5174340819296,228207.712,114.623,1786610541172006,reliable,1,1,4,4,0
2257,5174423736249,228290.629,82.917,1786610541254923,reliable,1,1,4,4,0
2258,5174539867723,228406.760,116.131,1786610541371054,reliable,1,1,4,4,0
2259,5174623502676,228490.395,83.635,1786610541454693,reliable,1,1,4,4,0
2260,5174740083791,228606.976,116.581,1786610541571279,reliable,1,1,4,4,0
2261,5174824446632,228691.339,84.363,1786610541655638,reliable,1,1,4,4,0
2262,5174940911713,228807.804,116.465,1786610541772100,reliable,1,1,4,4,0
2263,5175023994366,228890.887,83.083,1786610541855247,reliable,1,1,4,4,0
2264,5175140502840,229007.395,116.508,1786610541971692,reliable,1,1,4,4,0
2265,5175224088025,229090.981,83.585,1786610542055281,reliable,1,1,4,4,0
2266,5175340930603,229207.823,116.843,1786610542172116,reliable,1,1,4,4,0
2267,5175423726646,229290.619,82.796,1786610542254913,reliable,1,1,4,4,0
2268,5175540905679,229407.798,117.179,1786610542372092,reliable,1,1,4,4,0
2269,5175623587064,229490.480,82.681,1786610542454775,reliable,1,1,4,4,0
2270,5175739981440,229606.874,116.394,1786610542571265,reliable,1,1,4,4,0
2271,5175823700960,229690.593,83.720,1786610542654888,reliable,1,1,4,4,0
2272,5175940482672,229807.375,116.782,1786610542771668,reliable,1,1,4,4,0
2273,5176024403476,229891.296,83.921,1786610542855595,reliable,1,1,4,4,0
2274,5176140624504,230007.517,116.221,1786610542971816,reliable,1,1,4,4,0
2275,5176225126209,230092.019,84.502,1786610543056320,reliable,1,1,4,4,0
2276,5176341064784,230207.957,115.939,1786610543172249,reliable,1,1,4,4,0
2277,5176424503102,230291.396,83.438,1786610543255688,reliable,1,1,4,4,0
2278,5176540377419,230407.270,115.874,1786610543371567,reliable,1,1,4,4,0
2279,5176624433863,230491.326,84.056,1786610543455622,reliable,1,1,4,4,0
2280,5176741162694,230608.055,116.729,1786610543572351,reliable,1,1,4,4,0
2281,5176824457970,230691.350,83.295,1786610543655652,reliable,1,1,4,4,0
2282,5176940339359,230807.232,115.881,1786610543771529,reliable,1,1,4,4,0
2283,5177025081545,230891.974,84.742,1786610543856271,reliable,1,1,4,4,0
2284,5177141019127,231007.912,115.938,1786610543972203,reliable,1,1,4,4,0
2285,5177224195098,231091.088,83.176,1786610544055387,reliable,1,1,4,4,0
2286,5177341059693,231207.952,116.865,1786610544172246,reliable,1,1,4,4,0
2287,5177424840983,231291.734,83.781,1786610544256031,reliable,1,1,4,4,0
2288,5177540501968,231407.394,115.661,1786610544371695,reliable,1,1,4,4,0
2289,5177625219503,231492.112,84.718,1786610544456413,reliable,1,1,4,4,0
2290,5177740827047,231607.720,115.608,1786610544572021,reliable,1,1,4,4,0
2291,5177825058523,231691.951,84.231,1786610544656250,reliable,1,1,4,4,0
2292,5177939946179,231806.839,114.888,1786610544771122,reliable,1,1,4,4,0
2293,5178023561387,231890.454,83.615,1786610544854749,reliable,1,1,4,4,0
2294,5178140785189,232007.678,117.224,1786610544971976,reliable,1,1,4,4,0
2295,5178225313049,232092.206,84.528,1786610545056504,reliable,1,1,4,4,0
2296,5178340956354,232207.849,115.643,1786610545172145,reliable,1,1,4,4,0
2297,5178424321785,232291.214,83.365,1786610545255512,reliable,1,1,4,4,0
2298,5178539801246,232406.694,115.479,1786610545370979,reliable,1,1,4,4,0
2299,5178622904912,232489.797,83.104,1786610545454083,reliable,1,1,4,4,0
2300,5178740600869,232607.493,117.696,1786610545571792,reliable,1,1,4,4,0
2301,5178824916848,232691.809,84.316,1786610545656104,reliable,1,1,4,4,0
2302,5178940865631,232807.758,115.949,1786610545772052,reliable,1,1,4,4,0
2303,5179026408901,232893.301,85.543,1786610545857596,reliable,1,1,4,4,0
2304,5179140298600,233007.191,113.890,1786610545971482,reliable,1,1,4,4,0
2305,5179223507509,233090.400,83.209,1786610546054689,reliable,1,1,4,4,0
2306,5179339728539,233206.621,116.221,1786610546170916,reliable,1,1,4,4,0
2307,5179424702313,233291.595,84.974,1786610546255893,reliable,1,1,4,4,0
2308,5179541071955,233407.964,116.370,1786610546372260,reliable,1,1,4,4,0
2309,5179626210116,233493.103,85.138,1786610546457400,reliable,1,1,4,4,0
2310,5179740643620,233607.536,114.434,1786610546571825,reliable,1,1,4,4,0
2311,5179823737898,233690.630,83.094,1786610546654928,reliable,1,1,4,4,0
2312,5179941406159,233808.299,117.668,1786610546772593,reliable,1,1,4,4,0
2313,5180025247749,233892.140,83.842,1786610546856430,reliable,1,1,4,4,0
2314,5180141009921,234007.902,115.762,1786610546972191,reliable,1,1,4,4,0
2315,5180224641804,234091.534,83.632,1786610547055825,reliable,1,1,4,4,0
2316,5180340629598,234207.522,115.988,1786610547171822,reliable,1,1,4,4,0
2317,5180424979156,234291.872,84.350,1786610547256163,reliable,1,1,4,4,0
2318,5180541869432,234408.762,116.890,1786610547373058,reliable,1,1,4,4,0
2319,5180625998857,234492.891,84.129,1786610547457190,reliable,1,1,4,4,0
2320,5180744142761,234611.035,118.144,1786610547575351,reliable,1,1,4,4,0
2321,5180827961779,234694.854,83.819,1786610547659141,reliable,1,1,4,4,0
2322,5180921779377,234788.672,93.818,1786610547752968,reliable,1,1,4,4,0
2323,5181026470580,234893.363,104.691,1786610547857663,reliable,1,1,4,4,0
2324,5181140558750,235007.451,114.088,1786610547971738,reliable,1,1,4,4,0
2325,5181224773034,235091.666,84.214,1786610548055979,reliable,1,1,4,4,0
2326,5181341401306,235208.294,116.628,1786610548172591,reliable,1,1,4,4,0
2327,5181425823718,235292.716,84.422,1786610548257007,reliable,1,1,4,4,0
2328,5181541257662,235408.150,115.434,1786610548372458,reliable,1,1,4,4,0
2329,5181624592403,235491.485,83.335,1786610548455784,reliable,1,1,4,4,0
2330,5181741317157,235608.210,116.725,1786610548572498,reliable,1,1,4,4,0
2331,5181825164037,235692.057,83.847,1786610548656348,reliable,1,1,4,4,0
2332,5181941468750,235808.361,116.305,1786610548772650,reliable,1,1,4,4,0
2333,5182024547646,235891.440,83.079,1786610548855740,reliable,1,1,4,4,0
2334,5182141385395,236008.278,116.838,1786610548972579,reliable,1,1,4,4,0
2335,5182225399824,236092.292,84.014,1786610549056593,reliable,1,1,4,4,0
2336,5182341476933,236208.369,116.077,1786610549172665,reliable,1,1,4,4,0
2337,5182425004275,236291.897,83.527,1786610549256187,reliable,1,1,4,4,0
2338,5182540132853,236407.025,115.129,1786610549371327,reliable,1,1,4,4,0
2339,5182624864797,236491.757,84.732,1786610549456055,reliable,1,1,4,4,0
2340,5182741411676,236608.304,116.547,1786610549572604,reliable,1,1,4,4,0
2341,5182825548535,236692.441,84.137,1786610549656734,reliable,1,1,4,4,0
2342,5182941332134,236808.225,115.784,1786610549772522,reliable,1,1,4,4,0
2343,5183025400128,236892.293,84.068,1786610549856589,reliable,1,1,4,4,0
2344,5183139953206,237006.846,114.553,1786610549971196,reliable,1,1,4,4,0
2345,5183225354244,237092.247,85.401,1786610550056552,reliable,1,1,4,4,0
2346,5183341348713,237208.241,115.994,1786610550172536,reliable,1,1,4,4,0
2347,5183424869292,237291.762,83.521,1786610550256058,reliable,1,1,4,4,0
2348,5183522118861,237389.011,97.250,1786610550353314,reliable,1,1,4,4,0
2349,5183624780637,237491.673,102.662,1786610550455975,reliable,1,1,4,4,0
2350,5183741638259,237608.531,116.858,1786610550572822,reliable,1,1,4,4,0
2351,5183825572959,237692.465,83.935,1786610550656766,reliable,1,1,4,4,0
2352,5183941674630,237808.567,116.102,1786610550772860,reliable,1,1,4,4,0
2353,5184024805634,237891.698,83.131,1786610550855988,reliable,1,1,4,4,0
2354,5184184804693,238051.697,159.999,1786610551016167,reliable,1,1,4,4,0
2355,5184222564223,238089.457,37.760,1786610551053747,reliable,1,1,4,4,0
2356,5184321717177,238188.610,99.153,1786610551152918,reliable,1,1,4,4,0
2357,5184429746923,238296.639,108.030,1786610551260939,reliable,1,1,4,4,0
2358,5184540910589,238407.803,111.164,1786610551372090,reliable,1,1,4,4,0
2359,5184624374997,238491.268,83.464,1786610551455567,reliable,1,1,4,4,0
2360,5184740704849,238607.597,116.330,1786610551571891,reliable,1,1,4,4,0
2361,5184823925156,238690.818,83.220,1786610551655115,reliable,1,1,4,4,0
2362,5184940685993,238807.579,116.761,1786610551771878,reliable,1,1,4,4,0
2363,5185025843907,238892.736,85.158,1786610551857030,reliable,1,1,4,4,0
2364,5185141198348,239008.091,115.354,1786610551972386,reliable,1,1,4,4,0
2365,5185224109489,239091.002,82.911,1786610552055299,reliable,1,1,4,4,0
2366,5185340978186,239207.871,116.869,1786610552172176,reliable,1,1,4,4,0
2367,5185424414134,239291.307,83.436,1786610552255595,reliable,1,1,4,4,0
2368,5185541266638,239408.159,116.853,1786610552372451,reliable,1,1,4,4,0
2369,5185624775324,239491.668,83.509,1786610552455963,reliable,1,1,4,4,0
2370,5185741416784,239608.309,116.641,1786610552572601,reliable,1,1,4,4,0
2371,5185825226020,239692.119,83.809,1786610552656416,reliable,1,1,4,4,0
2372,5185941200010,239808.093,115.974,1786610552772394,reliable,1,1,4,4,0
2373,5186025438566,239892.331,84.239,1786610552856631,reliable,1,1,4,4,0
2374,5186140705342,240007.598,115.267,1786610552971893,reliable,1,1,4,4,0
2375,5186224120483,240091.013,83.415,1786610553055314,reliable,1,1,4,4,0
2376,5186341507223,240208.400,117.387,1786610553172695,reliable,1,1,4,4,0
2377,5186424740821,240291.633,83.234,1786610553255932,reliable,1,1,4,4,0
2378,5186541125844,240408.018,116.385,1786610553372318,reliable,1,1,4,4,0
2379,5186626164438,240493.057,85.039,1786610553457355,reliable,1,1,4,4,0
2380,5186741485824,240608.378,115.321,1786610553572671,reliable,1,1,4,4,0
2381,5186824435608,240691.328,82.950,1786610553655623,reliable,1,1,4,4,0
2382,5186940801335,240807.694,116.366,1786610553771994,reliable,1,1,4,4,0
2383,5187026337028,240893.230,85.536,1786610553857527,reliable,1,1,4,4,0
2384,5187141595596,241008.488,115.259,1786610553972782,reliable,1,1,4,4,0
2385,5187225168394,241092.061,83.573,1786610554056359,reliable,1,1,4,4,0
2386,5187341546842,241208.439,116.378,1786610554172736,reliable,1,1,4,4,0
2387,5187424754061,241291.647,83.207,1786610554255947,reliable,1,1,4,4,0
2388,5187541297153,241408.190,116.543,1786610554372496,reliable,1,1,4,4,0
2389,5187625730379,241492.623,84.433,1786610554456916,reliable,1,1,4,4,0
2390,5187741131752,241608.024,115.401,1786610554572321,reliable,1,1,4,4,0
2391,5187825754935,241692.647,84.623,1786610554656947,reliable,1,1,4,4,0
2392,5187921648618,241788.541,95.894,1786610554752835,reliable,1,1,4,4,0
2393,5188024681517,241891.574,103.033,1786610554855874,reliable,1,1,4,4,0
2394,5188141229281,242008.122,116.548,1786610554972416,reliable,1,1,4,4,0
2395,5188225339903,242092.232,84.111,1786610555056571,reliable,1,1,4,4,0
2396,5188340722157,242207.615,115.382,1786610555171910,reliable,1,1,4,4,0
2397,5188424240059,242291.133,83.518,1786610555255432,reliable,1,1,4,4,0
2398,5188542097082,242408.990,117.857,1786610555373287,reliable,1,1,4,4,0
2399,5188629862749,242496.755,87.766,1786610555461128,reliable,1,1,4,4,0
2400,5188741679683,242608.572,111.817,1786610555572863,reliable,1,1,4,4,0
2401,5188825457846,242692.350,83.778,1786610555656656,reliable,1,1,4,4,0
2402,5188940484317,242807.377,115.026,1786610555771670,reliable,1,1,4,4,0
2403,5189024634872,242891.527,84.151,1786610555855879,reliable,1,1,4,4,0
2404,5189122087645,242988.980,97.453,1786610555953284,reliable,1,1,4,4,0
2405,5189224505504,243091.398,102.418,1786610556055697,reliable,1,1,4,4,0
2406,5189322829195,243189.722,98.324,1786610556154016,reliable,1,1,4,4,0
2407,5189424596154,243291.489,101.767,1786610556255780,reliable,1,1,4,4,0
2408,5189541030350,243407.923,116.434,1786610556372211,reliable,1,1,4,4,0
2409,5189624809687,243491.702,83.779,1786610556455996,reliable,1,1,4,4,0
2410,5189740403162,243607.296,115.593,1786610556571594,reliable,1,1,4,4,0
2411,5189826177322,243693.070,85.774,1786610556657360,reliable,1,1,4,4,0
2412,5189941693612,243808.586,115.516,1786610556772881,reliable,1,1,4,4,0
2413,5190024935402,243891.828,83.242,1786610556856128,reliable,1,1,4,4,0
2414,5190141087801,244007.980,116.152,1786610556972273,reliable,1,1,4,4,0
2415,5190224096523,244090.989,83.009,1786610557055287,reliable,1,1,4,4,0
2416,5190340989882,244207.882,116.893,1786610557172183,reliable,1,1,4,4,0
2417,5190428716870,244295.609,87.727,1786610557259909,reliable,1,1,4,4,0
2418,5190541099643,244407.992,112.383,1786610557372306,reliable,1,1,4,4,0
2419,5190624322094,244491.215,83.222,1786610557455528,reliable,1,1,4,4,0
2420,5190740991448,244607.884,116.669,1786610557572180,reliable,1,1,4,4,0
2421,5190824784982,244691.678,83.794,1786610557655975,reliable,1,1,4,4,0
2422,5190941490657,244808.383,116.706,1786610557772677,reliable,1,1,4,4,0
2423,5191025010650,244891.903,83.520,1786610557856202,reliable,1,1,4,4,0
2424,5191141771846,245008.664,116.761,1786610557972957,reliable,1,1,4,4,0
2425,5191225006642,245091.899,83.235,1786610558056196,reliable,1,1,4,4,0
2426,5191321698564,245188.591,96.692,1786610558152883,reliable,1,1,4,4,0
2427,5191427355590,245294.248,105.657,1786610558258549,reliable,1,1,4,4,0
2428,5191521698057,245388.591,94.342,1786610558352881,reliable,1,1,4,4,0
2429,5191625099807,245491.992,103.402,1786610558456291,reliable,1,1,4,4,0
2430,5191740887050,245607.780,115.787,1786610558572074,reliable,1,1,4,4,0
2431,5191823983407,245690.876,83.096,1786610558655242,reliable,1,1,4,4,0
2432,5191941091507,245807.984,117.108,1786610558772805,reliable,1,1,4,4,0
2433,5192026426117,245893.319,85.335,1786610558857618,reliable,1,1,4,4,0
2434,5192141401919,246008.294,114.976,1786610558972592,reliable,1,1,4,4,0
2435,5192226938030,246093.831,85.536,1786610559058131,reliable,1,1,4,4,0
2436,5192322300698,246189.193,95.363,1786610559153482,reliable,1,1,4,4,0
2437,5192424522380,246291.415,102.222,1786610559255711,reliable,1,1,4,4,0
2438,5192541492319,246408.385,116.970,1786610559372687,reliable,1,1,4,4,0
2439,5192626444414,246493.337,84.952,1786610559457628,reliable,1,1,4,4,0
2440,5192741384681,246608.277,114.940,1786610559572569,reliable,1,1,4,4,0
2441,5192826886932,246693.779,85.502,1786610559658078,reliable,1,1,4,4,0
2442,5192940983854,246807.876,114.097,1786610559772173,reliable,1,1,4,4,0
2443,5193025410276,246892.303,84.426,1786610559856594,reliable,1,1,4,4,0
2444,5193141330210,247008.223,115.920,1786610559972535,reliable,1,1,4,4,0
2445,5193226110711,247093.003,84.781,1786610560057305,reliable,1,1,4,4,0
2446,5193341891620,247208.784,115.781,1786610560173073,reliable,1,1,4,4,0
2447,5193424999318,247291.892,83.108,1786610560256189,reliable,1,1,4,4,0
2448,5193540989671,247407.882,115.990,1786610560372181,reliable,1,1,4,4,0
2449,5193624482559,247491.375,83.493,1786610560455672,reliable,1,1,4,4,0
2450,5193741451139,247608.344,116.969,1786610560572642,reliable,1,1,4,4,0
2451,5193824836314,247691.729,83.385,1786610560656026,reliable,1,1,4,4,0
2452,5193941867711,247808.760,117.031,1786610560773061,reliable,1,1,4,4,0
2453,5194026386636,247893.279,84.519,1786610560857577,reliable,1,1,4,4,0
2454,5194121879374,247988.772,95.493,1786610560953066,reliable,1,1,4,4,0
2455,5194224143342,248091.036,102.264,1786610561055335,reliable,1,1,4,4,0
2456,5194341199877,248208.092,117.057,1786610561172439,reliable,1,1,4,4,0
2457,5194426605464,248293.498,85.406,1786610561257795,reliable,1,1,4,4,0
2458,5194530323789,248397.216,103.718,1786610561361507,reliable,1,1,4,4,0
2459,5194624633773,248491.526,94.310,1786610561455835,reliable,1,1,4,4,0
2460,5194741946537,248608.839,117.313,1786610561573134,reliable,1,1,4,4,0
2461,5194825473624,248692.366,83.527,1786610561656667,reliable,1,1,4,4,0
2462,5194942175496,248809.068,116.702,1786610561773362,reliable,1,1,4,4,0
2463,5195025650550,248892.543,83.475,1786610561856835,reliable,1,1,4,4,0
2464,5195141345939,249008.238,115.695,1786610561972526,reliable,1,1,4,4,0
2465,5195224487124,249091.380,83.141,1786610562055680,reliable,1,1,4,4,0
2466,5195341932804,249208.825,117.446,1786610562173119,reliable,1,1,4,4,0
2467,5195424595608,249291.488,82.663,1786610562255780,reliable,1,1,4,4,0
2468,5195541891846,249408.784,117.296,1786610562373078,reliable,1,1,4,4,0
2469,5195624934049,249491.827,83.042,1786610562456116,reliable,1,1,4,4,0
2470,5195741207419,249608.100,116.273,1786610562572394,reliable,1,1,4,4,0
2471,5195824875714,249691.768,83.668,1786610562656067,reliable,1,1,4,4,0
2472,5195941131451,249808.024,116.256,1786610562772324,reliable,1,1,4,4,0
2473,5196025417135,249892.310,84.286,1786610562856608,reliable,1,1,4,4,0
2474,5196141601607,250008.494,116.184,1786610562972795,reliable,1,1,4,4,0
2475,5196226703811,250093.596,85.102,1786610563057896,reliable,1,1,4,4,0
2476,5196341379408,250208.272,114.676,1786610563172567,reliable,1,1,4,4,0
2477,5196424697734,250291.590,83.318,1786610563255882,reliable,1,1,4,4,0
2478,5196522571506,250389.464,97.874,1786610563353757,reliable,1,1,4,4,0
2479,5196624838642,250491.731,102.267,1786610563456024,reliable,1,1,4,4,0
2480,5196721871982,250588.765,97.033,1786610563553077,reliable,1,1,4,4,0
2481,5196827571728,250694.464,105.700,1786610563658761,reliable,1,1,4,4,0
2482,5196942056473,250808.949,114.485,1786610563773284,reliable,1,1,4,4,0
2483,5197025741142,250892.634,83.685,1786610563856937,reliable,1,1,4,4,0
2484,5197142155300,251009.048,116.414,1786610563973345,reliable,1,1,4,4,0
2485,5197227588540,251094.481,85.433,1786610564058781,reliable,1,1,4,4,0
2486,5197341630831,251208.523,114.042,1786610564172824,reliable,1,1,4,4,0
2487,5197427828433,251294.721,86.198,1786610564259016,reliable,1,1,4,4,0
2488,5197522159662,251389.052,94.331,1786610564353345,reliable,1,1,4,4,0
2489,5197630466612,251497.359,108.307,1786610564461660,reliable,1,1,4,4,0
2490,5197740499323,251607.392,110.033,1786610564571692,reliable,1,1,4,4,0
2491,5197824912508,251691.805,84.413,1786610564656103,reliable,1,1,4,4,0
2492,5197941876742,251808.769,116.964,1786610564773063,reliable,1,1,4,4,0
2493,5198026144036,251893.037,84.267,1786610564857337,reliable,1,1,4,4,0
2494,5198141702259,252008.595,115.558,1786610564972884,reliable,1,1,4,4,0
2495,5198226301937,252093.194,84.600,1786610565057491,reliable,1,1,4,4,0
2496,5198341754928,252208.647,115.453,1786610565173246,reliable,1,1,4,4,0
2497,5198427716356,252294.609,85.961,1786610565258901,reliable,1,1,4,4,0
2498,5198521989620,252388.882,94.273,1786610565353172,reliable,1,1,4,4,0
2499,5198626374051,252493.267,104.384,1786610565457561,reliable,1,1,4,4,0
2500,5198721791176,252588.684,95.417,1786610565552978,reliable,1,1,4,4,0
2501,5198824461047,252691.354,102.670,1786610565655653,reliable,1,1,4,4,0
2502,5198941593878,252808.486,117.133,1786610565772777,reliable,1,1,4,4,0
2503,5199026075086,252892.968,84.481,1786610565857265,reliable,1,1,4,4,0
2504,5199121858874,252988.751,95.784,1786610565953042,reliable,1,1,4,4,0
2505,5199223883766,253090.776,102.025,1786610566055069,reliable,1,1,4,4,0
2506,5199322087653,253188.980,98.204,1786610566153272,reliable,1,1,4,4,0
2507,5199424094042,253290.987,102.006,1786610566255275,reliable,1,1,4,4,0
2508,5199542692358,253409.585,118.598,1786610566373889,reliable,1,1,4,4,0
2509,5199627128787,253494.021,84.436,1786610566458318,reliable,1,1,4,4,0
2510,5199722054116,253588.947,94.925,1786610566553237,reliable,1,1,4,4,0
2511,5199825484212,253692.377,103.430,1786610566656671,reliable,1,1,4,4,0
2512,5199922161606,253789.054,96.677,1786610566753349,reliable,1,1,4,4,0
2513,5200024544962,253891.437,102.383,1786610566855733,reliable,1,1,4,4,0
2514,5200121902529,253988.795,97.358,1786610566953092,reliable,1,1,4,4,0
2515,5200226356509,254093.249,104.454,1786610567057542,reliable,1,1,4,4,0
2516,5200341800640,254208.693,115.444,1786610567172986,reliable,1,1,4,4,0
2517,5200426708044,254293.601,84.907,1786610567257904,reliable,1,1,4,4,0
2518,5200541326367,254408.219,114.618,1786610567372510,reliable,1,1,4,4,0
2519,5200624887345,254491.780,83.561,1786610567456099,reliable,1,1,4,4,0
2520,5200741499562,254608.392,116.612,1786610567572714,reliable,1,1,4,4,0
2521,5200826315379,254693.208,84.816,1786610567657507,reliable,1,1,4,4,0
2522,5200941194252,254808.087,114.879,1786610567772400,reliable,1,1,4,4,0
2523,5201024415448,254891.308,83.221,1786610567855601,reliable,1,1,4,4,0
2524,5201141180083,255008.073,116.765,1786610567972386,reliable,1,1,4,4,0
2525,5201225226312,255092.119,84.046,1786610568056411,reliable,1,1,4,4,0
2526,5201321855969,255188.748,96.630,1786610568153043,reliable,1,1,4,4,0
2527,5201424321831,255291.214,102.466,1786610568255548,reliable,1,1,4,4,0
2528,5201522300793,255389.193,97.979,1786610568353486,reliable,1,1,4,4,0
2529,5201624661052,255491.554,102.360,1786610568455846,reliable,1,1,4,4,0
2530,5201721973218,255588.866,97.312,1786610568553172,reliable,1,1,4,4,0
2531,5201828518451,255695.411,106.545,1786610568659710,reliable,1,1,4,4,0
2532,5201941377272,255808.270,112.859,1786610568772562,reliable,1,1,4,4,0
2533,5202027057383,255893.950,85.680,1786610568858244,reliable,1,1,4,4,0
2534,5202141707854,256008.600,114.650,1786610568972887,reliable,1,1,4,4,0
2535,5202225021355,256091.914,83.314,1786610569056200,reliable,1,1,4,4,0
2536,5202341694216,256208.587,116.673,1786610569172881,reliable,1,1,4,4,0
2537,5202425848209,256292.741,84.154,1786610569257065,reliable,1,1,4,4,0
2538,5202525900158,256392.793,100.052,1786610569357087,reliable,1,1,4,4,0
2539,5202626395315,256493.288,100.495,1786610569457580,reliable,1,1,4,4,0
2540,5202722470422,256589.363,96.075,1786610569553659,reliable,1,1,4,4,0
2541,5202825424024,256692.317,102.954,1786610569656617,reliable,1,1,4,4,0
2542,5202941630413,256808.523,116.206,1786610569772823,reliable,1,1,4,4,0
2543,5203025941945,256892.834,84.312,1786610569857128,reliable,1,1,4,4,0
2544,5203121731063,256988.624,95.789,1786610569952911,reliable,1,1,4,4,0
2545,5203224495855,257091.388,102.765,1786610570055679,reliable,1,1,4,4,0
2546,5203322314183,257189.207,97.818,1786610570153504,reliable,1,1,4,4,0
2547,5203425513377,257292.406,103.199,1786610570256706,reliable,1,1,4,4,0
2548,5203522045441,257388.938,96.532,1786610570353229,reliable,1,1,4,4,0
2549,5203629189123,257496.082,107.144,1786610570460379,reliable,1,1,4,4,0
2550,5203722124034,257589.017,92.935,1786610570553305,reliable,1,1,4,4,0
2551,5203825153945,257692.046,103.030,1786610570656340,reliable,1,1,4,4,0
2552,5203922254851,257789.147,97.101,1786610570753443,reliable,1,1,4,4,0
2553,5204025062934,257891.955,102.808,1786610570856252,reliable,1,1,4,4,0
2554,5204121886620,257988.779,96.824,1786610570953074,reliable,1,1,4,4,0
2555,5204225253971,258092.146,103.367,1786610571056445,reliable,1,1,4,4,0
2556,5204341576878,258208.469,116.323,1786610571172764,reliable,1,1,4,4,0
2557,5204425179033,258292.072,83.602,1786610571256365,reliable,1,1,4,4,0
2558,5204541862235,258408.755,116.683,1786610571373047,reliable,1,1,4,4,0
2559,5204625230337,258492.123,83.368,1786610571456417,reliable,1,1,4,4,0
2560,5204742154855,258609.047,116.925,1786610571573349,reliable,1,1,4,4,0
2561,5204827014793,258693.907,84.860,1786610571658200,reliable,1,1,4,4,0
2562,5204922210629,258789.103,95.196,1786610571753564,reliable,1,1,4,4,0
2563,5205024813320,258891.706,102.603,1786610571856001,reliable,1,1,4,4,0
2564,5205122057898,258988.950,97.245,1786610571953246,reliable,1,1,4,4,0
2565,5205231018969,259097.911,108.961,1786610572062210,reliable,1,1,4,4,0
2566,5205321844539,259188.737,90.826,1786610572153031,reliable,1,1,4,4,0
2567,5205424804984,259291.698,102.960,1786610572255998,reliable,1,1,4,4,0
2568,5205522243762,259389.136,97.439,1786610572353428,reliable,1,1,4,4,0
2569,5205626028158,259492.921,103.784,1786610572457220,reliable,1,1,4,4,0
2570,5205722177664,259589.070,96.150,1786610572553365,reliable,1,1,4,4,0
2571,5205825450915,259692.343,103.273,1786610572656636,reliable,1,1,4,4,0
2572,5205941840913,259808.733,116.390,1786610572773027,reliable,1,1,4,4,0
2573,5206025078123,259891.971,83.237,1786610572856264,reliable,1,1,4,4,0
2574,5206142384651,260009.277,117.307,1786610572973570,reliable,1,1,4,4,0
2575,5206225842754,260092.735,83.458,1786610573057036,reliable,1,1,4,4,0
2576,5206321858007,260188.751,96.015,1786610573153037,reliable,1,1,4,4,0
2577,5206424862952,260291.755,103.005,1786610573256050,reliable,1,1,4,4,0
2578,5206541658577,260408.551,116.796,1786610573372843,reliable,1,1,4,4,0
2579,5206624544346,260491.437,82.886,1786610573455727,reliable,1,1,4,4,0
2580,5206722103851,260588.996,97.560,1786610573553280,reliable,1,1,4,4,0
2581,5206828211476,260695.104,106.108,1786610573659398,reliable,1,1,4,4,0
2582,5206921893278,260788.786,93.682,1786610573753071,reliable,1,1,4,4,0
2583,5207024730253,260891.623,102.837,1786610573855922,reliable,1,1,4,4,0
2584,5207141730393,261008.623,117.000,1786610573972915,reliable,1,1,4,4,0
2585,5207225579374,261092.472,83.849,1786610574056770,reliable,1,1,4,4,0
2586,5207322681802,261189.574,97.102,1786610574153870,reliable,1,1,4,4,0
2587,5207425249640,261292.142,102.568,1786610574256437,reliable,1,1,4,4,0
2588,5207521824059,261388.717,96.574,1786610574353011,reliable,1,1,4,4,0
2589,5207627243883,261494.136,105.420,1786610574458432,reliable,1,1,4,4,0
2590,5207722462278,261589.355,95.218,1786610574553650,reliable,1,1,4,4,0
2591,5207825750449,261692.643,103.288,1786610574656942,reliable,1,1,4,4,0
2592,5207942368936,261809.261,116.618,1786610574773557,reliable,1,1,4,4,0
2593,5208026609024,261893.502,84.240,1786610574857799,reliable,1,1,4,4,0
2594,5208141893887,262008.786,115.285,1786610574973081,reliable,1,1,4,4,0
2595,5208225371588,262092.264,83.478,1786610575056561,reliable,1,1,4,4,0
2596,5208342095888,262208.988,116.724,1786610575173283,reliable,1,1,4,4,0
2597,5208426692132,262293.585,84.596,1786610575257881,reliable,1,1,4,4,0
2598,5208522421149,262389.314,95.729,1786610575353608,reliable,1,1,4,4,0
2599,5208625011887,262491.904,102.591,1786610575456198,reliable,1,1,4,4,0
2600,5208741917693,262608.810,116.906,1786610575573104,reliable,1,1,4,4,0
2601,5208825049912,262691.942,83.132,1786610575656230,reliable,1,1,4,4,0
2602,5208941333020,262808.226,116.283,1786610575772528,reliable,1,1,4,4,0
2603,5209026031154,262892.924,84.698,1786610575857223,reliable,1,1,4,4,0
2604,5209122279924,262989.172,96.249,1786610575953463,reliable,1,1,4,4,0
2605,5209225549388,263092.442,103.269,1786610576056736,reliable,1,1,4,4,0
2606,5209341949059,263208.842,116.400,1786610576173133,reliable,1,1,4,4,0
2607,5209425128309,263292.021,83.179,1786610576256323,reliable,1,1,4,4,0
2608,5209522310012,263389.203,97.182,1786610576353493,reliable,1,1,4,4,0
2609,5209630939276,263497.832,108.629,1786610576462131,reliable,1,1,4,4,0
2610,5209721928102,263588.821,90.989,1786610576553112,reliable,1,1,4,4,0
2611,5209826358605,263693.251,104.431,1786610576657547,reliable,1,1,4,4,0
2612,5209922640676,263789.533,96.282,1786610576753824,reliable,1,1,4,4,0
2613,5210025380812,263892.273,102.740,1786610576856589,reliable,1,1,4,4,0
2614,5210142166283,264009.059,116.785,1786610576973353,reliable,1,1,4,4,0
2615,5210226304295,264093.197,84.138,1786610577057493,reliable,1,1,4,4,0
2616,5210321661059,264188.554,95.357,1786610577152844,reliable,1,1,4,4,0
2617,5210424870472,264291.763,103.209,1786610577256059,reliable,1,1,4,4,0
2618,5210542270436,264409.163,117.400,1786610577373456,reliable,1,1,4,4,0
2619,5210625469964,264492.362,83.200,1786610577456657,reliable,1,1,4,4,0
2620,5210741878070,264608.771,116.408,1786610577573063,reliable,1,1,4,4,0
2621,5210825064062,264691.957,83.186,1786610577656250,reliable,1,1,4,4,0
2622,5210941409544,264808.302,116.345,1786610577772586,reliable,1,1,4,4,0
2623,5211024526095,264891.419,83.117,1786610577855712,reliable,1,1,4,4,0
2624,5211122577945,264989.470,98.052,1786610577953763,reliable,1,1,4,4,0
2625,5211229042352,265095.935,106.464,1786610578060291,reliable,1,1,4,4,0
2626,5211341909744,265208.802,112.867,1786610578173095,reliable,1,1,4,4,0
2627,5211427805885,265294.698,85.896,1786610578258995,reliable,1,1,4,4,0
2628,5211521864503,265388.757,94.059,1786610578353047,reliable,1,1,4,4,0
2629,5211627127156,265494.020,105.263,1786610578458315,reliable,1,1,4,4,0
2630,5211722567110,265589.460,95.440,1786610578553750,reliable,1,1,4,4,0
2631,5211825443865,265692.336,102.877,1786610578656633,reliable,1,1,4,4,0
2632,5211922453990,265789.347,97.010,1786610578753638,reliable,1,1,4,4,0
2633,5212025451291,265892.344,102.997,1786610578856639,reliable,1,1,4,4,0
2634,5212121774493,265988.667,96.323,1786610578952958,reliable,1,1,4,4,0
2635,5212226442857,266093.335,104.668,1786610579057631,reliable,1,1,4,4,0
2636,5212342369136,266209.262,115.926,1786610579173554,reliable,1,1,4,4,0
2637,5212425971404,266292.864,83.602,1786610579257156,reliable,1,1,4,4,0
2638,5212542098774,266408.991,116.127,1786610579373289,reliable,1,1,4,4,0
2639,5212626742020,266493.635,84.643,1786610579457929,reliable,1,1,4,4,0
2640,5212728609049,266595.502,101.867,1786610579559793,reliable,1,1,4,4,0
2641,5212827213591,266694.106,98.605,1786610579658403,reliable,1,1,4,4,0
2642,5212942087020,266808.980,114.873,1786610579773276,reliable,1,1,4,4,0
2643,5213028178995,266895.072,86.092,1786610579859361,reliable,1,1,4,4,0
2644,5213122000766,266988.893,93.822,1786610579953222,reliable,1,1,4,4,0
2645,5213226875201,267093.768,104.874,1786610580058062,reliable,1,1,4,4,0
2646,5213322547617,267189.440,95.672,1786610580153731,reliable,1,1,4,4,0
2647,5213428976793,267295.869,106.429,1786610580260165,reliable,1,1,4,4,0
2648,5213542169060,267409.062,113.192,1786610580373359,reliable,1,1,4,4,0
2649,5213626592900,267493.485,84.424,1786610580457828,reliable,1,1,4,4,0
2650,5213721767164,267588.660,95.174,1786610580552949,reliable,1,1,4,4,0
2651,5213825780266,267692.673,104.013,1786610580656967,reliable,1,1,4,4,0
2652,5213922823842,267789.716,97.044,1786610580754001,reliable,1,1,4,4,0
2653,5214029043190,267895.936,106.219,1786610580860234,reliable,1,1,4,4,0
2654,5214122526225,267989.419,93.483,1786610580953711,reliable,1,1,4,4,0
2655,5214225800109,268092.693,103.274,1786610581056988,reliable,1,1,4,4,0
2656,5214322609365,268189.502,96.809,1786610581153832,reliable,1,1,4,4,0
2657,5214426240721,268293.133,103.631,1786610581257431,reliable,1,1,4,4,0
2658,5214542077756,268408.970,115.837,1786610581373262,reliable,1,1,4,4,0
2659,5214625934441,268492.827,83.857,1786610581457154,reliable,1,1,4,4,0
2660,5214721777729,268588.670,95.843,1786610581552960,reliable,1,1,4,4,0
2661,5214831180863,268698.073,109.403,1786610581662370,reliable,1,1,4,4,0
2662,5214921716829,268788.609,90.536,1786610581752904,reliable,1,1,4,4,0
2663,5215025807040,268892.700,104.090,1786610581856997,reliable,1,1,4,4,0
2664,5215122532231,268989.425,96.725,1786610581953717,reliable,1,1,4,4,0
2665,5215226006843,269092.899,103.475,1786610582057199,reliable,1,1,4,4,0
2666,5215322825784,269189.718,96.819,1786610582154033,reliable,1,1,4,4,0
2667,5215425842814,269292.735,103.017,1786610582257031,reliable,1,1,4,4,0
2668,5215522702844,269389.595,96.860,1786610582353885,reliable,1,1,4,4,0
2669,5215625470206,269492.363,102.767,1786610582456658,reliable,1,1,4,4,0
2670,5215722974087,269589.867,97.504,1786610582554160,reliable,1,1,4,4,0
2671,5215828439798,269695.332,105.466,1786610582659630,reliable,1,1,4,4,0
2672,5215942106447,269808.999,113.667,1786610582773303,reliable,1,1,4,4,0
2673,5216026929250,269893.822,84.823,1786610582858115,reliable,1,1,4,4,0
2674,5216141914514,270008.807,114.985,1786610582973095,reliable,1,1,4,4,0
2675,5216224903424,270091.796,82.989,1786610583056090,reliable,1,1,4,4,0
2676,5216322261340,270189.154,97.358,1786610583153449,reliable,1,1,4,4,0
2677,5216427464122,270294.357,105.203,1786610583258654,reliable,1,1,4,4,0
2678,5216521758083,270388.651,94.294,1786610583352947,reliable,1,1,4,4,0
2679,5216624864190,270491.757,103.106,1786610583456053,reliable,1,1,4,4,0
2680,5216722653153,270589.546,97.789,1786610583553838,reliable,1,1,4,4,0
2681,5216830954643,270697.847,108.301,1786610583662135,reliable,1,1,4,4,0
2682,5216922294474,270789.187,91.340,1786610583753472,reliable,1,1,4,4,0
2683,5217025304068,270892.197,103.010,1786610583856486,reliable,1,1,4,4,0
2684,5217122920516,270989.813,97.616,1786610583954125,reliable,1,1,4,4,0
2685,5217225403023,271092.296,102.483,1786610584056593,reliable,1,1,4,4,0
2686,5217322648829,271189.541,97.246,1786610584153836,reliable,1,1,4,4,0
2687,5217429600781,271296.493,106.952,1786610584260791,reliable,1,1,4,4,0
2688,5217521723462,271388.616,92.123,1786610584352898,reliable,1,1,4,4,0
2689,5217624509425,271491.402,102.786,1786610584455699,reliable,1,1,4,4,0
2690,5217722865394,271589.758,98.356,1786610584554044,reliable,1,1,4,4,0
2691,5217825568123,271692.461,102.703,1786610584656780,reliable,1,1,4,4,0
2692,5217921697751,271788.590,96.130,1786610584752877,reliable,1,1,4,4,0
2693,5218026799592,271893.692,105.102,1786610584857988,reliable,1,1,4,4,0
2694,5218122490236,271989.383,95.691,1786610584953669,reliable,1,1,4,4,0
2695,5218226786298,272093.679,104.296,1786610585057975,reliable,1,1,4,4,0
2696,5218321790296,272188.683,95.004,1786610585152969,reliable,1,1,4,4,0
2697,5218426959870,272293.852,105.170,1786610585258181,reliable,1,1,4,4,0
2698,5218521923868,272388.816,94.964,1786610585353132,reliable,1,1,4,4,0
2699,5218625068193,272491.961,103.144,1786610585456257,reliable,1,1,4,4,0
2700,5218721772987,272588.666,96.705,1786610585552982,reliable,1,1,4,4,0
2701,5218826792799,272693.685,105.020,1786610585657982,reliable,1,1,4,4,0
2702,5218922721165,272789.614,95.928,1786610585753911,reliable,1,1,4,4,0
2703,5219025856753,272892.749,103.136,1786610585857044,reliable,1,1,4,4,0
2704,5219121900897,272988.793,96.044,1786610585953076,reliable,1,1,4,4,0
2705,5219226850269,273093.743,104.949,1786610586058041,reliable,1,1,4,4,0
2706,5219323290985,273190.184,96.441,1786610586154471,reliable,1,1,4,4,0
2707,5219425505075,273292.398,102.214,1786610586256686,reliable,1,1,4,4,0
2708,5219522971119,273389.864,97.466,1786610586354149,reliable,1,1,4,4,0
2709,5219624864371,273491.757,101.893,1786610586456060,reliable,1,1,4,4,0
2710,5219741843791,273608.736,116.979,1786610586573026,reliable,1,1,4,4,0
2711,5219826482905,273693.375,84.639,1786610586657673,reliable,1,1,4,4,0
2712,5219942280577,273809.173,115.798,1786610586773471,reliable,1,1,4,4,0
2713,5220027261233,273894.154,84.981,1786610586858450,reliable,1,1,4,4,0
2714,5220123161075,273990.054,95.900,1786610586954393,reliable,1,1,4,4,0
2715,5220229378232,274096.271,106.217,1786610587060567,reliable,1,1,4,4,0
2716,5220323126989,274190.020,93.749,1786610587154310,reliable,1,1,4,4,0
2717,5220425573423,274292.466,102.446,1786610587256760,reliable,1,1,4,4,0
2718,5220522594233,274389.487,97.021,1786610587353773,reliable,1,1,4,4,0
2719,5220627249503,274494.142,104.655,1786610587458437,reliable,1,1,4,4,0
2720,5220722144775,274589.037,94.895,1786610587553328,reliable,1,1,4,4,0
2721,5220825558296,274692.451,103.414,1786610587656751,reliable,1,1,4,4,0
2722,5220922191388,274789.084,96.633,1786610587753378,reliable,1,1,4,4,0
2723,5221027543149,274894.436,105.352,1786610587858739,reliable,1,1,4,4,0
2724,5221122964733,274989.857,95.422,1786610587954151,reliable,1,1,4,4,0
2725,5221225216695,275092.109,102.252,1786610588056402,reliable,1,1,4,4,0
2726,5221321886544,275188.779,96.670,1786610588153070,reliable,1,1,4,4,0
2727,5221424452105,275291.345,102.566,1786610588255642,reliable,1,1,4,4,0
2728,5221522092498,275388.985,97.640,1786610588353280,reliable,1,1,4,4,0
2729,5221626162243,275493.055,104.070,1786610588457360,reliable,1,1,4,4,0
2730,5221722377909,275589.270,96.216,1786610588553558,reliable,1,1,4,4,0
2731,5221825513878,275692.406,103.136,1786610588656730,reliable,1,1,4,4,0
2732,5221923480101,275790.373,97.966,1786610588754681,reliable,1,1,4,4,0
2733,5222026277985,275893.171,102.798,1786610588857491,reliable,1,1,4,4,0
2734,5222122337713,275989.230,96.060,1786610588953525,reliable,1,1,4,4,0
2735,5222224718720,276091.611,102.381,1786610589055935,reliable,1,1,4,4,0
2736,5222322358238,276189.251,97.640,1786610589153549,reliable,1,1,4,4,0
2737,5222425023309,276291.916,102.665,1786610589256215,reliable,1,1,4,4,0
2738,5222522758029,276389.651,97.735,1786610589353938,reliable,1,1,4,4,0
2739,5222625644287,276492.537,102.886,1786610589456826,reliable,1,1,4,4,0
2740,5222721982217,276588.875,96.338,1786610589553164,reliable,1,1,4,4,0
2741,5222827157728,276694.050,105.176,1786610589658335,reliable,1,1,4,4,0
2742,5222923381127,276790.274,96.223,1786610589754565,reliable,1,1,4,4,0
2743,5223026135767,276893.028,102.755,1786610589857319,reliable,1,1,4,4,0
2744,5223122184060,276989.077,96.048,1786610589953369,reliable,1,1,4,4,0
2745,5223227050568,277093.943,104.867,1786610590058230,reliable,1,1,4,4,0
2746,5223322290101,277189.183,95.240,1786610590153507,reliable,1,1,4,4,0
2747,5223427824038,277294.717,105.534,1786610590259015,reliable,1,1,4,4,0
2748,5223522918481,277389.811,95.094,1786610590354103,reliable,1,1,4,4,0
2749,5223626283135,277493.176,103.365,1786610590457475,reliable,1,1,4,4,0
2750,5223721978579,277588.871,95.695,1786610590553163,reliable,1,1,4,4,0
2751,5223827271937,277694.164,105.293,1786610590658455,reliable,1,1,4,4,0
2752,5223930959572,277797.852,103.688,1786610590762148,reliable,1,1,4,4,0
2753,5224030538023,277897.431,99.578,1786610590861726,reliable,1,1,4,4,0
2754,5224123205323,277990.098,92.667,1786610590954388,reliable,1,1,4,4,0
2755,5224227015835,278093.908,103.811,1786610591058202,reliable,1,1,4,4,0
2756,5224342158360,278209.051,115.143,1786610591173346,reliable,1,1,4,4,0
2757,5224426491214,278293.384,84.333,1786610591257682,reliable,1,1,4,4,0
2758,5224522172023,278389.065,95.681,1786610591353355,reliable,1,1,4,4,0
2759,5224627369175,278494.262,105.197,1786610591458549,reliable,1,1,4,4,0
2760,5224723290693,278590.183,95.922,1786610591554475,reliable,1,1,4,4,0
2761,5224826314498,278693.207,103.024,1786610591657506,reliable,1,1,4,4,0
2762,5224922972763,278789.865,96.658,1786610591754158,reliable,1,1,4,4,0
2763,5225026294718,278893.187,103.322,1786610591857489,reliable,1,1,4,4,0
2764,5225123217275,278990.110,96.923,1786610591954405,reliable,1,1,4,4,0
2765,5225226307540,279093.200,103.090,1786610592057493,reliable,1,1,4,4,0
2766,5225321955507,279188.848,95.648,1786610592153139,reliable,1,1,4,4,0
2767,5225425531470,279292.424,103.576,1786610592256717,reliable,1,1,4,4,0
2768,5225523026697,279389.919,97.495,1786610592354212,reliable,1,1,4,4,0
2769,5225626359424,279493.252,103.333,1786610592457550,reliable,1,1,4,4,0
2770,5225722078848,279588.971,95.719,1786610592553264,reliable,1,1,4,4,0
2771,5225825849982,279692.743,103.771,1786610592657035,reliable,1,1,4,4,0
2772,5225922085734,279788.978,96.236,1786610592753272,reliable,1,1,4,4,0
2773,5226026494766,279893.387,104.409,1786610592857685,reliable,1,1,4,4,0
2774,5226122556403,279989.449,96.062,1786610592953743,reliable,1,1,4,4,0
2775,5226226732562,280093.625,104.176,1786610593057919,reliable,1,1,4,4,0
2776,5226322257604,280189.150,95.525,1786610593153444,reliable,1,1,4,4,0
2777,5226425007750,280291.900,102.750,1786610593256198,reliable,1,1,4,4,0
2778,5226523408101,280390.301,98.400,1786610593354593,reliable,1,1,4,4,0
2779,5226625863651,280492.756,102.456,1786610593457045,reliable,1,1,4,4,0
2780,5226723193042,280590.086,97.329,1786610593554379,reliable,1,1,4,4,0
2781,5226826079862,280692.972,102.887,1786610593657267,reliable,1,1,4,4,0
2782,5226923398116,280790.291,97.318,1786610593754582,reliable,1,1,4,4,0
2783,5227026311306,280893.204,102.913,1786610593857504,reliable,1,1,4,4,0
2784,5227122548263,280989.441,96.237,1786610593953775,reliable,1,1,4,4,0
2785,5227227452837,281094.345,104.905,1786610594058645,reliable,1,1,4,4,0
2786,5227322791050,281189.684,95.338,1786610594153973,reliable,1,1,4,4,0
2787,5227427423582,281294.316,104.633,1786610594258611,reliable,1,1,4,4,0
2788,5227523362316,281390.255,95.939,1786610594354561,reliable,1,1,4,4,0
2789,5227625963810,281492.856,102.601,1786610594457151,reliable,1,1,4,4,0
2790,5227723583498,281590.476,97.620,1786610594554771,reliable,1,1,4,4,0
2791,5227827370737,281694.263,103.787,1786610594658558,reliable,1,1,4,4,0
2792,5227922889209,281789.782,95.518,1786610594754079,reliable,1,1,4,4,0
2793,5228027967444,281894.860,105.078,1786610594859239,reliable,1,1,4,4,0
2794,5228122575694,281989.468,94.608,1786610594953761,reliable,1,1,4,4,0
2795,5228225798023,282092.691,103.222,1786610595056991,reliable,1,1,4,4,0
2796,5228323227809,282190.120,97.430,1786610595154414,reliable,1,1,4,4,0
2797,5228426311474,282293.204,103.084,1786610595257499,reliable,1,1,4,4,0
2798,5228522666428,282389.559,96.355,1786610595353850,reliable,1,1,4,4,0
2799,5228625682893,282492.575,103.016,1786610595456870,reliable,1,1,4,4,0
2800,5228722173305,282589.066,96.490,1786610595553356,reliable,1,1,4,4,0
2801,5228827060358,282693.953,104.887,1786610595658249,reliable,1,1,4,4,0
2802,5228922584099,282789.477,95.524,1786610595753767,reliable,1,1,4,4,0
2803,5229026787078,282893.680,104.203,1786610595857974,reliable,1,1,4,4,0
2804,5229123617047,282990.510,96.830,1786610595954805,reliable,1,1,4,4,0
2805,5229226050360,283092.943,102.433,1786610596057243,reliable,1,1,4,4,0
2806,5229323503529,283190.396,97.453,1786610596154682,reliable,1,1,4,4,0
2807,5229426092327,283292.985,102.589,1786610596257285,reliable,1,1,4,4,0
2808,5229522743115,283389.636,96.651,1786610596353964,reliable,1,1,4,4,0
2809,5229630775293,283497.668,108.032,1786610596461961,reliable,1,1,4,4,0
2810,5229722214930,283589.107,91.440,1786610596553400,reliable,1,1,4,4,0
2811,5229826225446,283693.118,104.011,1786610596657415,reliable,1,1,4,4,0
2812,5229923399474,283790.292,97.174,1786610596754593,reliable,1,1,4,4,0
2813,5230028764411,283895.657,105.365,1786610596859954,reliable,1,1,4,4,0
2814,5230123957545,283990.850,95.193,1786610596955134,reliable,1,1,4,4,0
2815,5230226144347,284093.037,102.187,1786610597057332,reliable,1,1,4,4,0
2816,5230324279692,284191.172,98.135,1786610597155470,reliable,1,1,4,4,0
2817,5230426569851,284293.462,102.290,1786610597257760,reliable,1,1,4,4,0
2818,5230522717997,284389.611,96.148,1786610597353950,reliable,1,1,4,4,0
2819,5230628450032,284495.343,105.732,1786610597459638,reliable,1,1,4,4,0
2820,5230722569539,284589.462,94.120,1786610597553753,reliable,1,1,4,4,0
2821,5230827470522,284694.363,104.901,1786610597658652,reliable,1,1,4,4,0
2822,5230923562475,284790.455,96.092,1786610597754740,reliable,1,1,4,4,0
2823,5231026367970,284893.260,102.805,1786610597857557,reliable,1,1,4,4,0
2824,5231123391457,284990.284,97.023,1786610597954577,reliable,1,1,4,4,0
2825,5231226230035,285093.123,102.839,1786610598057423,reliable,1,1,4,4,0
2826,5231322439515,285189.332,96.209,1786610598153627,reliable,1,1,4,4,0
2827,5231426497722,285293.390,104.058,1786610598257685,reliable,1,1,4,4,0
2828,5231522576416,285389.469,96.079,1786610598353759,reliable,1,1,4,4,0
2829,5231627827793,285494.720,105.251,1786610598459014,reliable,1,1,4,4,0
2830,5231722914121,285589.807,95.086,1786610598554098,reliable,1,1,4,4,0
2831,5231831498411,285698.391,108.584,1786610598662693,reliable,1,1,4,4,0
2832,5231922291522,285789.184,90.793,1786610598753468,reliable,1,1,4,4,0
2833,5232025559093,285892.452,103.268,1786610598856746,reliable,1,1,4,4,0
2834,5232123569945,285990.462,98.011,1786610598954754,reliable,1,1,4,4,0
2835,5232227408974,286094.302,103.839,1786610599058594,reliable,1,1,4,4,0
2836,5232322635870,286189.528,95.227,1786610599153820,reliable,1,1,4,4,0
2837,5232428840337,286295.733,106.204,1786610599260022,reliable,1,1,4,4,0
2838,5232523825757,286390.718,94.985,1786610599355009,reliable,1,1,4,4,0
2839,5232626262488,286493.155,102.437,1786610599457453,reliable,1,1,4,4,0
2840,5232723476261,286590.369,97.214,1786610599554662,reliable,1,1,4,4,0
2841,5232826450185,286693.343,102.974,1786610599657638,reliable,1,1,4,4,0
2842,5232929976276,286796.869,103.526,1786610599761169,reliable,1,1,4,4,0
2843,5233024163956,286891.056,94.188,1786610599855349,reliable,1,1,4,4,0
2844,5233123783141,286990.676,99.619,1786610599954971,reliable,1,1,4,4,0
2845,5233228396635,287095.289,104.613,1786610600059588,reliable,1,1,4,4,0
2846,5233322558705,287189.451,94.162,1786610600153743,reliable,1,1,4,4,0
2847,5233427403589,287294.296,104.845,1786610600258591,reliable,1,1,4,4,0
2848,5233523522615,287390.415,96.119,1786610600354706,reliable,1,1,4,4,0
2849,5233629429499,287496.322,105.907,1786610600460613,reliable,1,1,4,4,0
2850,5233722391071,287589.284,92.962,1786610600553574,reliable,1,1,4,4,0
2851,5233825995968,287692.888,103.605,1786610600657188,reliable,1,1,4,4,0
2852,5233923383270,287790.276,97.387,1786610600754566,reliable,1,1,4,4,0
2853,5234026265597,287893.158,102.882,1786610600857455,reliable,1,1,4,4,0
2854,5234123684771,287990.577,97.419,1786610600954867,reliable,1,1,4,4,0
2855,5234228960472,288095.853,105.276,1786610601060152,reliable,1,1,4,4,0
2856,5234322507002,288189.400,93.547,1786610601153691,reliable,1,1,4,4,0
2857,5234428634102,288295.527,106.127,1786610601259825,reliable,1,1,4,4,0
2858,5234522896323,288389.789,94.262,1786610601354081,reliable,1,1,4,4,0
2859,5234627652906,288494.545,104.757,1786610601458839,reliable,1,1,4,4,0
2860,5234722675843,288589.568,95.023,1786610601553862,reliable,1,1,4,4,0
2861,5234825638864,288692.531,102.963,1786610601656827,reliable,1,1,4,4,0
2862,5234922222527,288789.115,96.584,1786610601753486,reliable,1,1,4,4,0
2863,5235026992583,288893.885,104.770,1786610601858182,reliable,1,1,4,4,0
2864,5235122754826,288989.647,95.762,1786610601953942,reliable,1,1,4,4,0
2865,5235228110772,289095.003,105.356,1786610602059301,reliable,1,1,4,4,0
2866,5235322129204,289189.022,94.018,1786610602153315,reliable,1,1,4,4,0
2867,5235426278727,289293.171,104.150,1786610602257462,reliable,1,1,4,4,0
2868,5235523546038,289390.439,97.267,1786610602354750,reliable,1,1,4,4,0
2869,5235626770204,289493.663,103.224,1786610602457958,reliable,1,1,4,4,0
2870,5235723175423,289590.068,96.405,1786610602554364,reliable,1,1,4,4,0
2871,5235830916071,289697.809,107.741,1786610602662106,reliable,1,1,4,4,0
2872,5235923837654,289790.730,92.922,1786610602755071,reliable,1,1,4,4,0
2873,5236026297393,289893.190,102.460,1786610602857486,reliable,1,1,4,4,0
2874,5236122270797,289989.163,95.973,1786610602953449,reliable,1,1,4,4,0
2875,5236227282184,290094.175,105.011,1786610603058468,reliable,1,1,4,4,0
2876,5236323615807,290190.508,96.334,1786610603154803,reliable,1,1,4,4,0
2877,5236429982695,290296.875,106.367,1786610603261174,reliable,1,1,4,4,0
2878,5236522479687,290389.372,92.497,1786610603353658,reliable,1,1,4,4,0
2879,5236625763491,290492.656,103.284,1786610603456954,reliable,1,1,4,4,0
2880,5236723731730,290590.624,97.968,1786610603554917,reliable,1,1,4,4,0
2881,5236826782122,290693.675,103.050,1786610603657973,reliable,1,1,4,4,0
2882,5236922942303,290789.835,96.160,1786610603754133,reliable,1,1,4,4,0
2883,5237028204472,290895.097,105.262,1786610603859397,reliable,1,1,4,4,0
2884,5237122349359,290989.242,94.145,1786610603953527,reliable,1,1,4,4,0
2885,5237225416866,291092.309,103.068,1786610604056608,reliable,1,1,4,4,0
2886,5237322723837,291189.616,97.307,1786610604153904,reliable,1,1,4,4,0
2887,5237429047546,291295.940,106.324,1786610604260232,reliable,1,1,4,4,0
2888,5237523884338,291390.777,94.837,1786610604355075,reliable,1,1,4,4,0
2889,5237626277462,291493.170,102.393,1786610604457464,reliable,1,1,4,4,0
2890,5237722540546,291589.433,96.263,1786610604553721,reliable,1,1,4,4,0
2891,5237827820336,291694.713,105.280,1786610604659010,reliable,1,1,4,4,0
2892,5237922886507,291789.779,95.066,1786610604754065,reliable,1,1,4,4,0
2893,5238030965793,291897.858,108.079,1786610604862155,reliable,1,1,4,4,0
2894,5238124239042,291991.132,93.273,1786610604955424,reliable,1,1,4,4,0
2895,5238226583040,292093.476,102.344,1786610605057773,reliable,1,1,4,4,0
2896,5238322751840,292189.644,96.169,1786610605153934,reliable,1,1,4,4,0
2897,5238427823296,292294.716,105.071,1786610605259013,reliable,1,1,4,4,0
2898,5238523362744,292390.255,95.539,1786610605354538,reliable,1,1,4,4,0
2899,5238636429642,292503.322,113.067,1786610605467639,reliable,1,1,4,4,0
2900,5238723383655,292590.276,86.954,1786610605554560,reliable,1,1,4,4,0
2901,5238826544171,292693.437,103.161,1786610605657735,reliable,1,1,4,4,0
2902,5238923883068,292790.776,97.339,1786610605755067,reliable,1,1,4,4,0
2903,5239026553946,292893.446,102.671,1786610605857744,reliable,1,1,4,4,0
2904,5239122986014,292989.879,96.432,1786610605954184,reliable,1,1,4,4,0
2905,5239228109273,293095.002,105.123,1786610606059302,reliable,1,1,4,4,0
2906,5239324082733,293190.975,95.973,1786610606155268,reliable,1,1,4,4,0
2907,5239426710303,293293.603,102.628,1786610606257902,reliable,1,1,4,4,0
2908,5239523525631,293390.418,96.815,1786610606354704,reliable,1,1,4,4,0
2909,5239626817435,293493.710,103.292,1786610606458006,reliable,1,1,4,4,0
2910,5239723075794,293589.968,96.258,1786610606554256,reliable,1,1,4,4,0
2911,5239826226444,293693.119,103.151,1786610606657420,reliable,1,1,4,4,0
2912,5239922733991,293789.627,96.508,1786610606753918,reliable,1,1,4,4,0
2913,5240026084708,293892.977,103.351,1786610606857276,reliable,1,1,4,4,0
2914,5240124548603,293991.441,98.464,1786610606955728,reliable,1,1,4,4,0
2915,5240230892028,294097.785,106.343,1786610607062087,reliable,1,1,4,4,0
2916,5240323220690,294190.113,92.329,1786610607154400,reliable,1,1,4,4,0
2917,5240427790101,294294.683,104.569,1786610607258981,reliable,1,1,4,4,0
2918,5240523779135,294390.672,95.989,1786610607354965,reliable,1,1,4,4,0
2919,5240626744107,294493.637,102.965,1786610607457939,reliable,1,1,4,4,0
2920,5240723117083,294590.010,96.373,1786610607554304,reliable,1,1,4,4,0
2921,5240831647766,294698.540,108.531,1786610607662837,reliable,1,1,4,4,0
2922,5240922992286,294789.885,91.345,1786610607754175,reliable,1,1,4,4,0
2923,5241025768488,294892.661,102.776,1786610607856951,reliable,1,1,4,4,0
2924,5241122738015,294989.631,96.970,1786610607953925,reliable,1,1,4,4,0
2925,5241225713478,295092.606,102.975,1786610608056898,reliable,1,1,4,4,0
2926,5241323681410,295190.574,97.968,1786610608154867,reliable,1,1,4,4,0
2927,5241426406720,295293.299,102.725,1786610608257639,reliable,1,1,4,4,0
2928,5241524147577,295391.040,97.741,1786610608355335,reliable,1,1,4,4,0
2929,5241626657556,295493.550,102.510,1786610608457841,reliable,1,1,4,4,0
2930,5241723943078,295590.836,97.286,1786610608555126,reliable,1,1,4,4,0
2931,5241826953257,295693.846,103.010,1786610608658147,reliable,1,1,4,4,0
2932,5241923930807,295790.823,96.978,1786610608755119,reliable,1,1,4,4,0
2933,5242027317534,295894.210,103.387,1786610608858510,reliable,1,1,4,4,0
2934,5242123432480,295990.325,96.115,1786610608954611,reliable,1,1,4,4,0
2935,5242228072948,296094.965,104.640,1786610609059264,reliable,1,1,4,4,0
2936,5242323437377,296190.330,95.364,1786610609154661,reliable,1,1,4,4,0
2937,5242431885380,296298.778,108.448,1786610609263072,reliable,1,1,4,4,0
2938,5242523702912,296390.595,91.818,1786610609354889,reliable,1,1,4,4,0
2939,5242626478485,296493.371,102.776,1786610609457662,reliable,1,1,4,4,0
2940,5242724323141,296591.216,97.845,1786610609555510,reliable,1,1,4,4,0
2941,5242826576786,296693.469,102.254,1786610609657759,reliable,1,1,4,4,0
2942,5242922806731,296789.699,96.230,1786610609753986,reliable,1,1,4,4,0
2943,5243031229838,296898.122,108.423,1786610609862418,reliable,1,1,4,4,0
2944,5243123959159,296990.852,92.729,1786610609955237,reliable,1,1,4,4,0
2945,5243227424591,297094.317,103.465,1786610610058618,reliable,1,1,4,4,0
2946,5243324335208,297191.228,96.911,1786610610155521,reliable,1,1,4,4,0
2947,5243426956592,297293.849,102.621,1786610610258144,reliable,1,1,4,4,0
2948,5243523235392,297390.128,96.279,1786610610354424,reliable,1,1,4,4,0
2949,5243627544287,297494.437,104.309,1786610610458731,reliable,1,1,4,4,0
2950,5243723544108,297590.437,96.000,1786610610554734,reliable,1,1,4,4,0
2951,5243825714029,297692.607,102.170,1786610610656902,reliable,1,1,4,4,0
2952,5243924339774,297791.232,98.626,1786610610755562,reliable,1,1,4,4,0
2953,5244027062215,297893.955,102.722,1786610610858250,reliable,1,1,4,4,0
2954,5244123815710,297990.708,96.753,1786610610955002,reliable,1,1,4,4,0
2955,5244228054998,298094.948,104.239,1786610611059240,reliable,1,1,4,4,0
2956,5244324265692,298191.158,96.211,1786610611155456,reliable,1,1,4,4,0
2957,5244426879449,298293.772,102.614,1786610611258061,reliable,1,1,4,4,0
2958,5244524627795,298391.520,97.748,1786610611355838,reliable,1,1,4,4,0
2959,5244631719662,298498.612,107.092,1786610611462908,reliable,1,1,4,4,0
2960,5244723200850,298590.093,91.481,1786610611554451,reliable,1,1,4,4,0
2961,5244827526311,298694.419,104.325,1786610611658717,reliable,1,1,4,4,0
2962,5244924275924,298791.168,96.750,1786610611755462,reliable,1,1,4,4,0
2963,5245027012435,298893.905,102.737,1786610611858200,reliable,1,1,4,4,0
2964,5245124100036,298990.993,97.088,1786610611955287,reliable,1,1,4,4,0
2965,5245230681137,299097.574,106.581,1786610612061872,reliable,1,1,4,4,0
2966,5245323375261,299190.268,92.694,1786610612154557,reliable,1,1,4,4,0
2967,5245425785741,299292.678,102.410,1786610612256976,reliable,1,1,4,4,0
2968,5245522775411,299389.668,96.990,1786610612353957,reliable,1,1,4,4,0
2969,5245626191601,299493.084,103.416,1786610612457381,reliable,1,1,4,4,0
2970,5245723077174,299589.970,96.886,1786610612554262,reliable,1,1,4,4,0
2971,5245827680740,299694.573,104.604,1786610612658867,reliable,1,1,4,4,0
2972,5245923149781,299790.042,95.469,1786610612754335,reliable,1,1,4,4,0
2973,5246028295690,299895.188,105.146,1786610612859483,reliable,1,1,4,4,0
2974,5246124488998,299991.382,96.193,1786610612955692,reliable,1,1,4,4,0
2975,5246227059667,300093.952,102.571,1786610613058250,reliable,1,1,4,4,0
2976,5246323824620,300190.717,96.765,1786610613155025,reliable,1,1,4,4,0
2977,5246427191230,300294.084,103.367,1786610613258379,reliable,1,1,4,4,0
2978,5246524187803,300391.080,96.997,1786610613355373,reliable,1,1,4,4,0
2979,5246626845124,300493.738,102.657,1786610613458037,reliable,1,1,4,4,0
2980,5246724356903,300591.249,97.512,1786610613555543,reliable,1,1,4,4,0
2981,5246830886212,300697.779,106.529,1786610613662079,reliable,1,1,4,4,0
2982,5246923237378,300790.130,92.351,1786610613754425,reliable,1,1,4,4,0
2983,5247028277483,300895.170,105.040,1786610613859465,reliable,1,1,4,4,0
2984,5247124542302,300991.435,96.265,1786610613955728,reliable,1,1,4,4,0
2985,5247227349699,301094.242,102.807,1786610614058576,reliable,1,1,4,4,0
2986,5247322908642,301189.801,95.559,1786610614154092,reliable,1,1,4,4,0
2987,5247430189855,301297.082,107.281,1786610614261371,reliable,1,1,4,4,0
2988,5247523426367,301390.319,93.237,1786610614354614,reliable,1,1,4,4,0
2989,5247627914678,301494.807,104.488,1786610614459106,reliable,1,1,4,4,0
2990,5247723598679,301590.491,95.684,1786610614554782,reliable,1,1,4,4,0
2991,5247826101299,301692.994,102.503,1786610614657291,reliable,1,1,4,4,0
2992,5247923753775,301790.646,97.652,1786610614754938,reliable,1,1,4,4,0
2993,5248028964783,301895.857,105.211,1786610614860153,reliable,1,1,4,4,0
2994,5248123408768,301990.301,94.444,1786610614954591,reliable,1,1,4,4,0
2995,5248229077793,302095.970,105.669,1786610615060279,reliable,1,1,4,4,0
2996,5248324575510,302191.468,95.498,1786610615155767,reliable,1,1,4,4,0
2997,5248426962662,302293.855,102.387,1786610615258147,reliable,1,1,4,4,0
2998,5248524190834,302391.083,97.228,1786610615355371,reliable,1,1,4,4,0
2999,5248627675186,302494.568,103.484,1786610615458861,reliable,1,1,4,4,0
3000,5248723478443,302590.371,95.803,1786610615554654,reliable,1,1,4,4,0
3001,5248828592543,302695.485,105.114,1786610615659781,reliable,1,1,4,4,0
3002,5248924137877,302791.030,95.545,1786610615755315,reliable,1,1,4,4,0
3003,5249026871498,302893.764,102.734,1786610615858059,reliable,1,1,4,4,0
3004,5249123171978,302990.065,96.300,1786610615954355,reliable,1,1,4,4,0
3005,5249228076854,303094.969,104.905,1786610616059264,reliable,1,1,4,4,0
3006,5249324737553,303191.630,96.661,1786610616155917,reliable,1,1,4,4,0
3007,5249427037046,303293.930,102.299,1786610616258231,reliable,1,1,4,4,0
3008,5249524306553,303391.199,97.270,1786610616355488,reliable,1,1,4,4,0
3009,5249627144005,303494.037,102.837,1786610616458333,reliable,1,1,4,4,0
3010,5249723261720,303590.154,96.118,1786610616554448,reliable,1,1,4,4,0
3011,5249829465425,303696.358,106.204,1786610616660653,reliable,1,1,4,4,0
3012,5249924267251,303791.160,94.802,1786610616755454,reliable,1,1,4,4,0
3013,5250027320290,303894.213,103.053,1786610616858511,reliable,1,1,4,4,0
3014,5250123577784,303990.470,96.257,1786610616954757,reliable,1,1,4,4,0
3015,5250228261686,304095.154,104.684,1786610617059450,reliable,1,1,4,4,0
3016,5250323592694,304190.485,95.331,1786610617154779,reliable,1,1,4,4,0
3017,5250428156207,304295.049,104.564,1786610617259347,reliable,1,1,4,4,0
3018,5250524791295,304391.684,96.635,1786610617355974,reliable,1,1,4,4,0
3019,5250628382059,304495.275,103.591,1786610617459576,reliable,1,1,4,4,0
3020,5250723279013,304590.172,94.897,1786610617554463,reliable,1,1,4,4,0
3021,5250828160642,304695.053,104.882,1786610617659402,reliable,1,1,4,4,0
3022,5250923527778,304790.420,95.367,1786610617754713,reliable,1,1,4,4,0
3023,5251028678306,304895.571,105.151,1786610617859867,reliable,1,1,4,4,0
3024,5251124974190,304991.867,96.296,1786610617956156,reliable,1,1,4,4,0
3025,5251227878444,305094.771,102.904,1786610618059072,reliable,1,1,4,4,0
3026,5251323319235,305190.212,95.441,1786610618154517,reliable,1,1,4,4,0
3027,5251428123605,305295.016,104.804,1786610618259355,reliable,1,1,4,4,0
3028,5251523615757,305390.508,95.492,1786610618354801,reliable,1,1,4,4,0
3029,5251626154113,305493.047,102.538,1786610618457344,reliable,1,1,4,4,0
3030,5251723293198,305590.186,97.139,1786610618554481,reliable,1,1,4,4,0
3031,5251826499307,305693.392,103.206,1786610618657680,reliable,1,1,4,4,0
3032,5251923526711,305790.419,97.027,1786610618754711,reliable,1,1,4,4,0
3033,5252028789358,305895.682,105.263,1786610618859977,reliable,1,1,4,4,0
3034,5252123681279,305990.574,94.892,1786610618954865,reliable,1,1,4,4,0
3035,5252226460624,306093.353,102.779,1786610619057650,reliable,1,1,4,4,0
3036,5252323478099,306190.371,97.017,1786610619154664,reliable,1,1,4,4,0
3037,5252426756294,306293.649,103.278,1786610619257951,reliable,1,1,4,4,0
3038,5252524636979,306391.530,97.881,1786610619355826,reliable,1,1,4,4,0
3039,5252630772299,306497.665,106.135,1786610619461956,reliable,1,1,4,4,0
3040,5252723651544,306590.544,92.879,1786610619554835,reliable,1,1,4,4,0
3041,5252828469887,306695.362,104.818,1786610619659661,reliable,1,1,4,4,0
3042,5252923379943,306790.272,94.910,1786610619754566,reliable,1,1,4,4,0
3043,5253028121965,306895.014,104.742,1786610619859333,reliable,1,1,4,4,0
3044,5253123504346,306990.397,95.382,1786610619954692,reliable,1,1,4,4,0
3045,5253231337570,307098.230,107.833,1786610620062534,reliable,1,1,4,4,0
3046,5253323450780,307190.343,92.113,1786610620154637,reliable,1,1,4,4,0
3047,5253426025948,307292.918,102.575,1786610620257211,reliable,1,1,4,4,0
3048,5253523461882,307390.354,97.436,1786610620354647,reliable,1,1,4,4,0
3049,5253628344600,307495.237,104.883,1786610620459539,reliable,1,1,4,4,0
3050,5253723728604,307590.621,95.384,1786610620554912,reliable,1,1,4,4,0
3051,5253829148896,307696.041,105.420,1786610620660341,reliable,1,1,4,4,0
3052,5253924790375,307791.683,95.641,1786610620755979,reliable,1,1,4,4,0
3053,5254027777997,307894.671,102.988,1786610620858965,reliable,1,1,4,4,0
3054,5254124470689,307991.363,96.693,1786610620955655,reliable,1,1,4,4,0
3055,5254227459201,308094.352,102.989,1786610621058669,reliable,1,1,4,4,0
3056,5254324369423,308191.262,96.910,1786610621155557,reliable,1,1,4,4,0
3057,5254428278614,308295.171,103.909,1786610621259498,reliable,1,1,4,4,0
3058,5254523520303,308390.413,95.242,1786610621354698,reliable,1,1,4,4,0
3059,5254626757645,308493.650,103.237,1786610621457945,reliable,1,1,4,4,0
3060,5254724620359,308591.513,97.863,1786610621555804,reliable,1,1,4,4,0
3061,5254827208125,308694.101,102.588,1786610621658397,reliable,1,1,4,4,0
3062,5254923786087,308790.679,96.578,1786610621754977,reliable,1,1,4,4,0
3063,5255028697818,308895.590,104.912,1786610621859884,reliable,1,1,4,4,0
3064,5255124794302,308991.687,96.096,1786610621955982,reliable,1,1,4,4,0
3065,5255227294733,309094.187,102.500,1786610622058487,reliable,1,1,4,4,0
3066,5255323612042,309190.505,96.317,1786610622154797,reliable,1,1,4,4,0
3067,5255428997850,309295.890,105.386,1786610622260189,reliable,1,1,4,4,0
3068,5255523812516,309390.705,94.815,1786610622354997,reliable,1,1,4,4,0
3069,5255626950486,309493.843,103.138,1786610622458141,reliable,1,1,4,4,0
3070,5255723303860,309590.196,96.353,1786610622554485,reliable,1,1,4,4,0
3071,5255826653193,309693.546,103.349,1786610622657846,reliable,1,1,4,4,0
3072,5255923773297,309790.666,97.120,1786610622754956,reliable,1,1,4,4,0
3073,5256028725818,309895.618,104.953,1786610622859916,reliable,1,1,4,4,0
3074,5256122853084,309989.746,94.127,1786610622954038,reliable,1,1,4,4,0
3075,5256227378843,310094.271,104.526,1786610623058572,reliable,1,1,4,4,0
3076,5256323299017,310190.192,95.920,1786610623154485,reliable,1,1,4,4,0
3077,5256428240681,310295.133,104.942,1786610623259433,reliable,1,1,4,4,0
3078,5256523801523,310390.694,95.561,1786610623355024,reliable,1,1,4,4,0
3079,5256632327263,310499.220,108.526,1786610623463513,reliable,1,1,4,4,0
3080,5256724729250,310591.622,92.402,1786610623555914,reliable,1,1,4,4,0
3081,5256826136085,310693.029,101.407,1786610623657328,reliable,1,1,4,4,0
3082,5256923971355,310790.864,97.835,1786610623755281,reliable,1,1,4,4,0
3083,5257030305804,310897.198,106.334,1786610623861504,reliable,1,1,4,4,0
3084,5257123661339,310990.554,93.356,1786610623954845,reliable,1,1,4,4,0
3085,5257229299869,311096.192,105.639,1786610624060491,reliable,1,1,4,4,0
3086,5257323452781,311190.345,94.153,1786610624154683,reliable,1,1,4,4,0
3087,5257426741549,311293.634,103.289,1786610624257932,reliable,1,1,4,4,0
3088,5257523548190,311390.441,96.807,1786610624354733,reliable,1,1,4,4,0
3089,5257628985689,311495.878,105.437,1786610624460165,reliable,1,1,4,4,0
3090,5257723751312,311590.644,94.766,1786610624554935,reliable,1,1,4,4,0
3091,5257826302503,311693.195,102.551,1786610624657493,reliable,1,1,4,4,0
3092,5257924727948,311791.620,98.425,1786610624755913,reliable,1,1,4,4,0
3093,5258027379108,311894.272,102.651,1786610624858578,reliable,1,1,4,4,0
3094,5258123219785,311990.112,95.841,1786610624954398,reliable,1,1,4,4,0
3095,5258228649790,312095.542,105.430,1786610625059840,reliable,1,1,4,4,0
3096,5258331650290,312198.543,103.001,1786610625162840,reliable,1,1,4,4,0
3097,5258430308783,312297.201,98.658,1786610625261496,reliable,1,1,4,4,0
3098,5258524698328,312391.591,94.390,1786610625355884,reliable,1,1,4,4,0
3099,5258627573002,312494.466,102.875,1786610625458764,reliable,1,1,4,4,0
3100,5258724829526,312591.722,97.257,1786610625556017,reliable,1,1,4,4,0
3101,5258827541638,312694.434,102.712,1786610625658732,reliable,1,1,4,4,0
3102,5258923514115,312790.407,95.972,1786610625754693,reliable,1,1,4,4,0
3103,5259026670168,312893.563,103.156,1786610625857860,reliable,1,1,4,4,0
3104,5259123604864,312990.497,96.935,1786610625954785,reliable,1,1,4,4,0
3105,5259228519397,313095.412,104.915,1786610626059749,reliable,1,1,4,4,0
3106,5259323992371,313190.885,95.473,1786610626155301,reliable,1,1,4,4,0
3107,5259428160810,313295.053,104.168,1786610626259353,reliable,1,1,4,4,0
3108,5259524878086,313391.771,96.717,1786610626356079,reliable,1,1,4,4,0
3109,5259627614156,313494.507,102.736,1786610626458804,reliable,1,1,4,4,0
3110,5259724839887,313591.732,97.226,1786610626556026,reliable,1,1,4,4,0
3111,5259827866233,313694.759,103.026,1786610626659057,reliable,1,1,4,4,0
3112,5259924705590,313791.598,96.839,1786610626755885,reliable,1,1,4,4,0
3113,5260031421453,313898.314,106.716,1786610626862649,reliable,1,1,4,4,0
3114,5260123883702,313990.776,92.462,1786610626955063,reliable,1,1,4,4,0
3115,5260227072796,314093.965,103.189,1786610627058264,reliable,1,1,4,4,0
3116,5260324783643,314191.676,97.711,1786610627155964,reliable,1,1,4,4,0
3117,5260427869691,314294.762,103.086,1786610627259060,reliable,1,1,4,4,0
3118,5260525195062,314392.088,97.325,1786610627356374,reliable,1,1,4,4,0
3119,5260627804528,314494.697,102.609,1786610627458996,reliable,1,1,4,4,0
3120,5260725265676,314592.158,97.461,1786610627556453,reliable,1,1,4,4,0
3121,5260827467490,314694.360,102.202,1786610627658655,reliable,1,1,4,4,0
3122,5260924085876,314790.978,96.618,1786610627755274,reliable,1,1,4,4,0
3123,5261029279278,314896.172,105.193,1786610627860470,reliable,1,1,4,4,0
3124,5261125035253,314991.928,95.756,1786610627956215,reliable,1,1,4,4,0
3125,5261227452904,315094.345,102.418,1786610628058644,reliable,1,1,4,4,0
3126,5261324721785,315191.614,97.269,1786610628155908,reliable,1,1,4,4,0
3127,5261427463275,315294.356,102.741,1786610628258686,reliable,1,1,4,4,0
3128,5261523847825,315390.740,96.385,1786610628355033,reliable,1,1,4,4,0
3129,5261628265111,315495.158,104.417,1786610628459453,reliable,1,1,4,4,0
3130,5261724846560,315591.739,96.581,1786610628556029,reliable,1,1,4,4,0
3131,5261827722068,315694.615,102.876,1786610628658910,reliable,1,1,4,4,0
3132,5261925303080,315792.196,97.581,1786610628756482,reliable,1,1,4,4,0
3133,5262029581901,315896.474,104.279,1786610628860769,reliable,1,1,4,4,0
3134,5262125013031,315991.906,95.431,1786610628956237,reliable,1,1,4,4,0
3135,5262227310575,316094.203,102.298,1786610629058539,reliable,1,1,4,4,0
3136,5262323182661,316190.075,95.872,1786610629154372,reliable,1,1,4,4,0
3137,5262428357835,316295.250,105.175,1786610629259590,reliable,1,1,4,4,0
3138,5262531163476,316398.056,102.806,1786610629362348,reliable,1,1,4,4,0
3139,5262629516776,316496.409,98.353,1786610629460707,reliable,1,1,4,4,0
3140,5262724910393,316591.803,95.394,1786610629556097,reliable,1,1,4,4,0
3141,5262829492344,316696.385,104.582,1786610629660683,reliable,1,1,4,4,0
3142,5262923982878,316790.875,94.491,1786610629755223,reliable,1,1,4,4,0
3143,5263028546940,316895.439,104.564,1786610629859759,reliable,1,1,4,4,0
3144,5263124953177,316991.846,96.406,1786610629956139,reliable,1,1,4,4,0
3145,5263227548827,317094.441,102.596,1786610630058764,reliable,1,1,4,4,0
3146,5263325097116,317191.990,97.548,1786610630156278,reliable,1,1,4,4,0
3147,5263427133970,317294.026,102.037,1786610630258343,reliable,1,1,4,4,0
3148,5263524128653,317391.021,96.995,1786610630355316,reliable,1,1,4,4,0
3149,5263627322353,317494.215,103.194,1786610630458505,reliable,1,1,4,4,0
3150,5263725009012,317591.902,97.687,1786610630556195,reliable,1,1,4,4,0
3151,5263827613233,317694.506,102.604,1786610630658796,reliable,1,1,4,4,0
3152,5263924881679,317791.774,97.268,1786610630756068,reliable,1,1,4,4,0
3153,5264031224056,317898.117,106.342,1786610630862412,reliable,1,1,4,4,0
3154,5264124189444,317991.082,92.965,1786610630955369,reliable,1,1,4,4,0
3155,5264228817332,318095.710,104.628,1786610631060001,reliable,1,1,4,4,0
3156,5264324637975,318191.531,95.821,1786610631155823,reliable,1,1,4,4,0
3157,5264426966568,318293.859,102.329,1786610631258152,reliable,1,1,4,4,0
3158,5264524863652,318391.756,97.897,1786610631356067,reliable,1,1,4,4,0
3159,5264638986750,318505.879,114.123,1786610631470181,reliable,1,1,4,4,0
3160,5264721917227,318588.810,82.930,1786610631553105,reliable,1,1,4,4,0
3161,5264828445484,318695.338,106.528,1786610631659626,reliable,1,1,4,4,0
3162,5264925116570,318792.009,96.671,1786610631756305,reliable,1,1,4,4,0
3163,5265028615992,318895.509,103.499,1786610631859806,reliable,1,1,4,4,0
3164,5265125157764,318992.050,96.542,1786610631956343,reliable,1,1,4,4,0
3165,5265227870452,319094.763,102.713,1786610632059055,reliable,1,1,4,4,0
3166,5265324345686,319191.238,96.475,1786610632155534,reliable,1,1,4,4,0
3167,5265427324228,319294.217,102.979,1786610632258513,reliable,1,1,4,4,0
3168,5265525232215,319392.125,97.908,1786610632356415,reliable,1,1,4,4,0
3169,5265628318055,319495.211,103.086,1786610632459536,reliable,1,1,4,4,0
3170,5265724968875,319591.861,96.651,1786610632556156,reliable,1,1,4,4,0
3171,5265827821912,319694.714,102.853,1786610632659006,reliable,1,1,4,4,0
3172,5265925769227,319792.662,97.947,1786610632756946,reliable,1,1,4,4,0
3173,5266028677080,319895.570,102.908,1786610632859873,reliable,1,1,4,4,0
3174,5266124226256,319991.119,95.549,1786610632955407,reliable,1,1,4,4,0
3175,5266226879477,320093.772,102.653,1786610633058071,reliable,1,1,4,4,0
3176,5266325126531,320192.019,98.247,1786610633156312,reliable,1,1,4,4,0
3177,5266428840752,320295.733,103.714,1786610633260027,reliable,1,1,4,4,0
3178,5266525169640,320392.062,96.329,1786610633356402,reliable,1,1,4,4,0
3179,5266628056459,320494.949,102.887,1786610633459243,reliable,1,1,4,4,0
3180,5266723975838,320590.868,95.919,1786610633555228,reliable,1,1,4,4,0
3181,5266827321638,320694.214,103.346,1786610633658517,reliable,1,1,4,4,0
3182,5266924256101,320791.149,96.934,1786610633755445,reliable,1,1,4,4,0
3183,5267029326722,320896.219,105.071,1786610633860511,reliable,1,1,4,4,0
3184,5267124529612,320991.422,95.203,1786610633955716,reliable,1,1,4,4,0
3185,5267226855044,321093.748,102.325,1786610634058080,reliable,1,1,4,4,0
3186,5267324317664,321191.210,97.463,1786610634155507,reliable,1,1,4,4,0
3187,5267427252890,321294.145,102.935,1786610634258456,reliable,1,1,4,4,0
3188,5267524615796,321391.508,97.363,1786610634355791,reliable,1,1,4,4,0
3189,5267627165194,321494.058,102.549,1786610634458357,reliable,1,1,4,4,0
3190,5267725175756,321592.068,98.011,1786610634556359,reliable,1,1,4,4,0
3191,5267827583744,321694.476,102.408,1786610634658772,reliable,1,1,4,4,0
3192,5267925525314,321792.418,97.942,1786610634756709,reliable,1,1,4,4,0
3193,5268029584297,321896.477,104.059,1786610634860773,reliable,1,1,4,4,0
3194,5268125250160,321992.143,95.666,1786610634956434,reliable,1,1,4,4,0
3195,5268229061871,322095.954,103.812,1786610635060250,reliable,1,1,4,4,0
3196,5268325441877,322192.334,96.380,1786610635156624,reliable,1,1,4,4,0
3197,5268428130659,322295.023,102.689,1786610635259313,reliable,1,1,4,4,0
3198,5268525503508,322392.396,97.373,1786610635356689,reliable,1,1,4,4,0
3199,5268627686205,322494.579,102.183,1786610635458866,reliable,1,1,4,4,0
3200,5268723931201,322590.824,96.245,1786610635555109,reliable,1,1,4,4,0
3201,5268829156332,322696.049,105.225,1786610635660340,reliable,1,1,4,4,0
3202,5268925217775,322792.110,96.061,1786610635756403,reliable,1,1,4,4,0
3203,5269027912669,322894.805,102.695,1786610635859104,reliable,1,1,4,4,0
3204,5269125119116,322992.012,97.206,1786610635956297,reliable,1,1,4,4,0
3205,5269231447870,323098.340,106.329,1786610636062630,reliable,1,1,4,4,0
3206,5269324741208,323191.634,93.293,1786610636155924,reliable,1,1,4,4,0
3207,5269429129296,323296.022,104.388,1786610636260321,reliable,1,1,4,4,0
3208,5269524417761,323391.310,95.288,1786610636355601,reliable,1,1,4,4,0
3209,5269629691746,323496.584,105.274,1786610636460878,reliable,1,1,4,4,0
3210,5269725101461,323591.994,95.410,1786610636556284,reliable,1,1,4,4,0
3211,5269828072540,323694.965,102.971,1786610636659256,reliable,1,1,4,4,0
3212,5269924284088,323791.177,96.212,1786610636755472,reliable,1,1,4,4,0
3213,5270027448321,323894.341,103.164,1786610636858641,reliable,1,1,4,4,0
3214,5270125306095,323992.199,97.858,1786610636956491,reliable,1,1,4,4,0
3215,5270228420788,324095.313,103.115,1786610637059609,reliable,1,1,4,4,0
3216,5270325661298,324192.554,97.241,1786610637156848,reliable,1,1,4,4,0
3217,5270427943016,324294.836,102.282,1786610637259135,reliable,1,1,4,4,0
3218,5270524322844,324391.215,96.380,1786610637355509,reliable,1,1,4,4,0
3219,5270626942998,324493.836,102.620,1786610637458135,reliable,1,1,4,4,0
3220,5270725333313,324592.226,98.390,1786610637556519,reliable,1,1,4,4,0
3221,5270827963227,324694.856,102.630,1786610637659143,reliable,1,1,4,4,0
3222,5270925596126,324792.489,97.633,1786610637756781,reliable,1,1,4,4,0
3223,5271028311417,324895.204,102.715,1786610637859501,reliable,1,1,4,4,0
3224,5271125448342,324992.341,97.137,1786610637956631,reliable,1,1,4,4,0
3225,5271228459311,325095.352,103.011,1786610638059646,reliable,1,1,4,4,0
3226,5271324402582,325191.295,95.943,1786610638155590,reliable,1,1,4,4,0
3227,5271427662638,325294.555,103.260,1786610638258856,reliable,1,1,4,4,0
3228,5271524766625,325391.659,97.104,1786610638355952,reliable,1,1,4,4,0
3229,5271629055620,325495.948,104.289,1786610638460244,reliable,1,1,4,4,0
3230,5271724815689,325591.708,95.760,1786610638556000,reliable,1,1,4,4,0
3231,5271829549553,325696.442,104.734,1786610638660738,reliable,1,1,4,4,0
3232,5271924496109,325791.389,94.947,1786610638755683,reliable,1,1,4,4,0
3233,5272027705572,325894.598,103.209,1786610638858903,reliable,1,1,4,4,0
3234,5272123971054,325990.864,96.265,1786610638955237,reliable,1,1,4,4,0
3235,5272227518372,326094.411,103.547,1786610639058707,reliable,1,1,4,4,0
3236,5272325565177,326192.458,98.047,1786610639156753,reliable,1,1,4,4,0
3237,5272428326626,326295.219,102.761,1786610639259510,reliable,1,1,4,4,0
3238,5272525649999,326392.543,97.323,1786610639356838,reliable,1,1,4,4,0
3239,5272631068565,326497.961,105.419,1786610639462261,reliable,1,1,4,4,0
3240,5272725376001,326592.269,94.307,1786610639556557,reliable,1,1,4,4,0
3241,5272830058942,326696.951,104.683,1786610639661251,reliable,1,1,4,4,0
3242,5272924810383,326791.703,94.751,1786610639756050,reliable,1,1,4,4,0
3243,5273030906461,326897.799,106.096,1786610639862094,reliable,1,1,4,4,0
3244,5273125534060,326992.427,94.628,1786610639956757,reliable,1,1,4,4,0
3245,5273229341339,327096.234,103.807,1786610640060534,reliable,1,1,4,4,0
3246,5273324355462,327191.248,95.014,1786610640155537,reliable,1,1,4,4,0
3247,5273429489855,327296.382,105.134,1786610640260683,reliable,1,1,4,4,0
3248,5273524377865,327391.270,94.888,1786610640355563,reliable,1,1,4,4,0
3249,5273629493378,327496.386,105.116,1786610640460681,reliable,1,1,4,4,0
3250,5273724192170,327591.085,94.699,1786610640555371,reliable,1,1,4,4,0
3251,5273827553360,327694.446,103.361,1786610640658742,reliable,1,1,4,4,0
3252,5273925332345,327792.225,97.779,1786610640756515,reliable,1,1,4,4,0
3253,5274028625374,327895.518,103.293,1786610640859816,reliable,1,1,4,4,0
3254,5274125213466,327992.106,96.588,1786610640956400,reliable,1,1,4,4,0
3255,5274229503909,328096.396,104.290,1786610641060695,reliable,1,1,4,4,0
3256,5274324534599,328191.427,95.031,1786610641155719,reliable,1,1,4,4,0
3257,5274427832771,328294.725,103.298,1786610641259024,reliable,1,1,4,4,0
3258,5274523776528,328390.669,95.944,1786610641354960,reliable,1,1,4,4,0
3259,5274630216557,328497.109,106.440,1786610641461403,reliable,1,1,4,4,0
3260,5274726011128,328592.904,95.795,1786610641557199,reliable,1,1,4,4,0
3261,5274831780079,328698.673,105.769,1786610641662968,reliable,1,1,4,4,0
3262,5274924391799,328791.284,92.612,1786610641755579,reliable,1,1,4,4,0
3263,5275029567239,328896.460,105.175,1786610641860757,reliable,1,1,4,4,0
3264,5275124639338,328991.532,95.072,1786610641955819,reliable,1,1,4,4,0
3265,5275230073272,329096.966,105.434,1786610642061261,reliable,1,1,4,4,0
3266,5275325728985,329192.622,95.656,1786610642156912,reliable,1,1,4,4,0
3267,5275431381252,329298.274,105.652,1786610642262562,reliable,1,1,4,4,0
3268,5275527149510,329394.042,95.768,1786610642358376,reliable,1,1,4,4,0
3269,5275628334338,329495.227,101.185,1786610642459522,reliable,1,1,4,4,0
3270,5275724473064,329591.366,96.139,1786610642555651,reliable,1,1,4,4,0
3271,5275829364907,329696.257,104.892,1786610642660553,reliable,1,1,4,4,0
3272,5275925769588,329792.662,96.405,1786610642756947,reliable,1,1,4,4,0
3273,5276028199805,329895.092,102.430,1786610642859418,reliable,1,1,4,4,0
3274,5276125801619,329992.694,97.602,1786610642956988,reliable,1,1,4,4,0
3275,5276228534586,330095.427,102.733,1786610643059758,reliable,1,1,4,4,0
3276,5276325604897,330192.497,97.070,1786610643156787,reliable,1,1,4,4,0
3277,5276428376805,330295.269,102.772,1786610643259564,reliable,1,1,4,4,0
3278,5276524571746,330391.464,96.195,1786610643355755,reliable,1,1,4,4,0
3279,5276629040568,330495.933,104.469,1786610643460223,reliable,1,1,4,4,0
3280,5276725724699,330592.617,96.684,1786610643556909,reliable,1,1,4,4,0
3281,5276828641440,330695.534,102.917,1786610643659844,reliable,1,1,4,4,0
3282,5276924796701,330791.689,96.155,1786610643755986,reliable,1,1,4,4,0
3283,5277032882457,330899.775,108.086,1786610643864067,reliable,1,1,4,4,0
3284,5277126064439,330992.957,93.182,1786610643957246,reliable,1,1,4,4,0
3285,5277228104622,331094.997,102.040,1786610644059295,reliable,1,1,4,4,0
3286,5277324627878,331191.520,96.523,1786610644155816,reliable,1,1,4,4,0
3287,5277429237332,331296.130,104.609,1786610644260428,reliable,1,1,4,4,0
3288,5277524458175,331391.351,95.221,1786610644355636,reliable,1,1,4,4,0
3289,5277630895135,331497.788,106.437,1786610644462085,reliable,1,1,4,4,0
3290,5277724240182,331591.133,93.345,1786610644555427,reliable,1,1,4,4,0
3291,5277829416042,331696.309,105.176,1786610644660603,reliable,1,1,4,4,0
3292,5277924405394,331791.298,94.989,1786610644755588,reliable,1,1,4,4,0
3293,5278029562758,331896.455,105.157,1786610644860751,reliable,1,1,4,4,0
3294,5278126225344,331993.118,96.663,1786610644957405,reliable,1,1,4,4,0
3295,5278228129004,332095.022,101.904,1786610645059329,reliable,1,1,4,4,0
3296,5278325505541,332192.398,97.377,1786610645156682,reliable,1,1,4,4,0
3297,5278428476248,332295.369,102.971,1786610645259663,reliable,1,1,4,4,0
3298,5278524859622,332391.752,96.383,1786610645356081,reliable,1,1,4,4,0
3299,5278629474315,332496.367,104.615,1786610645460703,reliable,1,1,4,4,0
3300,5278725677911,332592.570,96.204,1786610645556865,reliable,1,1,4,4,0
3301,5278828920365,332695.813,103.242,1786610645660160,reliable,1,1,4,4,0
3302,5278925859297,332792.752,96.939,1786610645757044,reliable,1,1,4,4,0
3303,5279029071095,332895.964,103.212,1786610645860260,reliable,1,1,4,4,0
3304,5279126013675,332992.906,96.943,1786610645957195,reliable,1,1,4,4,0
3305,5279231794839,333098.687,105.781,1786610646062981,reliable,1,1,4,4,0
3306,5279324578807,333191.471,92.784,1786610646155764,reliable,1,1,4,4,0
3307,5279429609911,333296.502,105.031,1786610646260796,reliable,1,1,4,4,0
3308,5279523612676,333390.505,94.003,1786610646354787,reliable,1,1,4,4,0
3309,5279628225279,333495.118,104.613,1786610646459417,reliable,1,1,4,4,0
3310,5279725053673,333591.946,96.828,1786610646556242,reliable,1,1,4,4,0
3311,5279833558828,333700.451,108.505,1786610646664746,reliable,1,1,4,4,0
3312,5279925973865,333792.866,92.415,1786610646757151,reliable,1,1,4,4,0
3313,5280028327757,333895.220,102.354,1786610646859533,reliable,1,1,4,4,0
3314,5280124467536,333991.360,96.140,1786610646955648,reliable,1,1,4,4,0
3315,5280229493226,334096.386,105.026,1786610647060682,reliable,1,1,4,4,0
3316,5280324798812,334191.691,95.306,1786610647155977,reliable,1,1,4,4,0
3317,5280429835570,334296.728,105.037,1786610647261024,reliable,1,1,4,4,0
3318,5280525402407,334392.295,95.567,1786610647356729,reliable,1,1,4,4,0
3319,5280628446665,334495.339,103.044,1786610647459637,reliable,1,1,4,4,0
3320,5280725741711,334592.634,97.295,1786610647556929,reliable,1,1,4,4,0
3321,5280828211659,334695.104,102.470,1786610647659406,reliable,1,1,4,4,0
3322,5280925742132,334792.635,97.530,1786610647756929,reliable,1,1,4,4,0
3323,5281029202874,334896.095,103.461,1786610647860430,reliable,1,1,4,4,0
3324,5281125508278,334992.401,96.305,1786610647956688,reliable,1,1,4,4,0
3325,5281228746517,335095.639,103.238,1786610648059938,reliable,1,1,4,4,0
3326,5281324653925,335191.546,95.907,1786610648155841,reliable,1,1,4,4,0
3327,5281427814559,335294.707,103.161,1786610648258997,reliable,1,1,4,4,0
3328,5281525792068,335392.685,97.978,1786610648356978,reliable,1,1,4,4,0
3329,5281629027038,335495.920,103.235,1786610648460221,reliable,1,1,4,4,0
3330,5281726505630,335593.398,97.479,1786610648557685,reliable,1,1,4,4,0
3331,5281828701102,335695.594,102.195,1786610648659930,reliable,1,1,4,4,0
3332,5281925828874,335792.721,97.128,1786610648757012,reliable,1,1,4,4,0
3333,5282028347741,335895.240,102.519,1786610648859562,reliable,1,1,4,4,0
3334,5282125595995,335992.489,97.248,1786610648956773,reliable,1,1,4,4,0
3335,5282229047922,336095.940,103.452,1786610649060231,reliable,1,1,4,4,0
3336,5282325828322,336192.721,96.780,1786610649157056,reliable,1,1,4,4,0
3337,5282428820625,336295.713,102.992,1786610649260011,reliable,1,1,4,4,0
3338,5282525954181,336392.847,97.134,1786610649357132,reliable,1,1,4,4,0
3339,5282632318166,336499.211,106.364,1786610649463518,reliable,1,1,4,4,0
3340,5282724680345,336591.573,92.362,1786610649555868,reliable,1,1,4,4,0
3341,5282827123587,336694.016,102.443,1786610649658317,reliable,1,1,4,4,0
3342,5282925100895,336791.993,97.977,1786610649756311,reliable,1,1,4,4,0
3343,5283030403365,336897.296,105.302,1786610649861593,reliable,1,1,4,4,0
3344,5283126125355,336993.018,95.722,1786610649957307,reliable,1,1,4,4,0
3345,5283238554067,337105.447,112.429,1786610650069784,reliable,1,1,4,4,0
3346,5283321704914,337188.597,83.151,1786610650152895,reliable,1,1,4,4,0
3347,5283428460446,337295.353,106.756,1786610650259721,reliable,1,1,4,4,0
3348,5283523923640,337390.816,95.463,1786610650355111,reliable,1,1,4,4,0
3349,5283628372077,337495.265,104.448,1786610650459584,reliable,1,1,4,4,0
3350,5283725712026,337592.605,97.340,1786610650556896,reliable,1,1,4,4,0
3351,5283831540892,337698.433,105.829,1786610650662757,reliable,1,1,4,4,0
3352,5283925811275,337792.704,94.270,1786610650756994,reliable,1,1,4,4,0
3353,5284028486605,337895.379,102.675,1786610650859695,reliable,1,1,4,4,0
3354,5284125955772,337992.848,97.469,1786610650957139,reliable,1,1,4,4,0
3355,5284228565465,338095.458,102.610,1786610651059785,reliable,1,1,4,4,0
3356,5284325880222,338192.773,97.315,1786610651157067,reliable,1,1,4,4,0
3357,5284430507947,338297.400,104.628,1786610651261693,reliable,1,1,4,4,0
3358,5284525274006,338392.167,94.766,1786610651356455,reliable,1,1,4,4,0
3359,5284629281309,338496.174,104.007,1786610651460487,reliable,1,1,4,4,0
3360,5284726143741,338593.036,96.862,1786610651557344,reliable,1,1,4,4,0
3361,5284834051883,338700.944,107.908,1786610651665239,reliable,1,1,4,4,0
3362,5284924866799,338791.759,90.815,1786610651756055,reliable,1,1,4,4,0
3363,5285028681364,338895.574,103.815,1786610651859862,reliable,1,1,4,4,0
3364,5285125726229,338992.619,97.045,1786610651956911,reliable,1,1,4,4,0
3365,5285228573356,339095.466,102.847,1786610652059758,reliable,1,1,4,4,0
3366,5285325978377,339192.871,97.405,1786610652157160,reliable,1,1,4,4,0
3367,5285433548202,339300.441,107.570,1786610652264736,reliable,1,1,4,4,0
3368,5285524976556,339391.869,91.428,1786610652356161,reliable,1,1,4,4,0
3369,5285629307981,339496.201,104.331,1786610652460491,reliable,1,1,4,4,0
3370,5285725211675,339592.104,95.904,1786610652556395,reliable,1,1,4,4,0
3371,5285827681546,339694.574,102.470,1786610652658869,reliable,1,1,4,4,0
3372,5285925048902,339791.941,97.367,1786610652756238,reliable,1,1,4,4,0
3373,5286028681568,339895.574,103.633,1786610652859867,reliable,1,1,4,4,0
3374,5286125498616,339992.391,96.817,1786610652956682,reliable,1,1,4,4,0
3375,5286227873441,340094.766,102.375,1786610653059082,reliable,1,1,4,4,0
3376,5286326316448,340193.209,98.443,1786610653157506,reliable,1,1,4,4,0
3377,5286429400907,340296.293,103.084,1786610653260585,reliable,1,1,4,4,0
3378,5286525279569,340392.172,95.879,1786610653356463,reliable,1,1,4,4,0
3379,5286628366461,340495.259,103.087,1786610653459557,reliable,1,1,4,4,0
3380,5286725961363,340592.854,97.595,1786610653557147,reliable,1,1,4,4,0
3381,5286829336770,340696.229,103.375,1786610653660522,reliable,1,1,4,4,0
3382,5286925935822,340792.828,96.599,1786610653757120,reliable,1,1,4,4,0
3383,5287034318478,340901.211,108.383,1786610653865509,reliable,1,1,4,4,0
3384,5287125432773,340992.325,91.114,1786610653956623,reliable,1,1,4,4,0
3385,5287228252682,341095.145,102.820,1786610654059446,reliable,1,1,4,4,0
3386,5287325569493,341192.462,97.317,1786610654156770,reliable,1,1,4,4,0
3387,5287429144765,341296.037,103.575,1786610654260334,reliable,1,1,4,4,0
3388,5287526204773,341393.097,97.060,1786610654357392,reliable,1,1,4,4,0
3389,5287632759306,341499.652,106.555,1786610654463946,reliable,1,1,4,4,0
3390,5287724961795,341591.854,92.202,1786610654556147,reliable,1,1,4,4,0
3391,5287828323369,341695.216,103.362,1786610654659515,reliable,1,1,4,4,0
3392,5287924490377,341791.383,96.167,1786610654755671,reliable,1,1,4,4,0
3393,5288030188549,341897.081,105.698,1786610654861416,reliable,1,1,4,4,0
3394,5288125916513,341992.809,95.728,1786610654957104,reliable,1,1,4,4,0
3395,5288228780285,342095.673,102.864,1786610655060005,reliable,1,1,4,4,0
3396,5288326208545,342193.101,97.428,1786610655157408,reliable,1,1,4,4,0
3397,5288428495667,342295.388,102.287,1786610655259684,reliable,1,1,4,4,0
3398,5288525293841,342392.186,96.798,1786610655356478,reliable,1,1,4,4,0
3399,5288629786456,342496.679,104.493,1786610655460974,reliable,1,1,4,4,0
3400,5288725508684,342592.401,95.722,1786610655556692,reliable,1,1,4,4,0
3401,5288830116373,342697.009,104.608,1786610655661303,reliable,1,1,4,4,0
3402,5288926266028,342793.159,96.150,1786610655757448,reliable,1,1,4,4,0
3403,5289028652576,342895.545,102.387,1786610655859878,reliable,1,1,4,4,0
3404,5289126113028,342993.006,97.460,1786610655957295,reliable,1,1,4,4,0
3405,5289229354459,343096.247,103.241,1786610656060545,reliable,1,1,4,4,0
3406,5289326132944,343193.025,96.778,1786610656157317,reliable,1,1,4,4,0
3407,5289428846942,343295.739,102.714,1786610656260036,reliable,1,1,4,4,0
3408,5289526365210,343393.258,97.518,1786610656357551,reliable,1,1,4,4,0
3409,5289628923494,343495.816,102.558,1786610656460113,reliable,1,1,4,4,0
3410,5289726444578,343593.337,97.521,1786610656557626,reliable,1,1,4,4,0
3411,5289829094671,343695.987,102.650,1786610656660321,reliable,1,1,4,4,0
3412,5289925169150,343792.062,96.074,1786610656756353,reliable,1,1,4,4,0
3413,5290028766484,343895.659,103.597,1786610656860000,reliable,1,1,4,4,0
3414,5290125223558,343992.116,96.457,1786610656956451,reliable,1,1,4,4,0
3415,5290228459252,344095.352,103.236,1786610657059687,reliable,1,1,4,4,0
3416,5290326219306,344193.112,97.760,1786610657157406,reliable,1,1,4,4,0
3417,5290432473361,344299.366,106.254,1786610657263664,reliable,1,1,4,4,0
3418,5290525051830,344391.944,92.578,1786610657356236,reliable,1,1,4,4,0
3419,5290627813915,344494.706,102.762,1786610657458993,reliable,1,1,4,4,0
3420,5290724936620,344591.829,97.123,1786610657556118,reliable,1,1,4,4,0
3421,5290830074279,344696.967,105.138,1786610657661259,reliable,1,1,4,4,0
3422,5290926139790,344793.032,96.066,1786610657757328,reliable,1,1,4,4,0
3423,5291032841048,344899.734,106.701,1786610657864022,reliable,1,1,4,4,0
3424,5291125223004,344992.116,92.382,1786610657956411,reliable,1,1,4,4,0
3425,5291228487969,345095.380,103.265,1786610658059681,reliable,1,1,4,4,0
3426,5291326006445,345192.899,97.518,1786610658157193,reliable,1,1,4,4,0
3427,5291429029964,345295.922,103.024,1786610658260221,reliable,1,1,4,4,0
3428,5291526484567,345393.377,97.455,1786610658357672,reliable,1,1,4,4,0
3429,5291629494294,345496.387,103.010,1786610658460689,reliable,1,1,4,4,0
3430,5291725220689,345592.113,95.726,1786610658556407,reliable,1,1,4,4,0
3431,5291828595795,345695.488,103.375,1786610658659798,reliable,1,1,4,4,0
3432,5291926148575,345793.041,97.553,1786610658757334,reliable,1,1,4,4,0
3433,5292029558338,345896.451,103.410,1786610658860775,reliable,1,1,4,4,0
3434,5292126194214,345993.087,96.636,1786610658957405,reliable,1,1,4,4,0
3435,5292229049375,346095.942,102.855,1786610659060240,reliable,1,1,4,4,0
3436,5292325101205,346191.994,96.052,1786610659156289,reliable,1,1,4,4,0
3437,5292428655888,346295.548,103.555,1786610659259846,reliable,1,1,4,4,0
3438,5292526226804,346393.119,97.571,1786610659357414,reliable,1,1,4,4,0
3439,5292629334571,346496.227,103.108,1786610659460524,reliable,1,1,4,4,0
3440,5292726369898,346593.262,97.035,1786610659557555,reliable,1,1,4,4,0
3441,5292829022429,346695.915,102.653,1786610659660213,reliable,1,1,4,4,0
3442,5292925320725,346792.213,96.298,1786610659756550,reliable,1,1,4,4,0
3443,5293030752481,346897.645,105.432,1786610659861938,reliable,1,1,4,4,0
3444,5293125891151,346992.784,95.139,1786610659957067,reliable,1,1,4,4,0
3445,5293229568870,347096.461,103.678,1786610660060759,reliable,1,1,4,4,0
3446,5293326531357,347193.424,96.962,1786610660157721,reliable,1,1,4,4,0
3447,5293429040133,347295.933,102.509,1786610660260229,reliable,1,1,4,4,0
3448,5293525267893,347392.160,96.228,1786610660356451,reliable,1,1,4,4,0
3449,5293630071635,347496.964,104.804,1786610660461257,reliable,1,1,4,4,0
3450,5293725512635,347592.405,95.441,1786610660556688,reliable,1,1,4,4,0
3451,5293833909178,347700.802,108.397,1786610660665099,reliable,1,1,4,4,0
3452,5293926649097,347793.542,92.740,1786610660757831,reliable,1,1,4,4,0
3453,5294028928880,347895.821,102.280,1786610660860156,reliable,1,1,4,4,0
3454,5294124522649,347991.415,95.594,1786610660955709,reliable,1,1,4,4,0
3455,5294229734326,348096.627,105.212,1786610661060918,reliable,1,1,4,4,0
3456,5294326429954,348193.322,96.696,1786610661157612,reliable,1,1,4,4,0
3457,5294433240329,348300.133,106.810,1786610661264428,reliable,1,1,4,4,0
3458,5294525378571,348392.271,92.138,1786610661356562,reliable,1,1,4,4,0
3459,5294627833579,348494.726,102.455,1786610661459013,reliable,1,1,4,4,0
3460,5294725467391,348592.360,97.634,1786610661556653,reliable,1,1,4,4,0
3461,5294831068795,348697.961,105.601,1786610661662259,reliable,1,1,4,4,0
3462,5294925925750,348792.818,94.857,1786610661757109,reliable,1,1,4,4,0
3463,5295030816780,348897.709,104.891,1786610661862002,reliable,1,1,4,4,0
3464,5295126369229,348993.262,95.552,1786610661957556,reliable,1,1,4,4,0
3465,5295229380045,349096.273,103.011,1786610662060568,reliable,1,1,4,4,0
3466,5295326284146,349193.177,96.904,1786610662157476,reliable,1,1,4,4,0
3467,5295428932427,349295.825,102.648,1786610662260123,reliable,1,1,4,4,0
3468,5295525650991,349392.544,96.719,1786610662356836,reliable,1,1,4,4,0
3469,5295629561555,349496.454,103.911,1786610662460749,reliable,1,1,4,4,0
3470,5295726681498,349593.574,97.120,1786610662557865,reliable,1,1,4,4,0
3471,5295829446740,349696.339,102.765,1786610662660638,reliable,1,1,4,4,0
3472,5295924354856,349791.247,94.908,1786610662755541,reliable,1,1,4,4,0
3473,5296029147252,349896.040,104.792,1786610662860336,reliable,1,1,4,4,0
3474,5296125591381,349992.484,96.444,1786610662956773,reliable,1,1,4,4,0
3475,5296228477548,350095.370,102.886,1786610663059666,reliable,1,1,4,4,0
3476,5296326470546,350193.363,97.993,1786610663157656,reliable,1,1,4,4,0
3477,5296429899498,350296.792,103.429,1786610663261089,reliable,1,1,4,4,0
3478,5296525616764,350392.509,95.717,1786610663356806,reliable,1,1,4,4,0
3479,5296629970588,350496.863,104.354,1786610663461161,reliable,1,1,4,4,0
3480,5296725021961,350591.914,95.051,1786610663556200,reliable,1,1,4,4,0
3481,5296828781635,350695.674,103.760,1786610663659967,reliable,1,1,4,4,0
3482,5296926263877,350793.156,97.482,1786610663757446,reliable,1,1,4,4,0
3483,5297029680124,350896.573,103.416,1786610663860867,reliable,1,1,4,4,0
3484,5297125771634,350992.664,96.092,1786610663956978,reliable,1,1,4,4,0
3485,5297231839069,351098.732,106.067,1786610664063031,reliable,1,1,4,4,0
3486,5297325444597,351192.337,93.606,1786610664156629,reliable,1,1,4,4,0
3487,5297428838531,351295.731,103.394,1786610664260029,reliable,1,1,4,4,0
3488,5297525572183,351392.465,96.734,1786610664356758,reliable,1,1,4,4,0
3489,5297630589363,351497.482,105.017,1786610664461779,reliable,1,1,4,4,0
3490,5297726250750,351593.143,95.661,1786610664557434,reliable,1,1,4,4,0
3491,5297829322441,351696.215,103.072,1786610664660514,reliable,1,1,4,4,0
3492,5297926641410,351793.534,97.319,1786610664757832,reliable,1,1,4,4,0
3493,5298028999719,351895.892,102.358,1786610664860225,reliable,1,1,4,4,0
3494,5298126548610,351993.441,97.549,1786610664957735,reliable,1,1,4,4,0
3495,5298229415207,352096.308,102.867,1786610665060620,reliable,1,1,4,4,0
3496,5298325706127,352192.599,96.291,1786610665156892,reliable,1,1,4,4,0
3497,5298423992872,352290.885,98.287,1786610665255250,reliable,1,1,4,4,0
3498,5298524854136,352391.747,100.861,1786610665356034,reliable,1,1,4,4,0
3499,5298628207069,352495.100,103.353,1786610665459446,reliable,1,1,4,4,0
3500,5298725499790,352592.392,97.293,1786610665556688,reliable,1,1,4,4,0
3501,5298830448481,352697.341,104.949,1786610665661681,reliable,1,1,4,4,0
3502,5298926061315,352792.954,95.613,1786610665757240,reliable,1,1,4,4,0
3503,5299030238319,352897.131,104.177,1786610665861466,reliable,1,1,4,4,0
3504,5299125535054,352992.428,95.297,1786610665956722,reliable,1,1,4,4,0
3505,5299229905592,353096.798,104.371,1786610666061094,reliable,1,1,4,4,0
3506,5299326059127,353192.952,96.154,1786610666157245,reliable,1,1,4,4,0
3507,5299428112360,353295.005,102.053,1786610666259300,reliable,1,1,4,4,0
3508,5299526835901,353393.728,98.724,1786610666358015,reliable,1,1,4,4,0
3509,5299629295954,353496.188,102.460,1786610666460486,reliable,1,1,4,4,0
3510,5299725426321,353592.319,96.130,1786610666556612,reliable,1,1,4,4,0
3511,5299828346282,353695.239,102.920,1786610666659540,reliable,1,1,4,4,0
3512,5299926273208,353793.166,97.927,1786610666757458,reliable,1,1,4,4,0
3513,5300029358002,353896.251,103.085,1786610666860545,reliable,1,1,4,4,0
3514,5300126773116,353993.666,97.415,1786610666957959,reliable,1,1,4,4,0
3515,5300229601520,354096.494,102.828,1786610667060789,reliable,1,1,4,4,0
3516,5300324680829,354191.573,95.079,1786610667155861,reliable,1,1,4,4,0
3517,5300429573983,354296.467,104.893,1786610667260783,reliable,1,1,4,4,0
3518,5300526154681,354393.047,96.581,1786610667357342,reliable,1,1,4,4,0
3519,5300624322753,354491.215,98.168,1786610667455515,reliable,1,1,4,4,0
3520,5300725802470,354592.695,101.480,1786610667556987,reliable,1,1,4,4,0
3521,5300828655478,354695.548,102.853,1786610667659863,reliable,1,1,4,4,0
3522,5300932393997,354799.287,103.739,1786610667763618,reliable,1,1,4,4,0
3523,5301025586251,354892.479,93.192,1786610667856777,reliable,1,1,4,4,0
3524,5301126692620,354993.585,101.106,1786610667957922,reliable,1,1,4,4,0
3525,5301229342934,355096.235,102.650,1786610668060575,reliable,1,1,4,4,0
3526,5301326468525,355193.361,97.126,1786610668157649,reliable,1,1,4,4,0
3527,5301433017332,355299.910,106.549,1786610668264205,reliable,1,1,4,4,0
3528,5301524869342,355391.762,91.852,1786610668356057,reliable,1,1,4,4,0
3529,5301630392604,355497.285,105.523,1786610668461576,reliable,1,1,4,4,0
3530,5301725693028,355592.586,95.300,1786610668556875,reliable,1,1,4,4,0
3531,5301828555276,355695.448,102.862,1786610668659744,reliable,1,1,4,4,0
3532,5301926030758,355792.923,97.475,1786610668757224,reliable,1,1,4,4,0
3533,5302029797429,355896.690,103.767,1786610668860983,reliable,1,1,4,4,0
3534,5302126049669,355992.942,96.252,1786610668957236,reliable,1,1,4,4,0
3535,5302234347734,356101.240,108.298,1786610669065539,reliable,1,1,4,4,0
3536,5302326011319,356192.904,91.664,1786610669157190,reliable,1,1,4,4,0
3537,5302428476339,356295.369,102.465,1786610669259668,reliable,1,1,4,4,0
3538,5302526852589,356393.745,98.376,1786610669358038,reliable,1,1,4,4,0
3539,5302629423114,356496.316,102.571,1786610669460614,reliable,1,1,4,4,0
3540,5302727029405,356593.922,97.606,1786610669558216,reliable,1,1,4,4,0
3541,5302829513817,356696.406,102.484,1786610669660703,reliable,1,1,4,4,0
3542,5302926641416,356793.534,97.128,1786610669757821,reliable,1,1,4,4,0
3543,5303029576552,356896.469,102.935,1786610669860759,reliable,1,1,4,4,0
3544,5303125347820,356992.240,95.771,1786610669956526,reliable,1,1,4,4,0
3545,5303230249560,357097.142,104.902,1786610670061442,reliable,1,1,4,4,0
3546,5303325820050,357192.713,95.570,1786610670157004,reliable,1,1,4,4,0
3547,5303428384711,357295.277,102.565,1786610670259564,reliable,1,1,4,4,0
3548,5303526711320,357393.604,98.327,1786610670357889,reliable,1,1,4,4,0
3549,5303629876690,357496.769,103.165,1786610670461065,reliable,1,1,4,4,0
3550,5303725986033,357592.879,96.109,1786610670557166,reliable,1,1,4,4,0
3551,5303829456973,357696.350,103.471,1786610670660651,reliable,1,1,4,4,0
3552,5303926033871,357792.926,96.577,1786610670757222,reliable,1,1,4,4,0
3553,5304028091744,357894.984,102.058,1786610670859276,reliable,1,1,4,4,0
3554,5304127129559,357994.022,99.038,1786610670958316,reliable,1,1,4,4,0
3555,5304229727879,358096.620,102.598,1786610671060920,reliable,1,1,4,4,0
3556,5304325747646,358192.640,96.020,1786610671156932,reliable,1,1,4,4,0
3557,5304428504236,358295.397,102.757,1786610671259686,reliable,1,1,4,4,0
3558,5304526560307,358393.453,98.056,1786610671357746,reliable,1,1,4,4,0
3559,5304629454210,358496.347,102.894,1786610671460643,reliable,1,1,4,4,0
3560,5304725583705,358592.476,96.129,1786610671556767,reliable,1,1,4,4,0
3561,5304828816011,358695.709,103.232,1786610671660001,reliable,1,1,4,4,0
3562,5304924869377,358791.762,96.053,1786610671756053,reliable,1,1,4,4,0
3563,5305029569471,358896.462,104.700,1786610671860774,reliable,1,1,4,4,0
3564,5305129118962,358996.011,99.549,1786610671960306,reliable,1,1,4,4,0
3565,5305231823163,359098.716,102.704,1786610672063012,reliable,1,1,4,4,0
3566,5305325718808,359192.611,93.896,1786610672156905,reliable,1,1,4,4,0
3567,5305429231140,359296.124,103.512,1786610672260412,reliable,1,1,4,4,0
3568,5305526656254,359393.549,97.425,1786610672357842,reliable,1,1,4,4,0
3569,5305629583365,359496.476,102.927,1786610672460774,reliable,1,1,4,4,0
3570,5305726601564,359593.494,97.018,1786610672557780,reliable,1,1,4,4,0
3571,5305829370113,359696.263,102.769,1786610672660561,reliable,1,1,4,4,0
3572,5305926841660,359793.734,97.472,1786610672758029,reliable,1,1,4,4,0
3573,5306033648354,359900.541,106.807,1786610672864864,reliable,1,1,4,4,0
3574,5306125931859,359992.824,92.284,1786610672957116,reliable,1,1,4,4,0
3575,5306229349721,360096.242,103.418,1786610673060534,reliable,1,1,4,4,0
3576,5306327095918,360193.988,97.746,1786610673158308,reliable,1,1,4,4,0
3577,5306429095205,360295.988,101.999,1786610673260287,reliable,1,1,4,4,0
3578,5306526610840,360393.503,97.516,1786610673357792,reliable,1,1,4,4,0
3579,5306633138291,360500.031,106.527,1786610673464326,reliable,1,1,4,4,0
3580,5306725897088,360592.790,92.759,1786610673557084,reliable,1,1,4,4,0
3581,5306829216642,360696.109,103.320,1786610673660398,reliable,1,1,4,4,0
3582,5306926929334,360793.822,97.713,1786610673758114,reliable,1,1,4,4,0
3583,5307029416978,360896.310,102.488,1786610673860600,reliable,1,1,4,4,0
3584,5307124870900,360991.763,95.454,1786610673956053,reliable,1,1,4,4,0
3585,5307231385419,361098.278,106.515,1786610674062568,reliable,1,1,4,4,0
3586,5307326643524,361193.536,95.258,1786610674157823,reliable,1,1,4,4,0
3587,5307429618043,361296.511,102.975,1786610674260807,reliable,1,1,4,4,0
3588,5307526966693,361393.859,97.349,1786610674358145,reliable,1,1,4,4,0
3589,5307630681378,361497.574,103.715,1786610674461861,reliable,1,1,4,4,0
3590,5307726687393,361593.580,96.006,1786610674557871,reliable,1,1,4,4,0
3591,5307829538327,361696.431,102.851,1786610674660729,reliable,1,1,4,4,0
3592,5307927040066,361793.933,97.502,1786610674758228,reliable,1,1,4,4,0
3593,5308029647158,361896.540,102.607,1786610674860838,reliable,1,1,4,4,0
3594,5308127092544,361993.985,97.445,1786610674958277,reliable,1,1,4,4,0
3595,5308229965330,362096.858,102.873,1786610675061154,reliable,1,1,4,4,0
3596,5308325932777,362192.825,95.967,1786610675157117,reliable,1,1,4,4,0
3597,5308430645221,362297.538,104.712,1786610675261849,reliable,1,1,4,4,0
3598,5308526883710,362393.776,96.238,1786610675358090,reliable,1,1,4,4,0
3599,5308629763308,362496.656,102.880,1786610675460956,reliable,1,1,4,4,0
3600,5308725753252,362592.646,95.990,1786610675556962,reliable,1,1,4,4,0
3601,5308832266062,362699.159,106.513,1786610675663454,reliable,1,1,4,4,0
3602,5308926912091,362793.805,94.646,1786610675758099,reliable,1,1,4,4,0
3603,5309029739336,362896.632,102.827,1786610675860972,reliable,1,1,4,4,0
3604,5309125772000,362992.665,96.033,1786610675956959,reliable,1,1,4,4,0
3605,5309231103997,363097.997,105.332,1786610676062293,reliable,1,1,4,4,0
3606,5309326887595,363193.780,95.784,1786610676158074,reliable,1,1,4,4,0
3607,5309429389198,363296.282,102.502,1786610676260585,reliable,1,1,4,4,0
3608,5309527154411,363394.047,97.765,1786610676358345,reliable,1,1,4,4,0
3609,5309629876528,363496.769,102.722,1786610676461075,reliable,1,1,4,4,0
3610,5309725308155,363592.201,95.432,1786610676556496,reliable,1,1,4,4,0
3611,5309830189936,363697.082,104.882,1786610676661383,reliable,1,1,4,4,0
3612,5309926860965,363793.753,96.671,1786610676758045,reliable,1,1,4,4,0
3613,5310029733099,363896.626,102.872,1786610676860927,reliable,1,1,4,4,0
3614,5310125973501,363992.866,96.240,1786610676957160,reliable,1,1,4,4,0
3615,5310228740285,364095.633,102.767,1786610677059927,reliable,1,1,4,4,0
3616,5310326579987,364193.473,97.840,1786610677157811,reliable,1,1,4,4,0
3617,5310434858171,364301.751,108.278,1786610677266090,reliable,1,1,4,4,0
3618,5310526812484,364393.705,91.954,1786610677357995,reliable,1,1,4,4,0
3619,5310629690401,364496.583,102.878,1786610677460876,reliable,1,1,4,4,0
3620,5310727722393,364594.615,98.032,1786610677559226,reliable,1,1,4,4,0
3621,5310829534414,364696.427,101.812,1786610677660758,reliable,1,1,4,4,0
3622,5310926835105,364793.728,97.301,1786610677758025,reliable,1,1,4,4,0
3623,5311029431708,364896.324,102.597,1786610677860616,reliable,1,1,4,4,0
3624,5311127332051,364994.225,97.900,1786610677958611,reliable,1,1,4,4,0
3625,5311231639575,365098.532,104.308,1786610678062828,reliable,1,1,4,4,0
3626,5311327531063,365194.424,95.891,1786610678158722,reliable,1,1,4,4,0
3627,5311431452533,365298.345,103.921,1786610678262635,reliable,1,1,4,4,0
3628,5311525036259,365391.929,93.584,1786610678356217,reliable,1,1,4,4,0
3629,5311633218433,365500.111,108.182,1786610678464406,reliable,1,1,4,4,0
3630,5311726770159,365593.663,93.552,1786610678557948,reliable,1,1,4,4,0
3631,5311829309250,365696.202,102.539,1786610678660496,reliable,1,1,4,4,0
3632,5311925987015,365792.880,96.678,1786610678757170,reliable,1,1,4,4,0
3633,5312029277440,365896.170,103.290,1786610678860472,reliable,1,1,4,4,0
3634,5312125963078,365992.856,96.686,1786610678957150,reliable,1,1,4,4,0
3635,5312233192024,366100.085,107.229,1786610679064376,reliable,1,1,4,4,0
3636,5312326586973,366193.480,93.395,1786610679157767,reliable,1,1,4,4,0
3637,5312429574795,366296.467,102.988,1786610679260762,reliable,1,1,4,4,0
3638,5312527407666,366394.300,97.833,1786610679358593,reliable,1,1,4,4,0
3639,5312630042910,366496.935,102.635,1786610679461329,reliable,1,1,4,4,0
3640,5312727101759,366593.994,97.059,1786610679558287,reliable,1,1,4,4,0
3641,5312829736011,366696.629,102.634,1786610679660922,reliable,1,1,4,4,0
3642,5312926277736,366793.170,96.542,1786610679757463,reliable,1,1,4,4,0
3643,5313029643385,366896.536,103.366,1786610679860830,reliable,1,1,4,4,0
3644,5313127103933,366993.996,97.461,1786610679958285,reliable,1,1,4,4,0
3645,5313230299912,367097.192,103.196,1786610680061491,reliable,1,1,4,4,0
3646,5313326076856,367192.969,95.777,1786610680157263,reliable,1,1,4,4,0
3647,5313431791315,367298.684,105.714,1786610680262983,reliable,1,1,4,4,0
3648,5313526369786,367393.262,94.578,1786610680357555,reliable,1,1,4,4,0
3649,5313624821886,367491.714,98.452,1786610680456031,reliable,1,1,4,4,0
3650,5313725992535,367592.885,101.171,1786610680557177,reliable,1,1,4,4,0
3651,5313829944836,367696.837,103.952,1786610680661137,reliable,1,1,4,4,0
3652,5313926072151,367792.965,96.127,1786610680757256,reliable,1,1,4,4,0
3653,5314030832586,367897.725,104.760,1786610680862012,reliable,1,1,4,4,0
3654,5314127003133,367993.896,96.171,1786610680958182,reliable,1,1,4,4,0
3655,5314230115904,368097.008,103.113,1786610681061307,reliable,1,1,4,4,0
3656,5314327524117,368194.417,97.408,1786610681158710,reliable,1,1,4,4,0
3657,5314430530355,368297.423,103.006,1786610681261719,reliable,1,1,4,4,0
3658,5314526239451,368393.132,95.709,1786610681357424,reliable,1,1,4,4,0
3659,5314631395241,368498.288,105.156,1786610681462585,reliable,1,1,4,4,0
3660,5314726005321,368592.898,94.610,1786610681557189,reliable,1,1,4,4,0
3661,5314829829869,368696.722,103.825,1786610681661022,reliable,1,1,4,4,0
3662,5314926074169,368792.967,96.244,1786610681757261,reliable,1,1,4,4,0
3663,5315031617899,368898.510,105.544,1786610681862806,reliable,1,1,4,4,0
3664,5315127138801,368994.031,95.521,1786610681958321,reliable,1,1,4,4,0
3665,5315231384148,369098.277,104.245,1786610682062571,reliable,1,1,4,4,0
3666,5315335461586,369202.354,104.077,1786610682166647,reliable,1,1,4,4,0
3667,5315440493047,369307.386,105.031,1786610682271686,reliable,1,1,4,4,0
3668,5315523749948,369390.642,83.257,1786610682354940,reliable,1,1,4,4,0
3669,5315625421225,369492.314,101.671,1786610682456607,reliable,1,1,4,4,0
3670,5315725761388,369592.654,100.340,1786610682556944,reliable,1,1,4,4,0
3671,5315828944323,369695.837,103.183,1786610682660128,reliable,1,1,4,4,0
3672,5315925661611,369792.554,96.717,1786610682756840,reliable,1,1,4,4,0
3673,5316030445519,369897.338,104.784,1786610682861637,reliable,1,1,4,4,0
3674,5316126617139,369993.510,96.172,1786610682957801,reliable,1,1,4,4,0
3675,5316234173382,370101.066,107.556,1786610683065360,reliable,1,1,4,4,0
3676,5316327575726,370194.468,93.402,1786610683158759,reliable,1,1,4,4,0
3677,5316430144409,370297.037,102.569,1786610683261332,reliable,1,1,4,4,0
3678,5316526249941,370393.142,96.106,1786610683357434,reliable,1,1,4,4,0
3679,5316629787623,370496.680,103.538,1786610683460974,reliable,1,1,4,4,0
3680,5316727058700,370593.951,97.271,1786610683558244,reliable,1,1,4,4,0
3681,5316832734830,370699.627,105.676,1786610683663920,reliable,1,1,4,4,0
3682,5316926270455,370793.163,93.536,1786610683757451,reliable,1,1,4,4,0
3683,5317029114276,370896.007,102.844,1786610683860303,reliable,1,1,4,4,0
3684,5317127573425,370994.466,98.459,1786610683958758,reliable,1,1,4,4,0
3685,5317230224409,371097.117,102.651,1786610684061411,reliable,1,1,4,4,0
3686,5317325329286,371192.222,95.105,1786610684156510,reliable,1,1,4,4,0
3687,5317430270619,371297.163,104.941,1786610684261462,reliable,1,1,4,4,0
3688,5317526539376,371393.432,96.269,1786610684357730,reliable,1,1,4,4,0
3689,5317629649080,371496.542,103.110,1786610684460838,reliable,1,1,4,4,0
3690,5317726254256,371593.147,96.605,1786610684557437,reliable,1,1,4,4,0
3691,5317831336869,371698.229,105.083,1786610684662549,reliable,1,1,4,4,0
3692,5317926272849,371793.165,94.936,1786610684757453,reliable,1,1,4,4,0
3693,5318025223451,371892.116,98.951,1786610684856412,reliable,1,1,4,4,0
3694,5318126267635,371993.160,101.044,1786610684957453,reliable,1,1,4,4,0
3695,5318230125947,372097.018,103.858,1786610685061317,reliable,1,1,4,4,0
3696,5318326336617,372193.229,96.211,1786610685157525,reliable,1,1,4,4,0
3697,5318431300950,372298.193,104.964,1786610685262491,reliable,1,1,4,4,0
3698,5318527214914,372394.107,95.914,1786610685358399,reliable,1,1,4,4,0
3699,5318630876549,372497.769,103.662,1786610685462065,reliable,1,1,4,4,0
3700,5318727413365,372594.306,96.537,1786610685558597,reliable,1,1,4,4,0
3701,5318830483924,372697.376,103.071,1786610685661672,reliable,1,1,4,4,0
3702,5318926396384,372793.289,95.912,1786610685757582,reliable,1,1,4,4,0
3703,5319031881840,372898.774,105.485,1786610685863073,reliable,1,1,4,4,0
3704,5319127554395,372994.447,95.673,1786610685958777,reliable,1,1,4,4,0
3705,5319230122738,373097.015,102.568,1786610686061310,reliable,1,1,4,4,0
3706,5319325504082,373192.397,95.381,1786610686156693,reliable,1,1,4,4,0
3707,5319430112468,373297.005,104.608,1786610686261303,reliable,1,1,4,4,0
3708,5319526271803,373393.164,96.159,1786610686357461,reliable,1,1,4,4,0
3709,5319631272320,373498.165,105.001,1786610686462465,reliable,1,1,4,4,0
3710,5319725452152,373592.345,94.180,1786610686556637,reliable,1,1,4,4,0
3711,5319831032225,373697.925,105.580,1786610686662221,reliable,1,1,4,4,0
3712,5319926552163,373793.445,95.520,1786610686757736,reliable,1,1,4,4,0
3713,5320031546311,373898.439,104.994,1786610686862737,reliable,1,1,4,4,0
3714,5320126746215,373993.639,95.200,1786610686957929,reliable,1,1,4,4,0
3715,5320231525286,374098.418,104.779,1786610687062713,reliable,1,1,4,4,0
3716,5320326958880,374193.851,95.434,1786610687158144,reliable,1,1,4,4,0
3717,5320429156681,374296.049,102.198,1786610687260347,reliable,1,1,4,4,0
3718,5320526744722,374393.637,97.588,1786610687357933,reliable,1,1,4,4,0
3719,5320631587789,374498.480,104.843,1786610687462778,reliable,1,1,4,4,0
3720,5320725951200,374592.844,94.363,1786610687557128,reliable,1,1,4,4,0
3721,5320829296401,374696.189,103.345,1786610687660484,reliable,1,1,4,4,0
3722,5320927213244,374794.106,97.917,1786610687758401,reliable,1,1,4,4,0
3723,5321030467405,374897.360,103.254,1786610687861656,reliable,1,1,4,4,0
3724,5321127419346,374994.312,96.952,1786610687958603,reliable,1,1,4,4,0
3725,5321230067002,375096.960,102.648,1786610688061253,reliable,1,1,4,4,0
3726,5321326190193,375193.083,96.123,1786610688157375,reliable,1,1,4,4,0
3727,5321423086926,375289.979,96.897,1786610688254276,reliable,1,1,4,4,0
3728,5321525381104,375392.274,102.294,1786610688356561,reliable,1,1,4,4,0
3729,5321630208388,375497.101,104.827,1786610688461398,reliable,1,1,4,4,0
3730,5321726441660,375593.334,96.233,1786610688557629,reliable,1,1,4,4,0
3731,5321824948836,375691.841,98.507,1786610688656164,reliable,1,1,4,4,0
3732,5321927265222,375794.158,102.316,1786610688758441,reliable,1,1,4,4,0
3733,5322034286409,375901.179,107.021,1786610688865479,reliable,1,1,4,4,0
3734,5322126197540,375993.090,91.911,1786610688957379,reliable,1,1,4,4,0
3735,5322229845067,376096.738,103.648,1786610689061027,reliable,1,1,4,4,0
3736,5322327078595,376193.971,97.234,1786610689158257,reliable,1,1,4,4,0
3737,5322431090249,376297.983,104.012,1786610689262278,reliable,1,1,4,4,0
3738,5322526273299,376393.166,95.183,1786610689357458,reliable,1,1,4,4,0
3739,5322629616628,376496.509,103.343,1786610689460804,reliable,1,1,4,4,0
3740,5322727171534,376594.064,97.555,1786610689558353,reliable,1,1,4,4,0
3741,5322831035347,376697.928,103.864,1786610689662228,reliable,1,1,4,4,0
3742,5322926831553,376793.724,95.796,1786610689758013,reliable,1,1,4,4,0
3743,5323031747214,376898.640,104.916,1786610689862933,reliable,1,1,4,4,0
3744,5323127515996,376994.409,95.769,1786610689958700,reliable,1,1,4,4,0
3745,5323230353878,377097.246,102.838,1786610690061541,reliable,1,1,4,4,0
3746,5323327503398,377194.396,97.150,1786610690158685,reliable,1,1,4,4,0
3747,5323430928832,377297.821,103.425,1786610690262110,reliable,1,1,4,4,0
3748,5323527450988,377394.344,96.522,1786610690358642,reliable,1,1,4,4,0
3749,5323635254212,377502.147,107.803,1786610690466454,reliable,1,1,4,4,0
3750,5323727212401,377594.105,91.958,1786610690558391,reliable,1,1,4,4,0
3751,5323830030023,377696.923,102.818,1786610690661272,reliable,1,1,4,4,0
3752,5323923196252,377790.089,93.166,1786610690754388,reliable,1,1,4,4,0
3753,5324031800281,377898.693,108.604,1786610690862995,reliable,1,1,4,4,0
3754,5324127719265,377994.612,95.919,1786610690958922,reliable,1,1,4,4,0
3755,5324234954864,378101.847,107.236,1786610691066148,reliable,1,1,4,4,0
3756,5324326041904,378192.934,91.087,1786610691157224,reliable,1,1,4,4,0
3757,5324430681995,378297.575,104.640,1786610691261878,reliable,1,1,4,4,0
3758,5324527600402,378394.493,96.918,1786610691358781,reliable,1,1,4,4,0
3759,5324630443873,378497.336,102.843,1786610691461694,reliable,1,1,4,4,0
3760,5324726780516,378593.673,96.337,1786610691557979,reliable,1,1,4,4,0
3761,5324825208246,378692.101,98.428,1786610691656400,reliable,1,1,4,4,0
3762,5324926520410,378793.413,101.312,1786610691757711,reliable,1,1,4,4,0
3763,5325029998925,378896.891,103.479,1786610691861230,reliable,1,1,4,4,0
3764,5325127223030,378994.116,97.224,1786610691958408,reliable,1,1,4,4,0
3765,5325231124136,379098.017,103.901,1786610692062316,reliable,1,1,4,4,0
3766,5325326769087,379193.662,95.645,1786610692157947,reliable,1,1,4,4,0
3767,5325430285995,379297.179,103.517,1786610692261539,reliable,1,1,4,4,0
3768,5325526285221,379393.178,95.999,1786610692357464,reliable,1,1,4,4,0
3769,5325629080075,379495.973,102.795,1786610692460264,reliable,1,1,4,4,0
3770,5325726437710,379593.330,97.358,1786610692557621,reliable,1,1,4,4,0
3771,5325835126460,379702.019,108.689,1786610692666316,reliable,1,1,4,4,0
3772,5325927575806,379794.468,92.449,1786610692758762,reliable,1,1,4,4,0
3773,5326030961417,379897.854,103.386,1786610692862147,reliable,1,1,4,4,0
3774,5326126457792,379993.350,95.496,1786610692957641,reliable,1,1,4,4,0
3775,5326229765957,380096.658,103.308,1786610693060959,reliable,1,1,4,4,0
3776,5326326496317,380193.389,96.730,1786610693157686,reliable,1,1,4,4,0
3777,5326434913889,380301.806,108.418,1786610693266107,reliable,1,1,4,4,0
3778,5326527170395,380394.063,92.257,1786610693358355,reliable,1,1,4,4,0
3779,5326627073415,380493.966,99.903,1786610693458260,reliable,1,1,4,4,0
3780,5326727732249,380594.625,100.659,1786610693558909,reliable,1,1,4,4,0
3781,5326834210288,380701.103,106.478,1786610693665512,reliable,1,1,4,4,0
3782,5326938290423,380805.183,104.080,1786610693769475,reliable,1,1,4,4,0
3783,5327033671558,380900.564,95.381,1786610693864871,reliable,1,1,4,4,0
3784,5327127123560,380994.016,93.452,1786610693958324,reliable,1,1,4,4,0
3785,5327229366207,381096.259,102.243,1786610694060550,reliable,1,1,4,4,0
3786,5327327870747,381194.763,98.505,1786610694159052,reliable,1,1,4,4,0
3787,5327425158991,381292.052,97.288,1786610694256342,reliable,1,1,4,4,0
3788,5327526918560,381393.811,101.760,1786610694358105,reliable,1,1,4,4,0
3789,5327629739096,381496.632,102.821,1786610694460923,reliable,1,1,4,4,0
3790,5327726448712,381593.341,96.710,1786610694557625,reliable,1,1,4,4,0
3791,5327829903076,381696.796,103.454,1786610694661084,reliable,1,1,4,4,0
3792,5327927696475,381794.589,97.793,1786610694758879,reliable,1,1,4,4,0
3793,5328035419154,381902.312,107.723,1786610694866603,reliable,1,1,4,4,0
3794,5328127637349,381994.530,92.218,1786610694958817,reliable,1,1,4,4,0
3795,5328229724372,382096.617,102.087,1786610695060906,reliable,1,1,4,4,0
3796,5328327481540,382194.374,97.757,1786610695158658,reliable,1,1,4,4,0
3797,5328430421973,382297.314,102.940,1786610695261624,reliable,1,1,4,4,0
3798,5328533672616,382400.565,103.251,1786610695364857,reliable,1,1,4,4,0
3799,5328636164118,382503.057,102.492,1786610695467355,reliable,1,1,4,4,0
3800,5328727552861,382594.445,91.389,1786610695558733,reliable,1,1,4,4,0
3801,5328824149701,382691.042,96.597,1786610695655340,reliable,1,1,4,4,0
3802,5328926766836,382793.659,102.617,1786610695757947,reliable,1,1,4,4,0
3803,5329029889414,382896.782,103.123,1786610695861081,reliable,1,1,4,4,0
3804,5329126983858,382993.876,97.094,1786610695958171,reliable,1,1,4,4,0
3805,5329235160959,383102.053,108.177,1786610696066351,reliable,1,1,4,4,0
3806,5329327606982,383194.500,92.446,1786610696158825,reliable,1,1,4,4,0
3807,5329430899218,383297.792,103.292,1786610696262241,reliable,1,1,4,4,0
3808,5329527774517,383394.667,96.875,1786610696358962,reliable,1,1,4,4,0
3809,5329631694565,383498.587,103.920,1786610696462880,reliable,1,1,4,4,0
3810,5329726670172,383593.563,94.976,1786610696557855,reliable,1,1,4,4,0
3811,5329829959079,383696.852,103.289,1786610696661142,reliable,1,1,4,4,0
3812,5329928214387,383795.107,98.255,1786610696759405,reliable,1,1,4,4,0
3813,5330030337271,383897.230,102.123,1786610696861529,reliable,1,1,4,4,0
3814,5330127880606,383994.773,97.543,1786610696959069,reliable,1,1,4,4,0
3815,5330230984261,384097.877,103.104,1786610697062170,reliable,1,1,4,4,0
3816,5330327861441,384194.754,96.877,1786610697159045,reliable,1,1,4,4,0
3817,5330425371457,384292.264,97.510,1786610697256555,reliable,1,1,4,4,0
3818,5330526587832,384393.480,101.216,1786610697357776,reliable,1,1,4,4,0
3819,5330630182046,384497.075,103.594,1786610697461372,reliable,1,1,4,4,0
3820,5330726625751,384593.518,96.444,1786610697557811,reliable,1,1,4,4,0
3821,5330832472651,384699.365,105.847,1786610697663662,reliable,1,1,4,4,0
3822,5330927014296,384793.907,94.542,1786610697758200,reliable,1,1,4,4,0
3823,5331029433719,384896.326,102.419,1786610697860624,reliable,1,1,4,4,0
3824,5331128162846,384995.055,98.729,1786610697959353,reliable,1,1,4,4,0
3825,5331230726522,385097.619,102.564,1786610698061919,reliable,1,1,4,4,0
3826,5331327615535,385194.508,96.889,1786610698158802,reliable,1,1,4,4,0
3827,5331431194637,385298.087,103.579,1786610698262414,reliable,1,1,4,4,0
3828,5331527014267,385393.907,95.820,1786610698358197,reliable,1,1,4,4,0
3829,5331625527802,385492.420,98.514,1786610698456718,reliable,1,1,4,4,0
3830,5331726861035,385593.754,101.333,1786610698558046,reliable,1,1,4,4,0
3831,5331829434723,385696.327,102.574,1786610698660620,reliable,1,1,4,4,0
3832,5331927174397,385794.067,97.740,1786610698758365,reliable,1,1,4,4,0
3833,5332029412531,385896.305,102.238,1786610698860595,reliable,1,1,4,4,0
3834,5332126689290,385993.582,97.277,1786610698957870,reliable,1,1,4,4,0
3835,5332229770113,386096.663,103.081,1786610699060957,reliable,1,1,4,4,0
3836,5332327585557,386194.478,97.815,1786610699158768,reliable,1,1,4,4,0
3837,5332430318311,386297.211,102.733,1786610699261507,reliable,1,1,4,4,0
3838,5332526816882,386393.709,96.499,1786610699358000,reliable,1,1,4,4,0
3839,5332634567746,386501.460,107.751,1786610699465776,reliable,1,1,4,4,0
3840,5332727898267,386594.791,93.331,1786610699559095,reliable,1,1,4,4,0
3841,5332830446091,386697.339,102.548,1786610699661636,reliable,1,1,4,4,0
3842,5332929114116,386796.007,98.668,1786610699760295,reliable,1,1,4,4,0
3843,5333031281362,386898.174,102.167,1786610699862462,reliable,1,1,4,4,0
3844,5333127572412,386994.465,96.291,1786610699958758,reliable,1,1,4,4,0
3845,5333232897561,387099.790,105.325,1786610700064085,reliable,1,1,4,4,0
3846,5333326889711,387193.782,93.992,1786610700158074,reliable,1,1,4,4,0
3847,5333429345591,387296.238,102.456,1786610700260532,reliable,1,1,4,4,0
3848,5333527804968,387394.697,98.459,1786610700358993,reliable,1,1,4,4,0
3849,5333624471597,387491.364,96.667,1786610700455659,reliable,1,1,4,4,0
3850,5333728678528,387595.571,104.207,1786610700559866,reliable,1,1,4,4,0
3851,5333834928224,387701.821,106.250,1786610700666114,reliable,1,1,4,4,0
3852,5333927100138,387793.993,92.172,1786610700758281,reliable,1,1,4,4,0
3853,5334030101494,387896.994,103.001,1786610700861286,reliable,1,1,4,4,0
3854,5334127880130,387994.773,97.779,1786610700959066,reliable,1,1,4,4,0
3855,5334231694703,388098.587,103.815,1786610701062884,reliable,1,1,4,4,0
3856,5334326936645,388193.829,95.242,1786610701158124,reliable,1,1,4,4,0
3857,5334432404888,388299.297,105.468,1786610701263587,reliable,1,1,4,4,0
3858,5334528135697,388395.028,95.731,1786610701359329,reliable,1,1,4,4,0
3859,5334630779187,388497.672,102.643,1786610701461969,reliable,1,1,4,4,0
3860,5334726948783,388593.841,96.170,1786610701558135,reliable,1,1,4,4,0
3861,5334829687474,388696.580,102.739,1786610701660877,reliable,1,1,4,4,0
3862,5334927984346,388794.877,98.297,1786610701759263,reliable,1,1,4,4,0
3863,5335031228096,388898.121,103.244,1786610701862421,reliable,1,1,4,4,0
3864,5335128308577,388995.201,97.080,1786610701959500,reliable,1,1,4,4,0
3865,5335224915804,389091.808,96.607,1786610702056099,reliable,1,1,4,4,0
3866,5335327724152,389194.617,102.808,1786610702158908,reliable,1,1,4,4,0
3867,5335424653937,389291.546,96.930,1786610702255840,reliable,1,1,4,4,0
3868,5335526819561,389393.712,102.166,1786610702358001,reliable,1,1,4,4,0
3869,5335631128750,389498.021,104.309,1786610702462316,reliable,1,1,4,4,0
3870,5335726837216,389593.730,95.708,1786610702558020,reliable,1,1,4,4,0
3871,5335833892277,389700.785,107.055,1786610702665084,reliable,1,1,4,4,0
3872,5335926385236,389793.278,92.493,1786610702757574,reliable,1,1,4,4,0
3873,5336034830033,389901.723,108.445,1786610702866022,reliable,1,1,4,4,0
3874,5336126873229,389993.766,92.043,1786610702958058,reliable,1,1,4,4,0
3875,5336229904742,390096.797,103.032,1786610703061098,reliable,1,1,4,4,0
3876,5336326923097,390193.816,97.018,1786610703158108,reliable,1,1,4,4,0
3877,5336425260916,390292.153,98.338,1786610703256447,reliable,1,1,4,4,0
3878,5336528460267,390395.353,103.199,1786610703359645,reliable,1,1,4,4,0
3879,5336632786600,390499.679,104.326,1786610703463966,reliable,1,1,4,4,0
3880,5336726774217,390593.667,93.988,1786610703557951,reliable,1,1,4,4,0
3881,5336830475491,390697.368,103.701,1786610703661666,reliable,1,1,4,4,0
3882,5336928467579,390795.360,97.992,1786610703759647,reliable,1,1,4,4,0
3883,5337025140620,390892.033,96.673,1786610703856332,reliable,1,1,4,4,0
3884,5337128197186,390995.090,103.057,1786610703959387,reliable,1,1,4,4,0
3885,5337231499221,391098.392,103.302,1786610704062687,reliable,1,1,4,4,0
3886,5337328263744,391195.156,96.765,1786610704159449,reliable,1,1,4,4,0
3887,5337424959050,391291.852,96.695,1786610704256149,reliable,1,1,4,4,0
3888,5337527159668,391394.052,102.201,1786610704358346,reliable,1,1,4,4,0
3889,5337630733189,391497.626,103.574,1786610704461926,reliable,1,1,4,4,0
3890,5337728140276,391595.033,97.407,1786610704559324,reliable,1,1,4,4,0
3891,5337831286915,391698.179,103.147,1786610704662476,reliable,1,1,4,4,0
3892,5337927187336,391794.080,95.900,1786610704758373,reliable,1,1,4,4,0
3893,5338030729466,391897.622,103.542,1786610704861918,reliable,1,1,4,4,0
3894,5338128095272,391994.988,97.366,1786610704959284,reliable,1,1,4,4,0
3895,5338231228819,392098.121,103.134,1786610705062419,reliable,1,1,4,4,0
3896,5338328582906,392195.475,97.354,1786610705159771,reliable,1,1,4,4,0
3897,5338430702364,392297.595,102.119,1786610705261892,reliable,1,1,4,4,0
3898,5338527026973,392393.920,96.325,1786610705358233,reliable,1,1,4,4,0
3899,5338630216517,392497.109,103.190,1786610705461402,reliable,1,1,4,4,0
3900,5338727210730,392594.103,96.994,1786610705558393,reliable,1,1,4,4,0
3901,5338830018480,392696.911,102.808,1786610705661208,reliable,1,1,4,4,0
3902,5338927128245,392794.021,97.110,1786610705758316,reliable,1,1,4,4,0
3903,5339030010876,392896.903,102.883,1786610705861201,reliable,1,1,4,4,0
3904,5339127027201,392993.920,97.016,1786610705958218,reliable,1,1,4,4,0
3905,5339229695202,393096.588,102.668,1786610706060877,reliable,1,1,4,4,0
3906,5339328247529,393195.140,98.552,1786610706159434,reliable,1,1,4,4,0
3907,5339425967723,393292.860,97.720,1786610706257155,reliable,1,1,4,4,0
3908,5339527137056,393394.030,101.169,1786610706358325,reliable,1,1,4,4,0
3909,5339630655427,393497.548,103.518,1786610706461867,reliable,1,1,4,4,0
3910,5339728206404,393595.099,97.551,1786610706559404,reliable,1,1,4,4,0
3911,5339825777702,393692.670,97.571,1786610706656972,reliable,1,1,4,4,0
3912,5339928388131,393795.281,102.610,1786610706759576,reliable,1,1,4,4,0
3913,5340031225826,393898.118,102.838,1786610706862418,reliable,1,1,4,4,0
3914,5340128417729,393995.310,97.192,1786610706959632,reliable,1,1,4,4,0
3915,5340231026203,394097.919,102.608,1786610707062209,reliable,1,1,4,4,0
3916,5340328216307,394195.109,97.190,1786610707159401,reliable,1,1,4,4,0
3917,5340430710185,394297.603,102.494,1786610707261901,reliable,1,1,4,4,0
3918,5340527379230,394394.272,96.669,1786610707358565,reliable,1,1,4,4,0
3919,5340625769501,394492.662,98.390,1786610707456961,reliable,1,1,4,4,0
3920,5340727107853,394594.000,101.338,1786610707558293,reliable,1,1,4,4,0
3921,5340830945226,394697.838,103.837,1786610707662136,reliable,1,1,4,4,0
3922,5340926178743,394793.071,95.234,1786610707757354,reliable,1,1,4,4,0
3923,5341031467100,394898.360,105.288,1786610707862652,reliable,1,1,4,4,0
3924,5341127228173,394994.121,95.761,1786610707958413,reliable,1,1,4,4,0
3925,5341225889162,395092.782,98.661,1786610708057073,reliable,1,1,4,4,0
3926,5341326815824,395193.708,100.927,1786610708157993,reliable,1,1,4,4,0
3927,5341430330852,395297.223,103.515,1786610708261532,reliable,1,1,4,4,0
3928,5341526771345,395393.664,96.440,1786610708357950,reliable,1,1,4,4,0
3929,5341632950932,395499.843,106.180,1786610708464144,reliable,1,1,4,4,0
3930,5341727505335,395594.398,94.554,1786610708558689,reliable,1,1,4,4,0
3931,5341829963109,395696.856,102.458,1786610708661195,reliable,1,1,4,4,0
3932,5341926783317,395793.676,96.820,1786610708757963,reliable,1,1,4,4,0
3933,5342031220974,395898.114,104.438,1786610708862412,reliable,1,1,4,4,0
3934,5342127081369,395993.974,95.860,1786610708958259,reliable,1,1,4,4,0
3935,5342225820463,396092.713,98.739,1786610709057002,reliable,1,1,4,4,0
3936,5342326616973,396193.509,100.797,1786610709157795,reliable,1,1,4,4,0
3937,5342431576162,396298.469,104.959,1786610709262762,reliable,1,1,4,4,0
3938,5342528212874,396395.105,96.637,1786610709359399,reliable,1,1,4,4,0
3939,5342625111987,396492.005,96.899,1786610709456301,reliable,1,1,4,4,0
3940,5342727929884,396594.822,102.818,1786610709559114,reliable,1,1,4,4,0
3941,5342831250568,396698.143,103.321,1786610709662481,reliable,1,1,4,4,0
3942,5342928106673,396794.999,96.856,1786610709759296,reliable,1,1,4,4,0
3943,5343031348028,396898.241,103.241,1786610709862534,reliable,1,1,4,4,0
3944,5343126827166,396993.720,95.479,1786610709958005,reliable,1,1,4,4,0
3945,5343230376487,397097.269,103.549,1786610710061567,reliable,1,1,4,4,0
3946,5343328254383,397195.147,97.878,1786610710159434,reliable,1,1,4,4,0
3947,5343431036720,397297.929,102.782,1786610710262225,reliable,1,1,4,4,0
3948,5343526721869,397393.614,95.685,1786610710357905,reliable,1,1,4,4,0
3949,5343631649530,397498.542,104.928,1786610710462841,reliable,1,1,4,4,0
3950,5343727916505,397594.809,96.267,1786610710559098,reliable,1,1,4,4,0
3951,5343825267006,397692.160,97.351,1786610710656459,reliable,1,1,4,4,0
3952,5343929141477,397796.034,103.874,1786610710760331,reliable,1,1,4,4,0
3953,5344028462965,397895.355,99.321,1786610710859655,reliable,1,1,4,4,0
3954,5344127313378,397994.206,98.850,1786610710958506,reliable,1,1,4,4,0
3955,5344230271201,398097.164,102.958,1786610711061461,reliable,1,1,4,4,0
3956,5344326980315,398193.873,96.709,1786610711158161,reliable,1,1,4,4,0
3957,5344425115358,398292.008,98.135,1786610711256344,reliable,1,1,4,4,0
3958,5344527840632,398394.733,102.725,1786610711359018,reliable,1,1,4,4,0
3959,5344630942932,398497.835,103.102,1786610711462136,reliable,1,1,4,4,0
3960,5344727438446,398594.331,96.496,1786610711558619,reliable,1,1,4,4,0
3961,5344830330057,398697.223,102.892,1786610711661557,reliable,1,1,4,4,0
3962,5344927457350,398794.350,97.127,1786610711758645,reliable,1,1,4,4,0
3963,5345027037584,398893.930,99.580,1786610711858234,reliable,1,1,4,4,0
3964,5345127825408,398994.718,100.788,1786610711959010,reliable,1,1,4,4,0
3965,5345229808883,399096.701,101.983,1786610712061017,reliable,1,1,4,4,0
3966,5345327284395,399194.177,97.476,1786610712158507,reliable,1,1,4,4,0
3967,5345431063780,399297.956,103.779,1786610712262259,reliable,1,1,4,4,0
3968,5345528481020,399395.374,97.417,1786610712359667,reliable,1,1,4,4,0
3969,5345625836659,399492.729,97.356,1786610712457056,reliable,1,1,4,4,0
3970,5345728743079,399595.636,102.906,1786610712559930,reliable,1,1,4,4,0
3971,5345831023000,399697.916,102.280,1786610712662215,reliable,1,1,4,4,0
3972,5345928339376,399795.232,97.316,1786610712759523,reliable,1,1,4,4,0
3973,5346031806823,399898.699,103.467,1786610712862999,reliable,1,1,4,4,0
3974,5346128542139,399995.435,96.735,1786610712959733,reliable,1,1,4,4,0
3975,5346234172537,400101.065,105.630,1786610713065356,reliable,1,1,4,4,0
3976,5346328271737,400195.164,94.099,1786610713159448,reliable,1,1,4,4,0
3977,5346424937543,400291.830,96.666,1786610713256121,reliable,1,1,4,4,0
3978,5346528093461,400394.986,103.156,1786610713359284,reliable,1,1,4,4,0
3979,5346625188869,400492.081,97.095,1786610713456375,reliable,1,1,4,4,0
3980,5346727536623,400594.429,102.348,1786610713558720,reliable,1,1,4,4,0
3981,5346832650087,400699.543,105.113,1786610713663841,reliable,1,1,4,4,0
3982,5346926501094,400793.394,93.851,1786610713757686,reliable,1,1,4,4,0
3983,5347025093981,400891.987,98.593,1786610713856286,reliable,1,1,4,4,0
3984,5347126511363,400993.404,101.417,1786610713957692,reliable,1,1,4,4,0
3985,5347231328758,401098.221,104.817,1786610714062511,reliable,1,1,4,4,0
3986,5347328866753,401195.759,97.538,1786610714160050,reliable,1,1,4,4,0
3987,5347431127524,401298.020,102.261,1786610714262311,reliable,1,1,4,4,0
3988,5347526598917,401393.491,95.471,1786610714357785,reliable,1,1,4,4,0
3989,5347634468164,401501.361,107.869,1786610714465655,reliable,1,1,4,4,0
3990,5347727572633,401594.465,93.104,1786610714558762,reliable,1,1,4,4,0
3991,5347826410666,401693.303,98.838,1786610714657595,reliable,1,1,4,4,0
3992,5347928788718,401795.681,102.378,1786610714759974,reliable,1,1,4,4,0
3993,5348030238125,401897.131,101.449,1786610714861419,reliable,1,1,4,4,0
3994,5348128530971,401995.423,98.293,1786610714959719,reliable,1,1,4,4,0
3995,5348231153404,402098.046,102.622,1786610715062337,reliable,1,1,4,4,0
3996,5348328542560,402195.435,97.389,1786610715159730,reliable,1,1,4,4,0
3997,5348434648431,402301.541,106.106,1786610715265868,reliable,1,1,4,4,0
3998,5348528663394,402395.556,94.015,1786610715359845,reliable,1,1,4,4,0
3999,5348631033342,402497.926,102.370,1786610715462273,reliable,1,1,4,4,0
4000,5348728261921,402595.154,97.229,1786610715559441,reliable,1,1,4,4,0
4001,5348825289635,402692.182,97.028,1786610715656478,reliable,1,1,4,4,0
4002,5348927750016,402794.643,102.460,1786610715758935,reliable,1,1,4,4,0
4003,5349032220391,402899.113,104.470,1786610715863404,reliable,1,1,4,4,0
4004,5349127459680,402994.352,95.239,1786610715958645,reliable,1,1,4,4,0
4005,5349224755711,403091.648,97.296,1786610716055945,reliable,1,1,4,4,0
4006,5349328124090,403195.017,103.368,1786610716159307,reliable,1,1,4,4,0
4007,5349427636801,403294.529,99.513,1786610716258825,reliable,1,1,4,4,0
4008,5349528550352,403395.443,100.914,1786610716359739,reliable,1,1,4,4,0
4009,5349625387306,403492.280,96.837,1786610716456578,reliable,1,1,4,4,0
4010,5349727387134,403594.280,102.000,1786610716558572,reliable,1,1,4,4,0
4011,5349824463641,403691.356,97.077,1786610716655655,reliable,1,1,4,4,0
4012,5349928706808,403795.599,104.243,1786610716759904,reliable,1,1,4,4,0
4013,5350031899217,403898.792,103.192,1786610716863090,reliable,1,1,4,4,0
4014,5350127645702,403994.538,95.746,1786610716958832,reliable,1,1,4,4,0
4015,5350226602535,404093.495,98.957,1786610717057793,reliable,1,1,4,4,0
4016,5350327689648,404194.582,101.087,1786610717158889,reliable,1,1,4,4,0
4017,5350431898663,404298.791,104.209,1786610717263113,reliable,1,1,4,4,0
4018,5350528188473,404395.081,96.290,1786610717359370,reliable,1,1,4,4,0
4019,5350631223210,404498.116,103.035,1786610717462409,reliable,1,1,4,4,0
4020,5350727487451,404594.380,96.264,1786610717558669,reliable,1,1,4,4,0
4021,5350830413037,404697.306,102.926,1786610717661605,reliable,1,1,4,4,0
4022,5350927553890,404794.446,97.141,1786610717758742,reliable,1,1,4,4,0
4023,5351031660313,404898.553,104.106,1786610717862856,reliable,1,1,4,4,0
4024,5351128583565,404995.476,96.923,1786610717959771,reliable,1,1,4,4,0
4025,5351225021852,405091.914,96.438,1786610718056213,reliable,1,1,4,4,0
4026,5351328996779,405195.889,103.975,1786610718160182,reliable,1,1,4,4,0
4027,5351430948625,405297.841,101.952,1786610718262139,reliable,1,1,4,4,0
4028,5351527116667,405394.009,96.168,1786610718358314,reliable,1,1,4,4,0
4029,5351625042509,405491.935,97.926,1786610718456238,reliable,1,1,4,4,0
4030,5351727846103,405594.739,102.804,1786610718559051,reliable,1,1,4,4,0
4031,5351835598872,405702.491,107.753,1786610718666792,reliable,1,1,4,4,0
4032,5351928674292,405795.567,93.075,1786610718759859,reliable,1,1,4,4,0
4033,5352031378269,405898.271,102.704,1786610718862606,reliable,1,1,4,4,0
4034,5352128650316,405995.543,97.272,1786610718959837,reliable,1,1,4,4,0
4035,5352232344310,406099.237,103.694,1786610719063532,reliable,1,1,4,4,0
4036,5352328459226,406195.352,96.115,1786610719159641,reliable,1,1,4,4,0
4037,5352431206908,406298.099,102.748,1786610719262395,reliable,1,1,4,4,0
4038,5352528756966,406395.649,97.550,1786610719359942,reliable,1,1,4,4,0
4039,5352624948202,406491.841,96.191,1786610719456131,reliable,1,1,4,4,0
4040,5352727706221,406594.599,102.758,1786610719558906,reliable,1,1,4,4,0
4041,5352826829918,406693.722,99.124,1786610719658040,reliable,1,1,4,4,0
4042,5352928965278,406795.858,102.135,1786610719760152,reliable,1,1,4,4,0
4043,5353025461635,406892.354,96.496,1786610719856646,reliable,1,1,4,4,0
4044,5353128923977,406995.817,103.462,1786610719960111,reliable,1,1,4,4,0
4045,5353226246927,407093.139,97.323,1786610720057439,reliable,1,1,4,4,0
4046,5353328744169,407195.637,102.497,1786610720159930,reliable,1,1,4,4,0
4047,5353425359017,407292.252,96.615,1786610720256596,reliable,1,1,4,4,0
4048,5353528959368,407395.852,103.600,1786610720360143,reliable,1,1,4,4,0
4049,5353624638307,407491.531,95.679,1786610720455828,reliable,1,1,4,4,0
4050,5353727985250,407594.878,103.347,1786610720559243,reliable,1,1,4,4,0
4051,5353825195684,407692.088,97.210,1786610720656387,reliable,1,1,4,4,0
4052,5353928852932,407795.745,103.657,1786610720760040,reliable,1,1,4,4,0
4053,5354035122480,407902.015,106.270,1786610720866307,reliable,1,1,4,4,0
4054,5354127520572,407994.413,92.398,1786610720958708,reliable,1,1,4,4,0
4055,5354224348281,408091.241,96.828,1786610721055536,reliable,1,1,4,4,0
4056,5354329063734,408195.956,104.715,1786610721160254,reliable,1,1,4,4,0
4057,5354426281938,408293.174,97.218,1786610721257474,reliable,1,1,4,4,0
4058,5354528958055,408395.851,102.676,1786610721360146,reliable,1,1,4,4,0
4059,5354633751557,408500.644,104.794,1786610721464949,reliable,1,1,4,4,0
4060,5354727562321,408594.455,93.811,1786610721558749,reliable,1,1,4,4,0
4061,5354824230506,408691.123,96.668,1786610721655424,reliable,1,1,4,4,0
4062,5354927603426,408794.496,103.373,1786610721758793,reliable,1,1,4,4,0
4063,5355026176996,408893.070,98.574,1786610721857401,reliable,1,1,4,4,0
4064,5355127981652,408994.874,101.805,1786610721959389,reliable,1,1,4,4,0
4065,5355227111381,409094.004,99.130,1786610722058315,reliable,1,1,4,4,0
4066,5355328978335,409195.871,101.867,1786610722160163,reliable,1,1,4,4,0
4067,5355425565681,409292.458,96.587,1786610722256750,reliable,1,1,4,4,0
4068,5355527733277,409394.626,102.168,1786610722358921,reliable,1,1,4,4,0
4069,5355625995223,409492.888,98.262,1786610722457184,reliable,1,1,4,4,0
4070,5355728726341,409595.619,102.731,1786610722559914,reliable,1,1,4,4,0
4071,5355825357719,409692.250,96.631,1786610722656539,reliable,1,1,4,4,0
4072,5355927728740,409794.621,102.371,1786610722758906,reliable,1,1,4,4,0
4073,5356031027380,409897.920,103.299,1786610722862219,reliable,1,1,4,4,0
4074,5356127733479,409994.626,96.706,1786610722958921,reliable,1,1,4,4,0
4075,5356235815625,410102.708,108.082,1786610723067003,reliable,1,1,4,4,0
4076,5356328458692,410195.351,92.643,1786610723159642,reliable,1,1,4,4,0
4077,5356431680269,410298.573,103.222,1786610723262878,reliable,1,1,4,4,0
4078,5356528677787,410395.570,96.998,1786610723359867,reliable,1,1,4,4,0
4079,5356631306146,410498.199,102.628,1786610723462533,reliable,1,1,4,4,0
4080,5356728479696,410595.372,97.174,1786610723559660,reliable,1,1,4,4,0
4081,5356833822947,410700.715,105.343,1786610723665015,reliable,1,1,4,4,0
4082,5356928569863,410795.462,94.747,1786610723759750,reliable,1,1,4,4,0
4083,5357031347758,410898.240,102.778,1786610723862537,reliable,1,1,4,4,0
4084,5357127543640,410994.436,96.196,1786610723958730,reliable,1,1,4,4,0
4085,5357231629826,411098.522,104.086,1786610724062814,reliable,1,1,4,4,0
4086,5357327832422,411194.725,96.203,1786610724159011,reliable,1,1,4,4,0
4087,5357427047415,411293.940,99.215,1786610724258246,reliable,1,1,4,4,0
4088,5357529215605,411396.108,102.168,1786610724360423,reliable,1,1,4,4,0
4089,5357630897169,411497.790,101.682,1786610724462128,reliable,1,1,4,4,0
4090,5357727939064,411594.832,97.042,1786610724559129,reliable,1,1,4,4,0
4091,5357832650913,411699.543,104.712,1786610724663834,reliable,1,1,4,4,0
4092,5357928655109,411795.548,96.004,1786610724759847,reliable,1,1,4,4,0
4093,5358026588304,411893.481,97.933,1786610724857780,reliable,1,1,4,4,0
4094,5358128922639,411995.815,102.334,1786610724960103,reliable,1,1,4,4,0
4095,5358231935533,412098.828,103.013,1786610725063125,reliable,1,1,4,4,0
4096,5358327935753,412194.828,96.000,1786610725159122,reliable,1,1,4,4,0
4097,5358436108026,412303.001,108.172,1786610725267297,reliable,1,1,4,4,0
4098,5358528790601,412395.683,92.683,1786610725359973,reliable,1,1,4,4,0
4099,5358631317122,412498.210,102.527,1786610725462542,reliable,1,1,4,4,0
4100,5358729917578,412596.810,98.600,1786610725561109,reliable,1,1,4,4,0
4101,5358830760891,412697.653,100.843,1786610725662000,reliable,1,1,4,4,0
4102,5358928591680,412795.484,97.831,1786610725759774,reliable,1,1,4,4,0
4103,5359035272683,412902.165,106.681,1786610725866463,reliable,1,1,4,4,0
4104,5359127627448,412994.520,92.355,1786610725958896,reliable,1,1,4,4,0
4105,5359226521918,413093.414,98.894,1786610726057706,reliable,1,1,4,4,0
4106,5359328160300,413195.053,101.638,1786610726159349,reliable,1,1,4,4,0
4107,5359431279105,413298.172,103.119,1786610726262469,reliable,1,1,4,4,0
4108,5359526997398,413393.890,95.718,1786610726358183,reliable,1,1,4,4,0
4109,5359625755352,413492.648,98.758,1786610726456989,reliable,1,1,4,4,0
4110,5359729311055,413596.204,103.556,1786610726560496,reliable,1,1,4,4,0
4111,5359831809057,413698.702,102.498,1786610726663004,reliable,1,1,4,4,0
4112,5359929294942,413796.187,97.486,1786610726760485,reliable,1,1,4,4,0
4113,5360026262040,413893.155,96.967,1786610726857446,reliable,1,1,4,4,0
4114,5360130340497,413997.233,104.078,1786610726961573,reliable,1,1,4,4,0
4115,5360225034879,414091.927,94.694,1786610727056218,reliable,1,1,4,4,0
4116,5360327761483,414194.654,102.727,1786610727158950,reliable,1,1,4,4,0
4117,5360431264762,414298.157,103.503,1786610727262455,reliable,1,1,4,4,0
4118,5360527953998,414394.847,96.689,1786610727359140,reliable,1,1,4,4,0
4119,5360633884519,414500.777,105.931,1786610727465075,reliable,1,1,4,4,0
4120,5360728802035,414595.695,94.918,1786610727559981,reliable,1,1,4,4,0
4121,5360825880584,414692.773,97.079,1786610727657094,reliable,1,1,4,4,0
4122,5360929165622,414796.058,103.285,1786610727760353,reliable,1,1,4,4,0
4123,5361025552872,414892.445,96.387,1786610727856734,reliable,1,1,4,4,0
4124,5361127910515,414994.803,102.358,1786610727959100,reliable,1,1,4,4,0
4125,5361238306523,415105.199,110.396,1786610728069497,reliable,1,1,4,4,0
4126,5361327990731,415194.883,89.684,1786610728159250,reliable,1,1,4,4,0
4127,5361425269147,415292.162,97.278,1786610728256480,reliable,1,1,4,4,0
4128,5361527934784,415394.827,102.666,1786610728359115,reliable,1,1,4,4,0
4129,5361630542117,415497.435,102.607,1786610728461734,reliable,1,1,4,4,0
4130,5361727992885,415594.885,97.451,1786610728559269,reliable,1,1,4,4,0
4131,5361826465770,415693.358,98.473,1786610728657649,reliable,1,1,4,4,0
4132,5361929134351,415796.027,102.669,1786610728760319,reliable,1,1,4,4,0
4133,5362031834453,415898.727,102.700,1786610728863023,reliable,1,1,4,4,0
4134,5362127990687,415994.883,96.156,1786610728959233,reliable,1,1,4,4,0
4135,5362234037807,416100.930,106.047,1786610729065230,reliable,1,1,4,4,0
4136,5362328641549,416195.534,94.604,1786610729159824,reliable,1,1,4,4,0
4137,5362425528628,416292.421,96.887,1786610729256719,reliable,1,1,4,4,0
4138,5362528195667,416395.088,102.667,1786610729359378,reliable,1,1,4,4,0
4139,5362626377664,416493.270,98.182,1786610729457592,reliable,1,1,4,4,0
4140,5362729121183,416596.014,102.744,1786610729560307,reliable,1,1,4,4,0
4141,5362831955614,416698.848,102.834,1786610729663138,reliable,1,1,4,4,0
4142,5362926989086,416793.882,95.033,1786610729758168,reliable,1,1,4,4,0
4143,5363025717005,416892.610,98.728,1786610729856914,reliable,1,1,4,4,0
4144,5363128124491,416995.017,102.407,1786610729959310,reliable,1,1,4,4,0
4145,5363231112039,417098.005,102.988,1786610730062337,reliable,1,1,4,4,0
4146,5363327578599,417194.471,96.467,1786610730158756,reliable,1,1,4,4,0
4147,5363427586773,417294.479,100.008,1786610730258778,reliable,1,1,4,4,0
4148,5363527939076,417394.832,100.352,1786610730359141,reliable,1,1,4,4,0
4149,5363630554332,417497.447,102.615,1786610730461739,reliable,1,1,4,4,0
4150,5363729382373,417596.275,98.828,1786610730560590,reliable,1,1,4,4,0
4151,5363831729596,417698.622,102.347,1786610730662920,reliable,1,1,4,4,0
4152,5363928286556,417795.179,96.557,1786610730759470,reliable,1,1,4,4,0
4153,5364034635106,417901.528,106.349,1786610730865823,reliable,1,1,4,4,0
4154,5364129211546,417996.104,94.576,1786610730960400,reliable,1,1,4,4,0
4155,5364225846647,418092.739,96.635,1786610731057039,reliable,1,1,4,4,0
4156,5364329291084,418196.184,103.444,1786610731160481,reliable,1,1,4,4,0
4157,5364425457796,418292.350,96.167,1786610731256657,reliable,1,1,4,4,0
4158,5364528239254,418395.132,102.781,1786610731359420,reliable,1,1,4,4,0
4159,5364636505598,418503.398,108.266,1786610731467698,reliable,1,1,4,4,0
4160,5364729269833,418596.162,92.764,1786610731560449,reliable,1,1,4,4,0
4161,5364826118468,418693.011,96.849,1786610731657307,reliable,1,1,4,4,0
4162,5364928240531,418795.133,102.122,1786610731759428,reliable,1,1,4,4,0
4163,5365024654828,418891.547,96.414,1786610731855841,reliable,1,1,4,4,0
4164,5365128547811,418995.440,103.893,1786610731959729,reliable,1,1,4,4,0
4165,5365236375973,419103.269,107.828,1786610732067571,reliable,1,1,4,4,0
4166,5365329038057,419195.931,92.662,1786610732160227,reliable,1,1,4,4,0
4167,5365425503996,419292.397,96.466,1786610732256727,reliable,1,1,4,4,0
4168,5365528105799,419394.998,102.602,1786610732359285,reliable,1,1,4,4,0
4169,5365625175389,419492.068,97.070,1786610732456367,reliable,1,1,4,4,0
4170,5365729499598,419596.392,104.324,1786610732560678,reliable,1,1,4,4,0
4171,5365836271689,419703.164,106.772,1786610732667461,reliable,1,1,4,4,0
4172,5365928540556,419795.433,92.269,1786610732759722,reliable,1,1,4,4,0
4173,5366027099912,419893.992,98.559,1786610732858281,reliable,1,1,4,4,0
4174,5366129142128,419996.035,102.042,1786610732960323,reliable,1,1,4,4,0
4175,5366226508036,420093.401,97.366,1786610733057699,reliable,1,1,4,4,0
4176,5366328582566,420195.475,102.075,1786610733159764,reliable,1,1,4,4,0
4177,5366436229085,420303.122,107.647,1786610733267457,reliable,1,1,4,4,0
4178,5366529240893,420396.133,93.012,1786610733360418,reliable,1,1,4,4,0
4179,5366626859535,420493.752,97.619,1786610733458046,reliable,1,1,4,4,0
4180,5366729256818,420596.149,102.397,1786610733560442,reliable,1,1,4,4,0
4181,5366832500377,420699.393,103.244,1786610733663711,reliable,1,1,4,4,0
4182,5366929130535,420796.023,96.630,1786610733760311,reliable,1,1,4,4,0
4183,5367025664948,420892.557,96.534,1786610733856848,reliable,1,1,4,4,0
4184,5367128343609,420995.236,102.679,1786610733959530,reliable,1,1,4,4,0
4185,5367226971851,421093.864,98.628,1786610734058161,reliable,1,1,4,4,0
4186,5367329002119,421195.895,102.030,1786610734160188,reliable,1,1,4,4,0
4187,5367425290509,421292.183,96.288,1786610734256483,reliable,1,1,4,4,0
4188,5367528244876,421395.137,102.954,1786610734359434,reliable,1,1,4,4,0
4189,5367630736265,421497.629,102.491,1786610734461967,reliable,1,1,4,4,0
4190,5367728224916,421595.117,97.489,1786610734559412,reliable,1,1,4,4,0
4191,5367825383550,421692.276,97.159,1786610734656574,reliable,1,1,4,4,0
4192,5367928594462,421795.487,103.211,1786610734759779,reliable,1,1,4,4,0
4193,5368035139755,421902.032,106.545,1786610734866324,reliable,1,1,4,4,0
4194,5368129722571,421996.615,94.583,1786610734960909,reliable,1,1,4,4,0
4195,5368225673740,422092.566,95.951,1786610735056865,reliable,1,1,4,4,0
4196,5368327422273,422194.315,101.749,1786610735158608,reliable,1,1,4,4,0
4197,5368426168682,422293.061,98.746,1786610735257359,reliable,1,1,4,4,0
4198,5368528318880,422395.211,102.150,1786610735359507,reliable,1,1,4,4,0
4199,5368637069037,422503.962,108.750,1786610735468257,reliable,1,1,4,4,0
4200,5368729609440,422596.502,92.540,1786610735560795,reliable,1,1,4,4,0
4201,5368825789248,422692.682,96.180,1786610735656977,reliable,1,1,4,4,0
4202,5368928320791,422795.213,102.532,1786610735759508,reliable,1,1,4,4,0
4203,5369026835423,422893.728,98.515,1786610735858024,reliable,1,1,4,4,0
4204,5369129478999,422996.372,102.644,1786610735960667,reliable,1,1,4,4,0
4205,5369235015061,423101.908,105.536,1786610736066198,reliable,1,1,4,4,0
4206,5369328625894,423195.518,93.611,1786610736159812,reliable,1,1,4,4,0
4207,5369425013632,423291.906,96.388,1786610736256247,reliable,1,1,4,4,0
4208,5369529351320,423396.244,104.338,1786610736360536,reliable,1,1,4,4,0
4209,5369631937897,423498.830,102.587,1786610736463188,reliable,1,1,4,4,0
4210,5369729256007,423596.149,97.318,1786610736560442,reliable,1,1,4,4,0
4211,5369825579969,423692.472,96.324,1786610736656767,reliable,1,1,4,4,0
4212,5369928385523,423795.278,102.806,1786610736759573,reliable,1,1,4,4,0
4213,5370031222404,423898.115,102.837,1786610736862552,reliable,1,1,4,4,0
4214,5370129221925,423996.114,98.000,1786610736960408,reliable,1,1,4,4,0
4215,5370226590111,424093.483,97.368,1786610737057778,reliable,1,1,4,4,0
4216,5370330298062,424197.191,103.708,1786610737161486,reliable,1,1,4,4,0
4217,5370438457356,424305.350,108.159,1786610737269683,reliable,1,1,4,4,0
4218,5370537099561,424403.992,98.642,1786610737368287,reliable,1,1,4,4,0
4219,5370627623081,424494.516,90.524,1786610737458814,reliable,1,1,4,4,0
4220,5370728468333,424595.361,100.845,1786610737559656,reliable,1,1,4,4,0
4221,5370827308682,424694.201,98.840,1786610737658497,reliable,1,1,4,4,0
4222,5370929620180,424796.513,102.311,1786610737760809,reliable,1,1,4,4,0
4223,5371026434186,424893.327,96.814,1786610737857624,reliable,1,1,4,4,0
4224,5371128326770,424995.219,101.893,1786610737959514,reliable,1,1,4,4,0
4225,5371224703875,425091.596,96.377,1786610738055893,reliable,1,1,4,4,0
4226,5371328272619,425195.165,103.569,1786610738159464,reliable,1,1,4,4,0
4227,5371426062558,425292.955,97.790,1786610738257251,reliable,1,1,4,4,0
4228,5371528506914,425395.399,102.444,1786610738359696,reliable,1,1,4,4,0
4229,5371627608954,425494.501,99.102,1786610738458799,reliable,1,1,4,4,0
4230,5371728375703,425595.268,100.767,1786610738559565,reliable,1,1,4,4,0
4231,5371824856742,425691.749,96.481,1786610738656061,reliable,1,1,4,4,0
4232,5371928746863,425795.639,103.890,1786610738759929,reliable,1,1,4,4,0
4233,5372034697855,425901.590,105.951,1786610738865877,reliable,1,1,4,4,0
4234,5372129378311,425996.271,94.680,1786610738960563,reliable,1,1,4,4,0
4235,5372226017491,426092.910,96.639,1786610739057262,reliable,1,1,4,4,0
4236,5372328285168,426195.178,102.268,1786610739159472,reliable,1,1,4,4,0
4237,5372425834045,426292.727,97.549,1786610739257025,reliable,1,1,4,4,0
4238,5372529289565,426396.182,103.456,1786610739360496,reliable,1,1,4,4,0
4239,5372634051171,426500.944,104.762,1786610739465243,reliable,1,1,4,4,0
4240,5372729515304,426596.408,95.464,1786610739560699,reliable,1,1,4,4,0
4241,5372831751397,426698.644,102.236,1786610739662975,reliable,1,1,4,4,0
4242,5372928544719,426795.437,96.793,1786610739759730,reliable,1,1,4,4,0
4243,5373031446157,426898.339,102.901,1786610739862634,reliable,1,1,4,4,0
4244,5373129369307,426996.262,97.923,1786610739960554,reliable,1,1,4,4,0
4245,5373225683648,427092.576,96.314,1786610740056876,reliable,1,1,4,4,0
4246,5373328248856,427195.141,102.565,1786610740159435,reliable,1,1,4,4,0
4247,5373425445309,427292.338,97.196,1786610740256637,reliable,1,1,4,4,0
4248,5373529360761,427396.253,103.915,1786610740360549,reliable,1,1,4,4,0
4249,5373625519739,427492.412,96.159,1786610740456713,reliable,1,1,4,4,0
4250,5373729374358,427596.267,103.855,1786610740560567,reliable,1,1,4,4,0
4251,5373827206142,427694.099,97.832,1786610740658397,reliable,1,1,4,4,0
4252,5373928405873,427795.298,101.200,1786610740759594,reliable,1,1,4,4,0
4253,5374024952692,427891.845,96.547,1786610740856168,reliable,1,1,4,4,0
4254,5374129307985,427996.201,104.355,1786610740960497,reliable,1,1,4,4,0
4255,5374236301907,428103.194,106.994,1786610741067513,reliable,1,1,4,4,0
4256,5374328695107,428195.588,92.393,1786610741159883,reliable,1,1,4,4,0
4257,5374425145600,428292.038,96.450,1786610741256338,reliable,1,1,4,4,0
4258,5374529212918,428396.105,104.067,1786610741360392,reliable,1,1,4,4,0
4259,5374633979950,428500.872,104.767,1786610741465257,reliable,1,1,4,4,0
4260,5374728361540,428595.254,94.382,1786610741559550,reliable,1,1,4,4,0
4261,5374826918856,428693.811,98.557,1786610741658112,reliable,1,1,4,4,0
4262,5374928990935,428795.883,102.072,1786610741760178,reliable,1,1,4,4,0
4263,5375027092698,428893.985,98.102,1786610741858284,reliable,1,1,4,4,0
4264,5375128505543,428995.398,101.413,1786610741959693,reliable,1,1,4,4,0
4265,5375225898436,429092.791,97.393,1786610742057090,reliable,1,1,4,4,0
4266,5375329617234,429196.510,103.719,1786610742160805,reliable,1,1,4,4,0
4267,5375426037705,429292.930,96.420,1786610742257228,reliable,1,1,4,4,0
4268,5375528709268,429395.602,102.672,1786610742359895,reliable,1,1,4,4,0
4269,5375635412588,429502.305,106.703,1786610742466602,reliable,1,1,4,4,0
4270,5375728766937,429595.659,93.354,1786610742559956,reliable,1,1,4,4,0
4271,5375835170992,429702.064,106.404,1786610742666360,reliable,1,1,4,4,0
4272,5375929632897,429796.525,94.462,1786610742760820,reliable,1,1,4,4,0
4273,5376026001176,429892.894,96.368,1786610742857194,reliable,1,1,4,4,0
4274,5376128275041,429995.168,102.274,1786610742959457,reliable,1,1,4,4,0
4275,5376225536952,430092.429,97.262,1786610743056728,reliable,1,1,4,4,0
4276,5376328761982,430195.655,103.225,1786610743159948,reliable,1,1,4,4,0
4277,5376434797230,430301.690,106.035,1786610743265987,reliable,1,1,4,4,0
4278,5376529663002,430396.556,94.866,1786610743360851,reliable,1,1,4,4,0
4279,5376627958737,430494.851,98.296,1786610743459210,reliable,1,1,4,4,0
4280,5376728483567,430595.376,100.525,1786610743559670,reliable,1,1,4,4,0
4281,5376826792870,430693.685,98.309,1786610743658020,reliable,1,1,4,4,0
4282,5376929747404,430796.640,102.955,1786610743760934,reliable,1,1,4,4,0
4283,5377034128182,430901.021,104.381,1786610743865320,reliable,1,1,4,4,0
4284,5377128553760,430995.446,94.426,1786610743959740,reliable,1,1,4,4,0
4285,5377225217231,431092.110,96.663,1786610744056445,reliable,1,1,4,4,0
4286,5377327753581,431194.646,102.536,1786610744158942,reliable,1,1,4,4,0
4287,5377426341887,431293.234,98.588,1786610744257532,reliable,1,1,4,4,0
4288,5377528992542,431395.885,102.651,1786610744360180,reliable,1,1,4,4,0
4289,5377639815285,431506.708,110.823,1786610744470999,reliable,1,1,4,4,0
4290,5377723250328,431590.143,83.435,1786610744554433,reliable,1,1,4,4,0
4291,5377832879884,431699.772,109.630,1786610744664107,reliable,1,1,4,4,0
4292,5377929477784,431796.370,96.598,1786610744760664,reliable,1,1,4,4,0
4293,5378026211140,431893.104,96.733,1786610744857437,reliable,1,1,4,4,0
4294,5378129641637,431996.534,103.430,1786610744960830,reliable,1,1,4,4,0
4295,5378233331267,432100.224,103.690,1786610745064523,reliable,1,1,4,4,0
4296,5378328534405,432195.427,95.203,1786610745159723,reliable,1,1,4,4,0
4297,5378425034922,432291.927,96.501,1786610745256230,reliable,1,1,4,4,0
4298,5378528559909,432395.452,103.525,1786610745359752,reliable,1,1,4,4,0
4299,5378626366863,432493.259,97.807,1786610745457554,reliable,1,1,4,4,0
4300,5378728764038,432595.657,102.397,1786610745559948,reliable,1,1,4,4,0
4301,5378827487955,432694.380,98.724,1786610745658675,reliable,1,1,4,4,0
4302,5378928496870,432795.389,101.009,1786610745759685,reliable,1,1,4,4,0
4303,5379025712622,432892.605,97.216,1786610745856905,reliable,1,1,4,4,0
4304,5379129482953,432996.375,103.770,1786610745960669,reliable,1,1,4,4,0
4305,5379226280941,433093.173,96.798,1786610746057471,reliable,1,1,4,4,0
4306,5379328875423,433195.768,102.594,1786610746160064,reliable,1,1,4,4,0
4307,5379427795782,433294.688,98.920,1786610746259020,reliable,1,1,4,4,0
4308,5379529680693,433396.573,101.885,1786610746360868,reliable,1,1,4,4,0
4309,5379628228795,433495.121,98.548,1786610746459414,reliable,1,1,4,4,0
4310,5379729533705,433596.426,101.305,1786610746560773,reliable,1,1,4,4,0
4311,5379836163975,433703.057,106.630,1786610746667351,reliable,1,1,4,4,0
4312,5379928879484,433795.772,92.716,1786610746760062,reliable,1,1,4,4,0
4313,5380027590562,433894.483,98.711,1786610746858780,reliable,1,1,4,4,0
4314,5380128752816,433995.645,101.162,1786610746959939,reliable,1,1,4,4,0
4315,5380225489101,434092.382,96.736,1786610747056678,reliable,1,1,4,4,0
4316,5380328910171,434195.803,103.421,1786610747160100,reliable,1,1,4,4,0
4317,5380435528083,434302.421,106.618,1786610747266716,reliable,1,1,4,4,0
4318,5380529195044,434396.088,93.667,1786610747360382,reliable,1,1,4,4,0
4319,5380627454595,434494.347,98.260,1786610747458689,reliable,1,1,4,4,0
4320,5380728617099,434595.510,101.163,1786610747559802,reliable,1,1,4,4,0
4321,5380826100456,434692.993,97.483,1786610747657288,reliable,1,1,4,4,0
4322,5380928643155,434795.536,102.543,1786610747759832,reliable,1,1,4,4,0
4323,5381031381536,434898.274,102.738,1786610747862570,reliable,1,1,4,4,0
4324,5381129733183,434996.626,98.352,1786610747960919,reliable,1,1,4,4,0
4325,5381226213302,435093.106,96.480,1786610748057402,reliable,1,1,4,4,0
4326,5381328765147,435195.658,102.552,1786610748159953,reliable,1,1,4,4,0
4327,5381425294223,435292.187,96.529,1786610748256481,reliable,1,1,4,4,0
4328,5381528648631,435395.541,103.354,1786610748359836,reliable,1,1,4,4,0
4329,5381628798294,435495.691,100.150,1786610748459989,reliable,1,1,4,4,0
4330,5381728642579,435595.535,99.844,1786610748559834,reliable,1,1,4,4,0
4331,5381831256473,435698.149,102.614,1786610748662446,reliable,1,1,4,4,0
4332,5381928728816,435795.621,97.472,1786610748759915,reliable,1,1,4,4,0
4333,5382035002784,435901.895,106.274,1786610748866230,reliable,1,1,4,4,0
4334,5382129825616,435996.718,94.823,1786610748961015,reliable,1,1,4,4,0
4335,5382226671553,436093.564,96.846,1786610749057857,reliable,1,1,4,4,0
4336,5382328303774,436195.196,101.632,1786610749159484,reliable,1,1,4,4,0
4337,5382426242065,436293.135,97.938,1786610749257434,reliable,1,1,4,4,0
4338,5382529122065,436396.015,102.880,1786610749360298,reliable,1,1,4,4,0
4339,5382634250840,436501.143,105.129,1786610749465448,reliable,1,1,4,4,0
4340,5382728846369,436595.739,94.596,1786610749560033,reliable,1,1,4,4,0
4341,5382827193908,436694.086,98.348,1786610749658381,reliable,1,1,4,4,0
4342,5382929870932,436796.763,102.677,1786610749761057,reliable,1,1,4,4,0
4343,5383026416514,436893.309,96.546,1786610749857602,reliable,1,1,4,4,0
4344,5383128422816,436995.315,102.006,1786610749959599,reliable,1,1,4,4,0
4345,5383231376605,437098.269,102.954,1786610750062562,reliable,1,1,4,4,0
4346,5383328992585,437195.885,97.616,1786610750160177,reliable,1,1,4,4,0
4347,5383427593335,437294.486,98.601,1786610750258782,reliable,1,1,4,4,0
4348,5383528802029,437395.695,101.209,1786610750359990,reliable,1,1,4,4,0
4349,5383626713562,437493.606,97.912,1786610750457899,reliable,1,1,4,4,0
4350,5383728706321,437595.599,101.993,1786610750559885,reliable,1,1,4,4,0
4351,5383827662529,437694.555,98.956,1786610750658849,reliable,1,1,4,4,0
4352,5383929725625,437796.618,102.063,1786610750760908,reliable,1,1,4,4,0
4353,5384026588354,437893.481,96.863,1786610750857775,reliable,1,1,4,4,0
4354,5384128504442,437995.397,101.916,1786610750959686,reliable,1,1,4,4,0
4355,5384236573279,438103.466,108.069,1786610751067759,reliable,1,1,4,4,0
4356,5384329077943,438195.970,92.505,1786610751160263,reliable,1,1,4,4,0
4357,5384427566911,438294.459,98.489,1786610751258767,reliable,1,1,4,4,0
4358,5384530219027,438397.112,102.652,1786610751361400,reliable,1,1,4,4,0
4359,5384625769427,438492.662,95.550,1786610751456961,reliable,1,1,4,4,0
4360,5384728746055,438595.639,102.977,1786610751560014,reliable,1,1,4,4,0
4361,5384833615169,438700.508,104.869,1786610751664804,reliable,1,1,4,4,0
4362,5384929318594,438796.211,95.703,1786610751760508,reliable,1,1,4,4,0
4363,5385033506617,438900.399,104.188,1786610751864695,reliable,1,1,4,4,0
4364,5385130315421,438997.208,96.809,1786610751961503,reliable,1,1,4,4,0
4365,5385226511068,439093.404,96.196,1786610752057701,reliable,1,1,4,4,0
4366,5385328982281,439195.875,102.471,1786610752160163,reliable,1,1,4,4,0
4367,5385427457035,439294.350,98.475,1786610752258656,reliable,1,1,4,4,0
4368,5385528124500,439395.017,100.667,1786610752359313,reliable,1,1,4,4,0
4369,5385626611126,439493.504,98.487,1786610752457803,reliable,1,1,4,4,0
4370,5385729794309,439596.687,103.183,1786610752560971,reliable,1,1,4,4,0
4371,5385828538984,439695.432,98.745,1786610752659732,reliable,1,1,4,4,0
4372,5385928732719,439795.625,100.194,1786610752759917,reliable,1,1,4,4,0
4373,5386027463666,439894.356,98.731,1786610752858654,reliable,1,1,4,4,0
4374,5386129922559,439996.815,102.459,1786610752961111,reliable,1,1,4,4,0
4375,5386228411870,440095.304,98.489,1786610753059646,reliable,1,1,4,4,0
4376,5386329184545,440196.077,100.773,1786610753160389,reliable,1,1,4,4,0
4377,5386437084886,440303.977,107.900,1786610753268276,reliable,1,1,4,4,0
4378,5386529887428,440396.780,92.803,1786610753361073,reliable,1,1,4,4,0
4379,5386626057531,440492.950,96.170,1786610753457241,reliable,1,1,4,4,0
4380,5386729664357,440596.557,103.607,1786610753560846,reliable,1,1,4,4,0
4381,5386825774491,440692.667,96.110,1786610753656967,reliable,1,1,4,4,0
4382,5386929005764,440795.898,103.231,1786610753760186,reliable,1,1,4,4,0
4383,5387033825937,440900.718,104.820,1786610753865016,reliable,1,1,4,4,0
4384,5387130173096,440997.066,96.347,1786610753961359,reliable,1,1,4,4,0
4385,5387228637090,441095.530,98.464,1786610754059828,reliable,1,1,4,4,0
4386,5387328794365,441195.687,100.157,1786610754159981,reliable,1,1,4,4,0
4387,5387425947760,441292.840,97.153,1786610754257139,reliable,1,1,4,4,0
4388,5387529604660,441396.497,103.657,1786610754360784,reliable,1,1,4,4,0
4389,5387636122463,441503.015,106.518,1786610754467309,reliable,1,1,4,4,0
4390,5387730135915,441597.028,94.013,1786610754561325,reliable,1,1,4,4,0
4391,5387826746237,441693.639,96.610,1786610754657935,reliable,1,1,4,4,0
4392,5387929991904,441796.884,103.246,1786610754761174,reliable,1,1,4,4,0
4393,5388025876721,441892.769,95.885,1786610754857066,reliable,1,1,4,4,0
4394,5388128636146,441995.529,102.759,1786610754959826,reliable,1,1,4,4,0
4395,5388233986391,442100.879,105.350,1786610755065168,reliable,1,1,4,4,0
4396,5388329693121,442196.586,95.707,1786610755161086,reliable,1,1,4,4,0
4397,5388428065170,442294.958,98.372,1786610755259260,reliable,1,1,4,4,0
4398,5388530418765,442397.311,102.354,1786610755361620,reliable,1,1,4,4,0
4399,5388632869832,442499.762,102.451,1786610755464059,reliable,1,1,4,4,0
4400,5388729014771,442595.907,96.145,1786610755560203,reliable,1,1,4,4,0
4401,5388827524389,442694.417,98.510,1786610755658714,reliable,1,1,4,4,0
4402,5388929938624,442796.831,102.414,1786610755761126,reliable,1,1,4,4,0
4403,5389031840825,442898.733,101.902,1786610755863031,reliable,1,1,4,4,0
4404,5389129011975,442995.905,97.171,1786610755960203,reliable,1,1,4,4,0
4405,5389226175346,443093.068,97.163,1786610756057407,reliable,1,1,4,4,0
4406,5389329145512,443196.038,102.970,1786610756160332,reliable,1,1,4,4,0
4407,5389427520819,443294.413,98.375,1786610756258707,reliable,1,1,4,4,0
4408,5389529767624,443396.660,102.247,1786610756360953,reliable,1,1,4,4,0
4409,5389627254865,443494.147,97.487,1786610756458452,reliable,1,1,4,4,0
4410,5389730166567,443597.059,102.912,1786610756561371,reliable,1,1,4,4,0
4411,5389836742310,443703.635,106.576,1786610756667933,reliable,1,1,4,4,0
4412,5389928737186,443795.630,91.995,1786610756759922,reliable,1,1,4,4,0
4413,5390027601742,443894.494,98.865,1786610756858785,reliable,1,1,4,4,0
4414,5390129105281,443995.998,101.504,1786610756960294,reliable,1,1,4,4,0
4415,5390225690821,444092.583,96.586,1786610757056882,reliable,1,1,4,4,0
4416,5390329795032,444196.688,104.104,1786610757160985,reliable,1,1,4,4,0
4417,5390433602058,444300.495,103.807,1786610757264786,reliable,1,1,4,4,0
4418,5390530041451,444396.934,96.439,1786610757361225,reliable,1,1,4,4,0
4419,5390632366842,444499.259,102.325,1786610757463553,reliable,1,1,4,4,0
4420,5390736142636,444603.035,103.776,1786610757567327,reliable,1,1,4,4,0
4421,5390830188744,444697.081,94.046,1786610757661373,reliable,1,1,4,4,0
4422,5390929650320,444796.543,99.462,1786610757760829,reliable,1,1,4,4,0
4423,5391032654432,444899.547,103.004,1786610757863837,reliable,1,1,4,4,0
4424,5391129814915,444996.707,97.160,1786610757961001,reliable,1,1,4,4,0
4425,5391226212833,445093.105,96.398,1786610758057404,reliable,1,1,4,4,0
4426,5391329833612,445196.726,103.621,1786610758161017,reliable,1,1,4,4,0
4427,5391426602345,445293.495,96.769,1786610758257784,reliable,1,1,4,4,0
4428,5391528859345,445395.752,102.257,1786610758360042,reliable,1,1,4,4,0
4429,5391625807790,445492.700,96.948,1786610758456995,reliable,1,1,4,4,0
4430,5391730037371,445596.930,104.230,1786610758561225,reliable,1,1,4,4,0
4431,5391827933946,445694.826,97.897,1786610758659124,reliable,1,1,4,4,0
4432,5391928811360,445795.704,100.877,1786610758760017,reliable,1,1,4,4,0
4433,5392035307378,445902.200,106.496,1786610758866497,reliable,1,1,4,4,0
4434,5392129848873,445996.741,94.541,1786610758961032,reliable,1,1,4,4,0
4435,5392227208644,446094.101,97.360,1786610759058437,reliable,1,1,4,4,0
4436,5392329364710,446196.257,102.156,1786610759160551,reliable,1,1,4,4,0
4437,5392425472379,446292.365,96.108,1786610759256654,reliable,1,1,4,4,0
4438,5392529550370,446396.443,104.078,1786610759360738,reliable,1,1,4,4,0
4439,5392633066344,446499.959,103.516,1786610759464253,reliable,1,1,4,4,0
4440,5392729601278,446596.494,96.535,1786610759560782,reliable,1,1,4,4,0
4441,5392833727781,446700.620,104.127,1786610759664949,reliable,1,1,4,4,0
4442,5392929054169,446795.947,95.326,1786610759760240,reliable,1,1,4,4,0
4443,5393025644047,446892.537,96.590,1786610759856832,reliable,1,1,4,4,0
4444,5393129157621,446996.050,103.514,1786610759960346,reliable,1,1,4,4,0
4445,5393228986511,447095.879,99.829,1786610760060170,reliable,1,1,4,4,0
4446,5393329926537,447196.819,100.940,1786610760161112,reliable,1,1,4,4,0
4447,5393432075718,447298.968,102.149,1786610760263263,reliable,1,1,4,4,0
4448,5393530101690,447396.994,98.026,1786610760361285,reliable,1,1,4,4,0
4449,5393633018840,447499.911,102.917,1786610760464206,reliable,1,1,4,4,0
4450,5393730026410,447596.919,97.008,1786610760561214,reliable,1,1,4,4,0
4451,5393834636716,447701.529,104.610,1786610760665819,reliable,1,1,4,4,0
4452,5393928597207,447795.490,93.960,1786610760759794,reliable,1,1,4,4,0
4453,5394026713899,447893.606,98.117,1786610760857903,reliable,1,1,4,4,0
4454,5394130132235,447997.025,103.418,1786610760961315,reliable,1,1,4,4,0
4455,5394226419352,448093.312,96.287,1786610761057606,reliable,1,1,4,4,0
4456,5394329002543,448195.895,102.583,1786610761160186,reliable,1,1,4,4,0
4457,5394427018270,448293.911,98.016,1786610761258202,reliable,1,1,4,4,0
4458,5394530385079,448397.278,103.367,1786610761361568,reliable,1,1,4,4,0
4459,5394626322209,448493.215,95.937,1786610761457510,reliable,1,1,4,4,0
4460,5394729275098,448596.168,102.953,1786610761560460,reliable,1,1,4,4,0
4461,5394827803433,448694.696,98.528,1786610761658994,reliable,1,1,4,4,0
4462,5394929285887,448796.178,101.482,1786610761760469,reliable,1,1,4,4,0
4463,5395027690670,448894.583,98.405,1786610761858880,reliable,1,1,4,4,0
4464,5395129315812,448996.208,101.625,1786610761960495,reliable,1,1,4,4,0
4465,5395227821776,449094.714,98.506,1786610762059010,reliable,1,1,4,4,0
4466,5395330415362,449197.308,102.594,1786610762161603,reliable,1,1,4,4,0
4467,5395432665459,449299.558,102.250,1786610762263895,reliable,1,1,4,4,0
4468,5395529282873,449396.175,96.617,1786610762360467,reliable,1,1,4,4,0
4469,5395627737667,449494.630,98.455,1786610762458927,reliable,1,1,4,4,0
4470,5395730314677,449597.207,102.577,1786610762561500,reliable,1,1,4,4,0
4471,5395832999911,449699.892,102.685,1786610762664235,reliable,1,1,4,4,0
4472,5395930645007,449797.538,97.645,1786610762761827,reliable,1,1,4,4,0
4473,5396026196595,449893.089,95.552,1786610762857386,reliable,1,1,4,4,0
4474,5396128347780,449995.240,102.151,1786610762959535,reliable,1,1,4,4,0
4475,5396227614348,450094.507,99.267,1786610763058832,reliable,1,1,4,4,0
4476,5396329587639,450196.480,101.973,1786610763160773,reliable,1,1,4,4,0
4477,5396425705271,450292.598,96.118,1786610763256896,reliable,1,1,4,4,0
4478,5396530093446,450396.986,104.388,1786610763361283,reliable,1,1,4,4,0
4479,5396628797483,450495.690,98.704,1786610763460022,reliable,1,1,4,4,0
4480,5396729351027,450596.244,100.554,1786610763560540,reliable,1,1,4,4,0
4481,5396826127220,450693.020,96.776,1786610763657317,reliable,1,1,4,4,0
4482,5396929781410,450796.674,103.654,1786610763760970,reliable,1,1,4,4,0
4483,5397035487509,450902.380,105.706,1786610763866669,reliable,1,1,4,4,0
4484,5397130245586,450997.138,94.758,1786610763961423,reliable,1,1,4,4,0
4485,5397228248018,451095.141,98.002,1786610764059456,reliable,1,1,4,4,0
4486,5397328836916,451195.729,100.589,1786610764160023,reliable,1,1,4,4,0
4487,5397428224693,451295.117,99.388,1786610764259415,reliable,1,1,4,4,0
4488,5397530678555,451397.571,102.454,1786610764361867,reliable,1,1,4,4,0
4489,5397627034357,451493.927,96.356,1786610764458226,reliable,1,1,4,4,0
4490,5397730308925,451597.201,103.275,1786610764561497,reliable,1,1,4,4,0
4491,5397827018616,451693.911,96.710,1786610764658266,reliable,1,1,4,4,0
4492,5397929378910,451796.271,102.360,1786610764760566,reliable,1,1,4,4,0
4493,5398025960313,451892.853,96.581,1786610764857150,reliable,1,1,4,4,0
4494,5398130819716,451997.712,104.859,1786610764962009,reliable,1,1,4,4,0
4495,5398227346876,452094.239,96.527,1786610765058538,reliable,1,1,4,4,0
4496,5398329729212,452196.622,102.382,1786610765160916,reliable,1,1,4,4,0
4497,5398428094069,452294.987,98.365,1786610765259287,reliable,1,1,4,4,0
4498,5398530523542,452397.416,102.429,1786610765361709,reliable,1,1,4,4,0
4499,5398635906460,452502.799,105.383,1786610765467094,reliable,1,1,4,4,0
4500,5398729222379,452596.115,93.316,1786610765560407,reliable,1,1,4,4,0
4501,5398826295489,452693.188,97.073,1786610765657483,reliable,1,1,4,4,0
4502,5398929319267,452796.212,103.024,1786610765760503,reliable,1,1,4,4,0
4503,5399026452986,452893.346,97.134,1786610765857640,reliable,1,1,4,4,0
4504,5399130258397,452997.151,103.805,1786610765961445,reliable,1,1,4,4,0
4505,5399236161024,453103.054,105.903,1786610766067440,reliable,1,1,4,4,0
4506,5399329398762,453196.291,93.238,1786610766160584,reliable,1,1,4,4,0
4507,5399426415323,453293.308,97.017,1786610766257607,reliable,1,1,4,4,0
4508,5399529475159,453396.368,103.060,1786610766360661,reliable,1,1,4,4,0
4509,5399634342230,453501.235,104.867,1786610766465532,reliable,1,1,4,4,0
4510,5399730292229,453597.185,95.950,1786610766561479,reliable,1,1,4,4,0
4511,5399833330977,453700.224,103.039,1786610766664514,reliable,1,1,4,4,0
4512,5399931247443,453798.140,97.916,1786610766762424,reliable,1,1,4,4,0
4513,5400034033039,453900.926,102.786,1786610766865223,reliable,1,1,4,4,0
4514,5400129602205,453996.495,95.569,1786610766960788,reliable,1,1,4,4,0
4515,5400233622903,454100.515,104.021,1786610767064811,reliable,1,1,4,4,0
4516,5400329351233,454196.244,95.728,1786610767160539,reliable,1,1,4,4,0
4517,5400432436119,454299.329,103.085,1786610767263684,reliable,1,1,4,4,0
4518,5400529376418,454396.269,96.940,1786610767360561,reliable,1,1,4,4,0
4519,5400634865501,454501.758,105.489,1786610767466078,reliable,1,1,4,4,0
4520,5400729585252,454596.478,94.720,1786610767560773,reliable,1,1,4,4,0
4521,5400828337459,454695.230,98.752,1786610767659527,reliable,1,1,4,4,0
4522,5400930493255,454797.386,102.156,1786610767761678,reliable,1,1,4,4,0
4523,5401033235229,454900.128,102.742,1786610767864460,reliable,1,1,4,4,0
4524,5401129507175,454996.400,96.272,1786610767960692,reliable,1,1,4,4,0
4525,5401226310927,455093.203,96.804,1786610768057498,reliable,1,1,4,4,0
4526,5401329651648,455196.544,103.341,1786610768160835,reliable,1,1,4,4,0
4527,5401428374409,455295.267,98.723,1786610768259565,reliable,1,1,4,4,0
4528,5401530598712,455397.491,102.224,1786610768361787,reliable,1,1,4,4,0
4529,5401627393310,455494.286,96.795,1786610768458582,reliable,1,1,4,4,0
4530,5401729548205,455596.441,102.155,1786610768560735,reliable,1,1,4,4,0
4531,5401828581271,455695.474,99.033,1786610768659770,reliable,1,1,4,4,0
4532,5401932242216,455799.135,103.661,1786610768763432,reliable,1,1,4,4,0
4533,5402031293810,455898.186,99.052,1786610768862484,reliable,1,1,4,4,0
4534,5402130662044,455997.555,99.368,1786610768961847,reliable,1,1,4,4,0
4535,5402227721343,456094.614,97.059,1786610769058951,reliable,1,1,4,4,0
4536,5402329416679,456196.309,101.695,1786610769160603,reliable,1,1,4,4,0
4537,5402428278571,456295.171,98.862,1786610769259509,reliable,1,1,4,4,0
4538,5402530411541,456397.304,102.133,1786610769361596,reliable,1,1,4,4,0
4539,5402636423812,456503.316,106.012,1786610769467609,reliable,1,1,4,4,0
4540,5402729323646,456596.216,92.900,1786610769560513,reliable,1,1,4,4,0
4541,5402827300257,456694.193,97.977,1786610769658481,reliable,1,1,4,4,0
4542,5402930084779,456796.977,102.785,1786610769761268,reliable,1,1,4,4,0
4543,5403027986989,456894.880,97.902,1786610769859228,reliable,1,1,4,4,0
4544,5403129565238,456996.458,101.578,1786610769960751,reliable,1,1,4,4,0
4545,5403232573757,457099.466,103.009,1786610770063772,reliable,1,1,4,4,0
4546,5403329387736,457196.280,96.814,1786610770160573,reliable,1,1,4,4,0
4547,5403426576884,457293.469,97.189,1786610770257761,reliable,1,1,4,4,0
4548,5403529913689,457396.806,103.337,1786610770361101,reliable,1,1,4,4,0
4549,5403627743606,457494.636,97.830,1786610770458926,reliable,1,1,4,4,0
4550,5403730628731,457597.521,102.885,1786610770561814,reliable,1,1,4,4,0
4551,5403837251302,457704.144,106.623,1786610770668439,reliable,1,1,4,4,0
4552,5403929436665,457796.329,92.185,1786610770760623,reliable,1,1,4,4,0
4553,5404027653207,457894.546,98.217,1786610770858832,reliable,1,1,4,4,0
4554,5404129470522,457996.363,101.817,1786610770960655,reliable,1,1,4,4,0
4555,5404228159125,458095.052,98.689,1786610771059343,reliable,1,1,4,4,0
4556,5404330846900,458197.739,102.688,1786610771162031,reliable,1,1,4,4,0
4557,5404437037080,458303.930,106.190,1786610771268232,reliable,1,1,4,4,0
4558,5404529046823,458395.939,92.010,1786610771360282,reliable,1,1,4,4,0
4559,5404628085696,458494.978,99.039,1786610771459268,reliable,1,1,4,4,0
4560,5404730267006,458597.160,102.181,1786610771561446,reliable,1,1,4,4,0
4561,5404826683379,458693.576,96.416,1786610771657864,reliable,1,1,4,4,0
4562,5404929545235,458796.438,102.862,1786610771760730,reliable,1,1,4,4,0
4563,5405032582418,458899.475,103.037,1786610771863774,reliable,1,1,4,4,0
4564,5405130213225,458997.106,97.631,1786610771961400,reliable,1,1,4,4,0
4565,5405226959292,459093.852,96.746,1786610772058185,reliable,1,1,4,4,0
4566,5405329645269,459196.538,102.686,1786610772160822,reliable,1,1,4,4,0
4567,5405428245608,459295.138,98.600,1786610772259457,reliable,1,1,4,4,0
4568,5405529746496,459396.639,101.501,1786610772360937,reliable,1,1,4,4,0
4569,5405626346032,459493.239,96.600,1786610772457537,reliable,1,1,4,4,0
4570,5405729658698,459596.551,103.313,1786610772560846,reliable,1,1,4,4,0
4571,5405827884925,459694.777,98.226,1786610772659078,reliable,1,1,4,4,0
4572,5405930646071,459797.539,102.761,1786610772761832,reliable,1,1,4,4,0
4573,5406036799957,459903.692,106.154,1786610772867979,reliable,1,1,4,4,0
4574,5406130247873,459997.140,93.448,1786610772961427,reliable,1,1,4,4,0
4575,5406227008078,460093.901,96.760,1786610773058193,reliable,1,1,4,4,0
4576,5406329780162,460196.673,102.772,1786610773160959,reliable,1,1,4,4,0
4577,5406428058639,460294.951,98.278,1786610773259315,reliable,1,1,4,4,0
4578,5406530883619,460397.776,102.825,1786610773362073,reliable,1,1,4,4,0
4579,5406636534683,460503.427,105.651,1786610773467724,reliable,1,1,4,4,0
4580,5406730173250,460597.066,93.639,1786610773561352,reliable,1,1,4,4,0
4581,5406826969261,460693.862,96.796,1786610773658158,reliable,1,1,4,4,0
4582,5406929582369,460796.475,102.613,1786610773760761,reliable,1,1,4,4,0
4583,5407028166671,460895.059,98.584,1786610773859391,reliable,1,1,4,4,0
4584,5407130334498,460997.227,102.168,1786610773961511,reliable,1,1,4,4,0
4585,5407237350264,461104.243,107.016,1786610774068536,reliable,1,1,4,4,0
4586,5407329474520,461196.367,92.124,1786610774160657,reliable,1,1,4,4,0
4587,5407428467777,461295.360,98.993,1786610774259653,reliable,1,1,4,4,0
4588,5407530230574,461397.123,101.763,1786610774361433,reliable,1,1,4,4,0
4589,5407626938708,461493.831,96.708,1786610774458128,reliable,1,1,4,4,0
4590,5407729603490,461596.496,102.665,1786610774560783,reliable,1,1,4,4,0
4591,5407837219895,461704.112,107.616,1786610774668411,reliable,1,1,4,4,0
4592,5407930676408,461797.569,93.457,1786610774761862,reliable,1,1,4,4,0
4593,5408027706239,461894.599,97.030,1786610774858900,reliable,1,1,4,4,0
4594,5408130738765,461997.631,103.033,1786610774961917,reliable,1,1,4,4,0
4595,5408226796463,462093.689,96.058,1786610775057986,reliable,1,1,4,4,0
4596,5408329446520,462196.339,102.650,1786610775160631,reliable,1,1,4,4,0
4597,5408438351497,462305.244,108.905,1786610775269800,reliable,1,1,4,4,0
4598,5408521910456,462388.803,83.559,1786610775353095,reliable,1,1,4,4,0
4599,5408627455333,462494.348,105.545,1786610775458665,reliable,1,1,4,4,0
4600,5408729376556,462596.269,101.921,1786610775560554,reliable,1,1,4,4,0
4601,5408826412813,462693.305,97.036,1786610775657593,reliable,1,1,4,4,0
4602,5408928947030,462795.840,102.534,1786610775760133,reliable,1,1,4,4,0
4603,5409035271139,462902.164,106.324,1786610775866459,reliable,1,1,4,4,0
4604,5409129890401,462996.783,94.619,1786610775961077,reliable,1,1,4,4,0
4605,5409228335329,463095.228,98.445,1786610776059530,reliable,1,1,4,4,0
4606,5409330825060,463197.718,102.490,1786610776162008,reliable,1,1,4,4,0
4607,5409426094878,463292.987,95.270,1786610776257287,reliable,1,1,4,4,0
4608,5409529621730,463396.514,103.527,1786610776360806,reliable,1,1,4,4,0
4609,5409637501900,463504.394,107.880,1786610776468732,reliable,1,1,4,4,0
4610,5409730515075,463597.408,93.013,1786610776561698,reliable,1,1,4,4,0
4611,5409827143806,463694.036,96.629,1786610776658336,reliable,1,1,4,4,0
4612,5409930720066,463797.613,103.576,1786610776761904,reliable,1,1,4,4,0
4613,5410027116990,463894.010,96.397,1786610776858347,reliable,1,1,4,4,0
4614,5410129006368,463995.899,101.889,1786610776960195,reliable,1,1,4,4,0
4615,5410236585478,464103.478,107.579,1786610777067776,reliable,1,1,4,4,0
4616,5410330245752,464197.138,93.660,1786610777161431,reliable,1,1,4,4,0
4617,5410428845521,464295.738,98.600,1786610777260039,reliable,1,1,4,4,0
4618,5410529848428,464396.741,101.003,1786610777361035,reliable,1,1,4,4,0
4619,5410627086500,464493.979,97.238,1786610777458280,reliable,1,1,4,4,0
4620,5410729804929,464596.697,102.718,1786610777560993,reliable,1,1,4,4,0
4621,5410829314555,464696.207,99.510,1786610777660545,reliable,1,1,4,4,0
4622,5410930491927,464797.384,101.177,1786610777761682,reliable,1,1,4,4,0
4623,5411027857614,464894.750,97.366,1786610777859049,reliable,1,1,4,4,0
4624,5411129616106,464996.509,101.758,1786610777960798,reliable,1,1,4,4,0
4625,5411226463134,465093.356,96.847,1786610778057652,reliable,1,1,4,4,0
4626,5411330448632,465197.341,103.985,1786610778161625,reliable,1,1,4,4,0
4627,5411427447337,465294.340,96.999,1786610778258637,reliable,1,1,4,4,0
4628,5411529645473,465396.538,102.198,1786610778360832,reliable,1,1,4,4,0
4629,5411626621619,465493.514,96.976,1786610778457848,reliable,1,1,4,4,0
4630,5411730741484,465597.634,104.120,1786610778561928,reliable,1,1,4,4,0
4631,5411837631977,465704.525,106.890,1786610778668822,reliable,1,1,4,4,0
4632,5411930132918,465797.025,92.501,1786610778761319,reliable,1,1,4,4,0
4633,5412028630697,465895.523,98.498,1786610778859821,reliable,1,1,4,4,0
4634,5412130661248,465997.554,102.031,1786610778961846,reliable,1,1,4,4,0
4635,5412227386511,466094.279,96.725,1786610779058575,reliable,1,1,4,4,0
4636,5412330362498,466197.255,102.976,1786610779161543,reliable,1,1,4,4,0
4637,5412437857434,466304.750,107.495,1786610779269064,reliable,1,1,4,4,0
4638,5412530515266,466397.408,92.658,1786610779361702,reliable,1,1,4,4,0
4639,5412627337518,466494.230,96.822,1786610779458533,reliable,1,1,4,4,0
4640,5412729673280,466596.566,102.336,1786610779560860,reliable,1,1,4,4,0
4641,5412826324812,466693.217,96.652,1786610779657515,reliable,1,1,4,4,0
4642,5412930899489,466797.792,104.575,1786610779762087,reliable,1,1,4,4,0
4643,5413037196792,466904.089,106.297,1786610779868389,reliable,1,1,4,4,0
4644,5413129837407,466996.730,92.641,1786610779961018,reliable,1,1,4,4,0
4645,5413228346186,467095.239,98.509,1786610780059530,reliable,1,1,4,4,0
4646,5413329454550,467196.347,101.108,1786610780160647,reliable,1,1,4,4,0
4647,5413426412317,467293.305,96.958,1786610780257595,reliable,1,1,4,4,0
4648,5413529914251,467396.807,103.502,1786610780361111,reliable,1,1,4,4,0
4649,5413635940380,467502.833,106.026,1786610780467122,reliable,1,1,4,4,0
4650,5413729749792,467596.642,93.809,1786610780560935,reliable,1,1,4,4,0
4651,5413826702343,467693.595,96.953,1786610780657893,reliable,1,1,4,4,0
4652,5413930135606,467797.028,103.433,1786610780761325,reliable,1,1,4,4,0
4653,5414027762046,467894.655,97.626,1786610780858991,reliable,1,1,4,4,0
4654,5414128885769,467995.778,101.124,1786610780960110,reliable,1,1,4,4,0
4655,5414237138873,468104.031,108.253,1786610781068327,reliable,1,1,4,4,0
4656,5414330035959,468196.928,92.897,1786610781161224,reliable,1,1,4,4,0
4657,5414429418172,468296.311,99.382,1786610781260608,reliable,1,1,4,4,0
4658,5414531033890,468397.926,101.616,1786610781362223,reliable,1,1,4,4,0
4659,5414628097861,468494.990,97.064,1786610781459288,reliable,1,1,4,4,0
4660,5414729760076,468596.653,101.662,1786610781560946,reliable,1,1,4,4,0
4661,5414836610136,468703.503,106.850,1786610781667792,reliable,1,1,4,4,0
4662,5414930165430,468797.058,93.555,1786610781761351,reliable,1,1,4,4,0
4663,5415026830616,468893.723,96.665,1786610781858014,reliable,1,1,4,4,0
4664,5415130090593,468996.983,103.260,1786610781961279,reliable,1,1,4,4,0
4665,5415227381792,469094.274,97.291,1786610782058570,reliable,1,1,4,4,0
4666,5415330808772,469197.701,103.427,1786610782161997,reliable,1,1,4,4,0
4667,5415437101290,469303.994,106.293,1786610782268289,reliable,1,1,4,4,0
4668,5415530969572,469397.862,93.868,1786610782362155,reliable,1,1,4,4,0
4669,5415627226944,469494.119,96.257,1786610782458417,reliable,1,1,4,4,0
4670,5415731012388,469597.905,103.785,1786610782562197,reliable,1,1,4,4,0
4671,5415827145920,469694.038,96.134,1786610782658331,reliable,1,1,4,4,0
4672,5415931028100,469797.921,103.882,1786610782762308,reliable,1,1,4,4,0
4673,5416037070633,469903.963,106.043,1786610782868252,reliable,1,1,4,4,0
4674,5416130968547,469997.861,93.898,1786610782962151,reliable,1,1,4,4,0
4675,5416227370621,470094.263,96.402,1786610783058560,reliable,1,1,4,4,0
4676,5416329844922,470196.737,102.474,1786610783161031,reliable,1,1,4,4,0
4677,5416428776564,470295.669,98.932,1786610783259968,reliable,1,1,4,4,0
4678,5416530709200,470397.602,101.933,1786610783361895,reliable,1,1,4,4,0
4679,5416637989650,470504.882,107.280,1786610783469173,reliable,1,1,4,4,0
4680,5416731354662,470598.247,93.365,1786610783562542,reliable,1,1,4,4,0
4681,5416827421021,470694.314,96.066,1786610783658611,reliable,1,1,4,4,0
4682,5416929705786,470796.598,102.285,1786610783760890,reliable,1,1,4,4,0
4683,5417028304788,470895.197,98.599,1786610783859495,reliable,1,1,4,4,0
4684,5417131916978,470998.810,103.612,1786610783963098,reliable,1,1,4,4,0
4685,5417237511374,471104.404,105.594,1786610784068693,reliable,1,1,4,4,0
4686,5417331229438,471198.122,93.718,1786610784162418,reliable,1,1,4,4,0
4687,5417427761073,471294.654,96.532,1786610784258951,reliable,1,1,4,4,0
4688,5417530108137,471397.001,102.347,1786610784361295,reliable,1,1,4,4,0
4689,5417628803933,471495.696,98.696,1786610784459994,reliable,1,1,4,4,0
4690,5417731408309,471598.301,102.604,1786610784562591,reliable,1,1,4,4,0
4691,5417836937167,471703.830,105.529,1786610784668128,reliable,1,1,4,4,0
4692,5417929911519,471796.804,92.974,1786610784761100,reliable,1,1,4,4,0
4693,5418027138898,471894.031,97.227,1786610784858331,reliable,1,1,4,4,0
4694,5418130200554,471997.093,103.062,1786610784961395,reliable,1,1,4,4,0
4695,5418226478809,472093.371,96.278,1786610785057704,reliable,1,1,4,4,0
4696,5418329989069,472196.882,103.510,1786610785161180,reliable,1,1,4,4,0
4697,5418435073569,472301.966,105.085,1786610785266264,reliable,1,1,4,4,0
4698,5418530174382,472397.067,95.101,1786610785361355,reliable,1,1,4,4,0
4699,5418628382076,472495.275,98.208,1786610785459568,reliable,1,1,4,4,0
4700,5418729629198,472596.522,101.247,1786610785560808,reliable,1,1,4,4,0
4701,5418827629245,472694.522,98.000,1786610785658862,reliable,1,1,4,4,0
4702,5418929755023,472796.648,102.126,1786610785760937,reliable,1,1,4,4,0
4703,5419033244610,472900.137,103.490,1786610785864436,reliable,1,1,4,4,0
4704,5419129850608,472996.743,96.606,1786610785961037,reliable,1,1,4,4,0
4705,5419234743425,473101.636,104.893,1786610786066003,reliable,1,1,4,4,0
4706,5419330299272,473197.192,95.556,1786610786161478,reliable,1,1,4,4,0
4707,5419429237491,473296.130,98.938,1786610786260432,reliable,1,1,4,4,0
4708,5419529986655,473396.879,100.749,1786610786361175,reliable,1,1,4,4,0
4709,5419626653319,473493.546,96.667,1786610786457879,reliable,1,1,4,4,0
4710,5419730834582,473597.727,104.181,1786610786562022,reliable,1,1,4,4,0
4711,5419827533342,473694.426,96.699,1786610786658725,reliable,1,1,4,4,0
4712,5419930874572,473797.767,103.341,1786610786762055,reliable,1,1,4,4,0
4713,5420036484252,473903.377,105.610,1786610786867716,reliable,1,1,4,4,0
4714,5420129940226,473996.833,93.456,1786610786961127,reliable,1,1,4,4,0
4715,5420235029422,474101.922,105.089,1786610787066222,reliable,1,1,4,4,0
4716,5420330711441,474197.604,95.682,1786610787161896,reliable,1,1,4,4,0
4717,5420427063284,474293.956,96.352,1786610787258254,reliable,1,1,4,4,0
4718,5420530765309,474397.658,103.702,1786610787361946,reliable,1,1,4,4,0
4719,5420635346854,474502.239,104.582,1786610787466530,reliable,1,1,4,4,0
4720,5420729839240,474596.732,94.492,1786610787561023,reliable,1,1,4,4,0
4721,5420827437421,474694.330,97.598,1786610787658626,reliable,1,1,4,4,0
4722,5420930145077,474797.038,102.708,1786610787761335,reliable,1,1,4,4,0
4723,5421026890361,474893.783,96.745,1786610787858081,reliable,1,1,4,4,0
4724,5421130748961,474997.641,103.859,1786610787961935,reliable,1,1,4,4,0
4725,5421231551429,475098.444,100.802,1786610788062734,reliable,1,1,4,4,0
4726,5421330118757,475197.011,98.567,1786610788161304,reliable,1,1,4,4,0
4727,5421428682725,475295.575,98.564,1786610788259872,reliable,1,1,4,4,0
4728,5421530290983,475397.184,101.608,1786610788361479,reliable,1,1,4,4,0
4729,5421627401318,475494.294,97.110,1786610788458661,reliable,1,1,4,4,0
4730,5421730775241,475597.668,103.374,1786610788561957,reliable,1,1,4,4,0
4731,5421827403208,475694.296,96.628,1786610788658621,reliable,1,1,4,4,0
4732,5421930240811,475797.133,102.838,1786610788761429,reliable,1,1,4,4,0
4733,5422029467307,475896.360,99.226,1786610788860656,reliable,1,1,4,4,0
4734,5422131089677,475997.982,101.622,1786610788962278,reliable,1,1,4,4,0
4735,5422238184783,476105.077,107.095,1786610789069369,reliable,1,1,4,4,0
4736,5422331250407,476198.143,93.066,1786610789162436,reliable,1,1,4,4,0
4737,5422427409089,476294.302,96.159,1786610789258599,reliable,1,1,4,4,0
4738,5422530164382,476397.057,102.755,1786610789361352,reliable,1,1,4,4,0
4739,5422628930201,476495.823,98.766,1786610789460118,reliable,1,1,4,4,0
4740,5422731350614,476598.243,102.420,1786610789562534,reliable,1,1,4,4,0
4741,5422837665398,476704.558,106.315,1786610789668851,reliable,1,1,4,4,0
4742,5422930901742,476797.794,93.236,1786610789762082,reliable,1,1,4,4,0
4743,5423027854632,476894.747,96.953,1786610789859038,reliable,1,1,4,4,0
4744,5423130250149,476997.143,102.396,1786610789961435,reliable,1,1,4,4,0
4745,5423229472926,477096.365,99.223,1786610790060664,reliable,1,1,4,4,0
4746,5423330386645,477197.279,100.914,1786610790161575,reliable,1,1,4,4,0
4747,5423436327503,477303.220,105.941,1786610790267515,reliable,1,1,4,4,0
4748,5423531113411,477398.006,94.786,1786610790362299,reliable,1,1,4,4,0
4749,5423628167672,477495.060,97.054,1786610790459354,reliable,1,1,4,4,0
4750,5423730367664,477597.260,102.200,1786610790561556,reliable,1,1,4,4,0
4751,5423829636198,477696.529,99.269,1786610790660834,reliable,1,1,4,4,0
4752,5423930486718,477797.379,100.851,1786610790761670,reliable,1,1,4,4,0
4753,5424036991416,477903.884,106.505,1786610790868214,reliable,1,1,4,4,0
4754,5424129959435,477996.852,92.968,1786610790961142,reliable,1,1,4,4,0
4755,5424228057790,478094.950,98.098,1786610791059246,reliable,1,1,4,4,0
4756,5424331327569,478198.220,103.270,1786610791162514,reliable,1,1,4,4,0
4757,5424428877122,478295.770,97.550,1786610791260087,reliable,1,1,4,4,0
4758,5424531697109,478398.590,102.820,1786610791362880,reliable,1,1,4,4,0
4759,5424637825449,478504.718,106.128,1786610791469016,reliable,1,1,4,4,0
4760,5424730145015,478597.038,92.320,1786610791561331,reliable,1,1,4,4,0
4761,5424828369064,478695.262,98.224,1786610791659551,reliable,1,1,4,4,0
4762,5424930169499,478797.062,101.800,1786610791761352,reliable,1,1,4,4,0
4763,5425028794860,478895.687,98.625,1786610791859977,reliable,1,1,4,4,0
4764,5425130168382,478997.061,101.374,1786610791961355,reliable,1,1,4,4,0
4765,5425236595568,479103.488,106.427,1786610792067777,reliable,1,1,4,4,0
4766,5425331152090,479198.045,94.557,1786610792162334,reliable,1,1,4,4,0
4767,5425431422311,479298.315,100.270,1786610792262627,reliable,1,1,4,4,0
4768,5425530388819,479397.281,98.967,1786610792361573,reliable,1,1,4,4,0
4769,5425629688832,479496.581,99.300,1786610792460901,reliable,1,1,4,4,0
4770,5425729872684,479596.765,100.184,1786610792561053,reliable,1,1,4,4,0
4771,5425827018488,479693.911,97.146,1786610792658267,reliable,1,1,4,4,0
4772,5425931008550,479797.901,103.990,1786610792762194,reliable,1,1,4,4,0
4773,5426028119153,479895.012,97.111,1786610792859302,reliable,1,1,4,4,0
4774,5426130607071,479997.500,102.488,1786610792961794,reliable,1,1,4,4,0
4775,5426227517352,480094.410,96.910,1786610793058726,reliable,1,1,4,4,0
4776,5426329833072,480196.726,102.316,1786610793161012,reliable,1,1,4,4,0
4777,5426436129530,480303.022,106.296,1786610793267317,reliable,1,1,4,4,0
4778,5426530250016,480397.143,94.120,1786610793361427,reliable,1,1,4,4,0
4779,5426628667655,480495.560,98.418,1786610793459850,reliable,1,1,4,4,0
4780,5426730739503,480597.632,102.072,1786610793561919,reliable,1,1,4,4,0
4781,5426837699674,480704.592,106.960,1786610793668883,reliable,1,1,4,4,0
4782,5426930241118,480797.134,92.541,1786610793761428,reliable,1,1,4,4,0
4783,5427026926213,480893.819,96.685,1786610793858154,reliable,1,1,4,4,0
4784,5427130238382,480997.131,103.312,1786610793961425,reliable,1,1,4,4,0
4785,5427230810067,481097.703,100.572,1786610794061999,reliable,1,1,4,4,0
4786,5427330030517,481196.923,99.220,1786610794161209,reliable,1,1,4,4,0
4787,5427438540475,481305.433,108.510,1786610794269730,reliable,1,1,4,4,0
4788,5427530921179,481397.814,92.381,1786610794362099,reliable,1,1,4,4,0
4789,5427628953501,481495.846,98.032,1786610794460171,reliable,1,1,4,4,0
4790,5427730173696,481597.066,101.220,1786610794561352,reliable,1,1,4,4,0
4791,5427829146882,481696.039,98.973,1786610794660371,reliable,1,1,4,4,0
4792,5427931351653,481798.244,102.205,1786610794762533,reliable,1,1,4,4,0
4793,5428038230890,481905.123,106.879,1786610794869417,reliable,1,1,4,4,0
4794,5428121944807,481988.837,83.714,1786610794953133,reliable,1,1,4,4,0
4795,5428228836714,482095.729,106.892,1786610795060023,reliable,1,1,4,4,0
4796,5428330981416,482197.874,102.145,1786610795162162,reliable,1,1,4,4,0
4797,5428428104421,482294.997,97.123,1786610795259298,reliable,1,1,4,4,0
4798,5428530126659,482397.019,102.022,1786610795361304,reliable,1,1,4,4,0
4799,5428637137443,482504.030,107.011,1786610795468328,reliable,1,1,4,4,0
4800,5428730341982,482597.235,93.205,1786610795561526,reliable,1,1,4,4,0
4801,5428829023356,482695.916,98.681,1786610795660214,reliable,1,1,4,4,0
4802,5428931391770,482798.284,102.368,1786610795762572,reliable,1,1,4,4,0
4803,5429027685815,482894.578,96.294,1786610795858874,reliable,1,1,4,4,0
4804,5429130398197,482997.291,102.712,1786610795961578,reliable,1,1,4,4,0
4805,5429236922321,483103.815,106.524,1786610796068112,reliable,1,1,4,4,0
4806,5429331233929,483198.126,94.312,1786610796162421,reliable,1,1,4,4,0
4807,5429427908321,483294.801,96.674,1786610796259135,reliable,1,1,4,4,0
4808,5429530576634,483397.469,102.668,1786610796361760,reliable,1,1,4,4,0
4809,5429626938450,483493.831,96.362,1786610796458125,reliable,1,1,4,4,0
4810,5429730972972,483597.865,104.035,1786610796562153,reliable,1,1,4,4,0
4811,5429835489157,483702.382,104.516,1786610796666677,reliable,1,1,4,4,0
4812,5429930316125,483797.209,94.827,1786610796761505,reliable,1,1,4,4,0
4813,5430028455509,483895.348,98.139,1786610796859646,reliable,1,1,4,4,0
4814,5430129823374,483996.716,101.368,1786610796961003,reliable,1,1,4,4,0
4815,5430227129827,484094.022,97.306,1786610797058314,reliable,1,1,4,4,0
4816,5430331308792,484198.201,104.179,1786610797162493,reliable,1,1,4,4,0
4817,5430438407757,484305.300,107.099,1786610797269630,reliable,1,1,4,4,0
4818,5430522660062,484389.553,84.252,1786610797353856,reliable,1,1,4,4,0
4819,5430629046707,484495.939,106.387,1786610797460236,reliable,1,1,4,4,0
4820,5430731476359,484598.369,102.430,1786610797562661,reliable,1,1,4,4,0
4821,5430827897210,484694.790,96.421,1786610797659093,reliable,1,1,4,4,0
4822,5430930240846,484797.133,102.344,1786610797761420,reliable,1,1,4,4,0
4823,5431041979300,484908.872,111.738,1786610797873171,reliable,1,1,4,4,0
4824,5431124835317,484991.728,82.856,1786610797956020,reliable,1,1,4,4,0
4825,5431229299623,485096.192,104.464,1786610798060523,reliable,1,1,4,4,0
4826,5431331502614,485198.395,102.203,1786610798162685,reliable,1,1,4,4,0
4827,5431427648100,485294.541,96.145,1786610798258834,reliable,1,1,4,4,0
4828,5431530522099,485397.415,102.874,1786610798361703,reliable,1,1,4,4,0
4829,5431629055618,485495.948,98.534,1786610798460240,reliable,1,1,4,4,0
4830,5431731510545,485598.403,102.455,1786610798562698,reliable,1,1,4,4,0
4831,5431828123487,485695.016,96.613,1786610798659311,reliable,1,1,4,4,0
4832,5431930243279,485797.136,102.120,1786610798761430,reliable,1,1,4,4,0
4833,5432027535581,485894.428,97.292,1786610798858729,reliable,1,1,4,4,0
4834,5432130733068,485997.626,103.197,1786610798961920,reliable,1,1,4,4,0
4835,5432235640505,486102.533,104.907,1786610799066831,reliable,1,1,4,4,0
4836,5432331237186,486198.130,95.597,1786610799162417,reliable,1,1,4,4,0
4837,5432429160556,486296.053,97.923,1786610799260351,reliable,1,1,4,4,0
4838,5432530043478,486396.936,100.883,1786610799361222,reliable,1,1,4,4,0
4839,5432637555489,486504.448,107.512,1786610799468749,reliable,1,1,4,4,0
4840,5432731407050,486598.300,93.852,1786610799562593,reliable,1,1,4,4,0
4841,5432828294580,486695.187,96.888,1786610799659488,reliable,1,1,4,4,0
4842,5432931278558,486798.171,102.984,1786610799762465,reliable,1,1,4,4,0
4843,5433027189928,486894.082,95.911,1786610799858408,reliable,1,1,4,4,0
4844,5433131005586,486997.898,103.816,1786610799962184,reliable,1,1,4,4,0
4845,5433234765785,487101.658,103.760,1786610800065959,reliable,1,1,4,4,0
4846,5433330601246,487197.494,95.835,1786610800161785,reliable,1,1,4,4,0
4847,5433429767043,487296.660,99.166,1786610800260955,reliable,1,1,4,4,0
4848,5433531486152,487398.379,101.719,1786610800362672,reliable,1,1,4,4,0
4849,5433628112941,487495.005,96.627,1786610800459302,reliable,1,1,4,4,0
4850,5433731832914,487598.725,103.720,1786610800563023,reliable,1,1,4,4,0
4851,5433834580471,487701.473,102.748,1786610800665772,reliable,1,1,4,4,0
4852,5433931484252,487798.377,96.904,1786610800762672,reliable,1,1,4,4,0
4853,5434028077025,487894.970,96.593,1786610800859290,reliable,1,1,4,4,0
4854,5434131604679,487998.497,103.528,1786610800962791,reliable,1,1,4,4,0
4855,5434228334153,488095.227,96.729,1786610801059528,reliable,1,1,4,4,0
4856,5434330439273,488197.332,102.105,1786610801161627,reliable,1,1,4,4,0
4857,5434428658953,488295.551,98.220,1786610801259886,reliable,1,1,4,4,0
4858,5434531202409,488398.095,102.543,1786610801362388,reliable,1,1,4,4,0
4859,5434628230633,488495.123,97.028,1786610801459418,reliable,1,1,4,4,0
4860,5434730703434,488597.596,102.473,1786610801561881,reliable,1,1,4,4,0
4861,5434837011818,488703.904,106.308,1786610801668200,reliable,1,1,4,4,0
4862,5434931431018,488798.324,94.419,1786610801762618,reliable,1,1,4,4,0
4863,5435028349418,488895.242,96.918,1786610801859540,reliable,1,1,4,4,0
4864,5435130829258,488997.722,102.480,1786610801962015,reliable,1,1,4,4,0
4865,5435228511272,489095.404,97.682,1786610802059699,reliable,1,1,4,4,0
4866,5435330623171,489197.516,102.112,1786610802161811,reliable,1,1,4,4,0
4867,5435435280062,489302.173,104.657,1786610802266535,reliable,1,1,4,4,0
4868,5435531081530,489397.974,95.801,1786610802362272,reliable,1,1,4,4,0
4869,5435627122005,489494.015,96.040,1786610802458313,reliable,1,1,4,4,0
4870,5435731600528,489598.493,104.479,1786610802562786,reliable,1,1,4,4,0
4871,5435828074764,489694.967,96.474,1786610802659268,reliable,1,1,4,4,0
4872,5435930784167,489797.677,102.709,1786610802761970,reliable,1,1,4,4,0
4873,5436027033699,489893.926,96.250,1786610802858219,reliable,1,1,4,4,0
4874,5436131441566,489998.334,104.408,1786610802962627,reliable,1,1,4,4,0
4875,5436227425367,490094.318,95.984,1786610803058615,reliable,1,1,4,4,0
4876,5436330886701,490197.779,103.461,1786610803162067,reliable,1,1,4,4,0
4877,5436427067044,490293.960,96.180,1786610803258262,reliable,1,1,4,4,0
4878,5436530733178,490397.626,103.666,1786610803361919,reliable,1,1,4,4,0
4879,5436627894321,490494.787,97.161,1786610803459085,reliable,1,1,4,4,0
4880,5436730970439,490597.863,103.076,1786610803562156,reliable,1,1,4,4,0
4881,5436828222398,490695.115,97.252,1786610803659414,reliable,1,1,4,4,0
4882,5436931565076,490798.458,103.343,1786610803762750,reliable,1,1,4,4,0
4883,5437037700938,490904.593,106.136,1786610803868893,reliable,1,1,4,4,0
4884,5437131615809,490998.508,93.915,1786610803962792,reliable,1,1,4,4,0
4885,5437228517269,491095.410,96.901,1786610804059724,reliable,1,1,4,4,0
4886,5437330820518,491197.713,102.303,1786610804162007,reliable,1,1,4,4,0
4887,5437427454105,491294.347,96.634,1786610804258637,reliable,1,1,4,4,0
4888,5437530614986,491397.508,103.161,1786610804361800,reliable,1,1,4,4,0
4889,5437634716539,491501.609,104.102,1786610804465907,reliable,1,1,4,4,0
4890,5437730257549,491597.150,95.541,1786610804561441,reliable,1,1,4,4,0
4891,5437829245951,491696.138,98.988,1786610804660437,reliable,1,1,4,4,0
4892,5437931326385,491798.219,102.080,1786610804762503,reliable,1,1,4,4,0
4893,5438027964291,491894.857,96.638,1786610804859218,reliable,1,1,4,4,0
4894,5438131718836,491998.611,103.755,1786610804962907,reliable,1,1,4,4,0
4895,5438228400803,492095.293,96.682,1786610805059650,reliable,1,1,4,4,0
4896,5438330707888,492197.600,102.307,1786610805161896,reliable,1,1,4,4,0
4897,5438428727517,492295.620,98.020,1786610805259908,reliable,1,1,4,4,0
4898,5438531784394,492398.677,103.057,1786610805362971,reliable,1,1,4,4,0
4899,5438627685047,492494.578,95.901,1786610805458874,reliable,1,1,4,4,0
4900,5438730596100,492597.489,102.911,1786610805561777,reliable,1,1,4,4,0
4901,5438828954641,492695.847,98.359,1786610805660148,reliable,1,1,4,4,0
4902,5438931609725,492798.502,102.655,1786610805762792,reliable,1,1,4,4,0
4903,5439028267211,492895.160,96.657,1786610805859505,reliable,1,1,4,4,0
4904,5439130818839,492997.711,102.552,1786610805962007,reliable,1,1,4,4,0
4905,5439237467328,493104.360,106.648,1786610806068697,reliable,1,1,4,4,0
4906,5439331575977,493198.469,94.109,1786610806162765,reliable,1,1,4,4,0
4907,5439428287346,493295.180,96.711,1786610806259481,reliable,1,1,4,4,0
4908,5439530993498,493397.886,102.706,1786610806362180,reliable,1,1,4,4,0
4909,5439627449923,493494.342,96.456,1786610806458634,reliable,1,1,4,4,0
4910,5439731725610,493598.618,104.276,1786610806562912,reliable,1,1,4,4,0
4911,5439836333489,493703.226,104.608,1786610806667526,reliable,1,1,4,4,0
4912,5439930622522,493797.515,94.289,1786610806761811,reliable,1,1,4,4,0
4913,5440028430179,493895.323,97.808,1786610806859625,reliable,1,1,4,4,0
4914,5440130862731,493997.755,102.433,1786610806962048,reliable,1,1,4,4,0
4915,5440229447184,494096.340,98.584,1786610807060631,reliable,1,1,4,4,0
4916,5440331452787,494198.345,102.006,1786610807162632,reliable,1,1,4,4,0
4917,5440429608279,494296.501,98.155,1786610807260800,reliable,1,1,4,4,0
4918,5440530269914,494397.162,100.662,1786610807361451,reliable,1,1,4,4,0
4919,5440629078270,494495.971,98.808,1786610807460264,reliable,1,1,4,4,0
4920,5440729841953,494596.734,100.764,1786610807561022,reliable,1,1,4,4,0
4921,5440829592581,494696.485,99.751,1786610807660818,reliable,1,1,4,4,0
4922,5440931631560,494798.524,102.039,1786610807762816,reliable,1,1,4,4,0
4923,5441028195756,494895.088,96.564,1786610807859389,reliable,1,1,4,4,0
4924,5441130709999,494997.603,102.514,1786610807961894,reliable,1,1,4,4,0
4925,5441230282959,495097.175,99.573,1786610808061473,reliable,1,1,4,4,0
4926,5441331724653,495198.617,101.442,1786610808162907,reliable,1,1,4,4,0
4927,5441437590506,495304.483,105.866,1786610808268783,reliable,1,1,4,4,0
4928,5441530528107,495397.421,92.938,1786610808361706,reliable,1,1,4,4,0
4929,5441627970091,495494.863,97.442,1786610808459234,reliable,1,1,4,4,0
4930,5441731482664,495598.375,103.513,1786610808562670,reliable,1,1,4,4,0
4931,5441828474536,495695.367,96.992,1786610808659666,reliable,1,1,4,4,0
4932,5441930867558,495797.760,102.393,1786610808762068,reliable,1,1,4,4,0
4933,5442035580515,495902.473,104.713,1786610808866773,reliable,1,1,4,4,0
4934,5442131980803,495998.873,96.400,1786610808963264,reliable,1,1,4,4,0
4935,5442228368096,496095.261,96.387,1786610809059561,reliable,1,1,4,4,0
4936,5442331315225,496198.208,102.947,1786610809162495,reliable,1,1,4,4,0
4937,5442429625459,496296.518,98.310,1786610809260839,reliable,1,1,4,4,0
4938,5442530424941,496397.317,100.799,1786610809361617,reliable,1,1,4,4,0
4939,5442628061736,496494.954,97.637,1786610809459284,reliable,1,1,4,4,0
4940,5442731696544,496598.589,103.635,1786610809562876,reliable,1,1,4,4,0
4941,5442829070011,496695.963,97.373,1786610809660256,reliable,1,1,4,4,0
4942,5442931186708,496798.079,102.117,1786610809762374,reliable,1,1,4,4,0
4943,5443027287280,496894.180,96.101,1786610809858475,reliable,1,1,4,4,0
4944,5443130518761,496997.411,103.231,1786610809961704,reliable,1,1,4,4,0
4945,5443227711073,497094.604,97.192,1786610810058901,reliable,1,1,4,4,0
4946,5443331594485,497198.487,103.883,1786610810162782,reliable,1,1,4,4,0
4947,5443429139211,497296.032,97.545,1786610810260356,reliable,1,1,4,4,0
4948,5443533344286,497400.237,104.205,1786610810364532,reliable,1,1,4,4,0
4949,5443639459345,497506.352,106.115,1786610810470649,reliable,1,1,4,4,0
4950,5443722616173,497589.509,83.157,1786610810553808,reliable,1,1,4,4,0
4951,5443828412512,497695.305,105.796,1786610810659599,reliable,1,1,4,4,0
4952,5443930718196,497797.611,102.306,1786610810761899,reliable,1,1,4,4,0
4953,5444027730827,497894.623,97.013,1786610810858914,reliable,1,1,4,4,0
4954,5444131289247,497998.182,103.558,1786610810962481,reliable,1,1,4,4,0
4955,5444236559471,498103.452,105.270,1786610811067749,reliable,1,1,4,4,0
4956,5444331826274,498198.719,95.267,1786610811163006,reliable,1,1,4,4,0
4957,5444428636084,498295.529,96.810,1786610811259829,reliable,1,1,4,4,0
4958,5444530809955,498397.702,102.174,1786610811361997,reliable,1,1,4,4,0
4959,5444633300243,498500.193,102.490,1786610811464484,reliable,1,1,4,4,0
4960,5444731738980,498598.632,98.439,1786610811562919,reliable,1,1,4,4,0
4961,5444828270966,498695.163,96.532,1786610811659652,reliable,1,1,4,4,0
4962,5444930522790,498797.415,102.252,1786610811761705,reliable,1,1,4,4,0
4963,5445027711192,498894.604,97.188,1786610811858896,reliable,1,1,4,4,0
4964,5445131488806,498998.381,103.778,1786610811962683,reliable,1,1,4,4,0
4965,5445228442934,499095.335,96.954,1786610812059631,reliable,1,1,4,4,0
4966,5445331923328,499198.816,103.480,1786610812163113,reliable,1,1,4,4,0
4967,5445428534125,499295.427,96.611,1786610812259719,reliable,1,1,4,4,0
4968,5445531059608,499397.952,102.525,1786610812362247,reliable,1,1,4,4,0
4969,5445638412704,499505.305,107.353,1786610812469637,reliable,1,1,4,4,0
4970,5445731042992,499597.936,92.630,1786610812562228,reliable,1,1,4,4,0
4971,5445840202295,499707.095,109.159,1786610812671392,reliable,1,1,4,4,0
4972,5445923451212,499790.344,83.249,1786610812754639,reliable,1,1,4,4,0
4973,5446034097394,499900.990,110.646,1786610812865288,reliable,1,1,4,4,0
4974,5446130631168,499997.524,96.534,1786610812961818,reliable,1,1,4,4,0
4975,5446227972842,500094.865,97.342,1786610813059200,reliable,1,1,4,4,0
4976,5446332087439,500198.980,104.115,1786610813163267,reliable,1,1,4,4,0
4977,5446435868117,500302.761,103.781,1786610813267094,reliable,1,1,4,4,0
4978,5446530873087,500397.766,95.005,1786610813362056,reliable,1,1,4,4,0
4979,5446629561191,500496.454,98.688,1786610813460743,reliable,1,1,4,4,0
4980,5446732102060,500598.995,102.541,1786610813563292,reliable,1,1,4,4,0
4981,5446828419030,500695.312,96.317,1786610813659601,reliable,1,1,4,4,0
4982,5446932415579,500799.308,103.997,1786610813763694,reliable,1,1,4,4,0
4983,5447038097183,500904.990,105.682,1786610813869286,reliable,1,1,4,4,0
4984,5447131997546,500998.890,93.900,1786610813963348,reliable,1,1,4,4,0
4985,5447228693360,501095.586,96.696,1786610814059880,reliable,1,1,4,4,0
4986,5447330392274,501197.285,101.699,1786610814161571,reliable,1,1,4,4,0
4987,5447429135637,501296.028,98.743,1786610814260317,reliable,1,1,4,4,0
4988,5447531998102,501398.891,102.862,1786610814363251,reliable,1,1,4,4,0
4989,5447641420019,501508.313,109.422,1786610814472605,reliable,1,1,4,4,0
4990,5447724404448,501591.297,82.984,1786610814555592,reliable,1,1,4,4,0
4991,5447828165536,501695.058,103.761,1786610814659347,reliable,1,1,4,4,0
4992,5447930824801,501797.717,102.659,1786610814762006,reliable,1,1,4,4,0
4993,5448029930948,501896.823,99.106,1786610814861117,reliable,1,1,4,4,0
4994,5448131469350,501998.362,101.538,1786610814962648,reliable,1,1,4,4,0
4995,5448237983010,502104.876,106.514,1786610815069173,reliable,1,1,4,4,0
4996,5448331906020,502198.799,93.923,1786610815163097,reliable,1,1,4,4,0
4997,5448428202660,502295.095,96.297,1786610815259412,reliable,1,1,4,4,0
4998,5448531885632,502398.778,103.683,1786610815363064,reliable,1,1,4,4,0
4999,5448628978624,502495.871,97.093,1786610815460211,reliable,1,1,4,4,0
5000,5448730773373,502597.666,101.795,1786610815561955,reliable,1,1,4,4,0
5001,5448833847033,502700.740,103.074,1786610815665039,reliable,1,1,4,4,0
5002,5448931536600,502798.429,97.690,1786610815762715,reliable,1,1,4,4,0
5003,5449028825432,502895.718,97.289,1786610815860019,reliable,1,1,4,4,0
5004,5449131087157,502997.980,102.262,1786610815962268,reliable,1,1,4,4,0
5005,5449229653713,503096.546,98.567,1786610816060849,reliable,1,1,4,4,0
5006,5449331283721,503198.176,101.630,1786610816162553,reliable,1,1,4,4,0
5007,5449428365989,503295.259,97.082,1786610816259559,reliable,1,1,4,4,0
5008,5449532557499,503399.450,104.192,1786610816363739,reliable,1,1,4,4,0
5009,5449628982839,503495.875,96.425,1786610816460174,reliable,1,1,4,4,0
5010,5449731315311,503598.208,102.332,1786610816562507,reliable,1,1,4,4,0
5011,5449830271721,503697.164,98.956,1786610816661499,reliable,1,1,4,4,0
5012,5449931941154,503798.834,101.669,1786610816763121,reliable,1,1,4,4,0
5013,5450029257853,503896.150,97.317,1786610816860449,reliable,1,1,4,4,0
5014,5450131180341,503998.073,101.922,1786610816962385,reliable,1,1,4,4,0
5015,5450229572749,504096.465,98.392,1786610817060762,reliable,1,1,4,4,0
5016,5450332363488,504199.256,102.791,1786610817163545,reliable,1,1,4,4,0
5017,5450439181712,504306.074,106.818,1786610817270374,reliable,1,1,4,4,0
5018,5450522738769,504389.631,83.557,1786610817353929,reliable,1,1,4,4,0
5019,5450628251010,504495.144,105.512,1786610817459445,reliable,1,1,4,4,0
5020,5450731843124,504598.736,103.592,1786610817563026,reliable,1,1,4,4,0
5021,5450828216043,504695.109,96.373,1786610817659408,reliable,1,1,4,4,0
5022,5450930994846,504797.887,102.779,1786610817762188,reliable,1,1,4,4,0
5023,5451039676108,504906.569,108.681,1786610817870868,reliable,1,1,4,4,0
5024,5451122927406,504989.820,83.251,1786610817954108,reliable,1,1,4,4,0
5025,5451228382844,505095.275,105.455,1786610818059573,reliable,1,1,4,4,0
5026,5451330975978,505197.869,102.593,1786610818162165,reliable,1,1,4,4,0
5027,5451427708285,505294.601,96.732,1786610818258899,reliable,1,1,4,4,0
5028,5451532575306,505399.468,104.867,1786610818363766,reliable,1,1,4,4,0
5029,5451639088757,505505.981,106.513,1786610818470279,reliable,1,1,4,4,0
5030,5451723053138,505589.946,83.964,1786610818554276,reliable,1,1,4,4,0
5031,5451829185501,505696.078,106.132,1786610818660414,reliable,1,1,4,4,0
5032,5451931189484,505798.082,102.004,1786610818762377,reliable,1,1,4,4,0
5033,5452027885919,505894.778,96.696,1786610818859076,reliable,1,1,4,4,0
5034,5452131412237,505998.305,103.526,1786610818962601,reliable,1,1,4,4,0
5035,5452237786965,506104.679,106.375,1786610819068973,reliable,1,1,4,4,0
5036,5452330926342,506197.819,93.139,1786610819162106,reliable,1,1,4,4,0
5037,5452429928435,506296.821,99.002,1786610819261114,reliable,1,1,4,4,0
5038,5452531309950,506398.202,101.382,1786610819362497,reliable,1,1,4,4,0
5039,5452630214442,506497.107,98.904,1786610819461405,reliable,1,1,4,4,0
5040,5452732298132,506599.191,102.084,1786610819563483,reliable,1,1,4,4,0
5041,5452838366811,506705.259,106.069,1786610819669558,reliable,1,1,4,4,0
5042,5452931376141,506798.269,93.009,1786610819762565,reliable,1,1,4,4,0
5043,5453029786202,506896.679,98.410,1786610819860970,reliable,1,1,4,4,0
5044,5453131985316,506998.878,102.199,1786610819963250,reliable,1,1,4,4,0
5045,5453228953392,507095.846,96.968,1786610820060161,reliable,1,1,4,4,0
5046,5453331196437,507198.089,102.243,1786610820162438,reliable,1,1,4,4,0
5047,5453437929270,507304.822,106.733,1786610820269122,reliable,1,1,4,4,0
5048,5453532115875,507399.008,94.187,1786610820363303,reliable,1,1,4,4,0
5049,5453629189837,507496.082,97.074,1786610820460381,reliable,1,1,4,4,0
5050,5453732365713,507599.258,103.176,1786610820563554,reliable,1,1,4,4,0
5051,5453829254363,507696.147,96.889,1786610820660446,reliable,1,1,4,4,0
5052,5453930775809,507797.668,101.521,1786610820761964,reliable,1,1,4,4,0
5053,5454037622338,507904.515,106.847,1786610820868812,reliable,1,1,4,4,0
5054,5454131213999,507998.107,93.592,1786610820962401,reliable,1,1,4,4,0
5055,5454230016437,508096.909,98.802,1786610821061206,reliable,1,1,4,4,0
5056,5454332269590,508199.162,102.253,1786610821163457,reliable,1,1,4,4,0
5057,5454429860219,508296.753,97.591,1786610821261050,reliable,1,1,4,4,0
5058,5454531127964,508398.020,101.268,1786610821362315,reliable,1,1,4,4,0
5059,5454628737377,508495.630,97.609,1786610821459926,reliable,1,1,4,4,0
5060,5454732241441,508599.134,103.504,1786610821563432,reliable,1,1,4,4,0
5061,5454830710373,508697.603,98.469,1786610821661903,reliable,1,1,4,4,0
5062,5454932240518,508799.133,101.530,1786610821763429,reliable,1,1,4,4,0
5063,5455028530956,508895.423,96.290,1786610821859724,reliable,1,1,4,4,0
5064,5455132208236,508999.101,103.677,1786610821963397,reliable,1,1,4,4,0
5065,5455235538953,509102.431,103.331,1786610822066721,reliable,1,1,4,4,0
5066,5455332337898,509199.230,96.799,1786610822163524,reliable,1,1,4,4,0
5067,5455428348428,509295.241,96.011,1786610822259575,reliable,1,1,4,4,0
5068,5455532316391,509399.209,103.968,1786610822363495,reliable,1,1,4,4,0
5069,5455638424127,509505.317,106.108,1786610822469616,reliable,1,1,4,4,0
5070,5455721943181,509588.836,83.519,1786610822553131,reliable,1,1,4,4,0
5071,5455830902051,509697.795,108.959,1786610822662091,reliable,1,1,4,4,0
5072,5455931253377,509798.146,100.351,1786610822762451,reliable,1,1,4,4,0
5073,5456030216608,509897.109,98.963,1786610822861408,reliable,1,1,4,4,0
5074,5456131181822,509998.074,100.965,1786610822962368,reliable,1,1,4,4,0
5075,5456238775409,510105.668,107.594,1786610823070008,reliable,1,1,4,4,0
5076,5456322006524,510188.899,83.231,1786610823153234,reliable,1,1,4,4,0
5077,5456428846159,510295.739,106.840,1786610823260035,reliable,1,1,4,4,0
5078,5456531745542,510398.638,102.899,1786610823362932,reliable,1,1,4,4,0
5079,5456628272484,510495.165,96.527,1786610823459464,reliable,1,1,4,4,0
5080,5456732444473,510599.337,104.172,1786610823563638,reliable,1,1,4,4,0
5081,5456839554220,510706.447,107.110,1786610823670745,reliable,1,1,4,4,0
5082,5456922707927,510789.600,83.154,1786610823753899,reliable,1,1,4,4,0
5083,5457029853961,510896.746,107.146,1786610823861045,reliable,1,1,4,4,0
5084,5457132112385,510999.005,102.258,1786610823963303,reliable,1,1,4,4,0
5085,5457229531611,511096.424,97.419,1786610824060720,reliable,1,1,4,4,0
5086,5457331069710,511197.962,101.538,1786610824162257,reliable,1,1,4,4,0
5087,5457438402428,511305.295,107.333,1786610824269599,reliable,1,1,4,4,0
5088,5457522692610,511389.585,84.290,1786610824353884,reliable,1,1,4,4,0
5089,5457629691440,511496.584,106.999,1786610824460882,reliable,1,1,4,4,0
5090,5457732383939,511599.276,102.692,1786610824563572,reliable,1,1,4,4,0
5091,5457828209212,511695.102,95.825,1786610824659402,reliable,1,1,4,4,0
5092,5457931448142,511798.341,103.239,1786610824762662,reliable,1,1,4,4,0
5093,5458038026685,511904.919,106.579,1786610824869214,reliable,1,1,4,4,0
5094,5458131963545,511998.856,93.937,1786610824963288,reliable,1,1,4,4,0
5095,5458228709519,512095.602,96.746,1786610825059900,reliable,1,1,4,4,0
5096,5458332539548,512199.432,103.830,1786610825163728,reliable,1,1,4,4,0
5097,5458429094800,512295.987,96.555,1786610825260288,reliable,1,1,4,4,0
5098,5458532281438,512399.174,103.187,1786610825363467,reliable,1,1,4,4,0
5099,5458637308233,512504.201,105.027,1786610825468499,reliable,1,1,4,4,0
5100,5458732276320,512599.169,94.968,1786610825563461,reliable,1,1,4,4,0
5101,5458828382613,512695.275,96.106,1786610825659584,reliable,1,1,4,4,0
5102,5458931201859,512798.094,102.819,1786610825762390,reliable,1,1,4,4,0
5103,5459028376023,512895.269,97.174,1786610825859566,reliable,1,1,4,4,0
5104,5459131332965,512998.225,102.957,1786610825962522,reliable,1,1,4,4,0
5105,5459229957461,513096.850,98.624,1786610826061146,reliable,1,1,4,4,0
5106,5459332502366,513199.395,102.545,1786610826163690,reliable,1,1,4,4,0
5107,5459428730191,513295.623,96.228,1786610826259920,reliable,1,1,4,4,0
5108,5459531229465,513398.122,102.499,1786610826362417,reliable,1,1,4,4,0
5109,5459628334409,513495.227,97.105,1786610826459524,reliable,1,1,4,4,0
5110,5459731700849,513598.593,103.366,1786610826562889,reliable,1,1,4,4,0
5111,5459828437698,513695.330,96.737,1786610826659628,reliable,1,1,4,4,0
5112,5459932679721,513799.572,104.242,1786610826763866,reliable,1,1,4,4,0
5113,5460035220371,513902.113,102.541,1786610826866410,reliable,1,1,4,4,0
5114,5460130559653,513997.452,95.339,1786610826961746,reliable,1,1,4,4,0
5115,5460239541156,514106.434,108.982,1786610827070728,reliable,1,1,4,4,0
5116,5460322818368,514189.711,83.277,1786610827154001,reliable,1,1,4,4,0
5117,5460429257025,514296.150,106.439,1786610827260445,reliable,1,1,4,4,0
5118,5460532300229,514399.193,103.043,1786610827363489,reliable,1,1,4,4,0
5119,5460629085649,514495.978,96.785,1786610827460269,reliable,1,1,4,4,0
5120,5460731197239,514598.090,102.112,1786610827562383,reliable,1,1,4,4,0
5121,5460838522550,514705.415,107.325,1786610827669708,reliable,1,1,4,4,0
5122,5460932326630,514799.219,93.804,1786610827763514,reliable,1,1,4,4,0
5123,5461028918834,514895.811,96.592,1786610827860111,reliable,1,1,4,4,0
5124,5461131223287,514998.116,102.304,1786610827962410,reliable,1,1,4,4,0
5125,5461228131265,515095.024,96.908,1786610828059324,reliable,1,1,4,4,0
5126,5461331533568,515198.426,103.402,1786610828162712,reliable,1,1,4,4,0
5127,5461438829307,515305.722,107.296,1786610828270018,reliable,1,1,4,4,0
5128,5461521785460,515388.678,82.956,1786610828352974,reliable,1,1,4,4,0
5129,5461629737454,515496.630,107.952,1786610828460966,reliable,1,1,4,4,0
5130,5461732695918,515599.588,102.958,1786610828563879,reliable,1,1,4,4,0
5131,5461828820950,515695.713,96.125,1786610828660048,reliable,1,1,4,4,0
5132,5461931187607,515798.080,102.367,1786610828762372,reliable,1,1,4,4,0
5133,5462036418389,515903.311,105.231,1786610828867641,reliable,1,1,4,4,0
5134,5462131595934,515998.488,95.178,1786610828962785,reliable,1,1,4,4,0
5135,5462230096289,516096.989,98.500,1786610829061277,reliable,1,1,4,4,0
5136,5462332683837,516199.576,102.588,1786610829163872,reliable,1,1,4,4,0
5137,5462429032994,516295.926,96.349,1786610829260224,reliable,1,1,4,4,0
5138,5462531049374,516397.942,102.016,1786610829362228,reliable,1,1,4,4,0
5139,5462629778687,516496.671,98.729,1786610829460963,reliable,1,1,4,4,0
5140,5462733751770,516600.644,103.973,1786610829564942,reliable,1,1,4,4,0
5141,5462829306111,516696.199,95.554,1786610829660505,reliable,1,1,4,4,0
5142,5462931294300,516798.187,101.988,1786610829762475,reliable,1,1,4,4,0
5143,5463027929567,516894.822,96.635,1786610829859116,reliable,1,1,4,4,0
5144,5463130644539,516997.537,102.715,1786610829961834,reliable,1,1,4,4,0
5145,5463229460346,517096.353,98.816,1786610830060650,reliable,1,1,4,4,0
5146,5463332331409,517199.224,102.871,1786610830163513,reliable,1,1,4,4,0
5147,5463428952529,517295.845,96.621,1786610830260139,reliable,1,1,4,4,0
5148,5463531411912,517398.304,102.459,1786610830362606,reliable,1,1,4,4,0
5149,5463638424858,517505.317,107.013,1786610830469656,reliable,1,1,4,4,0
5150,5463721689900,517588.582,83.265,1786610830552875,reliable,1,1,4,4,0
5151,5463830855450,517697.748,109.166,1786610830662045,reliable,1,1,4,4,0
5152,5463931290933,517798.183,100.435,1786610830762469,reliable,1,1,4,4,0
5153,5464030371921,517897.264,99.081,1786610830861559,reliable,1,1,4,4,0
5154,5464131644107,517998.537,101.272,1786610830962828,reliable,1,1,4,4,0
5155,5464236836508,518103.729,105.192,1786610831068024,reliable,1,1,4,4,0
5156,5464331585594,518198.478,94.749,1786610831162769,reliable,1,1,4,4,0
5157,5464427898582,518294.791,96.313,1786610831259102,reliable,1,1,4,4,0
5158,5464531381640,518398.274,103.483,1786610831362565,reliable,1,1,4,4,0
5159,5464630527200,518497.420,99.146,1786610831461709,reliable,1,1,4,4,0
5160,5464732246772,518599.139,101.720,1786610831563430,reliable,1,1,4,4,0
5161,5464835131015,518702.024,102.884,1786610831666320,reliable,1,1,4,4,0
5162,5464931648898,518798.541,96.518,1786610831762831,reliable,1,1,4,4,0
5163,5465028354525,518895.247,96.706,1786610831859543,reliable,1,1,4,4,0
5164,5465130680753,518997.573,102.326,1786610831961865,reliable,1,1,4,4,0
5165,5465229613575,519096.506,98.933,1786610832060804,reliable,1,1,4,4,0
5166,5465332365301,519199.258,102.752,1786610832163550,reliable,1,1,4,4,0
5167,5465429162220,519296.055,96.797,1786610832260398,reliable,1,1,4,4,0
5168,5465532618202,519399.511,103.456,1786610832363803,reliable,1,1,4,4,0
5169,5465629245489,519496.138,96.627,1786610832460432,reliable,1,1,4,4,0
5170,5465731386336,519598.279,102.141,1786610832562570,reliable,1,1,4,4,0
5171,5465838309225,519705.202,106.923,1786610832669495,reliable,1,1,4,4,0
5172,5465922193746,519789.086,83.885,1786610832753382,reliable,1,1,4,4,0
5173,5466027995100,519894.888,105.801,1786610832859230,reliable,1,1,4,4,0
5174,5466131600010,519998.493,103.605,1786610832962797,reliable,1,1,4,4,0
5175,5466229253213,520096.146,97.653,1786610833060431,reliable,1,1,4,4,0
5176,5466331537896,520198.430,102.285,1786610833162764,reliable,1,1,4,4,0
5177,5466436783214,520303.676,105.245,1786610833267969,reliable,1,1,4,4,0
5178,5466532112547,520399.005,95.329,1786610833363296,reliable,1,1,4,4,0
5179,5466629014550,520495.907,96.902,1786610833460199,reliable,1,1,4,4,0
5180,5466732787743,520599.680,103.773,1786610833563973,reliable,1,1,4,4,0
5181,5466830989487,520697.882,98.202,1786610833662176,reliable,1,1,4,4,0
5182,5466931461085,520798.354,100.472,1786610833762645,reliable,1,1,4,4,0
5183,5467028404623,520895.297,96.944,1786610833859589,reliable,1,1,4,4,0
5184,5467130799546,520997.692,102.395,1786610833961976,reliable,1,1,4,4,0
5185,5467229860679,521096.753,99.061,1786610834061047,reliable,1,1,4,4,0
5186,5467332691917,521199.584,102.831,1786610834163876,reliable,1,1,4,4,0
5187,5467428950684,521295.843,96.259,1786610834260129,reliable,1,1,4,4,0
5188,5467531474466,521398.367,102.524,1786610834362661,reliable,1,1,4,4,0
5189,5467628741296,521495.634,97.267,1786610834459962,reliable,1,1,4,4,0
5190,5467731689430,521598.582,102.948,1786610834562877,reliable,1,1,4,4,0
5191,5467830567553,521697.460,98.878,1786610834661756,reliable,1,1,4,4,0
5192,5467933082599,521799.975,102.515,1786610834764271,reliable,1,1,4,4,0
5193,5468038849033,521905.742,105.766,1786610834870040,reliable,1,1,4,4,0
5194,5468122055948,521988.948,83.207,1786610834953246,reliable,1,1,4,4,0
5195,5468230550630,522097.443,108.495,1786610835061734,reliable,1,1,4,4,0
5196,5468331354795,522198.247,100.804,1786610835162534,reliable,1,1,4,4,0
5197,5468430264082,522297.157,98.909,1786610835261445,reliable,1,1,4,4,0
5198,5468532981715,522399.874,102.718,1786610835364166,reliable,1,1,4,4,0
5199,5468637999793,522504.892,105.018,1786610835469187,reliable,1,1,4,4,0
5200,5468732341120,522599.234,94.341,1786610835563522,reliable,1,1,4,4,0
5201,5468829592969,522696.485,97.252,1786610835660788,reliable,1,1,4,4,0
5202,5468931843724,522798.736,102.251,1786610835763030,reliable,1,1,4,4,0
5203,5469028455190,522895.348,96.611,1786610835859646,reliable,1,1,4,4,0
5204,5469132296758,522999.189,103.842,1786610835963475,reliable,1,1,4,4,0
5205,5469239096526,523105.989,106.800,1786610836070318,reliable,1,1,4,4,0
5206,5469322120139,523189.013,83.024,1786610836153347,reliable,1,1,4,4,0
5207,5469430312191,523297.205,108.192,1786610836261495,reliable,1,1,4,4,0
5208,5469532579837,523399.472,102.268,1786610836363769,reliable,1,1,4,4,0
5209,5469629499907,523496.392,96.920,1786610836460688,reliable,1,1,4,4,0
5210,5469731601409,523598.494,102.102,1786610836562782,reliable,1,1,4,4,0
5211,5469837806969,523704.699,106.206,1786610836669001,reliable,1,1,4,4,0
5212,5469932188451,523799.081,94.381,1786610836763367,reliable,1,1,4,4,0
5213,5470029092329,523895.985,96.904,1786610836860283,reliable,1,1,4,4,0
5214,5470131544391,523998.437,102.452,1786610836962725,reliable,1,1,4,4,0
5215,5470228435082,524095.328,96.891,1786610837060029,reliable,1,1,4,4,0
5216,5470332665601,524199.558,104.231,1786610837163846,reliable,1,1,4,4,0
5217,5470439855314,524306.748,107.190,1786610837271050,reliable,1,1,4,4,0
5218,5470523009451,524389.902,83.154,1786610837354198,reliable,1,1,4,4,0
5219,5470628099904,524494.992,105.090,1786610837459283,reliable,1,1,4,4,0
5220,5470731485655,524598.378,103.386,1786610837562668,reliable,1,1,4,4,0
5221,5470830446358,524697.339,98.961,1786610837661636,reliable,1,1,4,4,0
5222,5470932436720,524799.329,101.990,1786610837763620,reliable,1,1,4,4,0
5223,5471038898435,524905.791,106.462,1786610837870086,reliable,1,1,4,4,0
5224,5471122387611,524989.280,83.489,1786610837953615,reliable,1,1,4,4,0
5225,5471228199564,525095.092,105.812,1786610838059390,reliable,1,1,4,4,0
5226,5471331172544,525198.065,102.973,1786610838162364,reliable,1,1,4,4,0
5227,5471428750077,525295.643,97.578,1786610838259940,reliable,1,1,4,4,0
5228,5471532134032,525399.027,103.384,1786610838363350,reliable,1,1,4,4,0
5229,5471640442363,525507.335,108.308,1786610838471635,reliable,1,1,4,4,0
5230,5471723570096,525590.463,83.128,1786610838554800,reliable,1,1,4,4,0
5231,5471829042816,525695.935,105.473,1786610838660233,reliable,1,1,4,4,0
5232,5471931843124,525798.736,102.800,1786610838763031,reliable,1,1,4,4,0
5233,5472028529619,525895.422,96.686,1786610838859713,reliable,1,1,4,4,0
5234,5472132148454,525999.041,103.619,1786610838963337,reliable,1,1,4,4,0
5235,5472240395886,526107.288,108.247,1786610839071575,reliable,1,1,4,4,0
5236,5472323369600,526190.262,82.974,1786610839154602,reliable,1,1,4,4,0
5237,5472429090795,526295.983,105.721,1786610839260280,reliable,1,1,4,4,0
5238,5472531948315,526398.841,102.858,1786610839363137,reliable,1,1,4,4,0
5239,5472629900915,526496.793,97.953,1786610839461088,reliable,1,1,4,4,0
5240,5472732841282,526599.734,102.940,1786610839564026,reliable,1,1,4,4,0
5241,5472839467916,526706.360,106.627,1786610839670656,reliable,1,1,4,4,0
5242,5472922775005,526789.668,83.307,1786610839753962,reliable,1,1,4,4,0
5243,5473035669308,526902.562,112.894,1786610839866858,reliable,1,1,4,4,0
5244,5473132284886,526999.177,96.616,1786610839963473,reliable,1,1,4,4,0
5245,5473230749163,527097.642,98.464,1786610840061932,reliable,1,1,4,4,0
5246,5473332382969,527199.275,101.634,1786610840163566,reliable,1,1,4,4,0
5247,5473440376315,527307.269,107.993,1786610840271567,reliable,1,1,4,4,0
5248,5473523434858,527390.327,83.059,1786610840354622,reliable,1,1,4,4,0
5249,5473628830417,527495.723,105.396,1786610840460021,reliable,1,1,4,4,0
5250,5473732722651,527599.615,103.892,1786610840563907,reliable,1,1,4,4,0
5251,5473835840262,527702.733,103.118,1786610840667046,reliable,1,1,4,4,0
5252,5473932648060,527799.541,96.808,1786610840763825,reliable,1,1,4,4,0
5253,5474039262849,527906.155,106.615,1786610840870452,reliable,1,1,4,4,0
5254,5474122736590,527989.629,83.474,1786610840953922,reliable,1,1,4,4,0
5255,5474229201425,528096.094,106.465,1786610841060406,reliable,1,1,4,4,0
5256,5474331742713,528198.635,102.541,1786610841162931,reliable,1,1,4,4,0
5257,5474428459403,528295.352,96.717,1786610841259645,reliable,1,1,4,4,0
5258,5474532662064,528399.555,104.203,1786610841363847,reliable,1,1,4,4,0
5259,5474639527088,528506.420,106.865,1786610841470716,reliable,1,1,4,4,0
5260,5474722647771,528589.540,83.121,1786610841553834,reliable,1,1,4,4,0
5261,5474829587899,528696.480,106.940,1786610841660784,reliable,1,1,4,4,0
5262,5474932932225,528799.825,103.344,1786610841764115,reliable,1,1,4,4,0
5263,5475029929907,528896.822,96.998,1786610841861111,reliable,1,1,4,4,0
5264,5475131699420,528998.592,101.770,1786610841962877,reliable,1,1,4,4,0
5265,5475238199994,529105.093,106.501,1786610842069389,reliable,1,1,4,4,0
5266,5475321707585,529188.600,83.508,1786610842152892,reliable,1,1,4,4,0
5267,5475430156154,529297.049,108.449,1786610842261383,reliable,1,1,4,4,0
5268,5475531772703,529398.665,101.617,1786610842362951,reliable,1,1,4,4,0
5269,5475630227018,529497.120,98.454,1786610842461416,reliable,1,1,4,4,0
5270,5475732847917,529599.740,102.621,1786610842564074,reliable,1,1,4,4,0
5271,5475839432874,529706.325,106.585,1786610842670621,reliable,1,1,4,4,0
5272,5475922754864,529789.647,83.322,1786610842753942,reliable,1,1,4,4,0
5273,5476029403436,529896.296,106.649,1786610842860588,reliable,1,1,4,4,0
5274,5476132155536,529999.048,102.752,1786610842963341,reliable,1,1,4,4,0
5275,5476231360535,530098.253,99.205,1786610843062580,reliable,1,1,4,4,0
5276,5476332098522,530198.991,100.738,1786610843163288,reliable,1,1,4,4,0
5277,5476440163471,530307.056,108.065,1786610843271352,reliable,1,1,4,4,0
5278,5476522992115,530389.885,82.829,1786610843354178,reliable,1,1,4,4,0
5279,5476629296619,530496.189,106.305,1786610843460484,reliable,1,1,4,4,0
5280,5476732197994,530599.091,102.901,1786610843563377,reliable,1,1,4,4,0
5281,5476830957072,530697.850,98.759,1786610843662139,reliable,1,1,4,4,0
5282,5476933086129,530799.979,102.129,1786610843764270,reliable,1,1,4,4,0
5283,5477039547977,530906.441,106.462,1786610843870736,reliable,1,1,4,4,0
5284,5477123047244,530989.940,83.499,1786610843954237,reliable,1,1,4,4,0
5285,5477229112386,531096.005,106.065,1786610844060302,reliable,1,1,4,4,0
5286,5477332309724,531199.202,103.197,1786610844163489,reliable,1,1,4,4,0
5287,5477430708095,531297.601,98.398,1786610844261896,reliable,1,1,4,4,0
5288,5477532332924,531399.225,101.625,1786610844363519,reliable,1,1,4,4,0
5289,5477638810896,531505.703,106.478,1786610844470018,reliable,1,1,4,4,0
5290,5477722032912,531588.925,83.222,1786610844553234,reliable,1,1,4,4,0
5291,5477830640607,531697.533,108.608,1786610844661833,reliable,1,1,4,4,0
5292,5477932573660,531799.466,101.933,1786610844763760,reliable,1,1,4,4,0
5293,5478028729059,531895.622,96.155,1786610844859917,reliable,1,1,4,4,0
5294,5478133119099,532000.012,104.390,1786610844964299,reliable,1,1,4,4,0
5295,5478239309836,532106.202,106.191,1786610845070489,reliable,1,1,4,4,0
5296,5478322301833,532189.194,82.992,1786610845153481,reliable,1,1,4,4,0
5297,5478430999892,532297.892,108.698,1786610845262189,reliable,1,1,4,4,0
5298,5478533317067,532400.210,102.317,1786610845364504,reliable,1,1,4,4,0
5299,5478629597935,532496.490,96.281,1786610845460822,reliable,1,1,4,4,0
5300,5478732308261,532599.201,102.710,1786610845563497,reliable,1,1,4,4,0
5301,5478838304373,532705.197,105.996,1786610845669488,reliable,1,1,4,4,0
5302,5478932888092,532799.781,94.584,1786610845764069,reliable,1,1,4,4,0
5303,5479029745982,532896.639,96.858,1786610845860931,reliable,1,1,4,4,0
5304,5479132223637,532999.116,102.478,1786610845963406,reliable,1,1,4,4,0
5305,5479228832373,533095.725,96.609,1786610846060055,reliable,1,1,4,4,0
5306,5479332811653,533199.704,103.979,1786610846163997,reliable,1,1,4,4,0
5307,5479439867759,533306.760,107.056,1786610846271055,reliable,1,1,4,4,0
5308,5479523194856,533390.087,83.327,1786610846354377,reliable,1,1,4,4,0
5309,5479630527249,533497.420,107.332,1786610846461712,reliable,1,1,4,4,0
5310,5479733672963,533600.565,103.146,1786610846564852,reliable,1,1,4,4,0
5311,5479829234308,533696.127,95.561,1786610846660416,reliable,1,1,4,4,0
5312,5479933118420,533800.011,103.884,1786610846764304,reliable,1,1,4,4,0
5313,5480039824510,533906.717,106.706,1786610846871006,reliable,1,1,4,4,0
5314,5480123101527,533989.994,83.277,1786610846954284,reliable,1,1,4,4,0
5315,5480231219677,534098.112,108.118,1786610847062407,reliable,1,1,4,4,0
5316,5480333471852,534200.364,102.252,1786610847164657,reliable,1,1,4,4,0
5317,5480429937383,534296.830,96.466,1786610847261124,reliable,1,1,4,4,0
5318,5480531241656,534398.134,101.304,1786610847362426,reliable,1,1,4,4,0
5319,5480639984506,534506.877,108.743,1786610847471247,reliable,1,1,4,4,0
5320,5480723108144,534590.001,83.124,1786610847554315,reliable,1,1,4,4,0
5321,5480828741912,534695.634,105.634,1786610847659924,reliable,1,1,4,4,0
5322,5480932507364,534799.400,103.765,1786610847763696,reliable,1,1,4,4,0
5323,5481029623038,534896.516,97.116,1786610847860810,reliable,1,1,4,4,0
5324,5481131988365,534998.881,102.365,1786610847963239,reliable,1,1,4,4,0
5325,5481240477453,535107.370,108.489,1786610848071657,reliable,1,1,4,4,0
5326,5481323525792,535190.418,83.048,1786610848154714,reliable,1,1,4,4,0
5327,5481428767460,535295.660,105.242,1786610848259953,reliable,1,1,4,4,0
5328,5481532351085,535399.244,103.584,1786610848363541,reliable,1,1,4,4,0
5329,5481629942721,535496.835,97.592,1786610848461133,reliable,1,1,4,4,0
5330,5481731966349,535598.859,102.024,1786610848563242,reliable,1,1,4,4,0
5331,5481840532107,535707.425,108.566,1786610848671715,reliable,1,1,4,4,0
5332,5481924033309,535790.926,83.501,1786610848755216,reliable,1,1,4,4,0
5333,5482030147872,535897.040,106.115,1786610848861339,reliable,1,1,4,4,0
5334,5482131785452,535998.678,101.638,1786610848962964,reliable,1,1,4,4,0
5335,5482230047965,536096.940,98.263,1786610849061236,reliable,1,1,4,4,0
5336,5482332662755,536199.555,102.615,1786610849163845,reliable,1,1,4,4,0
5337,5482440441983,536307.335,107.779,1786610849271628,reliable,1,1,4,4,0
5338,5482523872493,536390.765,83.431,1786610849355052,reliable,1,1,4,4,0
5339,5482629559181,536496.452,105.687,1786610849460775,reliable,1,1,4,4,0
5340,5482731932148,536598.825,102.373,1786610849563113,reliable,1,1,4,4,0
5341,5482828889702,536695.782,96.958,1786610849660102,reliable,1,1,4,4,0
5342,5482926983990,536793.877,98.094,1786610849758377,reliable,1,1,4,4,0
5343,5483033975090,536900.868,106.991,1786610849865163,reliable,1,1,4,4,0
5344,5483132660865,536999.553,98.686,1786610849963852,reliable,1,1,4,4,0
5345,5483231891404,537098.784,99.231,1786610850063080,reliable,1,1,4,4,0
5346,5483331383349,537198.276,99.492,1786610850162563,reliable,1,1,4,4,0
5347,5483430740254,537297.633,99.357,1786610850261930,reliable,1,1,4,4,0
5348,5483533044800,537399.937,102.305,1786610850364232,reliable,1,1,4,4,0
5349,5483640528728,537507.421,107.484,1786610850471720,reliable,1,1,4,4,0
5350,5483723764964,537590.657,83.236,1786610850554944,reliable,1,1,4,4,0
5351,5483828799969,537695.692,105.035,1786610850659986,reliable,1,1,4,4,0
5352,5483933114175,537800.007,104.314,1786610850764297,reliable,1,1,4,4,0
5353,5484038601979,537905.495,105.488,1786610850869784,reliable,1,1,4,4,0
5354,5484121670791,537988.563,83.069,1786610850952855,reliable,1,1,4,4,0
5355,5484230883960,538097.776,109.213,1786610851062071,reliable,1,1,4,4,0
5356,5484331052988,538197.946,100.169,1786610851162258,reliable,1,1,4,4,0
5357,5484435866517,538302.759,104.814,1786610851267047,reliable,1,1,4,4,0
5358,5484532149473,538399.042,96.283,1786610851363332,reliable,1,1,4,4,0
5359,5484630727784,538497.620,98.578,1786610851461916,reliable,1,1,4,4,0
5360,5484733146630,538600.039,102.419,1786610851564331,reliable,1,1,4,4,0
5361,5484829848241,538696.741,96.702,1786610851661037,reliable,1,1,4,4,0
5362,5484931955248,538798.848,102.107,1786610851763140,reliable,1,1,4,4,0
5363,5485031637140,538898.530,99.682,1786610851862825,reliable,1,1,4,4,0
5364,5485133305684,539000.198,101.669,1786610851964519,reliable,1,1,4,4,0
5365,5485239283336,539106.176,105.978,1786610852070471,reliable,1,1,4,4,0
5366,5485322440206,539189.333,83.157,1786610852153656,reliable,1,1,4,4,0
5367,5485429028703,539295.921,106.588,1786610852260275,reliable,1,1,4,4,0
5368,5485532543030,539399.436,103.514,1786610852363727,reliable,1,1,4,4,0
5369,5485629919036,539496.812,97.376,1786610852461107,reliable,1,1,4,4,0
5370,5485732422998,539599.316,102.504,1786610852563609,reliable,1,1,4,4,0
5371,5485836521772,539703.414,104.099,1786610852667711,reliable,1,1,4,4,0
5372,5485932235350,539799.128,95.714,1786610852763419,reliable,1,1,4,4,0
5373,5486034786352,539901.679,102.551,1786610852865973,reliable,1,1,4,4,0
5374,5486132000310,539998.893,97.214,1786610852963299,reliable,1,1,4,4,0
5375,5486228610971,540095.503,96.611,1786610853059792,reliable,1,1,4,4,0
5376,5486332604269,540199.497,103.993,1786610853163793,reliable,1,1,4,4,0
5377,5486441076054,540307.969,108.472,1786610853272264,reliable,1,1,4,4,0
5378,5486524673527,540391.566,83.597,1786610853355867,reliable,1,1,4,4,0
5379,5486629115561,540496.008,104.442,1786610853460308,reliable,1,1,4,4,0
5380,5486733103355,540599.996,103.988,1786610853564288,reliable,1,1,4,4,0
5381,5486830164862,540697.057,97.062,1786610853661356,reliable,1,1,4,4,0
5382,5486933360594,540800.253,103.196,1786610853764550,reliable,1,1,4,4,0
5383,5487040335006,540907.228,106.974,1786610853871519,reliable,1,1,4,4,0
5384,5487123485792,540990.378,83.151,1786610853954674,reliable,1,1,4,4,0
5385,5487228781293,541095.674,105.296,1786610854059961,reliable,1,1,4,4,0
5386,5487332503932,541199.396,103.723,1786610854163691,reliable,1,1,4,4,0
5387,5487429922362,541296.815,97.418,1786610854261114,reliable,1,1,4,4,0
5388,5487532449708,541399.342,102.527,1786610854363640,reliable,1,1,4,4,0
5389,5487638712469,541505.605,106.263,1786610854469893,reliable,1,1,4,4,0
5390,5487721691477,541588.584,82.979,1786610854552882,reliable,1,1,4,4,0
5391,5487829914585,541696.807,108.223,1786610854661098,reliable,1,1,4,4,0
5392,5487933220777,541800.113,103.306,1786610854764408,reliable,1,1,4,4,0
5393,5488030030473,541896.923,96.810,1786610854861213,reliable,1,1,4,4,0
5394,5488133473816,542000.366,103.443,1786610854964660,reliable,1,1,4,4,0
5395,5488240272862,542107.165,106.799,1786610855071461,reliable,1,1,4,4,0
5396,5488323629689,542190.522,83.357,1786610855154821,reliable,1,1,4,4,0
5397,5488429920094,542296.813,106.290,1786610855261100,reliable,1,1,4,4,0
5398,5488531205039,542398.098,101.285,1786610855362386,reliable,1,1,4,4,0
5399,5488630142501,542497.035,98.937,1786610855461328,reliable,1,1,4,4,0
5400,5488731910773,542598.803,101.768,1786610855563098,reliable,1,1,4,4,0
5401,5488838893176,542705.786,106.982,1786610855670110,reliable,1,1,4,4,0
5402,5488922178067,542789.071,83.285,1786610855753365,reliable,1,1,4,4,0
5403,5489031423217,542898.316,109.245,1786610855862612,reliable,1,1,4,4,0
5404,5489132164931,542999.057,100.742,1786610855963350,reliable,1,1,4,4,0
5405,5489231703222,543098.596,99.538,1786610856062884,reliable,1,1,4,4,0
5406,5489332500196,543199.393,100.797,1786610856163684,reliable,1,1,4,4,0
5407,5489439249188,543306.142,106.749,1786610856270431,reliable,1,1,4,4,0
5408,5489522206620,543389.099,82.957,1786610856353392,reliable,1,1,4,4,0
5409,5489630172377,543497.065,107.966,1786610856461358,reliable,1,1,4,4,0
5410,5489732161124,543599.054,101.989,1786610856563348,reliable,1,1,4,4,0
5411,5489830274297,543697.167,98.113,1786610856661460,reliable,1,1,4,4,0
5412,5489932391268,543799.284,102.117,1786610856763575,reliable,1,1,4,4,0
5413,5490038740324,543905.633,106.349,1786610856869929,reliable,1,1,4,4,0
5414,5490122552539,543989.445,83.812,1786610856953757,reliable,1,1,4,4,0
5415,5490230340246,544097.233,107.788,1786610857061704,reliable,1,1,4,4,0
5416,5490332256061,544199.149,101.916,1786610857163439,reliable,1,1,4,4,0
5417,5490429402192,544296.295,97.146,1786610857260595,reliable,1,1,4,4,0
5418,5490533402483,544400.295,104.000,1786610857364587,reliable,1,1,4,4,0
5419,5490640174734,544507.067,106.772,1786610857471366,reliable,1,1,4,4,0
5420,5490723228195,544590.121,83.053,1786610857554409,reliable,1,1,4,4,0
5421,5490830167774,544697.060,106.940,1786610857661359,reliable,1,1,4,4,0
5422,5490932367877,544799.260,102.200,1786610857763571,reliable,1,1,4,4,0
5423,5491031412883,544898.305,99.045,1786610857862596,reliable,1,1,4,4,0
5424,5491133098683,544999.991,101.686,1786610857964293,reliable,1,1,4,4,0
5425,5491240039156,545106.932,106.940,1786610858071234,reliable,1,1,4,4,0
5426,5491322927782,545189.820,82.889,1786610858154112,reliable,1,1,4,4,0
5427,5491429205439,545296.098,106.278,1786610858260392,reliable,1,1,4,4,0
5428,5491532994749,545399.887,103.789,1786610858364189,reliable,1,1,4,4,0
5429,5491629305647,545496.198,96.311,1786610858460499,reliable,1,1,4,4,0
5430,5491731949328,545598.842,102.644,1786610858563130,reliable,1,1,4,4,0
5431,5491840163524,545707.056,108.214,1786610858671347,reliable,1,1,4,4,0
5432,5491923158838,545790.051,82.995,1786610858754345,reliable,1,1,4,4,0
5433,5492031133579,545898.026,107.975,1786610858862325,reliable,1,1,4,4,0
5434,5492133833292,546000.726,102.700,1786610858965018,reliable,1,1,4,4,0
5435,5492230896473,546097.789,97.063,1786610859062085,reliable,1,1,4,4,0
5436,5492333256119,546200.149,102.360,1786610859164433,reliable,1,1,4,4,0
5437,5492438140943,546305.033,104.885,1786610859269332,reliable,1,1,4,4,0
5438,5492521994460,546388.887,83.854,1786610859353179,reliable,1,1,4,4,0
5439,5492628990703,546495.883,106.996,1786610859460200,reliable,1,1,4,4,0
5440,5492733491336,546600.384,104.501,1786610859564669,reliable,1,1,4,4,0
5441,5492830538899,546697.431,97.048,1786610859661728,reliable,1,1,4,4,0
5442,5492932402195,546799.295,101.863,1786610859763588,reliable,1,1,4,4,0
5443,5493040497987,546907.391,108.096,1786610859871682,reliable,1,1,4,4,0
5444,5493123431282,546990.324,82.933,1786610859954644,reliable,1,1,4,4,0
5445,5493229764772,547096.657,106.333,1786610860060956,reliable,1,1,4,4,0
5446,5493332283870,547199.176,102.519,1786610860163469,reliable,1,1,4,4,0
5447,5493429228390,547296.121,96.945,1786610860260417,reliable,1,1,4,4,0
5448,5493532768797,547399.661,103.540,1786610860363948,reliable,1,1,4,4,0
5449,5493638017488,547504.910,105.249,1786610860469206,reliable,1,1,4,4,0
5450,5493733682524,547600.575,95.665,1786610860564868,reliable,1,1,4,4,0
5451,5493830123909,547697.016,96.441,1786610860661307,reliable,1,1,4,4,0
5452,5493932423808,547799.316,102.300,1786610860763606,reliable,1,1,4,4,0
5453,5494030558437,547897.451,98.135,1786610860861749,reliable,1,1,4,4,0
5454,5494132629216,547999.522,102.071,1786610860963815,reliable,1,1,4,4,0
5455,5494230649219,548097.542,98.020,1786610861061837,reliable,1,1,4,4,0
5456,5494333749784,548200.642,103.101,1786610861164928,reliable,1,1,4,4,0
5457,5494430165918,548297.058,96.416,1786610861261462,reliable,1,1,4,4,0
5458,5494532301877,548399.194,102.136,1786610861363506,reliable,1,1,4,4,0
5459,5494630628405,548497.521,98.327,1786610861461817,reliable,1,1,4,4,0
5460,5494732442669,548599.335,101.814,1786610861563626,reliable,1,1,4,4,0
5461,5494830790062,548697.683,98.347,1786610861661978,reliable,1,1,4,4,0
5462,5494933762083,548800.655,102.972,1786610861764951,reliable,1,1,4,4,0
5463,5495030542024,548897.435,96.780,1786610861861730,reliable,1,1,4,4,0
5464,5495133645884,549000.538,103.104,1786610861964822,reliable,1,1,4,4,0
5465,5495240817699,549107.710,107.172,1786610862072005,reliable,1,1,4,4,0
5466,5495323939529,549190.832,83.122,1786610862155129,reliable,1,1,4,4,0
5467,5495429911794,549296.804,105.972,1786610862261099,reliable,1,1,4,4,0
5468,5495533458209,549400.351,103.546,1786610862364643,reliable,1,1,4,4,0
5469,5495630488449,549497.381,97.030,1786610862461675,reliable,1,1,4,4,0
5470,5495733718002,549600.611,103.230,1786610862564897,reliable,1,1,4,4,0
5471,5495837968927,549704.861,104.251,1786610862669162,reliable,1,1,4,4,0
5472,5495921727907,549788.620,83.759,1786610862752917,reliable,1,1,4,4,0
5473,5496030926051,549897.819,109.198,1786610862862118,reliable,1,1,4,4,0
5474,5496132497144,549999.390,101.571,1786610862963684,reliable,1,1,4,4,0
5475,5496229604150,550096.497,97.107,1786610863060794,reliable,1,1,4,4,0
5476,5496333433504,550200.326,103.829,1786610863164616,reliable,1,1,4,4,0
5477,5496430145822,550297.038,96.712,1786610863261330,reliable,1,1,4,4,0
5478,5496532408365,550399.301,102.263,1786610863363592,reliable,1,1,4,4,0
5479,5496629767913,550496.660,97.360,1786610863460955,reliable,1,1,4,4,0
5480,5496731758168,550598.651,101.990,1786610863562940,reliable,1,1,4,4,0
5481,5496830463377,550697.356,98.705,1786610863661671,reliable,1,1,4,4,0
5482,5496933497629,550800.390,103.034,1786610863764681,reliable,1,1,4,4,0
5483,5497030173051,550897.066,96.675,1786610863861362,reliable,1,1,4,4,0
5484,5497132371882,550999.264,102.199,1786610863963557,reliable,1,1,4,4,0
5485,5497228680455,551095.573,96.309,1786610864059870,reliable,1,1,4,4,0
5486,5497332179118,551199.072,103.499,1786610864163367,reliable,1,1,4,4,0
5487,5497440688552,551307.581,108.509,1786610864271877,reliable,1,1,4,4,0
5488,5497523772935,551390.665,83.084,1786610864355002,reliable,1,1,4,4,0
5489,5497630513606,551497.406,106.741,1786610864461703,reliable,1,1,4,4,0
5490,5497732754513,551599.647,102.241,1786610864563939,reliable,1,1,4,4,0
5491,5497829968842,551696.861,97.214,1786610864661157,reliable,1,1,4,4,0
5492,5497933451313,551800.344,103.482,1786610864764629,reliable,1,1,4,4,0
5493,5498038462197,551905.355,105.011,1786610864869654,reliable,1,1,4,4,0
5494,5498133071284,551999.964,94.609,1786610864964260,reliable,1,1,4,4,0
5495,5498231305224,552098.198,98.234,1786610865062498,reliable,1,1,4,4,0
5496,5498334010798,552200.903,102.706,1786610865165198,reliable,1,1,4,4,0
5497,5498429942790,552296.835,95.932,1786610865261133,reliable,1,1,4,4,0
5498,5498532712460,552399.605,102.770,1786610865363898,reliable,1,1,4,4,0
5499,5498630697215,552497.590,97.985,1786610865461897,reliable,1,1,4,4,0
5500,5498732846278,552599.739,102.149,1786610865564030,reliable,1,1,4,4,0
5501,5498830684249,552697.577,97.838,1786610865661877,reliable,1,1,4,4,0
5502,5498933477567,552800.370,102.793,1786610865764657,reliable,1,1,4,4,0
5503,5499029054201,552895.947,95.577,1786610865860238,reliable,1,1,4,4,0
5504,5499132390813,552999.283,103.337,1786610865963575,reliable,1,1,4,4,0
5505,5499231318507,553098.211,98.928,1786610866062506,reliable,1,1,4,4,0
5506,5499333811085,553200.704,102.493,1786610866164993,reliable,1,1,4,4,0
5507,5499430205217,553297.098,96.394,1786610866261392,reliable,1,1,4,4,0
5508,5499532739363,553399.632,102.534,1786610866363930,reliable,1,1,4,4,0
5509,5499638928475,553505.821,106.189,1786610866470171,reliable,1,1,4,4,0
5510,5499722128916,553589.021,83.200,1786610866553310,reliable,1,1,4,4,0
5511,5499832201377,553699.094,110.072,1786610866663402,reliable,1,1,4,4,0
5512,5499933770310,553800.663,101.569,1786610866764958,reliable,1,1,4,4,0
5513,5500030582841,553897.475,96.813,1786610866861774,reliable,1,1,4,4,0
5514,5500132498461,553999.391,101.916,1786610866963685,reliable,1,1,4,4,0
5515,5500239564464,554106.457,107.066,1786610867070748,reliable,1,1,4,4,0
5516,5500322962309,554189.855,83.398,1786610867154145,reliable,1,1,4,4,0
5517,5500431658322,554298.551,108.696,1786610867262849,reliable,1,1,4,4,0
5518,5500533754194,554400.647,102.096,1786610867364939,reliable,1,1,4,4,0
5519,5500631586142,554498.479,97.832,1786610867462771,reliable,1,1,4,4,0
5520,5500732655488,554599.548,101.069,1786610867563846,reliable,1,1,4,4,0
5521,5500829595183,554696.488,96.940,1786610867660786,reliable,1,1,4,4,0
5522,5500932786604,554799.679,103.191,1786610867763975,reliable,1,1,4,4,0
5523,5501031616725,554898.509,98.830,1786610867862809,reliable,1,1,4,4,0
5524,5501134633362,555001.526,103.017,1786610867965822,reliable,1,1,4,4,0
5525,5501231012544,555097.905,96.379,1786610868062203,reliable,1,1,4,4,0
5526,5501332773405,555199.666,101.761,1786610868163963,reliable,1,1,4,4,0
5527,5501430474597,555297.367,97.701,1786610868261663,reliable,1,1,4,4,0
5528,5501533837982,555400.731,103.363,1786610868365027,reliable,1,1,4,4,0
5529,5501631150727,555498.043,97.313,1786610868462342,reliable,1,1,4,4,0
5530,5501732470757,555599.363,101.320,1786610868563657,reliable,1,1,4,4,0
5531,5501831221867,555698.114,98.751,1786610868662413,reliable,1,1,4,4,0
5532,5501933028904,555799.921,101.807,1786610868764214,reliable,1,1,4,4,0
5533,5502029530868,555896.423,96.502,1786610868860723,reliable,1,1,4,4,0
5534,5502133530314,556000.423,103.999,1786610868964716,reliable,1,1,4,4,0
5535,5502234388936,556101.281,100.859,1786610869065580,reliable,1,1,4,4,0
5536,5502333659528,556200.552,99.271,1786610869164843,reliable,1,1,4,4,0
5537,5502439735189,556306.628,106.076,1786610869270955,reliable,1,1,4,4,0
5538,5502522904644,556389.797,83.169,1786610869354093,reliable,1,1,4,4,0
5539,5502630413900,556497.306,107.509,1786610869461599,reliable,1,1,4,4,0
5540,5502733994816,556600.887,103.581,1786610869565183,reliable,1,1,4,4,0
5541,5502830428105,556697.321,96.433,1786610869661615,reliable,1,1,4,4,0
5542,5502932845472,556799.738,102.417,1786610869764034,reliable,1,1,4,4,0
5543,5503041337958,556908.230,108.492,1786610869872524,reliable,1,1,4,4,0
5544,5503124139254,556991.032,82.801,1786610869955330,reliable,1,1,4,4,0
5545,5503239024039,557105.917,114.885,1786610870070220,reliable,1,1,4,4,0
5546,5503323097776,557189.990,84.074,1786610870154286,reliable,1,1,4,4,0
5547,5503430697204,557297.590,107.599,1786610870261961,reliable,1,1,4,4,0
5548,5503532490569,557399.383,101.793,1786610870363673,reliable,1,1,4,4,0
5549,5503640253101,557507.146,107.763,1786610870471484,reliable,1,1,4,4,0
5550,5503723298618,557590.191,83.046,1786610870554484,reliable,1,1,4,4,0
5551,5503831821243,557698.714,108.523,1786610870663014,reliable,1,1,4,4,0
5552,5503933920303,557800.813,102.099,1786610870765101,reliable,1,1,4,4,0
5553,5504030175189,557897.068,96.255,1786610870861357,reliable,1,1,4,4,0
5554,5504132798376,557999.691,102.623,1786610870963985,reliable,1,1,4,4,0
5555,5504238159664,558105.052,105.361,1786610871069350,reliable,1,1,4,4,0
5556,5504332950871,558199.843,94.791,1786610871164139,reliable,1,1,4,4,0
5557,5504430598132,558297.491,97.647,1786610871261785,reliable,1,1,4,4,0
5558,5504532704741,558399.597,102.107,1786610871363892,reliable,1,1,4,4,0
5559,5504635545556,558502.438,102.841,1786610871466730,reliable,1,1,4,4,0
5560,5504732975282,558599.868,97.430,1786610871564158,reliable,1,1,4,4,0
5561,5504829916466,558696.809,96.941,1786610871661107,reliable,1,1,4,4,0
5562,5504933717950,558800.610,103.801,1786610871764906,reliable,1,1,4,4,0
5563,5505030350910,558897.243,96.633,1786610871861538,reliable,1,1,4,4,0
5564,5505132744046,558999.637,102.393,1786610871963928,reliable,1,1,4,4,0
5565,5505229327757,559096.220,96.584,1786610872060513,reliable,1,1,4,4,0
5566,5505333669427,559200.562,104.342,1786610872164855,reliable,1,1,4,4,0
5567,5505431984972,559298.877,98.316,1786610872263241,reliable,1,1,4,4,0
5568,5505533328603,559400.221,101.344,1786610872364508,reliable,1,1,4,4,0
5569,5505631634323,559498.527,98.306,1786610872462869,reliable,1,1,4,4,0
5570,5505732745987,559599.639,101.112,1786610872563938,reliable,1,1,4,4,0
5571,5505839008259,559705.901,106.262,1786610872670191,reliable,1,1,4,4,0
5572,5505922877703,559789.770,83.869,1786610872754066,reliable,1,1,4,4,0
5573,5506030350212,559897.243,107.473,1786610872861540,reliable,1,1,4,4,0
5574,5506132975567,559999.868,102.625,1786610872964161,reliable,1,1,4,4,0
5575,5506231605444,560098.498,98.630,1786610873062793,reliable,1,1,4,4,0
5576,5506334336011,560201.229,102.731,1786610873165514,reliable,1,1,4,4,0
5577,5506440165737,560307.058,105.830,1786610873271357,reliable,1,1,4,4,0
5578,5506523319820,560390.212,83.154,1786610873354507,reliable,1,1,4,4,0
5579,5506630381286,560497.274,107.061,1786610873461569,reliable,1,1,4,4,0
5580,5506732770030,560599.663,102.389,1786610873563974,reliable,1,1,4,4,0
5581,5506829641127,560696.534,96.871,1786610873660824,reliable,1,1,4,4,0
5582,5506932580269,560799.473,102.939,1786610873763776,reliable,1,1,4,4,0
5583,5507040195110,560907.088,107.615,1786610873871385,reliable,1,1,4,4,0
5584,5507123597480,560990.490,83.402,1786610873954786,reliable,1,1,4,4,0
5585,5507231970396,561098.863,108.373,1786610874063202,reliable,1,1,4,4,0
5586,5507332793669,561199.686,100.823,1786610874163977,reliable,1,1,4,4,0
5587,5507434933130,561301.826,102.139,1786610874266116,reliable,1,1,4,4,0
5588,5507532853149,561399.746,97.920,1786610874364063,reliable,1,1,4,4,0
5589,5507629579122,561496.472,96.726,1786610874460765,reliable,1,1,4,4,0
5590,5507733945649,561600.838,104.367,1786610874565140,reliable,1,1,4,4,0
5591,5507831628388,561698.521,97.683,1786610874662820,reliable,1,1,4,4,0
5592,5507932751852,561799.644,101.123,1786610874763962,reliable,1,1,4,4,0
5593,5508030031009,561896.924,97.279,1786610874861220,reliable,1,1,4,4,0
5594,5508133737313,562000.630,103.706,1786610874964923,reliable,1,1,4,4,0
5595,5508230501877,562097.394,96.765,1786610875061687,reliable,1,1,4,4,0
5596,5508333243764,562200.136,102.742,1786610875164429,reliable,1,1,4,4,0
5597,5508431624450,562298.517,98.381,1786610875262815,reliable,1,1,4,4,0
5598,5508532985830,562399.878,101.361,1786610875364190,reliable,1,1,4,4,0
5599,5508639285530,562506.178,106.300,1786610875470473,reliable,1,1,4,4,0
5600,5508722315831,562589.208,83.030,1786610875553504,reliable,1,1,4,4,0
5601,5508830702053,562697.595,108.386,1786610875661890,reliable,1,1,4,4,0
5602,5508933051974,562799.945,102.350,1786610875764237,reliable,1,1,4,4,0
5603,5509032102801,562898.995,99.051,1786610875863292,reliable,1,1,4,4,0
5604,5509133295542,563000.188,101.193,1786610875964697,reliable,1,1,4,4,0
5605,5509240754788,563107.647,107.459,1786610876071979,reliable,1,1,4,4,0
5606,5509324373661,563191.266,83.619,1786610876155555,reliable,1,1,4,4,0
5607,5509432850535,563299.743,108.477,1786610876264037,reliable,1,1,4,4,0
5608,5509533313450,563400.206,100.463,1786610876364497,reliable,1,1,4,4,0
5609,5509631376180,563498.269,98.063,1786610876462565,reliable,1,1,4,4,0
5610,5509732706965,563599.599,101.331,1786610876563893,reliable,1,1,4,4,0
5611,5509839060485,563705.953,106.354,1786610876670241,reliable,1,1,4,4,0
5612,5509922804125,563789.697,83.744,1786610876753992,reliable,1,1,4,4,0
5613,5510030638473,563897.531,107.834,1786610876861819,reliable,1,1,4,4,0
5614,5510132628583,563999.521,101.990,1786610876963815,reliable,1,1,4,4,0
5615,5510230466289,564097.359,97.838,1786610877061699,reliable,1,1,4,4,0
5616,5510333202089,564200.095,102.736,1786610877164429,reliable,1,1,4,4,0
5617,5510439779253,564306.672,106.577,1786610877270967,reliable,1,1,4,4,0
5618,5510522846604,564389.739,83.067,1786610877354032,reliable,1,1,4,4,0
5619,5510631811504,564498.704,108.965,1786610877462990,reliable,1,1,4,4,0
5620,5510733063565,564599.956,101.252,1786610877564250,reliable,1,1,4,4,0
5621,5510836326788,564703.219,103.263,1786610877667513,reliable,1,1,4,4,0
5622,5510933785709,564800.678,97.459,1786610877764969,reliable,1,1,4,4,0
5623,5511030598040,564897.491,96.812,1786610877861785,reliable,1,1,4,4,0
5624,5511132674706,564999.567,102.077,1786610877963853,reliable,1,1,4,4,0
5625,5511229517563,565096.410,96.843,1786610878060706,reliable,1,1,4,4,0
5626,5511332099568,565198.992,102.582,1786610878163284,reliable,1,1,4,4,0
5627,5511430694226,565297.587,98.595,1786610878261882,reliable,1,1,4,4,0
5628,5511532888297,565399.781,102.194,1786610878364067,reliable,1,1,4,4,0
5629,5511631964553,565498.857,99.076,1786610878463182,reliable,1,1,4,4,0
5630,5511732675652,565599.568,100.711,1786610878563852,reliable,1,1,4,4,0
5631,5511829069165,565695.962,96.394,1786610878660254,reliable,1,1,4,4,0
5632,5511932287904,565799.180,103.219,1786610878763474,reliable,1,1,4,4,0
5633,5512040374723,565907.267,108.087,1786610878871601,reliable,1,1,4,4,0
5634,5512123235000,565990.128,82.860,1786610878954424,reliable,1,1,4,4,0
5635,5512231595768,566098.488,108.361,1786610879062784,reliable,1,1,4,4,0
5636,5512332711534,566199.604,101.116,1786610879163894,reliable,1,1,4,4,0
5637,5512430305776,566297.198,97.594,1786610879261496,reliable,1,1,4,4,0
5638,5512533953566,566400.846,103.648,1786610879365143,reliable,1,1,4,4,0
5639,5512638486985,566505.380,104.533,1786610879469685,reliable,1,1,4,4,0
5640,5512721759129,566588.652,83.272,1786610879552949,reliable,1,1,4,4,0
5641,5512832220049,566699.113,110.461,1786610879663484,reliable,1,1,4,4,0
5642,5512933137224,566800.030,100.917,1786610879764317,reliable,1,1,4,4,0
5643,5513029512717,566896.405,96.375,1786610879860697,reliable,1,1,4,4,0
5644,5513133009596,566999.902,103.497,1786610879964196,reliable,1,1,4,4,0
5645,5513241029369,567107.922,108.020,1786610880072220,reliable,1,1,4,4,0
5646,5513324593893,567191.486,83.565,1786610880155782,reliable,1,1,4,4,0
5647,5513430032522,567296.925,105.439,1786610880261223,reliable,1,1,4,4,0
5648,5513534174866,567401.067,104.142,1786610880365355,reliable,1,1,4,4,0
5649,5513629284472,567496.177,95.110,1786610880460475,reliable,1,1,4,4,0
5650,5513733111362,567600.004,103.827,1786610880564301,reliable,1,1,4,4,0
5651,5513839870882,567706.763,106.760,1786610880671062,reliable,1,1,4,4,0
5652,5513922744049,567789.637,82.873,1786610880753933,reliable,1,1,4,4,0
5653,5514030137390,567897.030,107.393,1786610880861329,reliable,1,1,4,4,0
5654,5514134192855,568001.085,104.055,1786610880965379,reliable,1,1,4,4,0
5655,5514230396344,568097.289,96.203,1786610881061587,reliable,1,1,4,4,0
5656,5514334051871,568200.944,103.656,1786610881165233,reliable,1,1,4,4,0
5657,5514440491516,568307.384,106.440,1786610881271725,reliable,1,1,4,4,0
5658,5514523516807,568390.409,83.025,1786610881354707,reliable,1,1,4,4,0
5659,5514631367615,568498.260,107.851,1786610881462557,reliable,1,1,4,4,0
5660,5514733055468,568599.948,101.688,1786610881564245,reliable,1,1,4,4,0
5661,5514829980425,568696.873,96.925,1786610881661166,reliable,1,1,4,4,0
5662,5514933297521,568800.190,103.317,1786610881764484,reliable,1,1,4,4,0
5663,5515038630322,568905.523,105.333,1786610881869818,reliable,1,1,4,4,0
5664,5515121755901,568988.648,83.126,1786610881952947,reliable,1,1,4,4,0
5665,5515231299950,569098.192,109.544,1786610882062486,reliable,1,1,4,4,0
5666,5515334213619,569201.106,102.914,1786610882165400,reliable,1,1,4,4,0
5667,5515430322255,569297.215,96.109,1786610882261512,reliable,1,1,4,4,0
5668,5515533356948,569400.249,103.035,1786610882364542,reliable,1,1,4,4,0
5669,5515631521225,569498.414,98.164,1786610882462711,reliable,1,1,4,4,0
5670,5515733228627,569600.121,101.707,1786610882564414,reliable,1,1,4,4,0
5671,5515829695662,569696.588,96.467,1786610882660885,reliable,1,1,4,4,0
5672,5515933911983,569800.805,104.216,1786610882765100,reliable,1,1,4,4,0
5673,5516031151847,569898.044,97.240,1786610882862341,reliable,1,1,4,4,0
5674,5516134065452,570000.958,102.914,1786610882965249,reliable,1,1,4,4,0
5675,5516230279270,570097.172,96.214,1786610883061502,reliable,1,1,4,4,0
5676,5516334109221,570201.002,103.830,1786610883165296,reliable,1,1,4,4,0
5677,5516430551484,570297.444,96.442,1786610883261739,reliable,1,1,4,4,0
5678,5516533762781,570400.655,103.211,1786610883364937,reliable,1,1,4,4,0
5679,5516639903604,570506.796,106.141,1786610883471085,reliable,1,1,4,4,0
5680,5516723069465,570589.962,83.166,1786610883554257,reliable,1,1,4,4,0
5681,5516831127753,570698.020,108.058,1786610883662313,reliable,1,1,4,4,0
5682,5516933091726,570799.984,101.964,1786610883764277,reliable,1,1,4,4,0
5683,5517029875268,570896.768,96.784,1786610883861116,reliable,1,1,4,4,0
5684,5517134129217,571001.022,104.254,1786610883965313,reliable,1,1,4,4,0
5685,5517238963130,571105.856,104.834,1786610884070310,reliable,1,1,4,4,0
5686,5517322691322,571189.584,83.728,1786610884153881,reliable,1,1,4,4,0
5687,5517430512359,571297.405,107.821,1786610884261699,reliable,1,1,4,4,0
5688,5517533090758,571399.983,102.578,1786610884364276,reliable,1,1,4,4,0
5689,5517630470487,571497.363,97.380,1786610884461660,reliable,1,1,4,4,0
5690,5517734058451,571600.951,103.588,1786610884565246,reliable,1,1,4,4,0
5691,5517840351046,571707.244,106.293,1786610884671535,reliable,1,1,4,4,0
5692,5517923115209,571790.008,82.764,1786610884754304,reliable,1,1,4,4,0
5693,5518030303864,571897.196,107.189,1786610884861493,reliable,1,1,4,4,0
5694,5518133147671,572000.040,102.844,1786610884964334,reliable,1,1,4,4,0
5695,5518229344970,572096.237,96.197,1786610885060537,reliable,1,1,4,4,0
5696,5518332844770,572199.737,103.500,1786610885164036,reliable,1,1,4,4,0
5697,5518438378836,572305.271,105.534,1786610885269563,reliable,1,1,4,4,0
5698,5518521908049,572388.801,83.529,1786610885353085,reliable,1,1,4,4,0
5699,5518630279545,572497.172,108.371,1786610885461492,reliable,1,1,4,4,0
5700,5518732875316,572599.768,102.596,1786610885564065,reliable,1,1,4,4,0
5701,5518831041855,572697.934,98.167,1786610885662225,reliable,1,1,4,4,0
5702,5518933298204,572800.191,102.256,1786610885764485,reliable,1,1,4,4,0
5703,5519029704717,572896.597,96.407,1786610885860895,reliable,1,1,4,4,0
5704,5519133434917,573000.327,103.730,1786610885964645,reliable,1,1,4,4,0
5705,5519231052720,573097.945,97.618,1786610886062251,reliable,1,1,4,4,0
5706,5519335624353,573202.517,104.572,1786610886166807,reliable,1,1,4,4,0
5707,5519442004843,573308.897,106.380,1786610886273189,reliable,1,1,4,4,0
5708,5519525738437,573392.631,83.734,1786610886356927,reliable,1,1,4,4,0
5709,5519629528665,573496.421,103.790,1786610886460723,reliable,1,1,4,4,0
5710,5519733326541,573600.219,103.798,1786610886564513,reliable,1,1,4,4,0
5711,5519830951766,573697.844,97.625,1786610886662143,reliable,1,1,4,4,0
5712,5519934049741,573800.942,103.098,1786610886765235,reliable,1,1,4,4,0
5713,5520039857625,573906.750,105.808,1786610886871040,reliable,1,1,4,4,0
5714,5520122570871,573989.463,82.713,1786610886953752,reliable,1,1,4,4,0
5715,5520230525882,574097.418,107.955,1786610887061749,reliable,1,1,4,4,0
5716,5520334157771,574201.050,103.632,1786610887165341,reliable,1,1,4,4,0
5717,5520436127521,574303.020,101.970,1786610887267311,reliable,1,1,4,4,0
5718,5520534273190,574401.166,98.146,1786610887365461,reliable,1,1,4,4,0
5719,5520639156210,574506.049,104.883,1786610887470339,reliable,1,1,4,4,0
5720,5520721782829,574588.675,82.627,1786610887553654,reliable,1,1,4,4,0
5721,5520830787307,574697.680,109.004,1786610887661977,reliable,1,1,4,4,0
5722,5520933268256,574800.161,102.481,1786610887764455,reliable,1,1,4,4,0
5723,5521031599779,574898.492,98.332,1786610887862790,reliable,1,1,4,4,0
5724,5521132321598,574999.214,100.722,1786610887963509,reliable,1,1,4,4,0
5725,5521230636128,575097.529,98.315,1786610888061848,reliable,1,1,4,4,0
5726,5521332978802,575199.871,102.343,1786610888164164,reliable,1,1,4,4,0
5727,5521438276985,575305.170,105.298,1786610888269462,reliable,1,1,4,4,0
5728,5521533127557,575400.020,94.851,1786610888364315,reliable,1,1,4,4,0
5729,5521638284461,575505.177,105.157,1786610888469477,reliable,1,1,4,4,0
5730,5521733633752,575600.526,95.349,1786610888564820,reliable,1,1,4,4,0
5731,5521832133143,575699.026,98.499,1786610888663323,reliable,1,1,4,4,0
5732,5521933144110,575800.037,101.011,1786610888764322,reliable,1,1,4,4,0
5733,5522029833428,575896.726,96.689,1786610888861026,reliable,1,1,4,4,0
5734,5522133217282,576000.110,103.384,1786610888964429,reliable,1,1,4,4,0
5735,5522231443456,576098.336,98.226,1786610889062634,reliable,1,1,4,4,0
5736,5522334393292,576201.286,102.950,1786610889165581,reliable,1,1,4,4,0
5737,5522433189319,576300.082,98.796,1786610889264378,reliable,1,1,4,4,0
5738,5522533436957,576400.329,100.248,1786610889364625,reliable,1,1,4,4,0
5739,5522630827325,576497.720,97.390,1786610889462017,reliable,1,1,4,4,0
5740,5522733785577,576600.678,102.958,1786610889564973,reliable,1,1,4,4,0
5741,5522830304525,576697.197,96.519,1786610889661486,reliable,1,1,4,4,0
5742,5522934619316,576801.512,104.315,1786610889765808,reliable,1,1,4,4,0
5743,5523030479545,576897.372,95.860,1786610889861664,reliable,1,1,4,4,0
5744,5523133361158,577000.254,102.882,1786610889964546,reliable,1,1,4,4,0
5745,5523229950727,577096.843,96.590,1786610890061156,reliable,1,1,4,4,0
5746,5523333308046,577200.201,103.357,1786610890164494,reliable,1,1,4,4,0
5747,5523422810503,577289.703,89.502,1786610890254000,reliable,1,1,4,4,0
5748,5523526396845,577393.289,103.586,1786610890357587,reliable,1,1,4,4,0
5749,5523630836273,577497.729,104.439,1786610890462021,reliable,1,1,4,4,0
5750,5523733314011,577600.207,102.478,1786610890564503,reliable,1,1,4,4,0
5751,5523832065363,577698.958,98.751,1786610890663262,reliable,1,1,4,4,0
5752,5523934488157,577801.381,102.423,1786610890765675,reliable,1,1,4,4,0
5753,5524041010392,577907.903,106.522,1786610890872199,reliable,1,1,4,4,0
5754,5524123984426,577990.877,82.974,1786610890955268,reliable,1,1,4,4,0
5755,5524231799135,578098.692,107.815,1786610891063010,reliable,1,1,4,4,0
5756,5524334079558,578200.972,102.280,1786610891165261,reliable,1,1,4,4,0
5757,5524431156513,578298.049,97.077,1786610891262340,reliable,1,1,4,4,0
5758,5524534309541,578401.202,103.153,1786610891365496,reliable,1,1,4,4,0
5759,5524640276383,578507.169,105.967,1786610891471463,reliable,1,1,4,4,0
5760,5524723080814,578589.973,82.804,1786610891554271,reliable,1,1,4,4,0
5761,5524829955684,578696.848,106.875,1786610891661144,reliable,1,1,4,4,0
5762,5524933370760,578800.263,103.415,1786610891764561,reliable,1,1,4,4,0
5763,5525038104134,578904.997,104.733,1786610891869291,reliable,1,1,4,4,0
5764,5525134317380,579001.210,96.213,1786610891965507,reliable,1,1,4,4,0
5765,5525230962558,579097.855,96.645,1786610892062148,reliable,1,1,4,4,0
5766,5525334464765,579201.357,103.502,1786610892165653,reliable,1,1,4,4,0
5767,5525430785336,579297.678,96.321,1786610892261974,reliable,1,1,4,4,0
5768,5525534526454,579401.419,103.741,1786610892365713,reliable,1,1,4,4,0
5769,5525631074959,579497.967,96.549,1786610892462303,reliable,1,1,4,4,0
5770,5525732734774,579599.627,101.660,1786610892563921,reliable,1,1,4,4,0
5771,5525832697090,579699.590,99.962,1786610892663884,reliable,1,1,4,4,0
5772,5525933195213,579800.088,100.498,1786610892764378,reliable,1,1,4,4,0
5773,5526030677539,579897.570,97.482,1786610892861867,reliable,1,1,4,4,0
5774,5526133112806,580000.005,102.435,1786610892964291,reliable,1,1,4,4,0
5775,5526231669462,580098.562,98.557,1786610893062858,reliable,1,1,4,4,0
5776,5526333507160,580200.400,101.838,1786610893164694,reliable,1,1,4,4,0
5777,5526432978051,580299.871,99.471,1786610893264165,reliable,1,1,4,4,0
5778,5526533278219,580400.171,100.300,1786610893364465,reliable,1,1,4,4,0
5779,5526630456030,580497.349,97.178,1786610893461646,reliable,1,1,4,4,0
5780,5526734311417,580601.204,103.855,1786610893565489,reliable,1,1,4,4,0
5781,5526840782154,580707.675,106.471,1786610893671969,reliable,1,1,4,4,0
5782,5526923791955,580790.684,83.010,1786610893754972,reliable,1,1,4,4,0
5783,5527029860133,580896.753,106.068,1786610893861050,reliable,1,1,4,4,0
5784,5527133633376,581000.526,103.773,1786610893964826,reliable,1,1,4,4,0
5785,5527231196368,581098.089,97.563,1786610894062386,reliable,1,1,4,4,0
5786,5527333386285,581200.279,102.190,1786610894164573,reliable,1,1,4,4,0
5787,5527438988798,581305.881,105.603,1786610894270178,reliable,1,1,4,4,0
5788,5527522055427,581388.948,83.067,1786610894353245,reliable,1,1,4,4,0
5789,5527631516773,581498.409,109.461,1786610894462709,reliable,1,1,4,4,0
5790,5527735444636,581602.337,103.928,1786610894566626,reliable,1,1,4,4,0
5791,5527831003635,581697.896,95.559,1786610894662199,reliable,1,1,4,4,0
5792,5527933204080,581800.097,102.200,1786610894764385,reliable,1,1,4,4,0
5793,5528032306777,581899.199,99.103,1786610894863507,reliable,1,1,4,4,0
5794,5528134353239,582001.246,102.046,1786610894965538,reliable,1,1,4,4,0
5795,5528231493381,582098.386,97.140,1786610895062687,reliable,1,1,4,4,0
5796,5528334554044,582201.447,103.061,1786610895165734,reliable,1,1,4,4,0
5797,5528431627177,582298.520,97.073,1786610895262821,reliable,1,1,4,4,0
5798,5528534824288,582401.717,103.197,1786610895366012,reliable,1,1,4,4,0
5799,5528630755953,582497.648,95.932,1786610895461939,reliable,1,1,4,4,0
5800,5528733305578,582600.198,102.550,1786610895564492,reliable,1,1,4,4,0
5801,5528837189117,582704.082,103.884,1786610895668380,reliable,1,1,4,4,0
5802,5528933704589,582800.597,96.515,1786610895764891,reliable,1,1,4,4,0
5803,5529029623519,582896.516,95.919,1786610895860853,reliable,1,1,4,4,0
5804,5529133708945,583000.601,104.085,1786610895964901,reliable,1,1,4,4,0
5805,5529232237719,583099.130,98.529,1786610896063431,reliable,1,1,4,4,0
5806,5529334615501,583201.508,102.378,1786610896165802,reliable,1,1,4,4,0
5807,5529431403416,583298.296,96.788,1786610896262588,reliable,1,1,4,4,0
5808,5529533504143,583400.397,102.101,1786610896364694,reliable,1,1,4,4,0
5809,5529631685365,583498.578,98.181,1786610896462882,reliable,1,1,4,4,0
5810,5529733801900,583600.694,102.117,1786610896564979,reliable,1,1,4,4,0
5811,5529831905074,583698.798,98.103,1786610896663087,reliable,1,1,4,4,0
5812,5529932913997,583799.807,101.009,1786610896764103,reliable,1,1,4,4,0
5813,5530031209011,583898.102,98.295,1786610896862390,reliable,1,1,4,4,0
5814,5530133337482,584000.230,102.128,1786610896964524,reliable,1,1,4,4,0
5815,5530221790323,584088.683,88.453,1786610897052981,reliable,1,1,4,4,0
5816,5530325571552,584192.464,103.781,1786610897156759,reliable,1,1,4,4,0
5817,5530436667153,584303.560,111.096,1786610897267854,reliable,1,1,4,4,0
5818,5530533389721,584400.282,96.723,1786610897364579,reliable,1,1,4,4,0
5819,5530630757503,584497.650,97.368,1786610897461941,reliable,1,1,4,4,0
5820,5530733906606,584600.799,103.149,1786610897565097,reliable,1,1,4,4,0
5821,5530841157518,584708.050,107.251,1786610897672344,reliable,1,1,4,4,0
5822,5530924422890,584791.315,83.265,1786610897755611,reliable,1,1,4,4,0
5823,5531030819821,584897.712,106.397,1786610897862037,reliable,1,1,4,4,0
5824,5531134780121,585001.673,103.960,1786610897965967,reliable,1,1,4,4,0
5825,5531231604031,585098.497,96.824,1786610898062788,reliable,1,1,4,4,0
5826,5531333893454,585200.786,102.289,1786610898165081,reliable,1,1,4,4,0
5827,5531439522193,585306.415,105.629,1786610898270711,reliable,1,1,4,4,0
5828,5531522571435,585389.464,83.049,1786610898353760,reliable,1,1,4,4,0
5829,5531630080486,585496.973,107.509,1786610898461269,reliable,1,1,4,4,0
5830,5531733151282,585600.044,103.071,1786610898564330,reliable,1,1,4,4,0
5831,5531829872183,585696.765,96.721,1786610898661062,reliable,1,1,4,4,0
5832,5531934647325,585801.540,104.775,1786610898765839,reliable,1,1,4,4,0
5833,5532040318143,585907.211,105.671,1786610898871510,reliable,1,1,4,4,0
5834,5532123239258,585990.132,82.921,1786610898954426,reliable,1,1,4,4,0
5835,5532231185009,586098.078,107.946,1786610899062377,reliable,1,1,4,4,0
5836,5532333654205,586200.547,102.469,1786610899164841,reliable,1,1,4,4,0
5837,5532432117624,586299.010,98.463,1786610899263303,reliable,1,1,4,4,0
5838,5532534098405,586400.991,101.981,1786610899365277,reliable,1,1,4,4,0
5839,5532640949791,586507.842,106.851,1786610899472140,reliable,1,1,4,4,0
5840,5532724284885,586591.177,83.335,1786610899555477,reliable,1,1,4,4,0
5841,5532831562830,586698.455,107.278,1786610899662754,reliable,1,1,4,4,0
5842,5532933488827,586800.381,101.926,1786610899764668,reliable,1,1,4,4,0
5843,5533032122485,586899.015,98.634,1786610899863350,reliable,1,1,4,4,0
5844,5533133597892,587000.490,101.475,1786610899964780,reliable,1,1,4,4,0
5845,5533236053262,587102.946,102.455,1786610900067246,reliable,1,1,4,4,0
5846,5533334288134,587201.181,98.235,1786610900165468,reliable,1,1,4,4,0
5847,5533431304772,587298.197,97.017,1786610900262496,reliable,1,1,4,4,0
5848,5533534108714,587401.001,102.804,1786610900365292,reliable,1,1,4,4,0
5849,5533631483270,587498.376,97.375,1786610900462679,reliable,1,1,4,4,0
5850,5533733703343,587600.596,102.220,1786610900564885,reliable,1,1,4,4,0
5851,5533830425358,587697.318,96.722,1786610900661617,reliable,1,1,4,4,0
5852,5533933544915,587800.437,103.120,1786610900764732,reliable,1,1,4,4,0
5853,5534038133426,587905.026,104.589,1786610900869323,reliable,1,1,4,4,0
5854,5534133803701,588000.696,95.670,1786610900964996,reliable,1,1,4,4,0
5855,5534241649765,588108.542,107.846,1786610901072841,reliable,1,1,4,4,0
5856,5534324792152,588191.685,83.142,1786610901155982,reliable,1,1,4,4,0
5857,5534430984749,588297.877,106.193,1786610901262175,reliable,1,1,4,4,0
5858,5534533595537,588400.488,102.611,1786610901364779,reliable,1,1,4,4,0
5859,5534632455812,588499.348,98.860,1786610901463647,reliable,1,1,4,4,0
5860,5534734499562,588601.392,102.044,1786610901565684,reliable,1,1,4,4,0
5861,5534841343933,588708.236,106.844,1786610901672534,reliable,1,1,4,4,0
5862,5534924311792,588791.204,82.968,1786610901755502,reliable,1,1,4,4,0
5863,5535032332990,588899.226,108.021,1786610901863527,reliable,1,1,4,4,0
5864,5535134856930,589001.749,102.524,1786610901966069,reliable,1,1,4,4,0
5865,5535231379772,589098.272,96.523,1786610902062568,reliable,1,1,4,4,0
5866,5535333902077,589200.795,102.522,1786610902165091,reliable,1,1,4,4,0
5867,5535441674953,589308.567,107.773,1786610902272858,reliable,1,1,4,4,0
5868,5535524849752,589391.742,83.175,1786610902356040,reliable,1,1,4,4,0
5869,5535630961930,589497.854,106.112,1786610902462153,reliable,1,1,4,4,0
5870,5535733714826,589600.607,102.753,1786610902564902,reliable,1,1,4,4,0
5871,5535832502970,589699.395,98.788,1786610902663695,reliable,1,1,4,4,0
5872,5535934914556,589801.807,102.412,1786610902766101,reliable,1,1,4,4,0
5873,5536041271949,589908.164,106.357,1786610902872465,reliable,1,1,4,4,0
5874,5536124157789,589991.050,82.886,1786610902955350,reliable,1,1,4,4,0
5875,5536230510797,590097.403,106.353,1786610903061701,reliable,1,1,4,4,0
5876,5536333939719,590200.832,103.429,1786610903165130,reliable,1,1,4,4,0
5877,5536432947666,590299.840,99.008,1786610903264256,reliable,1,1,4,4,0
5878,5536534382004,590401.275,101.434,1786610903365570,reliable,1,1,4,4,0
5879,5536640382052,590507.275,106.000,1786610903471574,reliable,1,1,4,4,0
5880,5536723393105,590590.286,83.011,1786610903554614,reliable,1,1,4,4,0
5881,5536831006970,590697.899,107.614,1786610903662196,reliable,1,1,4,4,0
5882,5536934801650,590801.694,103.795,1786610903765988,reliable,1,1,4,4,0
5883,5537032349540,590899.242,97.548,1786610903863541,reliable,1,1,4,4,0
5884,5537134980353,591001.873,102.631,1786610903966160,reliable,1,1,4,4,0
5885,5537241610123,591108.503,106.630,1786610904072803,reliable,1,1,4,4,0
5886,5537324825717,591191.718,83.216,1786610904156013,reliable,1,1,4,4,0
5887,5537432269083,591299.162,107.443,1786610904263460,reliable,1,1,4,4,0
5888,5537534418391,591401.311,102.149,1786610904365605,reliable,1,1,4,4,0
5889,5537631354824,591498.247,96.936,1786610904462544,reliable,1,1,4,4,0
5890,5537733896866,591600.789,102.542,1786610904565081,reliable,1,1,4,4,0
5891,5537822114007,591689.007,88.217,1786610904653325,reliable,1,1,4,4,0
5892,5537925729229,591792.622,103.615,1786610904756916,reliable,1,1,4,4,0
5893,5538032427542,591899.320,106.698,1786610904863618,reliable,1,1,4,4,0
5894,5538134688657,592001.581,102.261,1786610904965875,reliable,1,1,4,4,0
5895,5538231628512,592098.521,96.940,1786610905062820,reliable,1,1,4,4,0
5896,5538334795060,592201.688,103.167,1786610905165986,reliable,1,1,4,4,0
5897,5538439861697,592306.754,105.067,1786610905271066,reliable,1,1,4,4,0
5898,5538522783177,592389.676,82.921,1786610905353973,reliable,1,1,4,4,0
5899,5538634380122,592501.273,111.597,1786610905465569,reliable,1,1,4,4,0
5900,5538733825406,592600.718,99.445,1786610905565017,reliable,1,1,4,4,0
5901,5538832508549,592699.401,98.683,1786610905663693,reliable,1,1,4,4,0
5902,5538933643713,592800.536,101.135,1786610905764831,reliable,1,1,4,4,0
5903,5539039773929,592906.666,106.130,1786610905870960,reliable,1,1,4,4,0
5904,5539122592850,592989.485,82.819,1786610905953775,reliable,1,1,4,4,0
5905,5539231487212,593098.380,108.894,1786610906062682,reliable,1,1,4,4,0
5906,5539333869312,593200.762,102.382,1786610906165057,reliable,1,1,4,4,0
5907,5539430901611,593297.794,97.032,1786610906262088,reliable,1,1,4,4,0
5908,5539533595198,593400.488,102.694,1786610906364786,reliable,1,1,4,4,0
5909,5539641224540,593508.117,107.629,1786610906472410,reliable,1,1,4,4,0
5910,5539726906710,593593.799,85.682,1786610906558095,reliable,1,1,4,4,0
5911,5539831446721,593698.339,104.540,1786610906662636,reliable,1,1,4,4,0
5912,5539933766805,593800.659,102.320,1786610906764954,reliable,1,1,4,4,0
5913,5540030652129,593897.545,96.885,1786610906861841,reliable,1,1,4,4,0
5914,5540133224692,594000.117,102.573,1786610906964409,reliable,1,1,4,4,0
5915,5540241788428,594108.681,108.564,1786610907072980,reliable,1,1,4,4,0
5916,5540325627243,594192.520,83.839,1786610907156834,reliable,1,1,4,4,0
5917,5540431612141,594298.505,105.985,1786610907262865,reliable,1,1,4,4,0
5918,5540534131773,594401.024,102.520,1786610907365323,reliable,1,1,4,4,0
5919,5540630505479,594497.398,96.374,1786610907461695,reliable,1,1,4,4,0
5920,5540734757424,594601.650,104.252,1786610907565947,reliable,1,1,4,4,0
5921,5540841622446,594708.515,106.865,1786610907672858,reliable,1,1,4,4,0
5922,5540924789680,594791.682,83.167,1786610907755982,reliable,1,1,4,4,0
5923,5541031115856,594898.008,106.326,1786610907862305,reliable,1,1,4,4,0
5924,5541134889691,595001.782,103.774,1786610907966078,reliable,1,1,4,4,0
5925,5541231091460,595097.984,96.202,1786610908062283,reliable,1,1,4,4,0
5926,5541333941616,595200.834,102.850,1786610908165128,reliable,1,1,4,4,0
5927,5541421932698,595288.825,87.991,1786610908253125,reliable,1,1,4,4,0
5928,5541525676738,595392.569,103.744,1786610908356864,reliable,1,1,4,4,0
5929,5541632173150,595499.066,106.496,1786610908463363,reliable,1,1,4,4,0
5930,5541733591984,595600.485,101.419,1786610908564772,reliable,1,1,4,4,0
5931,5541830954707,595697.847,97.363,1786610908662138,reliable,1,1,4,4,0
5932,5541934097757,595800.990,103.143,1786610908765285,reliable,1,1,4,4,0
5933,5542038643649,595905.536,104.546,1786610908869833,reliable,1,1,4,4,0
5934,5542121880352,595988.773,83.237,1786610908953072,reliable,1,1,4,4,0
5935,5542233517093,596100.410,111.637,1786610909064708,reliable,1,1,4,4,0
5936,5542333810232,596200.703,100.293,1786610909164998,reliable,1,1,4,4,0
5937,5542430531994,596297.425,96.722,1786610909261724,reliable,1,1,4,4,0
5938,5542534717437,596401.610,104.185,1786610909365894,reliable,1,1,4,4,0
5939,5542641709876,596508.602,106.992,1786610909472904,reliable,1,1,4,4,0
5940,5542725236975,596592.130,83.527,1786610909556418,reliable,1,1,4,4,0
5941,5542830485901,596697.378,105.249,1786610909661672,reliable,1,1,4,4,0
5942,5542933922642,596800.815,103.437,1786610909765106,reliable,1,1,4,4,0
5943,5543030272695,596897.165,96.350,1786610909861482,reliable,1,1,4,4,0
5944,5543133706268,597000.599,103.434,1786610909964894,reliable,1,1,4,4,0
5945,5543240183123,597107.076,106.477,1786610910071375,reliable,1,1,4,4,0
5946,5543323349453,597190.242,83.166,1786610910154532,reliable,1,1,4,4,0
5947,5543431490555,597298.383,108.141,1786610910262673,reliable,1,1,4,4,0
5948,5543533852194,597400.745,102.362,1786610910365038,reliable,1,1,4,4,0
5949,5543631405182,597498.298,97.553,1786610910462599,reliable,1,1,4,4,0
5950,5543734150244,597601.043,102.745,1786610910565333,reliable,1,1,4,4,0
5951,5543833114169,597700.007,98.964,1786610910664304,reliable,1,1,4,4,0
5952,5543933889575,597800.782,100.775,1786610910765075,reliable,1,1,4,4,0
5953,5544031116517,597898.009,97.227,1786610910862307,reliable,1,1,4,4,0
5954,5544133894122,598000.787,102.778,1786610910965071,reliable,1,1,4,4,0
5955,5544231669219,598098.562,97.775,1786610911062856,reliable,1,1,4,4,0
5956,5544334900227,598201.793,103.231,1786610911166083,reliable,1,1,4,4,0
5957,5544431916318,598298.809,97.016,1786610911263105,reliable,1,1,4,4,0
5958,5544533818500,598400.711,101.902,1786610911365024,reliable,1,1,4,4,0
5959,5544630557473,598497.450,96.739,1786610911461739,reliable,1,1,4,4,0
5960,5544734578493,598601.471,104.021,1786610911565765,reliable,1,1,4,4,0
5961,5544841817388,598708.710,107.239,1786610911672997,reliable,1,1,4,4,0
5962,5544924957987,598791.851,83.141,1786610911756148,reliable,1,1,4,4,0
5963,5545033009103,598899.902,108.051,1786610911864194,reliable,1,1,4,4,0
5964,5545133772025,599000.665,100.763,1786610911964959,reliable,1,1,4,4,0
5965,5545230923186,599097.816,97.151,1786610912062107,reliable,1,1,4,4,0
5966,5545334799052,599201.692,103.876,1786610912165986,reliable,1,1,4,4,0
5967,5545439412003,599306.305,104.613,1786610912270603,reliable,1,1,4,4,0
5968,5545522440440,599389.333,83.028,1786610912353631,reliable,1,1,4,4,0
5969,5545631462876,599498.355,109.022,1786610912462653,reliable,1,1,4,4,0
5970,5545734176155,599601.069,102.713,1786610912565358,reliable,1,1,4,4,0
5971,5545830875892,599697.768,96.700,1786610912662069,reliable,1,1,4,4,0
5972,5545934823598,599801.716,103.948,1786610912766039,reliable,1,1,4,4,0
5973,5546041456700,599908.349,106.633,1786610912872645,reliable,1,1,4,4,0
5974,5546124423889,599991.316,82.967,1786610912955604,reliable,1,1,4,4,0
5975,5546232484023,600099.377,108.060,1786610913063671,reliable,1,1,4,4,0
5976,5546333764698,600200.657,101.281,1786610913164947,reliable,1,1,4,4,0
5977,5546431177229,600298.070,97.413,1786610913262367,reliable,1,1,4,4,0
5978,5546535039780,600401.932,103.863,1786610913366229,reliable,1,1,4,4,0
5979,5546640586675,600507.479,105.547,1786610913471775,reliable,1,1,4,4,0
5980,5546724869856,600591.762,84.283,1786610913556054,reliable,1,1,4,4,0
5981,5546831557291,600698.450,106.687,1786610913662799,reliable,1,1,4,4,0
5982,5546935266498,600802.159,103.709,1786610913766453,reliable,1,1,4,4,0
5983,5547031563450,600898.456,96.297,1786610913862751,reliable,1,1,4,4,0
5984,5547133255003,601000.148,101.692,1786610913964439,reliable,1,1,4,4,0
5985,5547231678888,601098.571,98.424,1786610914062865,reliable,1,1,4,4,0
5986,5547333796355,601200.689,102.117,1786610914164984,reliable,1,1,4,4,0
5987,5547436932986,601303.826,103.137,1786610914268122,reliable,1,1,4,4,0
5988,5547534024012,601400.917,97.091,1786610914365208,reliable,1,1,4,4,0
5989,5547632654359,601499.547,98.630,1786610914463841,reliable,1,1,4,4,0
5990,5547734343252,601601.236,101.689,1786610914565528,reliable,1,1,4,4,0
5991,5547833368189,601700.261,99.025,1786610914664555,reliable,1,1,4,4,0
5992,5547934524860,601801.417,101.157,1786610914765707,reliable,1,1,4,4,0
5993,5548030726450,601897.619,96.202,1786610914861906,reliable,1,1,4,4,0
5994,5548135081987,602001.975,104.356,1786610914966268,reliable,1,1,4,4,0
5995,5548241944968,602108.837,106.863,1786610915073124,reliable,1,1,4,4,0
5996,5548324717910,602191.610,82.773,1786610915155904,reliable,1,1,4,4,0
5997,5548433121554,602300.014,108.404,1786610915264313,reliable,1,1,4,4,0
5998,5548535198699,602402.091,102.077,1786610915366383,reliable,1,1,4,4,0
5999,5548631737756,602498.630,96.539,1786610915462928,reliable,1,1,4,4,0
6000,5548734173234,602601.066,102.435,1786610915565360,reliable,1,1,4,4,0
6001,5548839010367,602705.903,104.837,1786610915670200,reliable,1,1,4,4,0
