kind,wall_time,elapsed_s,arrival_gap_ms,source_gap_ms,px4_timestamp_us,agent_pid,agent_restarts,agent_active,load1,wlan_rx_packets,wlan_rx_dropped,wlan_tx_packets,wlan_tx_dropped,softnet_dropped_total,status,failsafe
sensor_combined,2026-08-07T14:58:17.962+08:00,0.506,,,1036978540,1667,0,active,1.3,,,,,0,,
sensor_combined,2026-08-07T14:58:18.008+08:00,0.558,52.0010899999761,9.049,1036987589,1667,0,active,1.3,,,,,0,,
sensor_combined,2026-08-07T14:58:18.041+08:00,0.592,33.99498799990397,31.459,1037019048,1667,0,active,1.3,,,,,0,,
sensor_combined,2026-08-07T14:58:18.074+08:00,0.626,33.74369099992691,9.0,1037028048,1667,0,active,1.3,,,,,0,,
sensor_combined,2026-08-07T14:58:18.107+08:00,0.658,32.392000000072585,18.004,1037046052,1667,0,active,1.3,,,,,0,,
sensor_combined,2026-08-07T14:58:18.142+08:00,0.692,33.552658999951745,9.049,1037055101,1667,0,active,1.3,,,,,0,,
sensor_combined,2026-08-07T14:58:18.178+08:00,0.727,35.24420300004749,22.504,1037077605,1667,0,active,1.3,,,,,0,,
sensor_combined,2026-08-07T14:58:18.212+08:00,0.762,35.30341100008627,8.954,1037086559,1667,0,active,1.3,,,,,0,,
sensor_combined,2026-08-07T14:58:18.249+08:00,0.796,33.801138999933755,31.506,1037118065,1667,0,active,1.3,,,,,0,,
sensor_combined,2026-08-07T14:58:18.283+08:00,0.833,37.168320000091626,9.001,1037127066,1667,0,active,1.3,,,,,0,,
failsafe_flags,2026-08-07T14:58:18.881+08:00,1.433,,,1037726724,1667,0,active,1.3,,,,,0,,"{'gcs_connection_lost': True, 'manual_control_signal_lost': True, 'offboard_control_signal_lost': True}"
sensor_combined,2026-08-07T14:58:18.917+08:00,1.467,633.7307699998291,1008.228,1038135294,1667,0,active,1.3,,,,,0,,
vehicle_status,2026-08-07T14:58:18.951+08:00,1.501,,,1037892102,1667,0,active,1.3,,,,,0,"{'arming_state': 1, 'nav_state': 4, 'failsafe': True}",
sensor_combined,2026-08-07T14:58:18.983+08:00,1.535,68.05481500009591,40.459,1038175753,1667,0,active,1.3,,,,,0,,
sensor_combined,2026-08-07T14:58:19.017+08:00,1.568,32.70944800010511,4.549,1038180302,1667,0,active,1.3,,,,,0,,
sensor_combined,2026-08-07T14:58:19.051+08:00,1.601,33.619707999832826,4.453,1038184755,1667,0,active,1.3,,,,,0,,
sensor_combined,2026-08-07T14:58:19.084+08:00,1.635,33.41488199998821,13.502,1038198257,1667,0,active,1.3,,,,,0,,
failsafe_flags,2026-08-07T14:58:19.115+08:00,1.667,,,1038277271,1667,0,active,1.3,,,,,0,,"{'gcs_connection_lost': True, 'manual_control_signal_lost': True, 'offboard_control_signal_lost': True}"
sensor_combined,2026-08-07T14:58:19.151+08:00,1.701,65.7698850000088,9.002,1038207259,1667,0,active,1.3,,,,,0,,
sensor_combined,2026-08-07T14:58:19.184+08:00,1.734,33.857307000062065,40.555,1038247814,1667,0,active,1.3,,,,,0,,
vehicle_status,2026-08-07T14:58:19.216+08:00,1.767,,,1038398105,1667,0,active,1.35,,,,,0,"{'arming_state': 1, 'nav_state': 4, 'failsafe': True}",
sensor_combined,2026-08-07T14:58:19.247+08:00,1.800,65.0504010000077,90.016,1038337830,1667,0,active,1.35,,,,,0,,
sensor_combined,2026-08-07T14:58:19.278+08:00,1.831,31.40477000010833,17.955,1038355785,1667,0,active,1.35,,,,,0,,
sensor_combined,2026-08-07T14:58:19.311+08:00,1.862,31.123293999826274,9.002,1038364787,1667,0,active,1.35,,,,,0,,
sensor_combined,2026-08-07T14:58:19.343+08:00,1.895,33.06142900009945,40.555,1038405342,1667,0,active,1.35,,,,,0,,
sensor_combined,2026-08-07T14:58:19.378+08:00,1.927,32.050964000063686,22.504,1038427846,1667,0,active,1.35,,,,,0,,
sensor_combined,2026-08-07T14:58:19.409+08:00,1.962,34.37340400000721,8.954,1038436800,1667,0,active,1.35,,,,,0,,
sensor_combined,2026-08-07T14:58:19.440+08:00,1.993,31.491724999796133,90.016,1038526816,1667,0,active,1.35,,,,,0,,
sensor_combined,2026-08-07T14:58:19.472+08:00,2.024,30.690055000150096,9.002,1038535818,1667,0,active,1.35,,,,,0,,
sensor_combined,2026-08-07T14:58:19.502+08:00,2.055,31.51614399985192,22.504,1038558322,1667,0,active,1.35,,,,,0,,
sensor_combined,2026-08-07T14:58:19.534+08:00,2.086,31.064886000194747,67.512,1038625834,1667,0,active,1.35,,,,,0,,
sensor_combined,2026-08-07T14:58:19.565+08:00,2.118,31.33624899987808,9.002,1038634836,1667,0,active,1.35,,,,,0,,
sensor_combined,2026-08-07T14:58:19.597+08:00,2.150,32.102170999905866,63.058,1038697894,1667,0,active,1.35,,,,,0,,
sensor_combined,2026-08-07T14:58:19.628+08:00,2.180,30.692391000002317,26.958,1038724852,1667,0,active,1.35,,,,,0,,
failsafe_flags,2026-08-07T14:58:19.660+08:00,2.211,,,1038828266,1667,0,active,1.35,,,,,0,,"{'gcs_connection_lost': True, 'manual_control_signal_lost': True, 'offboard_control_signal_lost': True}"
sensor_combined,2026-08-07T14:58:19.693+08:00,2.244,64.03049499999725,63.058,1038787910,1667,0,active,1.35,,,,,0,,
sensor_combined,2026-08-07T14:58:19.724+08:00,2.276,31.77246500013098,8.954,1038796864,1667,0,active,1.35,,,,,0,,
sensor_combined,2026-08-07T14:58:19.755+08:00,2.307,31.03281800008517,18.003,1038814867,1667,0,active,1.35,,,,,0,,
sensor_combined,2026-08-07T14:58:19.786+08:00,2.339,31.32325599995056,54.011,1038868878,1667,0,active,1.35,,,,,0,,
sensor_combined,2026-08-07T14:58:19.819+08:00,2.370,31.545587999971758,18.002,1038886880,1667,0,active,1.35,,,,,0,,
sensor_combined,2026-08-07T14:58:19.851+08:00,2.402,32.29662700005065,9.002,1038895882,1667,0,active,1.35,,,,,0,,
sensor_combined,2026-08-07T14:58:19.883+08:00,2.435,32.275952999953006,63.011,1038958893,1667,0,active,1.35,,,,,0,,
sensor_combined,2026-08-07T14:58:19.913+08:00,2.467,32.24113200008105,27.005,1038985898,1667,0,active,1.35,,,,,0,,
sensor_combined,2026-08-07T14:58:19.945+08:00,2.497,30.280370999889783,9.002,1038994900,1667,0,active,1.35,,,,,0,,
sensor_combined,2026-08-07T14:58:19.976+08:00,2.529,31.615836999890234,22.504,1039017404,1667,0,active,1.35,,,,,0,,
sensor_combined,2026-08-07T14:58:20.007+08:00,2.560,31.19085400021504,9.001,1039026405,1667,0,active,1.35,,,,,0,,
sensor_combined,2026-08-07T14:58:20.038+08:00,2.591,30.87891099994522,22.505,1039048910,1667,0,active,1.35,,,,,0,,
sensor_combined,2026-08-07T14:58:20.070+08:00,2.622,31.382783000026393,9.049,1039057959,1667,0,active,1.35,,,,,0,,
sensor_combined,2026-08-07T14:58:20.102+08:00,2.655,32.40246499990462,17.955,1039075914,1667,0,active,1.35,,,,,0,,
sensor_combined,2026-08-07T14:58:20.135+08:00,2.686,31.699112000069363,9.002,1039084916,1667,0,active,1.35,,,,,0,,
sensor_combined,2026-08-07T14:58:20.167+08:00,2.719,32.11202800002866,31.505,1039116421,1667,0,active,1.35,,,,,0,,
sensor_combined,2026-08-07T14:58:20.198+08:00,2.750,31.78795399981027,9.05,1039125471,1667,0,active,1.35,,,,,0,,
sensor_combined,2026-08-07T14:58:20.882+08:00,3.434,683.4178400001747,1012.681,1040138152,1667,0,active,1.35,,,,,0,,
failsafe_flags,2026-08-07T14:58:20.916+08:00,3.467,,,1039908213,1667,0,active,1.35,,,,,0,,"{'gcs_connection_lost': True, 'manual_control_signal_lost': True, 'offboard_control_signal_lost': True}"
vehicle_status,2026-08-07T14:58:20.953+08:00,3.503,,,1039919103,1667,0,active,1.35,,,,,0,"{'arming_state': 1, 'nav_state': 4, 'failsafe': True}",
sensor_combined,2026-08-07T14:58:20.987+08:00,3.538,104.14751099983732,40.459,1040178611,1667,0,active,1.35,,,,,0,,
sensor_combined,2026-08-07T14:58:21.019+08:00,3.571,33.32885600002555,4.549,1040183160,1667,0,active,1.35,,,,,0,,
sensor_combined,2026-08-07T14:58:21.051+08:00,3.603,31.94403800011969,8.954,1040192114,1667,0,active,1.35,,,,,0,,
sensor_combined,2026-08-07T14:58:21.083+08:00,3.635,31.774736999977904,9.002,1040201116,1667,0,active,1.35,,,,,0,,
sensor_combined,2026-08-07T14:58:21.114+08:00,3.666,31.366141000034986,9.001,1040210117,1667,0,active,1.35,,,,,0,,
sensor_combined,2026-08-07T14:58:21.145+08:00,3.698,31.566614999974263,18.051,1040228168,1667,0,active,1.35,,,,,0,,
sensor_combined,2026-08-07T14:58:21.176+08:00,3.730,31.636478999871542,13.457,1040241625,1667,0,active,1.35,,,,,0,,
sensor_combined,2026-08-07T14:58:21.207+08:00,3.760,30.947784000090905,31.551,1040273176,1667,0,active,1.35,,,,,0,,
sensor_combined,2026-08-07T14:58:21.239+08:00,3.791,30.129471999998714,8.954,1040282130,1667,0,active,1.35,,,,,0,,
sensor_combined,2026-08-07T14:58:21.269+08:00,3.822,31.702695999911157,67.512,1040349642,1667,0,active,1.35,,,,,0,,
sensor_combined,2026-08-07T14:58:21.307+08:00,3.853,30.83391300015137,13.55,1040363192,1667,0,active,1.35,,,,,0,,
sensor_combined,2026-08-07T14:58:21.341+08:00,3.892,38.60965599983501,76.466,1040439658,1667,0,active,1.35,,,,,0,,
sensor_combined,2026-08-07T14:58:21.375+08:00,3.926,34.702726000205075,22.504,1040462162,1667,0,active,1.35,,,,,0,,
sensor_combined,2026-08-07T14:58:21.406+08:00,3.959,32.3156059998837,9.002,1040471164,1667,0,active,1.35,,,,,0,,
sensor_combined,2026-08-07T14:58:21.436+08:00,3.990,30.925412999977198,40.507,1040511671,1667,0,active,1.35,,,,,0,,
sensor_combined,2026-08-07T14:58:21.467+08:00,4.020,30.24110199999086,18.003,1040529674,1667,0,active,1.35,,,,,0,,
sensor_combined,2026-08-07T14:58:21.500+08:00,4.051,31.57077500009109,13.55,1040543224,1667,0,active,1.35,,,,,0,,
sensor_combined,2026-08-07T14:58:21.531+08:00,4.083,31.661666999980298,58.463,1040601687,1667,0,active,1.35,,,,,0,,
sensor_combined,2026-08-07T14:58:21.562+08:00,4.115,31.53182599999127,9.049,1040610736,1667,0,active,1.35,,,,,0,,
sensor_combined,2026-08-07T14:58:21.595+08:00,4.146,31.034802000021955,17.956,1040628692,1667,0,active,1.35,,,,,0,,
sensor_combined,2026-08-07T14:58:21.628+08:00,4.180,34.21527299997251,94.564,1040723256,1667,0,active,1.35,,,,,0,,
sensor_combined,2026-08-07T14:58:21.659+08:00,4.212,31.748620999906052,8.955,1040732211,1667,0,active,1.35,,,,,0,,
sensor_combined,2026-08-07T14:58:21.690+08:00,4.243,31.704713000181073,67.511,1040799722,1667,0,active,1.35,,,,,0,,
sensor_combined,2026-08-07T14:58:21.722+08:00,4.274,30.962760999955208,13.55,1040813272,1667,0,active,1.35,,,,,0,,
sensor_combined,2026-08-07T14:58:21.752+08:00,4.306,31.42301299999417,8.955,1040822227,1667,0,active,1.35,,,,,0,,
sensor_combined,2026-08-07T14:58:21.783+08:00,4.336,30.186662000005526,49.508,1040871735,1667,0,active,1.35,,,,,0,,
failsafe_flags,2026-08-07T14:58:21.813+08:00,4.366,,,1041008246,1667,0,active,1.35,,,,,0,,"{'gcs_connection_lost': True, 'manual_control_signal_lost': True, 'offboard_control_signal_lost': True}"
sensor_combined,2026-08-07T14:58:21.843+08:00,4.396,60.41397099988899,18.004,1040889739,1667,0,active,1.35,,,,,0,,
sensor_combined,2026-08-07T14:58:21.874+08:00,4.427,30.294068000102925,58.558,1040948297,1667,0,active,1.35,,,,,0,,
sensor_combined,2026-08-07T14:58:21.905+08:00,4.458,31.189702999881774,45.008,1040993305,1667,0,active,1.35,,,,,0,,
sensor_combined,2026-08-07T14:58:21.935+08:00,4.488,30.55579800002306,8.954,1041002259,1667,0,active,1.35,,,,,0,,
sensor_combined,2026-08-07T14:58:21.966+08:00,4.519,30.76039999996283,18.003,1041020262,1667,0,active,1.35,,,,,0,,
sensor_combined,2026-08-07T14:58:21.996+08:00,4.549,30.331832999991093,9.002,1041029264,1667,0,active,1.35,,,,,0,,
sensor_combined,2026-08-07T14:58:22.027+08:00,4.580,30.253999000024123,31.553,1041060817,1667,0,active,1.35,,,,,0,,
sensor_combined,2026-08-07T14:58:22.057+08:00,4.611,30.93271000011555,8.954,1041069771,1667,0,active,1.35,,,,,0,,
sensor_combined,2026-08-07T14:58:22.088+08:00,4.641,30.450599999994665,13.55,1041083321,1667,0,active,1.35,,,,,0,,
sensor_combined,2026-08-07T14:58:22.119+08:00,4.671,30.21348299989768,8.955,1041092276,1667,0,active,1.35,,,,,0,,
sensor_combined,2026-08-07T14:58:22.150+08:00,4.703,31.43526999997448,27.004,1041119280,1667,0,active,1.35,,,,,0,,
sensor_combined,2026-08-07T14:58:22.179+08:00,4.734,30.73041200013904,13.502,1041132782,1667,0,active,1.35,,,,,0,,
failsafe_flags,2026-08-07T14:58:22.887+08:00,5.437,,,1042098212,1667,0,active,1.35,,,,,0,,"{'gcs_connection_lost': True, 'manual_control_signal_lost': True, 'offboard_control_signal_lost': True}"
sensor_combined,2026-08-07T14:58:22.921+08:00,5.472,738.2471649998479,1008.228,1042141010,1667,0,active,1.35,,,,,0,,
vehicle_status,2026-08-07T14:58:22.953+08:00,5.504,,,1041944083,1667,0,active,1.35,,,,,0,"{'arming_state': 1, 'nav_state': 4, 'failsafe': True}",
sensor_combined,2026-08-07T14:58:22.988+08:00,5.540,67.76156300020375,40.46,1042181470,1667,0,active,1.35,,,,,0,,
sensor_combined,2026-08-07T14:58:23.018+08:00,5.572,32.51607999982298,4.548,1042186018,1667,0,active,1.35,,,,,0,,
sensor_combined,2026-08-07T14:58:23.050+08:00,5.603,30.47674800018285,8.954,1042194972,1667,0,active,1.35,,,,,0,,
sensor_combined,2026-08-07T14:58:23.082+08:00,5.635,32.16377899980216,9.002,1042203974,1667,0,active,1.35,,,,,0,,
sensor_combined,2026-08-07T14:58:23.111+08:00,5.665,30.626143000063166,9.001,1042212975,1667,0,active,1.35,,,,,0,,
sensor_combined,2026-08-07T14:58:23.143+08:00,5.695,29.960170000094877,31.506,1042244481,1667,0,active,1.35,,,,,0,,
sensor_combined,2026-08-07T14:58:23.174+08:00,5.726,31.061141999998654,9.05,1042253531,1667,0,active,1.35,,,,,0,,
sensor_combined,2026-08-07T14:58:23.204+08:00,5.757,30.906754999932673,22.503,1042276034,1667,0,active,1.35,,,,,0,,
sensor_combined,2026-08-07T14:58:23.235+08:00,5.787,29.999982999925123,8.954,1042284988,1667,0,active,1.35,,,,,0,,
sensor_combined,2026-08-07T14:58:23.266+08:00,5.819,32.24382100006551,58.559,1042343547,1667,0,active,1.35,,,,,0,,
sensor_combined,2026-08-07T14:58:23.298+08:00,5.850,30.646177000107855,31.457,1042375004,1667,0,active,1.35,,,,,0,,
sensor_combined,2026-08-07T14:58:23.329+08:00,5.882,31.56389399987347,9.002,1042384006,1667,0,active,1.35,,,,,0,,
sensor_combined,2026-08-07T14:58:23.359+08:00,5.913,31.474570999989737,58.511,1042442517,1667,0,active,1.35,,,,,0,,
sensor_combined,2026-08-07T14:58:23.390+08:00,5.943,30.320311999957994,22.504,1042465021,1667,0,active,1.35,,,,,0,,
sensor_combined,2026-08-07T14:58:23.421+08:00,5.974,30.448009000110687,9.001,1042474022,1667,0,active,1.35,,,,,0,,
sensor_combined,2026-08-07T14:58:23.451+08:00,6.004,30.202824000070905,58.511,1042532533,1667,0,active,1.35,,,,,0,,
failsafe_flags,2026-08-07T14:58:23.483+08:00,6.034,,,1042638212,1667,0,active,1.35,,,,,0,,"{'gcs_connection_lost': True, 'manual_control_signal_lost': True, 'offboard_control_signal_lost': True}"
sensor_combined,2026-08-07T14:58:23.513+08:00,6.067,62.40788899981453,54.009,1042586542,1667,0,active,1.35,,,,,0,,
sensor_combined,2026-08-07T14:58:23.542+08:00,6.096,29.75880100007089,18.004,1042604546,1667,0,active,1.35,,,,,0,,
sensor_combined,2026-08-07T14:58:23.573+08:00,6.126,29.800597000075868,31.553,1042636099,1667,0,active,1.35,,,,,0,,
sensor_combined,2026-08-07T14:58:23.605+08:00,6.158,31.55531799984601,98.97,1042735069,1667,0,active,1.35,,,,,0,,
sensor_combined,2026-08-07T14:58:23.635+08:00,6.188,30.780402000118556,9.002,1042744071,1667,0,active,1.35,,,,,0,,
sensor_combined,2026-08-07T14:58:23.668+08:00,6.219,30.493773999978657,18.003,1042762074,1667,0,active,1.35,,,,,0,,
sensor_combined,2026-08-07T14:58:23.699+08:00,6.252,33.281106000004,31.553,1042793627,1667,0,active,1.35,,,,,0,,
sensor_combined,2026-08-07T14:58:23.728+08:00,6.283,30.334233000075983,8.954,1042802581,1667,0,active,1.35,,,,,0,,
sensor_combined,2026-08-07T14:58:23.759+08:00,6.312,29.3761599998561,31.506,1042834087,1667,0,active,1.35,,,,,0,,
sensor_combined,2026-08-07T14:58:23.790+08:00,6.343,31.26689600003374,31.505,1042865592,1667,0,active,1.35,,,,,0,,
vehicle_status,2026-08-07T14:58:23.819+08:00,6.373,,,1042957352,1667,0,active,1.35,,,,,0,"{'arming_state': 1, 'nav_state': 4, 'failsafe': True}",
sensor_combined,2026-08-07T14:58:23.850+08:00,6.403,59.712409999974625,27.006,1042892598,1667,0,active,1.35,,,,,0,,
sensor_combined,2026-08-07T14:58:23.881+08:00,6.433,30.352956000115228,72.012,1042964610,1667,0,active,1.35,,,,,0,,
sensor_combined,2026-08-07T14:58:23.910+08:00,6.464,30.71914699989975,31.555,1042996165,1667,0,active,1.35,,,,,0,,
sensor_combined,2026-08-07T14:58:23.940+08:00,6.494,30.091802000015377,8.953,1043005118,1667,0,active,1.35,,,,,0,,
sensor_combined,2026-08-07T14:58:23.971+08:00,6.524,29.931590999922264,18.003,1043023121,1667,0,active,1.35,,,,,0,,
sensor_combined,2026-08-07T14:58:24.001+08:00,6.555,30.528881999998703,13.502,1043036623,1667,0,active,1.35,,,,,0,,
sensor_combined,2026-08-07T14:58:24.031+08:00,6.584,29.850908000071286,18.003,1043054626,1667,0,active,1.35,,,,,0,,
sensor_combined,2026-08-07T14:58:24.061+08:00,6.615,30.435398999998142,9.05,1043063676,1667,0,active,1.35,,,,,0,,
sensor_combined,2026-08-07T14:58:24.091+08:00,6.645,30.105020000064542,31.458,1043095134,1667,0,active,1.35,,,,,0,,
sensor_combined,2026-08-07T14:58:24.122+08:00,6.675,30.171236999876783,9.002,1043104136,1667,0,active,1.35,,,,,0,,
sensor_combined,2026-08-07T14:58:24.153+08:00,6.706,30.688711000038893,22.503,1043126639,1667,0,active,1.35,,,,,0,,
sensor_combined,2026-08-07T14:58:24.184+08:00,6.737,31.595515000162777,9.002,1043135641,1667,0,active,1.35,,,,,0,,
failsafe_flags,2026-08-07T14:58:24.887+08:00,7.440,,,1043729212,1667,0,active,1.4,,,,,0,,"{'gcs_connection_lost': True, 'manual_control_signal_lost': True, 'offboard_control_signal_lost': True}"
sensor_combined,2026-08-07T14:58:24.923+08:00,7.473,735.6937549998293,1008.228,1044143869,1667,0,active,1.4,,,,,0,,
vehicle_status,2026-08-07T14:58:24.956+08:00,7.507,,,1043972085,1667,0,active,1.4,,,,,0,"{'arming_state': 1, 'nav_state': 4, 'failsafe': True}",
sensor_combined,2026-08-07T14:58:24.990+08:00,7.542,69.06784200009497,40.46,1044184329,1667,0,active,1.4,,,,,0,,
sensor_combined,2026-08-07T14:58:25.022+08:00,7.575,32.4427589998777,4.548,1044188877,1667,0,active,1.4,,,,,0,,
sensor_combined,2026-08-07T14:58:25.053+08:00,7.605,30.704937000109567,8.955,1044197832,1667,0,active,1.4,,,,,0,,
sensor_combined,2026-08-07T14:58:25.084+08:00,7.637,31.236044000024776,9.001,1044206833,1667,0,active,1.4,,,,,0,,
failsafe_flags,2026-08-07T14:58:25.114+08:00,7.667,,,1044280214,1667,0,active,1.4,,,,,0,,"{'gcs_connection_lost': True, 'manual_control_signal_lost': True, 'offboard_control_signal_lost': True}"
sensor_combined,2026-08-07T14:58:25.146+08:00,7.698,61.750238000058744,9.002,1044215835,1667,0,active,1.4,,,,,0,,
sensor_combined,2026-08-07T14:58:25.176+08:00,7.729,31.151585999850795,81.014,1044296849,1667,0,active,1.4,,,,,0,,
sensor_combined,2026-08-07T14:58:25.206+08:00,7.760,30.577880999999252,9.002,1044305851,1667,0,active,1.4,,,,,0,,
sensor_combined,2026-08-07T14:58:25.237+08:00,7.790,30.33445699998083,9.002,1044314853,1667,0,active,1.4,,,,,0,,
sensor_combined,2026-08-07T14:58:25.268+08:00,7.821,31.120893999968757,40.507,1044355360,1667,0,active,1.4,,,,,0,,
sensor_combined,2026-08-07T14:58:25.299+08:00,7.852,30.141762000084782,13.55,1044368910,1667,0,active,1.4,,,,,0,,
sensor_combined,2026-08-07T14:58:25.331+08:00,7.883,31.34232999991582,8.954,1044377864,1667,0,active,1.4,,,,,0,,
sensor_combined,2026-08-07T14:58:25.362+08:00,7.915,32.21623400008866,58.558,1044436422,1667,0,active,1.4,,,,,0,,
sensor_combined,2026-08-07T14:58:25.393+08:00,7.946,30.749581999998554,8.954,1044445376,1667,0,active,1.4,,,,,0,,
sensor_combined,2026-08-07T14:58:25.423+08:00,7.977,30.95300099994347,22.504,1044467880,1667,0,active,1.4,,,,,0,,
sensor_combined,2026-08-07T14:58:25.455+08:00,8.007,30.540756000164038,49.509,1044517389,1667,0,active,1.4,,,,,0,,
sensor_combined,2026-08-07T14:58:25.485+08:00,8.039,31.29742900000565,18.003,1044535392,1667,0,active,1.4,,,,,0,,
sensor_combined,2026-08-07T14:58:25.517+08:00,8.070,31.125085999974544,31.506,1044566898,1667,0,active,1.4,,,,,0,,
sensor_combined,2026-08-07T14:58:25.546+08:00,8.100,30.267056999946362,40.507,1044607405,1667,0,active,1.4,,,,,0,,
sensor_combined,2026-08-07T14:58:25.577+08:00,8.130,29.904258999977174,9.049,1044616454,1667,0,active,1.4,,,,,0,,
sensor_combined,2026-08-07T14:58:25.609+08:00,8.162,32.1554259999175,90.016,1044706470,1667,0,active,1.4,,,,,0,,
failsafe_flags,2026-08-07T14:58:25.639+08:00,8.192,,,1044810783,1667,0,active,1.4,,,,,0,,"{'gcs_connection_lost': True, 'manual_control_signal_lost': True, 'offboard_control_signal_lost': True}"
sensor_combined,2026-08-07T14:58:25.670+08:00,8.223,60.504799000000276,22.504,1044728974,1667,0,active,1.4,,,,,0,,
sensor_combined,2026-08-07T14:58:25.701+08:00,8.254,30.87382300009267,67.513,1044796487,1667,0,active,1.4,,,,,0,,
sensor_combined,2026-08-07T14:58:25.731+08:00,8.284,30.75956799989399,8.954,1044805441,1667,0,active,1.4,,,,,0,,
sensor_combined,2026-08-07T14:58:25.764+08:00,8.315,30.529362000152105,22.504,1044827945,1667,0,active,1.4,,,,,0,,
sensor_combined,2026-08-07T14:58:25.795+08:00,8.348,33.21584900004382,67.511,1044895456,1667,0,active,1.4,,,,,0,,
sensor_combined,2026-08-07T14:58:25.826+08:00,8.378,30.39773000000423,9.002,1044904458,1667,0,active,1.4,,,,,0,,
sensor_combined,2026-08-07T14:58:25.856+08:00,8.409,30.926244999818664,22.504,1044926962,1667,0,active,1.4,,,,,0,,
sensor_combined,2026-08-07T14:58:25.887+08:00,8.441,31.414435999977286,81.015,1045007977,1667,0,active,1.4,,,,,0,,
sensor_combined,2026-08-07T14:58:25.918+08:00,8.471,30.619902000125876,9.002,1045016979,1667,0,active,1.4,,,,,0,,
sensor_combined,2026-08-07T14:58:25.947+08:00,8.501,30.006255999978748,9.001,1045025980,1667,0,active,1.4,,,,,0,,
sensor_combined,2026-08-07T14:58:25.978+08:00,8.531,29.564471999947273,9.002,1045034982,1667,0,active,1.4,,,,,0,,
sensor_combined,2026-08-07T14:58:26.007+08:00,8.561,30.412004000027082,22.504,1045057486,1667,0,active,1.4,,,,,0,,
sensor_combined,2026-08-07T14:58:26.037+08:00,8.591,29.471722999915073,9.049,1045066535,1667,0,active,1.4,,,,,0,,
sensor_combined,2026-08-07T14:58:26.067+08:00,8.620,29.162917000121524,8.954,1045075489,1667,0,active,1.4,,,,,0,,
sensor_combined,2026-08-07T14:58:26.096+08:00,8.650,29.970283000011477,9.002,1045084491,1667,0,active,1.4,,,,,0,,
sensor_combined,2026-08-07T14:58:26.125+08:00,8.679,29.43402400001105,13.502,1045097993,1667,0,active,1.4,,,,,0,,
sensor_combined,2026-08-07T14:58:26.156+08:00,8.710,30.194407999942996,27.005,1045124998,1667,0,active,1.4,,,,,0,,
sensor_combined,2026-08-07T14:58:26.186+08:00,8.740,30.710408999993888,9.049,1045134047,1667,0,active,1.4,,,,,0,,
failsafe_flags,2026-08-07T14:58:26.890+08:00,9.442,,,1045900434,1667,0,active,1.4,,,,,0,,"{'gcs_connection_lost': True, 'manual_control_signal_lost': True, 'offboard_control_signal_lost': True}"
sensor_combined,2026-08-07T14:58:26.923+08:00,9.476,735.3162710001016,1012.682,1046146729,1667,0,active,1.4,,,,,0,,
vehicle_status,2026-08-07T14:58:26.955+08:00,9.507,,,1045999298,1667,0,active,1.4,,,,,0,"{'arming_state': 1, 'nav_state': 4, 'failsafe': True}",
sensor_combined,2026-08-07T14:58:26.989+08:00,9.541,65.68929899981413,35.959,1046182688,1667,0,active,1.4,,,,,0,,
sensor_combined,2026-08-07T14:58:27.021+08:00,9.574,32.42384400004994,4.501,1046187189,1667,0,active,1.4,,,,,0,,
sensor_combined,2026-08-07T14:58:27.054+08:00,9.605,31.307989999959318,9.001,1046196190,1667,0,active,1.4,,,,,0,,
sensor_combined,2026-08-07T14:58:27.086+08:00,9.638,32.99716600008651,9.002,1046205192,1667,0,active,1.4,,,,,0,,
sensor_combined,2026-08-07T14:58:27.117+08:00,9.669,31.29419600008987,9.049,1046214241,1667,0,active,1.4,,,,,0,,
sensor_combined,2026-08-07T14:58:27.148+08:00,9.700,31.069495999872743,31.458,1046245699,1667,0,active,1.4,,,,,0,,
sensor_combined,2026-08-07T14:58:27.177+08:00,9.731,30.703817000130584,40.508,1046286207,1667,0,active,1.4,,,,,0,,
sensor_combined,2026-08-07T14:58:27.207+08:00,9.761,29.608764999920822,22.503,1046308710,1667,0,active,1.4,,,,,0,,
sensor_combined,2026-08-07T14:58:27.238+08:00,9.791,30.010225000069113,9.002,1046317712,1667,0,active,1.4,,,,,0,,
sensor_combined,2026-08-07T14:58:27.267+08:00,9.821,30.238413000006403,27.005,1046344717,1667,0,active,1.4,,,,,0,,
failsafe_flags,2026-08-07T14:58:27.295+08:00,9.850,,,1046451212,1667,0,active,1.4,,,,,0,,"{'gcs_connection_lost': True, 'manual_control_signal_lost': True, 'offboard_control_signal_lost': True}"
sensor_combined,2026-08-07T14:58:27.325+08:00,9.879,57.9140049999296,31.506,1046376223,1667,0,active,1.4,,,,,0,,
sensor_combined,2026-08-07T14:58:27.355+08:00,9.909,29.770449999887205,81.014,1046457237,1667,0,active,1.4,,,,,0,,
vehicle_status,2026-08-07T14:58:27.384+08:00,9.937,,,1046506086,1667,0,active,1.4,,,,,0,"{'arming_state': 1, 'nav_state': 4, 'failsafe': True}",
sensor_combined,2026-08-07T14:58:27.415+08:00,9.967,58.77987500002746,18.003,1046475240,1667,0,active,1.4,,,,,0,,
sensor_combined,2026-08-07T14:58:27.445+08:00,9.999,31.40569900006085,103.519,1046578759,1667,0,active,1.4,,,,,0,,
sensor_combined,2026-08-07T14:58:27.475+08:00,10.029,29.993869999998424,9.002,1046587761,1667,0,active,1.4,,,,,0,,
sensor_combined,2026-08-07T14:58:27.505+08:00,10.059,30.05170200003704,9.049,1046596810,1667,0,active,1.4,,,,,0,,
sensor_combined,2026-08-07T14:58:27.535+08:00,10.088,29.59682799996699,40.46,1046637270,1667,0,active,1.4,,,,,0,,
sensor_combined,2026-08-07T14:58:27.565+08:00,10.119,30.154531000107454,9.001,1046646271,1667,0,active,1.4,,,,,0,,
sensor_combined,2026-08-07T14:58:27.595+08:00,10.148,29.79304499990576,9.002,1046655273,1667,0,active,1.4,,,,,0,,
sensor_combined,2026-08-07T14:58:27.625+08:00,10.179,30.433766999976797,81.015,1046736288,1667,0,active,1.4,,,,,0,,
sensor_combined,2026-08-07T14:58:27.655+08:00,10.209,30.087897999919733,9.001,1046745289,1667,0,active,1.4,,,,,0,,
sensor_combined,2026-08-07T14:58:27.685+08:00,10.239,29.64150600018911,22.504,1046767793,1667,0,active,1.4,,,,,0,,
sensor_combined,2026-08-07T14:58:27.715+08:00,10.269,30.077464999976655,40.507,1046808300,1667,0,active,1.4,,,,,0,,
sensor_combined,2026-08-07T14:58:27.745+08:00,10.299,29.944904999865685,27.005,1046835305,1667,0,active,1.4,,,,,0,,
sensor_combined,2026-08-07T14:58:27.775+08:00,10.328,29.804022000007535,13.503,1046848808,1667,0,active,1.4,,,,,0,,
sensor_combined,2026-08-07T14:58:27.805+08:00,10.359,30.333594000012454,27.004,1046875812,1667,0,active,1.4,,,,,0,,
failsafe_flags,2026-08-07T14:58:27.834+08:00,10.388,,,1047001211,1667,0,active,1.4,,,,,0,,"{'gcs_connection_lost': True, 'manual_control_signal_lost': True, 'offboard_control_signal_lost': True}"
sensor_combined,2026-08-07T14:58:27.866+08:00,10.418,59.2841950001457,22.505,1046898317,1667,0,active,1.4,,,,,0,,
sensor_combined,2026-08-07T14:58:27.896+08:00,10.450,32.067606999817144,99.017,1046997334,1667,0,active,1.4,,,,,0,,
sensor_combined,2026-08-07T14:58:27.927+08:00,10.480,29.932935000033467,31.506,1047028840,1667,0,active,1.4,,,,,0,,
sensor_combined,2026-08-07T14:58:27.956+08:00,10.510,30.373566999969626,9.002,1047037842,1667,0,active,1.4,,,,,0,,
sensor_combined,2026-08-07T14:58:27.986+08:00,10.540,29.316632000018217,9.049,1047046891,1667,0,active,1.4,,,,,0,,
sensor_combined,2026-08-07T14:58:28.016+08:00,10.569,29.51048099998843,8.954,1047055845,1667,0,active,1.4,,,,,0,,
sensor_combined,2026-08-07T14:58:28.046+08:00,10.600,30.71937100003197,13.55,1047069395,1667,0,active,1.4,,,,,0,,
sensor_combined,2026-08-07T14:58:28.076+08:00,10.629,29.347099999995407,26.957,1047096352,1667,0,active,1.4,,,,,0,,
sensor_combined,2026-08-07T14:58:28.106+08:00,10.660,30.547317000127805,9.002,1047105354,1667,0,active,1.4,,,,,0,,
sensor_combined,2026-08-07T14:58:28.136+08:00,10.689,29.47066799993081,22.504,1047127858,1667,0,active,1.4,,,,,0,,
sensor_combined,2026-08-07T14:58:28.165+08:00,10.719,29.88416099992719,9.049,1047136907,1667,0,active,1.4,,,,,0,,
sensor_combined,2026-08-07T14:58:28.897+08:00,11.444,724.4544720001613,1008.134,1048145041,1667,0,active,1.4,,,,,0,,
failsafe_flags,2026-08-07T14:58:28.940+08:00,11.482,,,1048102220,1667,0,active,1.4,,,,,0,,"{'gcs_connection_lost': True, 'manual_control_signal_lost': True, 'offboard_control_signal_lost': True}"
vehicle_status,2026-08-07T14:58:28.980+08:00,11.526,,,1048025159,1667,0,active,1.4,,,,,0,"{'arming_state': 1, 'nav_state': 4, 'failsafe': True}",
sensor_combined,2026-08-07T14:58:29.012+08:00,11.565,120.93464499980655,40.507,1048185548,1667,0,active,1.4,,,,,0,,
sensor_combined,2026-08-07T14:58:29.043+08:00,11.596,31.48388500017063,4.501,1048190049,1667,0,active,1.4,,,,,0,,
sensor_combined,2026-08-07T14:58:29.077+08:00,11.629,33.34332099984749,4.548,1048194597,1667,0,active,1.4,,,,,0,,
sensor_combined,2026-08-07T14:58:29.108+08:00,11.661,31.237517000135995,13.455,1048208052,1667,0,active,1.4,,,,,0,,
sensor_combined,2026-08-07T14:58:29.140+08:00,11.692,31.47121100005279,9.049,1048217101,1667,0,active,1.4,,,,,0,,
sensor_combined,2026-08-07T14:58:29.173+08:00,11.724,32.26219199996194,49.462,1048266563,1667,0,active,1.4,,,,,0,,
sensor_combined,2026-08-07T14:58:29.206+08:00,11.757,32.67814899982113,18.051,1048284614,1667,0,active,1.4,,,,,0,,
sensor_combined,2026-08-07T14:58:29.239+08:00,11.790,33.04632300000776,13.454,1048298068,1667,0,active,1.53,,,,,0,,
sensor_combined,2026-08-07T14:58:29.271+08:00,11.823,33.287827000094694,40.508,1048338576,1667,0,active,1.53,,,,,0,,
sensor_combined,2026-08-07T14:58:29.302+08:00,11.855,31.80008499998621,9.001,1048347577,1667,0,active,1.53,,,,,0,,
sensor_combined,2026-08-07T14:58:29.333+08:00,11.886,31.109469000057288,9.002,1048356579,1667,0,active,1.53,,,,,0,,
sensor_combined,2026-08-07T14:58:29.363+08:00,11.917,30.748590000030163,90.016,1048446595,1667,0,active,1.53,,,,,0,,
sensor_combined,2026-08-07T14:58:29.393+08:00,11.947,30.075289000023986,9.002,1048455597,1667,0,active,1.53,,,,,0,,
sensor_combined,2026-08-07T14:58:29.423+08:00,11.976,29.26977899983285,22.504,1048478101,1667,0,active,1.53,,,,,0,,
sensor_combined,2026-08-07T14:58:29.452+08:00,12.006,29.962953999984165,49.509,1048527610,1667,0,active,1.53,,,,,0,,
failsafe_flags,2026-08-07T14:58:29.482+08:00,12.035,,,1048652323,1667,0,active,1.53,,,,,0,,"{'gcs_connection_lost': True, 'manual_control_signal_lost': True, 'offboard_control_signal_lost': True}"
sensor_combined,2026-08-07T14:58:29.512+08:00,12.065,58.89333000004626,18.003,1048545613,1667,0,active,1.53,,,,,0,,
sensor_combined,2026-08-07T14:58:29.542+08:00,12.095,30.172294000067268,99.066,1048644679,1667,0,active,1.53,,,,,0,,
sensor_combined,2026-08-07T14:58:29.573+08:00,12.126,30.100380000021687,13.454,1048658133,1667,0,active,1.53,,,,,0,,
sensor_combined,2026-08-07T14:58:29.603+08:00,12.157,31.06370299997252,18.004,1048676137,1667,0,active,1.53,,,,,0,,
sensor_combined,2026-08-07T14:58:29.633+08:00,12.187,30.22612399990976,40.509,1048716646,1667,0,active,1.53,,,,,0,,
sensor_combined,2026-08-07T14:58:29.665+08:00,12.217,30.38435300004494,8.999,1048725645,1667,0,active,1.53,,,,,0,,
sensor_combined,2026-08-07T14:58:29.697+08:00,12.250,32.64630400008173,9.049,1048734694,1667,0,active,1.53,,,,,0,,
sensor_combined,2026-08-07T14:58:29.728+08:00,12.281,31.446087999938754,80.968,1048815662,1667,0,active,1.53,,,,,0,,
sensor_combined,2026-08-07T14:58:29.759+08:00,12.311,29.88947299991196,22.504,1048838166,1667,0,active,1.53,,,,,0,,
sensor_combined,2026-08-07T14:58:29.805+08:00,12.344,32.60364400011895,67.512,1048905678,1667,0,active,1.53,,,,,0,,
vehicle_status,2026-08-07T14:58:29.852+08:00,12.394,,,1049037144,1667,0,active,1.53,,,,,0,"{'arming_state': 1, 'nav_state': 4, 'failsafe': True}",
sensor_combined,2026-08-07T14:58:29.891+08:00,12.436,92.14454299990393,72.013,1048977691,1667,0,active,1.53,,,,,0,,
sensor_combined,2026-08-07T14:58:29.931+08:00,12.475,39.14492500007327,27.052,1049004743,1667,0,active,1.53,,,,,0,,
sensor_combined,2026-08-07T14:58:29.968+08:00,12.515,40.04007899993667,31.458,1049036201,1667,0,active,1.53,,,,,0,,
sensor_combined,2026-08-07T14:58:30.005+08:00,12.557,41.40751800014186,9.002,1049045203,1667,0,active,1.53,,,,,0,,
sensor_combined,2026-08-07T14:58:30.038+08:00,12.589,32.32072699984201,22.504,1049067707,1667,0,active,1.53,,,,,0,,
sensor_combined,2026-08-07T14:58:30.076+08:00,12.624,34.65347200017277,9.002,1049076709,1667,0,active,1.53,,,,,0,,
sensor_combined,2026-08-07T14:58:30.115+08:00,12.660,36.715016000016476,31.505,1049108214,1667,0,active,1.53,,,,,0,,
sensor_combined,2026-08-07T14:58:30.147+08:00,12.699,38.37272999999186,9.049,1049117263,1667,0,active,1.53,,,,,0,,
sensor_combined,2026-08-07T14:58:30.180+08:00,12.731,32.34671499990327,8.954,1049126217,1667,0,active,1.53,,,,,0,,
sensor_combined,2026-08-07T14:58:30.214+08:00,12.765,33.82722299988927,9.002,1049135219,1667,0,active,1.53,,,,,0,,
sensor_combined,2026-08-07T14:58:30.245+08:00,12.798,33.09167400016122,13.503,1049148722,1667,0,active,1.53,,,,,0,,
sensor_combined,2026-08-07T14:58:30.904+08:00,13.455,656.8259839998518,1008.181,1050156903,1667,0,active,1.53,,,,,0,,
failsafe_flags,2026-08-07T14:58:30.934+08:00,13.487,,,1049744245,1667,0,active,1.53,,,,,0,,"{'gcs_connection_lost': True, 'manual_control_signal_lost': True, 'offboard_control_signal_lost': True}"
vehicle_status,2026-08-07T14:58:30.965+08:00,13.519,,,1050052126,1667,0,active,1.53,,,,,0,"{'arming_state': 1, 'nav_state': 4, 'failsafe': True}",
sensor_combined,2026-08-07T14:58:31.000+08:00,13.552,96.93536200006747,40.555,1050197458,1667,0,active,1.53,,,,,0,,
sensor_combined,2026-08-07T14:58:31.031+08:00,13.584,32.42105999993328,4.453,1050201911,1667,0,active,1.53,,,,,0,,
sensor_combined,2026-08-07T14:58:31.064+08:00,13.615,30.917253000097844,4.501,1050206412,1667,0,active,1.53,,,,,0,,
sensor_combined,2026-08-07T14:58:31.097+08:00,13.648,33.130302000017764,9.002,1050215414,1667,0,active,1.53,,,,,0,,
sensor_combined,2026-08-07T14:58:31.128+08:00,13.681,33.01207999993494,13.502,1050228916,1667,0,active,1.53,,,,,0,,
sensor_combined,2026-08-07T14:58:31.161+08:00,13.712,31.194599999935235,27.005,1050255921,1667,0,active,1.53,,,,,0,,
sensor_combined,2026-08-07T14:58:31.192+08:00,13.745,32.451464000132546,9.049,1050264970,1667,0,active,1.53,,,,,0,,
sensor_combined,2026-08-07T14:58:31.222+08:00,13.776,31.443495000075927,22.505,1050287475,1667,0,active,1.53,,,,,0,,
sensor_combined,2026-08-07T14:58:31.253+08:00,13.806,29.708714999969743,31.458,1050318933,1667,0,active,1.53,,,,,0,,
sensor_combined,2026-08-07T14:58:31.282+08:00,13.836,30.5212659998233,27.004,1050345937,1667,0,active,1.53,,,,,0,,
sensor_combined,2026-08-07T14:58:31.315+08:00,13.867,30.280274999995527,9.05,1050354987,1667,0,active,1.53,,,,,0,,
sensor_combined,2026-08-07T14:58:31.347+08:00,13.901,33.82079000016347,31.458,1050386445,1667,0,active,1.53,,,,,0,,
sensor_combined,2026-08-07T14:58:31.379+08:00,13.932,31.43229399984193,31.505,1050417950,1667,0,active,1.53,,,,,0,,
sensor_combined,2026-08-07T14:58:31.409+08:00,13.962,30.36182200003168,27.053,1050445003,1667,0,active,1.53,,,,,0,,
sensor_combined,2026-08-07T14:58:31.441+08:00,13.994,32.104379999964294,62.963,1050507966,1667,0,active,1.53,,,,,0,,
sensor_combined,2026-08-07T14:58:31.470+08:00,14.024,29.765586000166877,9.002,1050516968,1667,0,active,1.53,,,,,0,,
sensor_combined,2026-08-07T14:58:31.516+08:00,14.054,30.113917999869955,31.506,1050548474,1667,0,active,1.53,,,,,0,,
sensor_combined,2026-08-07T14:58:31.557+08:00,14.102,47.291659000165964,67.512,1050615986,1667,0,active,1.53,,,,,0,,
sensor_combined,2026-08-07T14:58:31.595+08:00,14.142,40.772908999997526,31.553,1050647539,1667,0,active,1.53,,,,,0,,
sensor_combined,2026-08-07T14:58:31.628+08:00,14.180,38.00439499991626,58.463,1050706002,1667,0,active,1.53,,,,,0,,
failsafe_flags,2026-08-07T14:58:31.661+08:00,14.211,,,1050846348,1667,0,active,1.53,,,,,0,,"{'gcs_connection_lost': True, 'manual_control_signal_lost': True, 'offboard_control_signal_lost': True}"
sensor_combined,2026-08-07T14:58:31.693+08:00,14.245,64.50207700004285,9.049,1050715051,1667,0,active,1.53,,,,,0,,
sensor_combined,2026-08-07T14:58:31.725+08:00,14.278,32.63366299984227,90.017,1050805068,1667,0,active,1.53,,,,,0,,
sensor_combined,2026-08-07T14:58:31.759+08:00,14.309,31.57951299999695,13.455,1050818523,1667,0,active,1.53,,,,,0,,
sensor_combined,2026-08-07T14:58:31.797+08:00,14.344,35.06178100019497,13.502,1050832025,1667,0,active,1.53,,,,,0,,
sensor_combined,2026-08-07T14:58:31.834+08:00,14.381,37.180738999950336,45.008,1050877033,1667,0,active,1.53,,,,,0,,
sensor_combined,2026-08-07T14:58:31.871+08:00,14.418,36.62172300005295,31.507,1050908540,1667,0,active,1.53,,,,,0,,
sensor_combined,2026-08-07T14:58:31.907+08:00,14.456,37.8395749999072,58.51,1050967050,1667,0,active,1.53,,,,,0,,
vehicle_status,2026-08-07T14:58:31.937+08:00,14.490,,,1051067086,1667,0,active,1.53,,,,,0,"{'arming_state': 1, 'nav_state': 4, 'failsafe': True}",
sensor_combined,2026-08-07T14:58:31.972+08:00,14.521,65.67355400011365,9.001,1050976051,1667,0,active,1.53,,,,,0,,
sensor_combined,2026-08-07T14:58:32.007+08:00,14.558,36.86360999995486,121.569,1051097620,1667,0,active,1.53,,,,,0,,
sensor_combined,2026-08-07T14:58:32.036+08:00,14.591,32.31672699985211,8.954,1051106574,1667,0,active,1.53,,,,,0,,
sensor_combined,2026-08-07T14:58:32.067+08:00,14.620,29.248784000174055,18.004,1051124578,1667,0,active,1.53,,,,,0,,
sensor_combined,2026-08-07T14:58:32.097+08:00,14.651,30.731180999964636,90.016,1051214594,1667,0,active,1.53,,,,,0,,
sensor_combined,2026-08-07T14:58:32.127+08:00,14.681,30.741549999902418,9.002,1051223596,1667,0,active,1.53,,,,,0,,
sensor_combined,2026-08-07T14:58:32.157+08:00,14.711,29.1597800001,13.502,1051237098,1667,0,active,1.53,,,,,0,,
sensor_combined,2026-08-07T14:58:32.187+08:00,14.741,30.344955999908052,49.509,1051286607,1667,0,active,1.53,,,,,0,,
sensor_combined,2026-08-07T14:58:32.216+08:00,14.770,29.54296500001874,9.002,1051295609,1667,0,active,1.53,,,,,0,,
sensor_combined,2026-08-07T14:58:32.248+08:00,14.800,29.660772999932306,9.001,1051304610,1667,0,active,1.53,,,,,0,,
sensor_combined,2026-08-07T14:58:32.279+08:00,14.832,31.835257000011552,58.511,1051363121,1667,0,active,1.53,,,,,0,,
sensor_combined,2026-08-07T14:58:32.308+08:00,14.862,30.420421000144415,31.506,1051394627,1667,0,active,1.53,,,,,0,,
sensor_combined,2026-08-07T14:58:32.339+08:00,14.891,29.086875999837503,9.001,1051403628,1667,0,active,1.53,,,,,0,,
sensor_combined,2026-08-07T14:58:32.368+08:00,14.922,30.93479000017396,63.012,1051466640,1667,0,active,1.53,,,,,0,,
sensor_combined,2026-08-07T14:58:32.400+08:00,14.952,29.59593299988228,9.001,1051475641,1667,0,active,1.53,,,,,0,,
sensor_combined,2026-08-07T14:58:32.431+08:00,14.983,31.245293999973,18.003,1051493644,1667,0,active,1.53,,,,,0,,
sensor_combined,2026-08-07T14:58:32.462+08:00,15.014,31.301108999969074,63.012,1051556656,1667,0,active,1.53,,,,,0,,
sensor_combined,2026-08-07T14:58:32.492+08:00,15.046,31.111294000083944,9.001,1051565657,1667,0,active,1.53,,,,,0,,
sensor_combined,2026-08-07T14:58:32.524+08:00,15.076,30.456712999921365,31.506,1051597163,1667,0,active,1.53,,,,,0,,
sensor_combined,2026-08-07T14:58:32.555+08:00,15.108,31.9503440000517,58.511,1051655674,1667,0,active,1.53,,,,,0,,
sensor_combined,2026-08-07T14:58:32.587+08:00,15.139,31.041781000112678,9.001,1051664675,1667,0,active,1.53,,,,,0,,
sensor_combined,2026-08-07T14:58:32.621+08:00,15.171,31.77323299996715,9.002,1051673677,1667,0,active,1.53,,,,,0,,
sensor_combined,2026-08-07T14:58:32.652+08:00,15.205,34.543538999969314,63.011,1051736688,1667,0,active,1.53,,,,,0,,
sensor_combined,2026-08-07T14:58:32.685+08:00,15.237,31.73918099992079,18.004,1051754692,1667,0,active,1.53,,,,,0,,
sensor_combined,2026-08-07T14:58:32.717+08:00,15.270,32.71274600001561,49.509,1051804201,1667,0,active,1.53,,,,,0,,
sensor_combined,2026-08-07T14:58:32.751+08:00,15.302,31.898145000013756,9.001,1051813202,1667,0,active,1.53,,,,,0,,
sensor_combined,2026-08-07T14:58:32.784+08:00,15.335,33.4373499999856,13.503,1051826705,1667,0,active,1.53,,,,,0,,
sensor_combined,2026-08-07T14:58:32.814+08:00,15.368,32.83903300007296,90.016,1051916721,1667,0,active,1.53,,,,,0,,
sensor_combined,2026-08-07T14:58:32.844+08:00,15.398,29.679590999876382,9.001,1051925722,1667,0,active,1.53,,,,,0,,
sensor_combined,2026-08-07T14:58:32.875+08:00,15.427,29.518931000211523,18.004,1051943726,1667,0,active,1.53,,,,,0,,
sensor_combined,2026-08-07T14:58:32.905+08:00,15.459,31.96871399995871,49.509,1051993235,1667,0,active,1.53,,,,,0,,
vehicle_status,2026-08-07T14:58:32.934+08:00,15.488,,,1052079150,1667,0,active,1.53,,,,,0,"{'arming_state': 1, 'nav_state': 4, 'failsafe': True}",
sensor_combined,2026-08-07T14:58:32.963+08:00,15.518,58.61956699982329,18.003,1052011238,1667,0,active,1.53,,,,,0,,
sensor_combined,2026-08-07T14:58:32.995+08:00,15.547,29.383617000121376,13.502,1052024740,1667,0,active,1.53,,,,,0,,
sensor_combined,2026-08-07T14:58:33.031+08:00,15.579,31.833305999953154,22.504,1052047244,1667,0,active,1.53,,,,,0,,
sensor_combined,2026-08-07T14:58:33.062+08:00,15.615,35.64950300005876,9.002,1052056246,1667,0,active,1.53,,,,,0,,
sensor_combined,2026-08-07T14:58:33.094+08:00,15.646,31.8230959999255,9.049,1052065295,1667,0,active,1.53,,,,,0,,
sensor_combined,2026-08-07T14:58:33.125+08:00,15.678,31.659235000006447,8.954,1052074249,1667,0,active,1.53,,,,,0,,
sensor_combined,2026-08-07T14:58:33.156+08:00,15.710,31.516689000000042,40.508,1052114757,1667,0,active,1.53,,,,,0,,
sensor_combined,2026-08-07T14:58:33.188+08:00,15.741,31.704456999932518,9.001,1052123758,1667,0,active,1.53,,,,,0,,
sensor_combined,2026-08-07T14:58:33.218+08:00,15.772,30.698505000145815,22.504,1052146262,1667,0,active,1.53,,,,,0,,
sensor_combined,2026-08-07T14:58:33.247+08:00,15.801,29.38899399987349,9.05,1052155312,1667,0,active,1.53,,,,,0,,
sensor_combined,2026-08-07T14:58:33.921+08:00,16.466,664.8503700000674,1012.682,1053167994,1667,0,active,1.53,,,,,0,,
failsafe_flags,2026-08-07T14:58:33.952+08:00,16.505,,,1053037212,1667,0,active,1.53,,,,,0,,"{'gcs_connection_lost': True, 'manual_control_signal_lost': True, 'offboard_control_signal_lost': True}"
vehicle_status,2026-08-07T14:58:33.984+08:00,16.536,,,1053092105,1667,0,active,1.53,,,,,0,"{'arming_state': 1, 'nav_state': 4, 'failsafe': True}",
sensor_combined,2026-08-07T14:58:34.016+08:00,16.569,102.2406790000332,40.46,1053208454,1667,0,active,1.53,,,,,0,,
sensor_combined,2026-08-07T14:58:34.046+08:00,16.599,30.839899000056903,4.548,1053213002,1667,0,active,1.53,,,,,0,,
sensor_combined,2026-08-07T14:58:34.078+08:00,16.630,30.82392900000741,8.954,1053221956,1667,0,active,1.53,,,,,0,,
sensor_combined,2026-08-07T14:58:34.109+08:00,16.663,32.62047799989887,9.002,1053230958,1667,0,active,1.53,,,,,0,,
sensor_combined,2026-08-07T14:58:34.139+08:00,16.693,29.744143000016265,9.002,1053239960,1667,0,active,1.53,,,,,0,,
sensor_combined,2026-08-07T14:58:34.170+08:00,16.723,30.41712499998539,31.505,1053271465,1667,0,active,1.53,,,,,0,,
sensor_combined,2026-08-07T14:58:34.199+08:00,16.753,30.373694999980216,9.05,1053280515,1667,0,active,1.53,,,,,0,,
sensor_combined,2026-08-07T14:58:34.229+08:00,16.784,30.321177000132593,17.955,1053298470,1667,0,active,1.49,,,,,0,,
sensor_combined,2026-08-07T14:58:34.261+08:00,16.813,29.312119999985953,13.503,1053311973,1667,0,active,1.49,,,,,0,,
sensor_combined,2026-08-07T14:58:34.290+08:00,16.844,31.343001999857734,90.016,1053401989,1667,0,active,1.49,,,,,0,,
sensor_combined,2026-08-07T14:58:34.320+08:00,16.874,29.61628700018082,9.002,1053410991,1667,0,active,1.49,,,,,0,,
sensor_combined,2026-08-07T14:58:34.350+08:00,16.903,29.328729999861025,22.504,1053433495,1667,0,active,1.49,,,,,0,,
sensor_combined,2026-08-07T14:58:34.379+08:00,16.933,29.882976999942912,27.052,1053460547,1667,0,active,1.49,,,,,0,,
vehicle_status,2026-08-07T14:58:34.407+08:00,16.962,,,1053598087,1667,0,active,1.49,,,,,0,"{'arming_state': 1, 'nav_state': 4, 'failsafe': True}",
sensor_combined,2026-08-07T14:58:34.437+08:00,16.991,57.82551400011471,8.954,1053469501,1667,0,active,1.49,,,,,0,,
sensor_combined,2026-08-07T14:58:34.467+08:00,17.021,29.995824000025095,72.013,1053541514,1667,0,active,1.49,,,,,0,,
sensor_combined,2026-08-07T14:58:34.498+08:00,17.051,29.73210899995138,18.004,1053559518,1667,0,active,1.49,,,,,0,,
sensor_combined,2026-08-07T14:58:34.529+08:00,17.082,31.096572000024025,13.55,1053573068,1667,0,active,1.49,,,,,0,,
sensor_combined,2026-08-07T14:58:34.558+08:00,17.112,30.309271000078297,58.463,1053631531,1667,0,active,1.49,,,,,0,,
sensor_combined,2026-08-07T14:58:34.588+08:00,17.142,29.494254999917757,27.005,1053658536,1667,0,active,1.49,,,,,0,,
sensor_combined,2026-08-07T14:58:34.617+08:00,17.171,29.483917999868936,13.502,1053672038,1667,0,active,1.49,,,,,0,,
sensor_combined,2026-08-07T14:58:34.648+08:00,17.201,30.27630700012196,49.509,1053721547,1667,0,active,1.49,,,,,0,,
sensor_combined,2026-08-07T14:58:34.678+08:00,17.231,29.783572000042113,9.049,1053730596,1667,0,active,1.49,,,,,0,,
sensor_combined,2026-08-07T14:58:34.709+08:00,17.262,31.229292000034548,31.458,1053762054,1667,0,active,1.49,,,,,0,,
sensor_combined,2026-08-07T14:58:34.739+08:00,17.293,30.549365999831934,58.558,1053820612,1667,0,active,1.49,,,,,0,,
sensor_combined,2026-08-07T14:58:34.768+08:00,17.323,29.642082000009395,8.954,1053829566,1667,0,active,1.49,,,,,0,,
sensor_combined,2026-08-07T14:58:34.799+08:00,17.352,29.333915000052002,31.506,1053861072,1667,0,active,1.49,,,,,0,,
sensor_combined,2026-08-07T14:58:34.830+08:00,17.383,31.170948999942993,40.508,1053901580,1667,0,active,1.49,,,,,0,,
sensor_combined,2026-08-07T14:58:34.858+08:00,17.413,30.141410000169344,18.003,1053919583,1667,0,active,1.49,,,,,0,,
sensor_combined,2026-08-07T14:58:34.892+08:00,17.442,28.795413999887387,13.55,1053933133,1667,0,active,1.49,,,,,0,,
sensor_combined,2026-08-07T14:58:34.921+08:00,17.475,33.402912999918044,85.468,1054018601,1667,0,active,1.49,,,,,0,,
failsafe_flags,2026-08-07T14:58:34.952+08:00,17.504,,,1054137339,1667,0,active,1.49,,,,,0,,"{'gcs_connection_lost': True, 'manual_control_signal_lost': True, 'offboard_control_signal_lost': True}"
sensor_combined,2026-08-07T14:58:34.982+08:00,17.536,60.12161500007096,13.502,1054032103,1667,0,active,1.49,,,,,0,,
sensor_combined,2026-08-07T14:58:35.011+08:00,17.566,30.207210000071427,18.003,1054050106,1667,0,active,1.49,,,,,0,,
sensor_combined,2026-08-07T14:58:35.041+08:00,17.595,29.175719000022582,13.503,1054063609,1667,0,active,1.49,,,,,0,,
sensor_combined,2026-08-07T14:58:35.070+08:00,17.624,29.154756000025372,18.003,1054081612,1667,0,active,1.49,,,,,0,,
sensor_combined,2026-08-07T14:58:35.100+08:00,17.654,29.494990999864967,9.049,1054090661,1667,0,active,1.49,,,,,0,,
sensor_combined,2026-08-07T14:58:35.130+08:00,17.684,30.83375400001387,31.458,1054122119,1667,0,active,1.49,,,,,0,,
sensor_combined,2026-08-07T14:58:35.160+08:00,17.714,29.56652100010615,9.002,1054131121,1667,0,active,1.49,,,,,0,,
sensor_combined,2026-08-07T14:58:35.190+08:00,17.743,29.118590999814842,22.504,1054153625,1667,0,active,1.49,,,,,0,,
sensor_combined,2026-08-07T14:58:35.220+08:00,17.774,30.955978000065443,9.002,1054162627,1667,0,active,1.49,,,,,0,,
failsafe_flags,2026-08-07T14:58:35.917+08:00,18.468,,,1054667526,1667,0,active,1.49,,,,,0,,"{'gcs_connection_lost': True, 'manual_control_signal_lost': True, 'offboard_control_signal_lost': True}"
sensor_combined,2026-08-07T14:58:35.948+08:00,18.502,727.9478870000275,1008.23,1055170857,1667,0,active,1.49,,,,,0,,
vehicle_status,2026-08-07T14:58:35.980+08:00,18.533,,,1055118137,1667,0,active,1.49,,,,,0,"{'arming_state': 1, 'nav_state': 4, 'failsafe': True}",
sensor_combined,2026-08-07T14:58:36.013+08:00,18.567,64.94091800004753,35.958,1055206815,1667,0,active,1.49,,,,,0,,
failsafe_flags,2026-08-07T14:58:36.041+08:00,18.596,,,1055207574,1667,0,active,1.49,,,,,0,,"{'gcs_connection_lost': True, 'manual_control_signal_lost': True, 'offboard_control_signal_lost': True}"
sensor_combined,2026-08-07T14:58:36.072+08:00,18.626,58.730013000058534,4.501,1055211316,1667,0,active,1.49,,,,,0,,
sensor_combined,2026-08-07T14:58:36.102+08:00,18.656,30.141377999825636,13.503,1055224819,1667,0,active,1.49,,,,,0,,
sensor_combined,2026-08-07T14:58:36.131+08:00,18.686,29.78059600013694,9.001,1055233820,1667,0,active,1.49,,,,,0,,
sensor_combined,2026-08-07T14:58:36.163+08:00,18.715,28.919846000007965,9.002,1055242822,1667,0,active,1.49,,,,,0,,
sensor_combined,2026-08-07T14:58:36.194+08:00,18.747,32.04024399997252,58.511,1055301333,1667,0,active,1.49,,,,,0,,
sensor_combined,2026-08-07T14:58:36.223+08:00,18.777,30.562486999997418,13.502,1055314835,1667,0,active,1.49,,,,,0,,
sensor_combined,2026-08-07T14:58:36.253+08:00,18.806,29.270002999965072,18.003,1055332838,1667,0,active,1.49,,,,,0,,
sensor_combined,2026-08-07T14:58:36.282+08:00,18.836,30.123680000087916,40.556,1055373394,1667,0,active,1.49,,,,,0,,
sensor_combined,2026-08-07T14:58:36.313+08:00,18.866,29.996014999824183,31.458,1055404852,1667,0,active,1.49,,,,,0,,
sensor_combined,2026-08-07T14:58:36.343+08:00,18.897,30.10553300009633,9.001,1055413853,1667,0,active,1.49,,,,,0,,
sensor_combined,2026-08-07T14:58:36.372+08:00,18.926,29.672293999965405,58.511,1055472364,1667,0,active,1.49,,,,,0,,
sensor_combined,2026-08-07T14:58:36.401+08:00,18.955,29.200810000020283,22.504,1055494868,1667,0,active,1.49,,,,,0,,
sensor_combined,2026-08-07T14:58:36.431+08:00,18.985,29.402756000081354,9.001,1055503869,1667,0,active,1.49,,,,,0,,
sensor_combined,2026-08-07T14:58:36.461+08:00,19.015,29.975692999869352,49.557,1055553426,1667,0,active,1.49,,,,,0,,
vehicle_status,2026-08-07T14:58:36.490+08:00,19.043,,,1055626087,1667,0,active,1.49,,,,,0,"{'arming_state': 1, 'nav_state': 4, 'failsafe': True}",
sensor_combined,2026-08-07T14:58:36.520+08:00,19.074,58.92658300012954,8.954,1055562380,1667,0,active,1.49,,,,,0,,
sensor_combined,2026-08-07T14:58:36.549+08:00,19.104,29.957770000009987,58.558,1055620938,1667,0,active,1.49,,,,,0,,
sensor_combined,2026-08-07T14:58:36.578+08:00,19.133,29.477100999883987,40.46,1055661398,1667,0,active,1.49,,,,,0,,
sensor_combined,2026-08-07T14:58:36.609+08:00,19.162,29.173927000101685,13.503,1055674901,1667,0,active,1.49,,,,,0,,
sensor_combined,2026-08-07T14:58:36.638+08:00,19.192,29.972779999980048,49.508,1055724409,1667,0,active,1.49,,,,,0,,
sensor_combined,2026-08-07T14:58:36.667+08:00,19.222,29.245327999888104,9.049,1055733458,1667,0,active,1.49,,,,,0,,
sensor_combined,2026-08-07T14:58:36.698+08:00,19.250,28.726381000069523,17.956,1055751414,1667,0,active,1.49,,,,,0,,
sensor_combined,2026-08-07T14:58:36.729+08:00,19.281,31.093499000007796,63.012,1055814426,1667,0,active,1.49,,,,,0,,
sensor_combined,2026-08-07T14:58:36.759+08:00,19.313,31.817560000035883,4.501,1055818927,1667,0,active,1.49,,,,,0,,
sensor_combined,2026-08-07T14:58:36.788+08:00,19.342,28.765042000031826,45.008,1055863935,1667,0,active,1.49,,,,,0,,
sensor_combined,2026-08-07T14:58:36.818+08:00,19.372,29.96186699988357,58.51,1055922445,1667,0,active,1.49,,,,,0,,
sensor_combined,2026-08-07T14:58:36.849+08:00,19.402,29.833083000085026,9.002,1055931447,1667,0,active,1.49,,,,,0,,
sensor_combined,2026-08-07T14:58:36.880+08:00,19.433,31.14480099998218,22.504,1055953951,1667,0,active,1.49,,,,,0,,
sensor_combined,2026-08-07T14:58:36.911+08:00,19.465,31.69616800005315,40.507,1055994458,1667,0,active,1.49,,,,,0,,
vehicle_status,2026-08-07T14:58:36.939+08:00,19.494,,,1056133101,1667,0,active,1.49,,,,,0,"{'arming_state': 1, 'nav_state': 4, 'failsafe': True}",
sensor_combined,2026-08-07T14:58:36.969+08:00,19.523,58.502624999846375,18.003,1056012461,1667,0,active,1.49,,,,,0,,
sensor_combined,2026-08-07T14:58:36.998+08:00,19.552,29.166406000058487,9.002,1056021463,1667,0,active,1.49,,,,,0,,
sensor_combined,2026-08-07T14:58:37.028+08:00,19.583,30.215498999950796,31.506,1056052969,1667,0,active,1.49,,,,,0,,
sensor_combined,2026-08-07T14:58:37.058+08:00,19.612,29.519315000015922,9.001,1056061970,1667,0,active,1.49,,,,,0,,
sensor_combined,2026-08-07T14:58:37.089+08:00,19.642,29.74260700011655,18.004,1056079974,1667,0,active,1.49,,,,,0,,
sensor_combined,2026-08-07T14:58:37.120+08:00,19.673,30.860764999943058,13.55,1056093524,1667,0,active,1.49,,,,,0,,
sensor_combined,2026-08-07T14:58:37.149+08:00,19.703,30.515985999954864,26.957,1056120481,1667,0,active,1.49,,,,,0,,
sensor_combined,2026-08-07T14:58:37.179+08:00,19.733,29.45661800004018,9.002,1056129483,1667,0,active,1.49,,,,,0,,
sensor_combined,2026-08-07T14:58:37.209+08:00,19.763,29.972301000043444,13.502,1056142985,1667,0,active,1.49,,,,,0,,
sensor_combined,2026-08-07T14:58:37.238+08:00,19.793,30.528914999877088,9.002,1056151987,1667,0,active,1.49,,,,,0,,
failsafe_flags,2026-08-07T14:58:37.917+08:00,20.470,,,1056839366,1667,0,active,1.49,,,,,0,,"{'gcs_connection_lost': True, 'manual_control_signal_lost': True, 'offboard_control_signal_lost': True}"
sensor_combined,2026-08-07T14:58:37.948+08:00,20.502,708.7384010001188,1021.733,1057173720,1667,0,active,1.49,,,,,0,,
vehicle_status,2026-08-07T14:58:37.979+08:00,20.531,,,1057147149,1667,0,active,1.49,,,,,0,"{'arming_state': 1, 'nav_state': 4, 'failsafe': True}",
sensor_combined,2026-08-07T14:58:38.013+08:00,20.565,63.242300999945655,35.959,1057209679,1667,0,active,1.49,,,,,0,,
sensor_combined,2026-08-07T14:58:38.045+08:00,20.598,32.50257500008047,4.501,1057214180,1667,0,active,1.49,,,,,0,,
sensor_combined,2026-08-07T14:58:38.077+08:00,20.629,31.877470999916113,9.001,1057223181,1667,0,active,1.49,,,,,0,,
sensor_combined,2026-08-07T14:58:38.109+08:00,20.662,32.54363599990029,9.002,1057232183,1667,0,active,1.49,,,,,0,,
sensor_combined,2026-08-07T14:58:38.139+08:00,20.693,31.15056300021024,13.502,1057245685,1667,0,active,1.49,,,,,0,,
sensor_combined,2026-08-07T14:58:38.169+08:00,20.723,29.654083999957948,27.005,1057272690,1667,0,active,1.49,,,,,0,,
sensor_combined,2026-08-07T14:58:38.200+08:00,20.753,30.42576600000757,13.55,1057286240,1667,0,active,1.49,,,,,0,,
sensor_combined,2026-08-07T14:58:38.229+08:00,20.784,30.310743999962142,8.954,1057295194,1667,0,active,1.49,,,,,0,,
sensor_combined,2026-08-07T14:58:38.258+08:00,20.813,28.962698999976055,9.002,1057304196,1667,0,active,1.49,,,,,0,,
sensor_combined,2026-08-07T14:58:38.287+08:00,20.842,29.274675999886313,99.018,1057403214,1667,0,active,1.49,,,,,0,,
sensor_combined,2026-08-07T14:58:38.318+08:00,20.872,30.378176000112944,9.001,1057412215,1667,0,active,1.49,,,,,0,,
sensor_combined,2026-08-07T14:58:38.348+08:00,20.902,29.464522999887777,22.505,1057434720,1667,0,active,1.49,,,,,0,,
sensor_combined,2026-08-07T14:58:38.378+08:00,20.931,29.67203900016102,40.507,1057475227,1667,0,active,1.49,,,,,0,,
sensor_combined,2026-08-07T14:58:38.408+08:00,20.962,30.321879999974044,9.001,1057484228,1667,0,active,1.49,,,,,0,,
sensor_combined,2026-08-07T14:58:38.437+08:00,20.991,29.566264999857594,9.002,1057493230,1667,0,active,1.49,,,,,0,,
sensor_combined,2026-08-07T14:58:38.468+08:00,21.021,30.28494800014414,49.509,1057542739,1667,0,active,1.49,,,,,0,,
sensor_combined,2026-08-07T14:58:38.498+08:00,21.052,30.139201999872967,13.55,1057556289,1667,0,active,1.49,,,,,0,,
sensor_combined,2026-08-07T14:58:38.529+08:00,21.082,29.99960000011015,8.954,1057565243,1667,0,active,1.49,,,,,0,,
sensor_combined,2026-08-07T14:58:38.558+08:00,21.112,30.648001999907137,99.018,1057664261,1667,0,active,1.49,,,,,0,,
sensor_combined,2026-08-07T14:58:38.587+08:00,21.142,29.620671999964543,9.002,1057673263,1667,0,active,1.49,,,,,0,,
sensor_combined,2026-08-07T14:58:38.619+08:00,21.172,29.61235000020679,22.504,1057695767,1667,0,active,1.49,,,,,0,,
sensor_combined,2026-08-07T14:58:38.648+08:00,21.202,30.722667999953046,49.509,1057745276,1667,0,active,1.49,,,,,0,,
sensor_combined,2026-08-07T14:58:38.678+08:00,21.232,29.857342000013887,9.001,1057754277,1667,0,active,1.49,,,,,0,,
sensor_combined,2026-08-07T14:58:38.708+08:00,21.262,29.416453999829173,9.002,1057763279,1667,0,active,1.49,,,,,0,,
sensor_combined,2026-08-07T14:58:38.737+08:00,21.292,30.182567000110794,63.059,1057826338,1667,0,active,1.49,,,,,0,,
sensor_combined,2026-08-07T14:58:38.767+08:00,21.321,29.269779000060225,8.954,1057835292,1667,0,active,1.49,,,,,0,,
sensor_combined,2026-08-07T14:58:38.797+08:00,21.351,29.574104999937845,18.003,1057853295,1667,0,active,1.49,,,,,0,,
sensor_combined,2026-08-07T14:58:38.828+08:00,21.381,30.608190000066315,40.555,1057893850,1667,0,active,1.49,,,,,0,,
sensor_combined,2026-08-07T14:58:38.859+08:00,21.412,31.26004799992188,31.458,1057925308,1667,0,active,1.49,,,,,0,,
sensor_combined,2026-08-07T14:58:38.890+08:00,21.442,30.03211600002942,9.002,1057934310,1667,0,active,1.49,,,,,0,,
sensor_combined,2026-08-07T14:58:38.921+08:00,21.475,32.214218000035544,90.016,1058024326,1667,0,active,1.49,,,,,0,,
sensor_combined,2026-08-07T14:58:38.950+08:00,21.504,29.83926000001702,31.506,1058055832,1667,0,active,1.49,,,,,0,,
sensor_combined,2026-08-07T14:58:38.979+08:00,21.533,28.79326999982368,9.002,1058064834,1667,0,active,1.49,,,,,0,,
sensor_combined,2026-08-07T14:58:39.009+08:00,21.563,29.464684000004127,18.003,1058082837,1667,0,active,1.49,,,,,0,,
sensor_combined,2026-08-07T14:58:39.037+08:00,21.592,29.381313000158116,13.55,1058096387,1667,0,active,1.49,,,,,0,,
sensor_combined,2026-08-07T14:58:39.067+08:00,21.621,28.785044999949605,17.956,1058114343,1667,0,active,1.49,,,,,0,,
sensor_combined,2026-08-07T14:58:39.097+08:00,21.650,29.3241859999398,9.001,1058123344,1667,0,active,1.49,,,,,0,,
sensor_combined,2026-08-07T14:58:39.127+08:00,21.680,30.0126890001593,9.002,1058132346,1667,0,active,1.49,,,,,0,,
sensor_combined,2026-08-07T14:58:39.156+08:00,21.710,30.01499399988461,13.503,1058145849,1667,0,active,1.49,,,,,0,,
sensor_combined,2026-08-07T14:58:39.186+08:00,21.739,29.204011000047103,9.001,1058154850,1667,0,active,1.49,,,,,0,,
failsafe_flags,2026-08-07T14:58:39.924+08:00,22.476,,,1059029254,1667,0,active,1.61,,,,,0,,"{'gcs_connection_lost': True, 'manual_control_signal_lost': True, 'offboard_control_signal_lost': True}"
sensor_combined,2026-08-07T14:58:39.959+08:00,22.511,771.354896000048,1021.733,1059176583,1667,0,active,1.61,,,,,0,,
vehicle_status,2026-08-07T14:58:39.989+08:00,22.542,,,1059172333,1667,0,active,1.61,,,,,0,"{'arming_state': 1, 'nav_state': 4, 'failsafe': True}",
sensor_combined,2026-08-07T14:58:40.021+08:00,22.575,63.778849999835074,40.46,1059217043,1667,0,active,1.61,,,,,0,,
sensor_combined,2026-08-07T14:58:40.051+08:00,22.606,31.033332000106384,4.548,1059221591,1667,0,active,1.61,,,,,0,,
sensor_combined,2026-08-07T14:58:40.083+08:00,22.635,29.31820100002369,4.456,1059226047,1667,0,active,1.61,,,,,0,,
sensor_combined,2026-08-07T14:58:40.113+08:00,22.666,31.30987899999127,9.001,1059235048,1667,0,active,1.61,,,,,0,,
sensor_combined,2026-08-07T14:58:40.142+08:00,22.696,29.895554999939122,13.501,1059248549,1667,0,active,1.61,,,,,0,,
sensor_combined,2026-08-07T14:58:40.171+08:00,22.726,29.347132000111742,27.005,1059275554,1667,0,active,1.61,,,,,0,,
sensor_combined,2026-08-07T14:58:40.201+08:00,22.755,29.42250299997795,22.505,1059298059,1667,0,active,1.61,,,,,0,,
sensor_combined,2026-08-07T14:58:40.230+08:00,22.785,29.727148999882047,9.001,1059307060,1667,0,active,1.61,,,,,0,,
sensor_combined,2026-08-07T14:58:40.260+08:00,22.813,28.762930000084452,31.505,1059338565,1667,0,active,1.61,,,,,0,,
sensor_combined,2026-08-07T14:58:40.289+08:00,22.844,30.149699000048713,36.006,1059374571,1667,0,active,1.61,,,,,0,,
sensor_combined,2026-08-07T14:58:40.319+08:00,22.874,29.935047999970266,31.506,1059406077,1667,0,active,1.61,,,,,0,,
sensor_combined,2026-08-07T14:58:40.349+08:00,22.903,29.654147999963243,9.002,1059415079,1667,0,active,1.61,,,,,0,,
sensor_combined,2026-08-07T14:58:40.379+08:00,22.933,30.09158000008938,49.509,1059464588,1667,0,active,1.61,,,,,0,,
sensor_combined,2026-08-07T14:58:40.408+08:00,22.962,28.841051999961564,13.503,1059478091,1667,0,active,1.61,,,,,0,,
sensor_combined,2026-08-07T14:58:40.439+08:00,22.991,29.13027299996429,18.003,1059496094,1667,0,active,1.61,,,,,0,,
sensor_combined,2026-08-07T14:58:40.468+08:00,23.022,31.055606999871088,40.555,1059536649,1667,0,active,1.61,,,,,0,,
vehicle_status,2026-08-07T14:58:40.496+08:00,23.050,,,1059678086,1667,0,active,1.61,,,,,0,"{'arming_state': 1, 'nav_state': 4, 'failsafe': True}",
sensor_combined,2026-08-07T14:58:40.527+08:00,23.080,57.55527200017241,8.954,1059545603,1667,0,active,1.61,,,,,0,,
sensor_combined,2026-08-07T14:58:40.556+08:00,23.110,30.322521000016422,81.062,1059626665,1667,0,active,1.61,,,,,0,,
sensor_combined,2026-08-07T14:58:40.586+08:00,23.140,29.732717999877423,40.46,1059667125,1667,0,active,1.61,,,,,0,,
sensor_combined,2026-08-07T14:58:40.616+08:00,23.170,29.81352799997694,9.002,1059676127,1667,0,active,1.61,,,,,0,,
sensor_combined,2026-08-07T14:58:40.646+08:00,23.200,30.582779000042137,81.014,1059757141,1667,0,active,1.61,,,,,0,,
sensor_combined,2026-08-07T14:58:40.677+08:00,23.230,29.978220999964833,9.002,1059766143,1667,0,active,1.61,,,,,0,,
sensor_combined,2026-08-07T14:58:40.709+08:00,23.261,30.286356000033265,31.505,1059797648,1667,0,active,1.61,,,,,0,,
sensor_combined,2026-08-07T14:58:40.738+08:00,23.292,31.814520000125412,27.005,1059824653,1667,0,active,1.61,,,,,0,,
sensor_combined,2026-08-07T14:58:40.768+08:00,23.322,29.84220399980586,13.503,1059838156,1667,0,active,1.61,,,,,0,,
sensor_combined,2026-08-07T14:58:40.799+08:00,23.352,29.753104000064923,18.003,1059856159,1667,0,active,1.61,,,,,0,,
sensor_combined,2026-08-07T14:58:40.828+08:00,23.383,30.552790999990975,81.015,1059937174,1667,0,active,1.61,,,,,0,,
sensor_combined,2026-08-07T14:58:40.857+08:00,23.411,28.77960399996482,18.003,1059955177,1667,0,active,1.61,,,,,0,,
sensor_combined,2026-08-07T14:58:40.885+08:00,23.440,28.772979999985182,13.503,1059968680,1667,0,active,1.61,,,,,0,,
sensor_combined,2026-08-07T14:58:40.918+08:00,23.469,28.765874000100666,36.006,1060004686,1667,0,active,1.61,,,,,0,,
failsafe_flags,2026-08-07T14:58:40.950+08:00,23.502,,,1060129693,1667,0,active,1.61,,,,,0,,"{'gcs_connection_lost': True, 'manual_control_signal_lost': True, 'offboard_control_signal_lost': True}"
sensor_combined,2026-08-07T14:58:40.979+08:00,23.534,65.27238400008173,13.503,1060018189,1667,0,active,1.61,,,,,0,,
vehicle_status,2026-08-07T14:58:41.008+08:00,23.562,,,1060184134,1667,0,active,1.61,,,,,0,"{'arming_state': 1, 'nav_state': 4, 'failsafe': True}",
sensor_combined,2026-08-07T14:58:41.038+08:00,23.592,57.933880999826215,76.513,1060094702,1667,0,active,1.61,,,,,0,,
sensor_combined,2026-08-07T14:58:41.067+08:00,23.621,29.29080600006273,22.505,1060117207,1667,0,active,1.61,,,,,0,,
sensor_combined,2026-08-07T14:58:41.098+08:00,23.652,30.84671600004185,9.001,1060126208,1667,0,active,1.61,,,,,0,,
sensor_combined,2026-08-07T14:58:41.129+08:00,23.682,29.616446999852997,103.519,1060229727,1667,0,active,1.61,,,,,0,,
sensor_combined,2026-08-07T14:58:41.158+08:00,23.712,30.42051700003867,9.002,1060238729,1667,0,active,1.61,,,,,0,,
sensor_combined,2026-08-07T14:58:41.188+08:00,23.742,29.334236000067904,9.002,1060247731,1667,0,active,1.61,,,,,0,,
sensor_combined,2026-08-07T14:58:41.218+08:00,23.772,30.37359900008596,67.511,1060315242,1667,0,active,1.61,,,,,0,,
sensor_combined,2026-08-07T14:58:41.247+08:00,23.801,29.340443999899435,13.503,1060328745,1667,0,active,1.61,,,,,0,,
sensor_combined,2026-08-07T14:58:41.277+08:00,23.832,30.261106000125437,18.052,1060346797,1667,0,active,1.61,,,,,0,,
sensor_combined,2026-08-07T14:58:41.308+08:00,23.861,29.448200999922847,40.459,1060387256,1667,0,active,1.61,,,,,0,,
sensor_combined,2026-08-07T14:58:41.338+08:00,23.892,30.616894999866417,31.505,1060418761,1667,0,active,1.61,,,,,0,,
sensor_combined,2026-08-07T14:58:41.370+08:00,23.922,30.494287000010445,9.002,1060427763,1667,0,active,1.61,,,,,0,,
sensor_combined,2026-08-07T14:58:41.399+08:00,23.953,31.01928199998838,58.511,1060486274,1667,0,active,1.61,,,,,0,,
sensor_combined,2026-08-07T14:58:41.428+08:00,23.983,29.43773600009081,22.504,1060508778,1667,0,active,1.61,,,,,0,,
sensor_combined,2026-08-07T14:58:41.460+08:00,24.012,29.13635400000203,9.001,1060517779,1667,0,active,1.61,,,,,0,,
sensor_combined,2026-08-07T14:58:41.490+08:00,24.044,31.976523999901474,67.513,1060585292,1667,0,active,1.61,,,,,0,,
sensor_combined,2026-08-07T14:58:41.520+08:00,24.075,31.325946000151816,22.504,1060607796,1667,0,active,1.61,,,,,0,,
sensor_combined,2026-08-07T14:58:41.550+08:00,24.104,28.965067999934035,9.049,1060616845,1667,0,active,1.61,,,,,0,,
sensor_combined,2026-08-07T14:58:41.579+08:00,24.134,29.95085700013078,31.458,1060648303,1667,0,active,1.61,,,,,0,,
sensor_combined,2026-08-07T14:58:41.610+08:00,24.163,29.08213999990039,27.005,1060675308,1667,0,active,1.61,,,,,0,,
sensor_combined,2026-08-07T14:58:41.640+08:00,24.194,30.868190000092,13.502,1060688810,1667,0,active,1.61,,,,,0,,
sensor_combined,2026-08-07T14:58:41.670+08:00,24.224,29.803606999848853,67.513,1060756323,1667,0,active,1.61,,,,,0,,
sensor_combined,2026-08-07T14:58:41.701+08:00,24.254,30.133216999956858,9.001,1060765324,1667,0,active,1.61,,,,,0,,
sensor_combined,2026-08-07T14:58:41.732+08:00,24.284,30.438696000146592,13.503,1060778827,1667,0,active,1.61,,,,,0,,
sensor_combined,2026-08-07T14:58:41.762+08:00,24.317,32.39929799997299,45.008,1060823835,1667,0,active,1.61,,,,,0,,
sensor_combined,2026-08-07T14:58:41.793+08:00,24.346,29.54027800001313,13.503,1060837338,1667,0,active,1.61,,,,,0,,
sensor_combined,2026-08-07T14:58:41.827+08:00,24.377,31.193991999998616,9.001,1060846339,1667,0,active,1.61,,,,,0,,
sensor_combined,2026-08-07T14:58:41.855+08:00,24.410,32.662210999887975,72.013,1060918352,1667,0,active,1.61,,,,,0,,
sensor_combined,2026-08-07T14:58:41.884+08:00,24.439,28.837660000135656,18.004,1060936356,1667,0,active,1.61,,,,,0,,
sensor_combined,2026-08-07T14:58:41.915+08:00,24.468,29.085563999842634,9.001,1060945357,1667,0,active,1.61,,,,,0,,
sensor_combined,2026-08-07T14:58:41.944+08:00,24.499,30.95917800010284,90.017,1061035374,1667,0,active,1.61,,,,,0,,
sensor_combined,2026-08-07T14:58:41.973+08:00,24.527,28.522483999950055,31.553,1061066927,1667,0,active,1.61,,,,,0,,
sensor_combined,2026-08-07T14:58:42.004+08:00,24.557,29.43191100007425,8.954,1061075881,1667,0,active,1.61,,,,,0,,
sensor_combined,2026-08-07T14:58:42.032+08:00,24.587,30.257904999871243,9.002,1061084883,1667,0,active,1.61,,,,,0,,
sensor_combined,2026-08-07T14:58:42.062+08:00,24.616,28.704586999992898,13.502,1061098385,1667,0,active,1.61,,,,,0,,
sensor_combined,2026-08-07T14:58:42.092+08:00,24.646,29.83445900008519,9.002,1061107387,1667,0,active,1.61,,,,,0,,
sensor_combined,2026-08-07T14:58:42.121+08:00,24.676,29.960363000100187,31.505,1061138892,1667,0,active,1.61,,,,,0,,
sensor_combined,2026-08-07T14:58:42.151+08:00,24.705,29.473772999836,9.002,1061147894,1667,0,active,1.61,,,,,0,,
sensor_combined,2026-08-07T14:58:42.180+08:00,24.735,29.429703999994672,18.003,1061165897,1667,0,active,1.61,,,,,0,,
sensor_combined,2026-08-07T14:58:42.211+08:00,24.764,29.445577000160483,9.002,1061174899,1667,0,active,1.61,,,,,0,,
sensor_combined,2026-08-07T14:58:42.935+08:00,25.485,721.17253600004,1012.686,1062187585,1667,0,active,1.61,,,,,0,,
failsafe_flags,2026-08-07T14:58:42.967+08:00,25.520,,,1061761622,1667,0,active,1.61,,,,,0,,"{'gcs_connection_lost': True, 'manual_control_signal_lost': True, 'offboard_control_signal_lost': True}"
vehicle_status,2026-08-07T14:58:43.004+08:00,25.554,,,1061706700,1667,0,active,1.61,,,,,0,"{'arming_state': 1, 'nav_state': 4, 'failsafe': True}",
sensor_combined,2026-08-07T14:58:43.035+08:00,25.588,102.74407299993982,36.005,1062223590,1667,0,active,1.61,,,,,0,,
vehicle_status,2026-08-07T14:58:43.065+08:00,25.618,,,1062213083,1667,0,active,1.61,,,,,0,"{'arming_state': 1, 'nav_state': 4, 'failsafe': True}",
sensor_combined,2026-08-07T14:58:43.096+08:00,25.649,61.3722069999767,4.501,1062228091,1667,0,active,1.61,,,,,0,,
sensor_combined,2026-08-07T14:58:43.128+08:00,25.681,32.0338429999083,9.049,1062237140,1667,0,active,1.61,,,,,0,,
failsafe_flags,2026-08-07T14:58:43.157+08:00,25.710,,,1062301379,1667,0,active,1.61,,,,,0,,"{'gcs_connection_lost': True, 'manual_control_signal_lost': True, 'offboard_control_signal_lost': True}"
sensor_combined,2026-08-07T14:58:43.188+08:00,25.741,59.87592099995709,8.954,1062246094,1667,0,active,1.61,,,,,0,,
sensor_combined,2026-08-07T14:58:43.219+08:00,25.772,31.011313000135488,58.558,1062304652,1667,0,active,1.61,,,,,0,,
sensor_combined,2026-08-07T14:58:43.249+08:00,25.803,30.610494000029576,13.455,1062318107,1667,0,active,1.61,,,,,0,,
sensor_combined,2026-08-07T14:58:43.280+08:00,25.833,29.911428999866985,9.049,1062327156,1667,0,active,1.61,,,,,0,,
sensor_combined,2026-08-07T14:58:43.311+08:00,25.864,31.4191090001259,67.513,1062394669,1667,0,active,1.61,,,,,0,,
sensor_combined,2026-08-07T14:58:43.341+08:00,25.895,30.753871999877447,22.504,1062417173,1667,0,active,1.61,,,,,0,,
sensor_combined,2026-08-07T14:58:43.371+08:00,25.925,29.742062999957852,8.954,1062426127,1667,0,active,1.61,,,,,0,,
sensor_combined,2026-08-07T14:58:43.402+08:00,25.955,30.648483000049964,58.558,1062484685,1667,0,active,1.61,,,,,0,,
sensor_combined,2026-08-07T14:58:43.431+08:00,25.986,30.384161000029053,13.455,1062498140,1667,0,active,1.61,,,,,0,,
sensor_combined,2026-08-07T14:58:43.460+08:00,26.014,28.512051000006977,18.003,1062516143,1667,0,active,1.61,,,,,0,,
sensor_combined,2026-08-07T14:58:43.490+08:00,26.044,29.951241999924605,40.507,1062556650,1667,0,active,1.61,,,,,0,,
sensor_combined,2026-08-07T14:58:43.519+08:00,26.073,29.39193800011708,18.051,1062574701,1667,0,active,1.61,,,,,0,,
sensor_combined,2026-08-07T14:58:43.549+08:00,26.103,29.20253899992531,13.455,1062588156,1667,0,active,1.61,,,,,0,,
sensor_combined,2026-08-07T14:58:43.577+08:00,26.132,29.54094899996562,67.513,1062655669,1667,0,active,1.61,,,,,0,,
vehicle_status,2026-08-07T14:58:43.606+08:00,26.160,,,1062719084,1667,0,active,1.61,,,,,0,"{'arming_state': 1, 'nav_state': 4, 'failsafe': True}",
sensor_combined,2026-08-07T14:58:43.636+08:00,26.190,57.40789400010726,22.504,1062678173,1667,0,active,1.61,,,,,0,,
sensor_combined,2026-08-07T14:58:43.665+08:00,26.219,29.774803999998767,81.014,1062759187,1667,0,active,1.61,,,,,0,,
failsafe_flags,2026-08-07T14:58:43.694+08:00,26.248,,,1062841530,1667,0,active,1.61,,,,,0,,"{'gcs_connection_lost': True, 'manual_control_signal_lost': True, 'offboard_control_signal_lost': True}"
sensor_combined,2026-08-07T14:58:43.725+08:00,26.279,59.55876000007265,18.051,1062777238,1667,0,active,1.61,,,,,0,,
sensor_combined,2026-08-07T14:58:43.754+08:00,26.309,30.07112899990716,40.46,1062817698,1667,0,active,1.61,,,,,0,,
sensor_combined,2026-08-07T14:58:43.783+08:00,26.338,28.74929700010398,27.052,1062844750,1667,0,active,1.61,,,,,0,,
sensor_combined,2026-08-07T14:58:43.813+08:00,26.367,28.754256999945937,13.456,1062858206,1667,0,active,1.61,,,,,0,,
sensor_combined,2026-08-07T14:58:43.843+08:00,26.397,29.945992999955706,58.51,1062916716,1667,0,active,1.61,,,,,0,,
sensor_combined,2026-08-07T14:58:43.873+08:00,26.427,30.307159999892974,18.051,1062934767,1667,0,active,1.61,,,,,0,,
sensor_combined,2026-08-07T14:58:43.903+08:00,26.457,30.177350000030856,13.455,1062948222,1667,0,active,1.61,,,,,0,,
sensor_combined,2026-08-07T14:58:43.932+08:00,26.487,29.525460000058956,67.512,1063015734,1667,0,active,1.61,,,,,0,,
sensor_combined,2026-08-07T14:58:43.962+08:00,26.515,28.84146800010967,22.504,1063038238,1667,0,active,1.61,,,,,0,,
sensor_combined,2026-08-07T14:58:43.991+08:00,26.545,29.83625199999551,9.05,1063047288,1667,0,active,1.61,,,,,0,,
sensor_combined,2026-08-07T14:58:44.019+08:00,26.574,28.956938999954218,17.955,1063065243,1667,0,active,1.61,,,,,0,,
sensor_combined,2026-08-07T14:58:44.048+08:00,26.603,28.585115999931077,13.503,1063078746,1667,0,active,1.61,,,,,0,,
sensor_combined,2026-08-07T14:58:44.077+08:00,26.631,28.679912000143304,27.005,1063105751,1667,0,active,1.61,,,,,0,,
sensor_combined,2026-08-07T14:58:44.107+08:00,26.661,29.280019999987417,9.049,1063114800,1667,0,active,1.61,,,,,0,,
sensor_combined,2026-08-07T14:58:44.137+08:00,26.691,30.150242999980037,22.504,1063137304,1667,0,active,1.61,,,,,0,,
sensor_combined,2026-08-07T14:58:44.167+08:00,26.721,29.91184500001509,8.954,1063146258,1667,0,active,1.61,,,,,0,,
sensor_combined,2026-08-07T14:58:44.197+08:00,26.751,29.86470299993016,22.504,1063168762,1667,0,active,1.61,,,,,0,,
sensor_combined,2026-08-07T14:58:44.228+08:00,26.781,30.84463599998344,9.002,1063177764,1667,0,active,1.56,,,,,0,,
failsafe_flags,2026-08-07T14:58:44.945+08:00,27.498,,,1063941213,1667,0,active,1.56,,,,,0,,"{'gcs_connection_lost': True, 'manual_control_signal_lost': True, 'offboard_control_signal_lost': True}"
sensor_combined,2026-08-07T14:58:44.980+08:00,27.531,749.6979659999852,1021.686,1064199450,1667,0,active,1.56,,,,,0,,
vehicle_status,2026-08-07T14:58:45.014+08:00,27.564,,,1063732082,1667,0,active,1.56,,,,,0,"{'arming_state': 1, 'nav_state': 4, 'failsafe': True}",
sensor_combined,2026-08-07T14:58:45.044+08:00,27.598,67.02896100000544,36.007,1064235457,1667,0,active,1.56,,,,,0,,
vehicle_status,2026-08-07T14:58:45.074+08:00,27.627,,,1064238087,1667,0,active,1.56,,,,,0,"{'arming_state': 1, 'nav_state': 4, 'failsafe': True}",
sensor_combined,2026-08-07T14:58:45.104+08:00,27.658,59.81882500009306,4.548,1064240005,1667,0,active,1.56,,,,,0,,
sensor_combined,2026-08-07T14:58:45.134+08:00,27.688,30.2210049999303,17.956,1064257961,1667,0,active,1.56,,,,,0,,
sensor_combined,2026-08-07T14:58:45.163+08:00,27.718,29.47361299993645,9.001,1064266962,1667,0,active,1.56,,,,,0,,
sensor_combined,2026-08-07T14:58:45.193+08:00,27.747,29.059896000035224,9.002,1064275964,1667,0,active,1.56,,,,,0,,
sensor_combined,2026-08-07T14:58:45.223+08:00,27.777,30.27073900011601,40.507,1064316471,1667,0,active,1.56,,,,,0,,
sensor_combined,2026-08-07T14:58:45.252+08:00,27.807,29.861469999787005,9.002,1064325473,1667,0,active,1.56,,,,,0,,
sensor_combined,2026-08-07T14:58:45.282+08:00,27.836,28.943658000116557,9.002,1064334475,1667,0,active,1.56,,,,,0,,
sensor_combined,2026-08-07T14:58:45.311+08:00,27.865,29.486382999948546,81.014,1064415489,1667,0,active,1.56,,,,,0,,
sensor_combined,2026-08-07T14:58:45.340+08:00,27.895,29.3391640000209,22.504,1064437993,1667,0,active,1.56,,,,,0,,
sensor_combined,2026-08-07T14:58:45.371+08:00,27.924,29.066872999919724,9.002,1064446995,1667,0,active,1.56,,,,,0,,
sensor_combined,2026-08-07T14:58:45.400+08:00,27.955,31.150690999993458,58.511,1064505506,1667,0,active,1.56,,,,,0,,
sensor_combined,2026-08-07T14:58:45.429+08:00,27.984,29.143459000124494,13.502,1064519008,1667,0,active,1.56,,,,,0,,
sensor_combined,2026-08-07T14:58:45.459+08:00,28.013,28.690409000091677,9.002,1064528010,1667,0,active,1.56,,,,,0,,
sensor_combined,2026-08-07T14:58:45.489+08:00,28.043,30.108733999895776,67.512,1064595522,1667,0,active,1.56,,,,,0,,
sensor_combined,2026-08-07T14:58:45.518+08:00,28.072,29.340605000015785,9.002,1064604524,1667,0,active,1.56,,,,,0,,
sensor_combined,2026-08-07T14:58:45.547+08:00,28.102,29.446376999885615,31.505,1064636029,1667,0,active,1.56,,,,,0,,
sensor_combined,2026-08-07T14:58:45.578+08:00,28.131,29.79573400011759,58.511,1064694540,1667,0,active,1.56,,,,,0,,
sensor_combined,2026-08-07T14:58:45.608+08:00,28.161,30.017394999958924,13.503,1064708043,1667,0,active,1.56,,,,,0,,
sensor_combined,2026-08-07T14:58:45.638+08:00,28.192,30.921190000071874,9.004,1064717047,1667,0,active,1.56,,,,,0,,
sensor_combined,2026-08-07T14:58:45.667+08:00,28.222,29.18787999988126,58.508,1064775555,1667,0,active,1.56,,,,,0,,
sensor_combined,2026-08-07T14:58:45.696+08:00,28.251,29.08934000015506,9.002,1064784557,1667,0,active,1.56,,,,,0,,
sensor_combined,2026-08-07T14:58:45.727+08:00,28.281,29.932295999969938,13.503,1064798060,1667,0,active,1.56,,,,,0,,
sensor_combined,2026-08-07T14:58:45.755+08:00,28.310,29.853373999912947,58.51,1064856570,1667,0,active,1.56,,,,,0,,
sensor_combined,2026-08-07T14:58:45.785+08:00,28.339,28.451434000089648,9.002,1064865572,1667,0,active,1.56,,,,,0,,
sensor_combined,2026-08-07T14:58:45.814+08:00,28.368,29.061176999903182,27.052,1064892624,1667,0,active,1.56,,,,,0,,
sensor_combined,2026-08-07T14:58:45.843+08:00,28.398,29.983597999944323,62.964,1064955588,1667,0,active,1.56,,,,,0,,
failsafe_flags,2026-08-07T14:58:45.871+08:00,28.426,,,1065031213,1667,0,active,1.56,,,,,0,,"{'gcs_connection_lost': True, 'manual_control_signal_lost': True, 'offboard_control_signal_lost': True}"
sensor_combined,2026-08-07T14:58:45.900+08:00,28.455,56.82449200003248,9.002,1064964590,1667,0,active,1.56,,,,,0,,
sensor_combined,2026-08-07T14:58:45.931+08:00,28.484,29.55176700015727,63.059,1065027649,1667,0,active,1.56,,,,,0,,
sensor_combined,2026-08-07T14:58:45.961+08:00,28.515,30.76939399988987,26.957,1065054606,1667,0,active,1.56,,,,,0,,
sensor_combined,2026-08-07T14:58:45.990+08:00,28.544,29.23649500007741,13.502,1065068108,1667,0,active,1.56,,,,,0,,
sensor_combined,2026-08-07T14:58:46.021+08:00,28.574,29.310423999959312,22.505,1065090613,1667,0,active,1.56,,,,,0,,
sensor_combined,2026-08-07T14:58:46.049+08:00,28.604,30.386337999971147,4.548,1065095161,1667,0,active,1.56,,,,,0,,
sensor_combined,2026-08-07T14:58:46.078+08:00,28.633,29.06703300004665,22.504,1065117665,1667,0,active,1.56,,,,,0,,
sensor_combined,2026-08-07T14:58:46.108+08:00,28.662,28.932295999993585,8.954,1065126619,1667,0,active,1.56,,,,,0,,
sensor_combined,2026-08-07T14:58:46.137+08:00,28.692,29.58812399992894,31.506,1065158125,1667,0,active,1.56,,,,,0,,
sensor_combined,2026-08-07T14:58:46.166+08:00,28.721,29.442024999980276,9.002,1065167127,1667,0,active,1.56,,,,,0,,
sensor_combined,2026-08-07T14:58:46.195+08:00,28.750,28.791767000029722,9.001,1065176128,1667,0,active,1.56,,,,,0,,
sensor_combined,2026-08-07T14:58:46.225+08:00,28.779,29.566713000122036,9.05,1065185178,1667,0,active,1.56,,,,,0,,
failsafe_flags,2026-08-07T14:58:46.957+08:00,29.508,,,1065801214,1667,0,active,1.56,,,,,0,,"{'gcs_connection_lost': True, 'manual_control_signal_lost': True, 'offboard_control_signal_lost': True}"
sensor_combined,2026-08-07T14:58:46.989+08:00,29.542,762.7398549998361,1021.638,1066206816,1667,0,active,1.56,,,,,0,,
vehicle_status,2026-08-07T14:58:47.022+08:00,29.573,,,1065757902,1667,0,active,1.56,,,,,0,"{'arming_state': 1, 'nav_state': 4, 'failsafe': True}",
sensor_combined,2026-08-07T14:58:47.054+08:00,29.607,64.78214599997045,40.508,1066247324,1667,0,active,1.56,,,,,0,,
vehicle_status,2026-08-07T14:58:47.084+08:00,29.638,,,1066263086,1667,0,active,1.56,,,,,0,"{'arming_state': 1, 'nav_state': 4, 'failsafe': True}",
sensor_combined,2026-08-07T14:58:47.114+08:00,29.667,60.55370300009599,4.501,1066251825,1667,0,active,1.56,,,,,0,,
sensor_combined,2026-08-07T14:58:47.145+08:00,29.698,30.88864200003627,4.5,1066256325,1667,0,active,1.56,,,,,0,,
sensor_combined,2026-08-07T14:58:47.175+08:00,29.729,30.23495799993725,9.05,1066265375,1667,0,active,1.56,,,,,0,,
sensor_combined,2026-08-07T14:58:47.205+08:00,29.759,29.95591500007322,49.461,1066314836,1667,0,active,1.56,,,,,0,,
sensor_combined,2026-08-07T14:58:47.234+08:00,29.789,30.848092000042016,13.503,1066328339,1667,0,active,1.56,,,,,0,,
sensor_combined,2026-08-07T14:58:47.264+08:00,29.818,28.756721999798174,9.001,1066337340,1667,0,active,1.56,,,,,0,,
sensor_combined,2026-08-07T14:58:47.292+08:00,29.847,28.943370000206414,9.002,1066346342,1667,0,active,1.56,,,,,0,,
sensor_combined,2026-08-07T14:58:47.323+08:00,29.876,28.680327999836663,49.509,1066395851,1667,0,active,1.56,,,,,0,,
sensor_combined,2026-08-07T14:58:47.351+08:00,29.906,30.305751000014425,9.002,1066404853,1667,0,active,1.56,,,,,0,,
sensor_combined,2026-08-07T14:58:47.381+08:00,29.935,28.78594100002374,31.505,1066436358,1667,0,active,1.56,,,,,0,,
sensor_combined,2026-08-07T14:58:47.410+08:00,29.965,29.820058000041172,31.554,1066467912,1667,0,active,1.56,,,,,0,,
sensor_combined,2026-08-07T14:58:47.440+08:00,29.994,29.4179580000673,40.459,1066508371,1667,0,active,1.56,,,,,0,,
sensor_combined,2026-08-07T14:58:47.469+08:00,30.023,29.10841499988237,9.002,1066517373,1667,0,active,1.56,,,,,0,,
sensor_combined,2026-08-07T14:58:47.499+08:00,30.053,29.71985199997107,58.511,1066575884,1667,0,active,1.56,,,,,0,,
sensor_combined,2026-08-07T14:58:47.529+08:00,30.082,29.576859000144395,31.506,1066607390,1667,0,active,1.56,,,,,0,,
sensor_combined,2026-08-07T14:58:47.559+08:00,30.113,30.052438999973674,31.505,1066638895,1667,0,active,1.56,,,,,0,,
sensor_combined,2026-08-07T14:58:47.588+08:00,30.143,30.17114199997195,58.511,1066697406,1667,0,active,1.56,,,,,0,,
vehicle_status,2026-08-07T14:58:47.617+08:00,30.171,,,1066769116,1667,0,active,1.56,,,,,0,"{'arming_state': 1, 'nav_state': 4, 'failsafe': True}",
sensor_combined,2026-08-07T14:58:47.647+08:00,30.200,57.70607599993127,9.002,1066706408,1667,0,active,1.56,,,,,0,,
sensor_combined,2026-08-07T14:58:47.676+08:00,30.231,30.62454400014758,58.51,1066764918,1667,0,active,1.56,,,,,0,,
failsafe_flags,2026-08-07T14:58:47.705+08:00,30.259,,,1066901302,1667,0,active,1.56,,,,,0,,"{'gcs_connection_lost': True, 'manual_control_signal_lost': True, 'offboard_control_signal_lost': True}"
sensor_combined,2026-08-07T14:58:47.736+08:00,30.289,57.90776599997116,13.503,1066778421,1667,0,active,1.56,,,,,0,,
sensor_combined,2026-08-07T14:58:47.765+08:00,30.320,30.730637000033312,76.514,1066854935,1667,0,active,1.56,,,,,0,,
sensor_combined,2026-08-07T14:58:47.795+08:00,30.349,29.710379999869474,13.502,1066868437,1667,0,active,1.56,,,,,0,,
sensor_combined,2026-08-07T14:58:47.826+08:00,30.379,29.85116500008189,27.053,1066895490,1667,0,active,1.56,,,,,0,,
sensor_combined,2026-08-07T14:58:47.855+08:00,30.409,30.15129999994315,62.964,1066958454,1667,0,active,1.56,,,,,0,,
sensor_combined,2026-08-07T14:58:47.884+08:00,30.439,29.293046000020695,9.001,1066967455,1667,0,active,1.56,,,,,0,,
sensor_combined,2026-08-07T14:58:47.915+08:00,30.468,28.971597000008842,18.051,1066985506,1667,0,active,1.56,,,,,0,,
sensor_combined,2026-08-07T14:58:47.945+08:00,30.499,31.139969999912864,49.462,1067034968,1667,0,active,1.56,,,,,0,,
sensor_combined,2026-08-07T14:58:47.974+08:00,30.528,29.525780000085433,31.505,1067066473,1667,0,active,1.56,,,,,0,,
sensor_combined,2026-08-07T14:58:48.003+08:00,30.558,29.43863199993757,18.004,1067084477,1667,0,active,1.56,,,,,0,,
sensor_combined,2026-08-07T14:58:48.034+08:00,30.587,28.797975000088627,13.552,1067098029,1667,0,active,1.56,,,,,0,,
sensor_combined,2026-08-07T14:58:48.063+08:00,30.618,31.316984999875785,17.953,1067115982,1667,0,active,1.56,,,,,0,,
sensor_combined,2026-08-07T14:58:48.092+08:00,30.647,29.231149999986883,13.503,1067129485,1667,0,active,1.56,,,,,0,,
sensor_combined,2026-08-07T14:58:48.122+08:00,30.676,28.723694000063915,27.005,1067156490,1667,0,active,1.56,,,,,0,,
sensor_combined,2026-08-07T14:58:48.151+08:00,30.706,29.785236999941844,99.067,1067255557,1667,0,active,1.56,,,,,0,,
sensor_combined,2026-08-07T14:58:48.181+08:00,30.734,28.716300000041883,4.452,1067260009,1667,0,active,1.56,,,,,0,,
sensor_combined,2026-08-07T14:58:48.212+08:00,30.764,29.794167000090965,4.501,1067264510,1667,0,active,1.56,,,,,0,,
sensor_combined,2026-08-07T14:58:48.241+08:00,30.795,31.178757999896334,81.062,1067345572,1667,0,active,1.56,,,,,0,,
sensor_combined,2026-08-07T14:58:48.269+08:00,30.824,28.774932000033004,8.954,1067354526,1667,0,active,1.56,,,,,0,,
sensor_combined,2026-08-07T14:58:48.300+08:00,30.853,29.337531999999555,31.506,1067386032,1667,0,active,1.56,,,,,0,,
sensor_combined,2026-08-07T14:58:48.330+08:00,30.883,30.068537000033757,22.504,1067408536,1667,0,active,1.56,,,,,0,,
sensor_combined,2026-08-07T14:58:48.359+08:00,30.914,30.229870000084702,9.002,1067417538,1667,0,active,1.56,,,,,0,,
sensor_combined,2026-08-07T14:58:48.388+08:00,30.942,28.48964800000431,9.001,1067426539,1667,0,active,1.56,,,,,0,,
sensor_combined,2026-08-07T14:58:48.418+08:00,30.972,29.55538399987745,49.509,1067476048,1667,0,active,1.56,,,,,0,,
sensor_combined,2026-08-07T14:58:48.447+08:00,31.001,29.611037999984546,40.511,1067516559,1667,0,active,1.56,,,,,0,,
sensor_combined,2026-08-07T14:58:48.476+08:00,31.030,28.9121979999436,9.046,1067525605,1667,0,active,1.56,,,,,0,,
sensor_combined,2026-08-07T14:58:48.505+08:00,31.060,29.677287000140495,90.017,1067615622,1667,0,active,1.56,,,,,0,,
sensor_combined,2026-08-07T14:58:48.535+08:00,31.089,28.626882000025944,8.954,1067624576,1667,0,active,1.56,,,,,0,,
sensor_combined,2026-08-07T14:58:48.565+08:00,31.118,29.580185999975583,22.504,1067647080,1667,0,active,1.56,,,,,0,,
sensor_combined,2026-08-07T14:58:48.594+08:00,31.149,30.50340899994808,40.507,1067687587,1667,0,active,1.56,,,,,0,,
vehicle_status,2026-08-07T14:58:48.622+08:00,31.176,,,1067782126,1667,0,active,1.56,,,,,0,"{'arming_state': 1, 'nav_state': 4, 'failsafe': True}",
sensor_combined,2026-08-07T14:58:48.653+08:00,31.206,57.059146000028704,27.005,1067714592,1667,0,active,1.56,,,,,0,,
sensor_combined,2026-08-07T14:58:48.682+08:00,31.236,30.741614999897138,72.013,1067786605,1667,0,active,1.56,,,,,0,,
sensor_combined,2026-08-07T14:58:48.713+08:00,31.266,29.401667999991332,18.003,1067804608,1667,0,active,1.56,,,,,0,,
sensor_combined,2026-08-07T14:58:48.743+08:00,31.296,30.46471500010739,13.551,1067818159,1667,0,active,1.56,,,,,0,,
sensor_combined,2026-08-07T14:58:48.773+08:00,31.327,31.097372999965955,58.463,1067876622,1667,0,active,1.56,,,,,0,,
failsafe_flags,2026-08-07T14:58:48.802+08:00,31.356,,,1067981407,1667,0,active,1.56,,,,,0,,"{'gcs_connection_lost': True, 'manual_control_signal_lost': True, 'offboard_control_signal_lost': True}"
sensor_combined,2026-08-07T14:58:48.833+08:00,31.386,58.31536999994569,9.049,1067885671,1667,0,active,1.56,,,,,0,,
sensor_combined,2026-08-07T14:58:48.861+08:00,31.416,30.235118000064176,90.016,1067975687,1667,0,active,1.56,,,,,0,,
sensor_combined,2026-08-07T14:58:48.890+08:00,31.445,28.77016399997956,13.455,1067989142,1667,0,active,1.56,,,,,0,,
sensor_combined,2026-08-07T14:58:48.920+08:00,31.474,28.83602800011431,18.003,1068007145,1667,0,active,1.56,,,,,0,,
sensor_combined,2026-08-07T14:58:48.951+08:00,31.505,31.040916999927504,58.559,1068065704,1667,0,active,1.56,,,,,0,,
sensor_combined,2026-08-07T14:58:48.980+08:00,31.534,29.835707000074763,8.954,1068074658,1667,0,active,1.56,,,,,0,,
sensor_combined,2026-08-07T14:58:49.010+08:00,31.564,29.713387999890983,31.506,1068106164,1667,0,active,1.56,,,,,0,,
sensor_combined,2026-08-07T14:58:49.039+08:00,31.594,30.12278400001378,9.001,1068115165,1667,0,active,1.56,,,,,0,,
sensor_combined,2026-08-07T14:58:49.068+08:00,31.623,28.633921999926315,13.503,1068128668,1667,0,active,1.56,,,,,0,,
sensor_combined,2026-08-07T14:58:49.097+08:00,31.652,28.86172700004863,9.001,1068137669,1667,0,active,1.56,,,,,0,,
sensor_combined,2026-08-07T14:58:49.128+08:00,31.681,28.9324249999936,9.002,1068146671,1667,0,active,1.56,,,,,0,,
sensor_combined,2026-08-07T14:58:49.158+08:00,31.712,31.510065000020404,18.003,1068164674,1667,0,active,1.56,,,,,0,,
sensor_combined,2026-08-07T14:58:49.188+08:00,31.742,29.301590999921245,13.55,1068178224,1667,0,active,1.56,,,,,0,,
sensor_combined,2026-08-07T14:58:49.217+08:00,31.771,29.63094500000807,17.956,1068196180,1667,0,active,1.56,,,,,0,,
sensor_combined,2026-08-07T14:58:49.246+08:00,31.800,29.200426999977935,9.002,1068205182,1667,0,active,1.52,,,,,0,,
failsafe_flags,2026-08-07T14:58:49.967+08:00,32.518,,,1069071221,1667,0,active,1.52,,,,,0,,"{'gcs_connection_lost': True, 'manual_control_signal_lost': True, 'offboard_control_signal_lost': True}"
sensor_combined,2026-08-07T14:58:50.001+08:00,32.553,752.803583000059,1012.685,1069217867,1667,0,active,1.52,,,,,0,,
vehicle_status,2026-08-07T14:58:50.034+08:00,32.586,,,1068796083,1667,0,active,1.52,,,,,0,"{'arming_state': 1, 'nav_state': 4, 'failsafe': True}",
sensor_combined,2026-08-07T14:58:50.067+08:00,32.620,66.55565300002309,36.007,1069253874,1667,0,active,1.52,,,,,0,,
sensor_combined,2026-08-07T14:58:50.098+08:00,32.652,32.10847700006525,4.548,1069258422,1667,0,active,1.52,,,,,0,,
sensor_combined,2026-08-07T14:58:50.130+08:00,32.682,30.002512999999453,8.954,1069267376,1667,0,active,1.52,,,,,0,,
sensor_combined,2026-08-07T14:58:50.161+08:00,32.715,32.72004299992659,9.002,1069276378,1667,0,active,1.52,,,,,0,,
sensor_combined,2026-08-07T14:58:50.192+08:00,32.745,30.123071999923923,9.001,1069285379,1667,0,active,1.52,,,,,0,,
sensor_combined,2026-08-07T14:58:50.223+08:00,32.776,31.132769000123517,18.051,1069303430,1667,0,active,1.52,,,,,0,,
sensor_combined,2026-08-07T14:58:50.252+08:00,32.806,30.394691000083185,13.455,1069316885,1667,0,active,1.52,,,,,0,,
sensor_combined,2026-08-07T14:58:50.281+08:00,32.836,29.308567999805746,18.003,1069334888,1667,0,active,1.52,,,,,0,,
sensor_combined,2026-08-07T14:58:50.309+08:00,32.864,28.354431000025215,13.55,1069348438,1667,0,active,1.52,,,,,0,,
sensor_combined,2026-08-07T14:58:50.340+08:00,32.893,29.564792999963174,40.46,1069388898,1667,0,active,1.52,,,,,0,,
sensor_combined,2026-08-07T14:58:50.374+08:00,32.926,32.663908000131414,18.004,1069406902,1667,0,active,1.52,,,,,0,,
sensor_combined,2026-08-07T14:58:50.403+08:00,32.957,31.00395199999184,31.553,1069438455,1667,0,active,1.52,,,,,0,,
sensor_combined,2026-08-07T14:58:50.432+08:00,32.986,29.025395999951797,40.46,1069478915,1667,0,active,1.52,,,,,0,,
sensor_combined,2026-08-07T14:58:50.462+08:00,33.016,29.577211000059833,27.052,1069505967,1667,0,active,1.52,,,,,0,,
sensor_combined,2026-08-07T14:58:50.491+08:00,33.045,29.363550999960353,31.458,1069537425,1667,0,active,1.52,,,,,0,,
sensor_combined,2026-08-07T14:58:50.520+08:00,33.074,28.898788000105924,58.559,1069595984,1667,0,active,1.52,,,,,0,,
sensor_combined,2026-08-07T14:58:50.549+08:00,33.103,29.245489000004454,8.954,1069604938,1667,0,active,1.52,,,,,0,,
sensor_combined,2026-08-07T14:58:50.578+08:00,33.132,29.124319999937143,31.506,1069636444,1667,0,active,1.52,,,,,0,,
sensor_combined,2026-08-07T14:58:50.607+08:00,33.162,29.601597999999285,40.507,1069676951,1667,0,active,1.52,,,,,0,,
sensor_combined,2026-08-07T14:58:50.637+08:00,33.191,29.06088899999304,18.004,1069694955,1667,0,active,1.52,,,,,0,,
sensor_combined,2026-08-07T14:58:50.667+08:00,33.221,29.85068499992849,13.55,1069708505,1667,0,active,1.52,,,,,0,,
sensor_combined,2026-08-07T14:58:50.696+08:00,33.250,29.568122000000585,26.957,1069735462,1667,0,active,1.52,,,,,0,,
sensor_combined,2026-08-07T14:58:50.726+08:00,33.280,29.225580999991507,31.506,1069766968,1667,0,active,1.52,,,,,0,,
sensor_combined,2026-08-07T14:58:50.757+08:00,33.310,30.33935600001314,9.049,1069776017,1667,0,active,1.52,,,,,0,,
sensor_combined,2026-08-07T14:58:50.786+08:00,33.340,30.47354900013488,49.461,1069825478,1667,0,active,1.52,,,,,0,,
sensor_combined,2026-08-07T14:58:50.815+08:00,33.369,28.86383999998543,13.503,1069838981,1667,0,active,1.52,,,,,0,,
sensor_combined,2026-08-07T14:58:50.844+08:00,33.399,29.23291000001882,27.052,1069866033,1667,0,active,1.52,,,,,0,,
sensor_combined,2026-08-07T14:58:50.874+08:00,33.428,29.17245499997989,62.965,1069928998,1667,0,active,1.52,,,,,0,,
sensor_combined,2026-08-07T14:58:50.903+08:00,33.457,29.422438999972655,9.001,1069937999,1667,0,active,1.52,,,,,0,,
sensor_combined,2026-08-07T14:58:50.933+08:00,33.487,29.450730000007752,27.005,1069965004,1667,0,active,1.52,,,,,0,,
sensor_combined,2026-08-07T14:58:50.963+08:00,33.517,30.83692399991378,63.011,1070028015,1667,0,active,1.52,,,,,0,,
sensor_combined,2026-08-07T14:58:50.992+08:00,33.547,29.23950300009892,9.002,1070037017,1667,0,active,1.52,,,,,0,,
sensor_combined,2026-08-07T14:58:51.021+08:00,33.575,28.701098999817987,18.003,1070055020,1667,0,active,1.52,,,,,0,,
sensor_combined,2026-08-07T14:58:51.050+08:00,33.605,29.427367000153026,13.55,1070068570,1667,0,active,1.52,,,,,0,,
sensor_combined,2026-08-07T14:58:51.079+08:00,33.634,29.1198729998996,90.017,1070158587,1667,0,active,1.52,,,,,0,,
sensor_combined,2026-08-07T14:58:51.108+08:00,33.663,28.84047600014128,8.954,1070167541,1667,0,active,1.52,,,,,0,,
sensor_combined,2026-08-07T14:58:51.138+08:00,33.692,28.989231999958065,18.003,1070185544,1667,0,active,1.52,,,,,0,,
sensor_combined,2026-08-07T14:58:51.168+08:00,33.722,29.841531999863946,90.017,1070275561,1667,0,active,1.52,,,,,0,,
sensor_combined,2026-08-07T14:58:51.197+08:00,33.752,30.487791000041398,9.001,1070284562,1667,0,active,1.52,,,,,0,,
sensor_combined,2026-08-07T14:58:51.227+08:00,33.781,28.613727999982075,13.503,1070298065,1667,0,active,1.52,,,,,0,,
sensor_combined,2026-08-07T14:58:51.256+08:00,33.811,30.260529000088354,49.509,1070347574,1667,0,active,1.52,,,,,0,,
sensor_combined,2026-08-07T14:58:51.285+08:00,33.839,28.479630999981964,9.002,1070356576,1667,0,active,1.52,,,,,0,,
sensor_combined,2026-08-07T14:58:51.319+08:00,33.870,30.161444999976084,9.001,1070365577,1667,0,active,1.52,,,,,0,,
sensor_combined,2026-08-07T14:58:51.348+08:00,33.903,33.182789999955276,90.017,1070455594,1667,0,active,1.52,,,,,0,,
sensor_combined,2026-08-07T14:58:51.377+08:00,33.932,28.88793900001474,9.001,1070464595,1667,0,active,1.52,,,,,0,,
sensor_combined,2026-08-07T14:58:51.407+08:00,33.961,29.329275000009147,22.505,1070487100,1667,0,active,1.52,,,,,0,,
sensor_combined,2026-08-07T14:58:51.437+08:00,33.990,29.14758800011441,31.553,1070518653,1667,0,active,1.52,,,,,0,,
sensor_combined,2026-08-07T14:58:51.466+08:00,34.020,30.01220999999532,8.954,1070527607,1667,0,active,1.52,,,,,0,,
sensor_combined,2026-08-07T14:58:51.496+08:00,34.050,29.550039000014294,27.006,1070554613,1667,0,active,1.52,,,,,0,,
sensor_combined,2026-08-07T14:58:51.524+08:00,34.079,29.635457999802384,63.01,1070617623,1667,0,active,1.52,,,,,0,,
sensor_combined,2026-08-07T14:58:51.554+08:00,34.108,28.769940000074712,9.002,1070626625,1667,0,active,1.52,,,,,0,,
sensor_combined,2026-08-07T14:58:51.584+08:00,34.138,29.692936999936137,31.506,1070658131,1667,0,active,1.52,,,,,0,,
sensor_combined,2026-08-07T14:58:51.612+08:00,34.167,29.29810300020108,58.511,1070716642,1667,0,active,1.52,,,,,0,,
vehicle_status,2026-08-07T14:58:51.640+08:00,34.195,,,1070821278,1667,0,active,1.52,,,,,0,"{'arming_state': 1, 'nav_state': 4, 'failsafe': True}",
sensor_combined,2026-08-07T14:58:51.671+08:00,34.224,57.336620999876686,9.001,1070725643,1667,0,active,1.52,,,,,0,,
sensor_combined,2026-08-07T14:58:51.700+08:00,34.254,29.891810999970403,72.013,1070797656,1667,0,active,1.52,,,,,0,,
sensor_combined,2026-08-07T14:58:51.729+08:00,34.283,28.944138000042585,18.004,1070815660,1667,0,active,1.52,,,,,0,,
sensor_combined,2026-08-07T14:58:51.758+08:00,34.313,29.35535799997524,9.002,1070824662,1667,0,active,1.52,,,,,0,,
sensor_combined,2026-08-07T14:58:51.787+08:00,34.342,29.1599419999784,54.057,1070878719,1667,0,active,1.52,,,,,0,,
sensor_combined,2026-08-07T14:58:51.816+08:00,34.370,28.521844000124474,8.954,1070887673,1667,0,active,1.52,,,,,0,,
sensor_combined,2026-08-07T14:58:51.845+08:00,34.400,29.24247999999352,27.005,1070914678,1667,0,active,1.52,,,,,0,,
sensor_combined,2026-08-07T14:58:51.875+08:00,34.429,28.967019999981858,40.507,1070955185,1667,0,active,1.52,,,,,0,,
sensor_combined,2026-08-07T14:58:51.904+08:00,34.459,30.06520899998577,22.504,1070977689,1667,0,active,1.52,,,,,0,,
sensor_combined,2026-08-07T14:58:51.935+08:00,34.488,29.47706999998445,9.002,1070986691,1667,0,active,1.52,,,,,0,,
sensor_combined,2026-08-07T14:58:51.964+08:00,34.519,30.434631999924022,90.017,1071076708,1667,0,active,1.52,,,,,0,,
sensor_combined,2026-08-07T14:58:51.993+08:00,34.548,29.534068999964802,9.001,1071085709,1667,0,active,1.52,,,,,0,,
sensor_combined,2026-08-07T14:58:52.023+08:00,34.577,29.174535000038304,22.504,1071108213,1667,0,active,1.52,,,,,0,,
sensor_combined,2026-08-07T14:58:52.052+08:00,34.607,29.59145299996635,9.002,1071117215,1667,0,active,1.52,,,,,0,,
sensor_combined,2026-08-07T14:58:52.081+08:00,34.636,28.705291000051147,31.558,1071148773,1667,0,active,1.52,,,,,0,,
sensor_combined,2026-08-07T14:58:52.110+08:00,34.665,29.166663000069093,8.949,1071157722,1667,0,active,1.52,,,,,0,,
sensor_combined,2026-08-07T14:58:52.139+08:00,34.694,29.048982999938744,9.002,1071166724,1667,0,active,1.52,,,,,0,,
sensor_combined,2026-08-07T14:58:52.168+08:00,34.723,29.113182999935816,9.002,1071175726,1667,0,active,1.52,,,,,0,,
sensor_combined,2026-08-07T14:58:52.198+08:00,34.752,28.81586600005903,9.001,1071184727,1667,0,active,1.52,,,,,0,,
sensor_combined,2026-08-07T14:58:52.229+08:00,34.782,30.42019800000162,22.504,1071207231,1667,0,active,1.52,,,,,0,,
sensor_combined,2026-08-07T14:58:52.258+08:00,34.813,30.610589999923832,9.05,1071216281,1667,0,active,1.52,,,,,0,,
failsafe_flags,2026-08-07T14:58:52.973+08:00,35.525,,,1071813212,1667,0,active,1.52,,,,,0,,"{'gcs_connection_lost': True, 'manual_control_signal_lost': True, 'offboard_control_signal_lost': True}"
sensor_combined,2026-08-07T14:58:53.007+08:00,35.558,745.6005250000999,1008.137,1072224418,1667,0,active,1.52,,,,,0,,
vehicle_status,2026-08-07T14:58:53.040+08:00,35.592,,,1071835302,1667,0,active,1.52,,,,,0,"{'arming_state': 1, 'nav_state': 4, 'failsafe': True}",
sensor_combined,2026-08-07T14:58:53.072+08:00,35.626,67.55507599996236,40.508,1072264926,1667,0,active,1.52,,,,,0,,
sensor_combined,2026-08-07T14:58:53.102+08:00,35.656,30.374176000123043,4.5,1072269426,1667,0,active,1.52,,,,,0,,
sensor_combined,2026-08-07T14:58:53.135+08:00,35.686,29.688424999903873,9.002,1072278428,1667,0,active,1.52,,,,,0,,
sensor_combined,2026-08-07T14:58:53.164+08:00,35.718,32.431590999976834,9.002,1072287430,1667,0,active,1.52,,,,,0,,
failsafe_flags,2026-08-07T14:58:53.193+08:00,35.747,,,1072364684,1667,0,active,1.52,,,,,0,,"{'gcs_connection_lost': True, 'manual_control_signal_lost': True, 'offboard_control_signal_lost': True}"
sensor_combined,2026-08-07T14:58:53.223+08:00,35.776,58.06788199993207,9.049,1072296479,1667,0,active,1.52,,,,,0,,
sensor_combined,2026-08-07T14:58:53.252+08:00,35.807,30.47806200015657,58.463,1072354942,1667,0,active,1.52,,,,,0,,
sensor_combined,2026-08-07T14:58:53.282+08:00,35.836,28.942025999867838,13.502,1072368444,1667,0,active,1.52,,,,,0,,
sensor_combined,2026-08-07T14:58:53.311+08:00,35.865,29.230670000060854,27.005,1072395449,1667,0,active,1.52,,,,,0,,
sensor_combined,2026-08-07T14:58:53.341+08:00,35.895,30.022450999922512,40.508,1072435957,1667,0,active,1.52,,,,,0,,
sensor_combined,2026-08-07T14:58:53.370+08:00,35.924,29.05461600016679,22.504,1072458461,1667,0,active,1.52,,,,,0,,
sensor_combined,2026-08-07T14:58:53.400+08:00,35.953,29.10979199987196,9.001,1072467462,1667,0,active,1.52,,,,,0,,
sensor_combined,2026-08-07T14:58:53.431+08:00,35.984,31.004464000034204,27.006,1072494468,1667,0,active,1.52,,,,,0,,
sensor_combined,2026-08-07T14:58:53.463+08:00,36.015,31.08773899998596,31.505,1072525973,1667,0,active,1.52,,,,,0,,
sensor_combined,2026-08-07T14:58:53.493+08:00,36.047,31.94800899996153,9.002,1072534975,1667,0,active,1.52,,,,,0,,
sensor_combined,2026-08-07T14:58:53.522+08:00,36.077,29.97483000012835,72.013,1072606988,1667,0,active,1.52,,,,,0,,
sensor_combined,2026-08-07T14:58:53.551+08:00,36.106,28.681159999905503,18.003,1072624991,1667,0,active,1.52,,,,,0,,
sensor_combined,2026-08-07T14:58:53.581+08:00,36.135,29.03547799996886,31.554,1072656545,1667,0,active,1.52,,,,,0,,
sensor_combined,2026-08-07T14:58:53.611+08:00,36.165,30.002737000131674,40.46,1072697005,1667,0,active,1.52,,,,,0,,
sensor_combined,2026-08-07T14:58:53.641+08:00,36.194,29.131200999927387,31.505,1072728510,1667,0,active,1.52,,,,,0,,
sensor_combined,2026-08-07T14:58:53.671+08:00,36.224,30.025076000129047,9.002,1072737512,1667,0,active,1.52,,,,,0,,
sensor_combined,2026-08-07T14:58:53.700+08:00,36.255,30.472428999928525,58.511,1072796023,1667,0,active,1.52,,,,,0,,
sensor_combined,2026-08-07T14:58:53.730+08:00,36.284,29.858719000003475,22.504,1072818527,1667,0,active,1.52,,,,,0,,
sensor_combined,2026-08-07T14:58:53.759+08:00,36.313,28.871360000039203,9.002,1072827529,1667,0,active,1.52,,,,,0,,
sensor_combined,2026-08-07T14:58:53.787+08:00,36.342,28.982606999989002,58.51,1072886039,1667,0,active,1.52,,,,,0,,
sensor_combined,2026-08-07T14:58:53.817+08:00,36.371,28.450186999862126,9.002,1072895041,1667,0,active,1.52,,,,,0,,
sensor_combined,2026-08-07T14:58:53.847+08:00,36.400,29.465675999972518,22.504,1072917545,1667,0,active,1.52,,,,,0,,
sensor_combined,2026-08-07T14:58:53.877+08:00,36.431,31.034389000069496,40.507,1072958052,1667,0,active,1.52,,,,,0,,
sensor_combined,2026-08-07T14:58:53.906+08:00,36.461,29.305175999979838,27.005,1072985057,1667,0,active,1.52,,,,,0,,
sensor_combined,2026-08-07T14:58:53.937+08:00,36.490,29.47668599995268,13.503,1072998560,1667,0,active,1.52,,,,,0,,
sensor_combined,2026-08-07T14:58:53.967+08:00,36.521,30.906084000207557,49.509,1073048069,1667,0,active,1.52,,,,,0,,
failsafe_flags,2026-08-07T14:58:53.997+08:00,36.550,,,1073125297,1667,0,active,1.52,,,,,0,,"{'gcs_connection_lost': True, 'manual_control_signal_lost': True, 'offboard_control_signal_lost': True}"
sensor_combined,2026-08-07T14:58:54.029+08:00,36.581,60.4483459999301,27.005,1073075074,1667,0,active,1.52,,,,,0,,
sensor_combined,2026-08-07T14:58:54.058+08:00,36.612,30.800855000052252,13.502,1073088576,1667,0,active,1.52,,,,,0,,
sensor_combined,2026-08-07T14:58:54.087+08:00,36.641,29.215979999889896,27.005,1073115581,1667,0,active,1.52,,,,,0,,
sensor_combined,2026-08-07T14:58:54.117+08:00,36.671,29.70618800009106,9.002,1073124583,1667,0,active,1.52,,,,,0,,
sensor_combined,2026-08-07T14:58:54.147+08:00,36.702,30.140609999989465,22.506,1073147089,1667,0,active,1.52,,,,,0,,
sensor_combined,2026-08-07T14:58:54.176+08:00,36.731,29.359518999854117,9.0,1073156089,1667,0,active,1.52,,,,,0,,
sensor_combined,2026-08-07T14:58:54.205+08:00,36.760,29.006257999981244,22.504,1073178593,1667,0,active,1.52,,,,,0,,
sensor_combined,2026-08-07T14:58:54.235+08:00,36.789,29.228942000145253,9.002,1073187595,1667,0,active,1.47,,,,,0,,
sensor_combined,2026-08-07T14:58:54.265+08:00,36.819,30.207850999886432,18.003,1073205598,1667,0,active,1.47,,,,,0,,
sensor_combined,2026-08-07T14:58:54.296+08:00,36.849,30.260978000114847,13.55,1073219148,1667,0,active,1.47,,,,,0,,
failsafe_flags,2026-08-07T14:58:54.976+08:00,37.528,,,1074216227,1667,0,active,1.47,,,,,0,,"{'gcs_connection_lost': True, 'manual_control_signal_lost': True, 'offboard_control_signal_lost': True}"
sensor_combined,2026-08-07T14:58:55.008+08:00,37.562,712.5358949999736,1008.137,1074227285,1667,0,active,1.47,,,,,0,,
vehicle_status,2026-08-07T14:58:55.041+08:00,37.592,,,1073862083,1667,0,active,1.47,,,,,0,"{'arming_state': 1, 'nav_state': 4, 'failsafe': True}",
sensor_combined,2026-08-07T14:58:55.074+08:00,37.627,64.7874920000504,40.51,1074267795,1667,0,active,1.47,,,,,0,,
sensor_combined,2026-08-07T14:58:55.105+08:00,37.658,31.777011000031052,4.498,1074272293,1667,0,active,1.47,,,,,0,,
sensor_combined,2026-08-07T14:58:55.139+08:00,37.690,31.08729099994889,4.549,1074276842,1667,0,active,1.47,,,,,0,,
sensor_combined,2026-08-07T14:58:55.170+08:00,37.723,33.94701599995642,8.954,1074285796,1667,0,active,1.47,,,,,0,,
sensor_combined,2026-08-07T14:58:55.199+08:00,37.753,29.905605000067226,9.002,1074294798,1667,0,active,1.47,,,,,0,,
sensor_combined,2026-08-07T14:58:55.234+08:00,37.786,32.53243499989367,31.506,1074326304,1667,0,active,1.47,,,,,0,,
sensor_combined,2026-08-07T14:58:55.264+08:00,37.818,32.480204999956186,9.001,1074335305,1667,0,active,1.47,,,,,0,,
sensor_combined,2026-08-07T14:58:55.294+08:00,37.848,29.626945000018168,22.504,1074357809,1667,0,active,1.47,,,,,0,,
sensor_combined,2026-08-07T14:58:55.324+08:00,37.879,30.965292000018962,9.049,1074366858,1667,0,active,1.47,,,,,0,,
sensor_combined,2026-08-07T14:58:55.353+08:00,37.908,29.146115999992617,58.464,1074425322,1667,0,active,1.47,,,,,0,,
sensor_combined,2026-08-07T14:58:55.383+08:00,37.938,29.48654300007547,31.553,1074456875,1667,0,active,1.47,,,,,0,,
sensor_combined,2026-08-07T14:58:55.415+08:00,37.967,29.419717999871864,8.954,1074465829,1667,0,active,1.47,,,,,0,,
sensor_combined,2026-08-07T14:58:55.444+08:00,37.999,31.612415000154215,72.013,1074537842,1667,0,active,1.47,,,,,0,,
sensor_combined,2026-08-07T14:58:55.475+08:00,38.028,29.468396999845936,18.003,1074555845,1667,0,active,1.47,,,,,0,,
sensor_combined,2026-08-07T14:58:55.504+08:00,38.058,30.28587700009666,9.002,1074564847,1667,0,active,1.47,,,,,0,,
sensor_combined,2026-08-07T14:58:55.534+08:00,38.088,29.502545000013924,40.508,1074605355,1667,0,active,1.47,,,,,0,,
sensor_combined,2026-08-07T14:58:55.563+08:00,38.118,29.895810999960304,13.502,1074618857,1667,0,active,1.47,,,,,0,,
sensor_combined,2026-08-07T14:58:55.592+08:00,38.147,29.12179300005846,9.002,1074627859,1667,0,active,1.47,,,,,0,,
sensor_combined,2026-08-07T14:58:55.621+08:00,38.176,28.991376000021774,90.016,1074717875,1667,0,active,1.47,,,,,0,,
sensor_combined,2026-08-07T14:58:55.651+08:00,38.206,29.705578999937643,9.05,1074726925,1667,0,active,1.47,,,,,0,,
sensor_combined,2026-08-07T14:58:55.681+08:00,38.235,29.697769999984303,17.955,1074744880,1667,0,active,1.47,,,,,0,,
sensor_combined,2026-08-07T14:58:55.710+08:00,38.264,28.806648999989193,63.012,1074807892,1667,0,active,1.47,,,,,0,,
sensor_combined,2026-08-07T14:58:55.740+08:00,38.293,29.342812000095364,9.049,1074816941,1667,0,active,1.47,,,,,0,,
sensor_combined,2026-08-07T14:58:55.769+08:00,38.323,29.773299999988012,8.954,1074825895,1667,0,active,1.47,,,,,0,,
sensor_combined,2026-08-07T14:58:55.799+08:00,38.353,29.673063000018374,49.509,1074875404,1667,0,active,1.47,,,,,0,,
sensor_combined,2026-08-07T14:58:55.828+08:00,38.382,29.1850329999761,13.503,1074888907,1667,0,active,1.47,,,,,0,,
sensor_combined,2026-08-07T14:58:55.857+08:00,38.411,28.995248000001084,27.005,1074915912,1667,0,active,1.47,,,,,0,,
sensor_combined,2026-08-07T14:58:55.885+08:00,38.440,29.266099999858852,72.013,1074987925,1667,0,active,1.47,,,,,0,,
sensor_combined,2026-08-07T14:58:55.915+08:00,38.469,28.233519000195884,9.049,1074996974,1667,0,active,1.47,,,,,0,,
sensor_combined,2026-08-07T14:58:55.945+08:00,38.498,29.706442999895444,8.954,1075005928,1667,0,active,1.47,,,,,0,,
sensor_combined,2026-08-07T14:58:55.975+08:00,38.529,30.775731999938216,58.558,1075064486,1667,0,active,1.47,,,,,0,,
sensor_combined,2026-08-07T14:58:56.004+08:00,38.559,29.527220000090892,13.456,1075077942,1667,0,active,1.47,,,,,0,,
sensor_combined,2026-08-07T14:58:56.034+08:00,38.588,29.03259699996852,9.049,1075086991,1667,0,active,1.47,,,,,0,,
sensor_combined,2026-08-07T14:58:56.063+08:00,38.618,30.598365000059857,31.458,1075118449,1667,0,active,1.47,,,,,0,,
sensor_combined,2026-08-07T14:58:56.092+08:00,38.647,28.60601499992299,9.002,1075127451,1667,0,active,1.47,,,,,0,,
sensor_combined,2026-08-07T14:58:56.122+08:00,38.677,29.716429000018252,18.003,1075145454,1667,0,active,1.47,,,,,0,,
sensor_combined,2026-08-07T14:58:56.151+08:00,38.706,29.004113999917536,13.502,1075158956,1667,0,active,1.47,,,,,0,,
sensor_combined,2026-08-07T14:58:56.182+08:00,38.735,29.756849000023067,18.051,1075177007,1667,0,active,1.47,,,,,0,,
sensor_combined,2026-08-07T14:58:56.211+08:00,38.766,30.192489000000933,8.954,1075185961,1667,0,active,1.47,,,,,0,,
sensor_combined,2026-08-07T14:58:56.240+08:00,38.795,28.984752000042135,22.504,1075208465,1667,0,active,1.47,,,,,0,,
sensor_combined,2026-08-07T14:58:56.269+08:00,38.824,29.383585999994466,9.002,1075217467,1667,0,active,1.47,,,,,0,,
failsafe_flags,2026-08-07T14:58:56.987+08:00,39.537,,,1075867322,1667,0,active,1.47,,,,,0,,"{'gcs_connection_lost': True, 'manual_control_signal_lost': True, 'offboard_control_signal_lost': True}"
sensor_combined,2026-08-07T14:58:57.019+08:00,39.572,747.6998679999269,1017.235,1076234702,1667,0,active,1.47,,,,,0,,
vehicle_status,2026-08-07T14:58:57.051+08:00,39.603,,,1075889083,1667,0,active,1.47,,,,,0,"{'arming_state': 1, 'nav_state': 4, 'failsafe': True}",
sensor_combined,2026-08-07T14:58:57.083+08:00,39.637,65.14971300020989,40.459,1076275161,1667,0,active,1.47,,,,,0,,
sensor_combined,2026-08-07T14:58:57.114+08:00,39.668,30.806807999852026,4.549,1076279710,1667,0,active,1.47,,,,,0,,
sensor_combined,2026-08-07T14:58:57.144+08:00,39.698,30.13763400008429,8.954,1076288664,1667,0,active,1.47,,,,,0,,
sensor_combined,2026-08-07T14:58:57.175+08:00,39.729,30.90634099999079,9.001,1076297665,1667,0,active,1.47,,,,,0,,
failsafe_flags,2026-08-07T14:58:57.203+08:00,39.758,,,1076417216,1667,0,active,1.47,,,,,0,,"{'gcs_connection_lost': True, 'manual_control_signal_lost': True, 'offboard_control_signal_lost': True}"
sensor_combined,2026-08-07T14:58:57.234+08:00,39.788,59.11931299988282,9.002,1076306667,1667,0,active,1.47,,,,,0,,
sensor_combined,2026-08-07T14:58:57.263+08:00,39.818,29.94045700006609,40.555,1076347222,1667,0,active,1.47,,,,,0,,
sensor_combined,2026-08-07T14:58:57.292+08:00,39.847,29.066906000025483,17.956,1076365178,1667,0,active,1.47,,,,,0,,
sensor_combined,2026-08-07T14:58:57.321+08:00,39.875,28.576794999935373,13.502,1076378680,1667,0,active,1.47,,,,,0,,
sensor_combined,2026-08-07T14:58:57.350+08:00,39.904,29.163238000137426,90.017,1076468697,1667,0,active,1.47,,,,,0,,
sensor_combined,2026-08-07T14:58:57.380+08:00,39.935,30.130976999998893,9.002,1076477699,1667,0,active,1.47,,,,,0,,
sensor_combined,2026-08-07T14:58:57.410+08:00,39.964,29.826202999856832,9.001,1076486700,1667,0,active,1.47,,,,,0,,
sensor_combined,2026-08-07T14:58:57.439+08:00,39.994,29.41879000013614,49.509,1076536209,1667,0,active,1.47,,,,,0,,
sensor_combined,2026-08-07T14:58:57.468+08:00,40.023,28.978638999888062,9.002,1076545211,1667,0,active,1.47,,,,,0,,
sensor_combined,2026-08-07T14:58:57.498+08:00,40.051,28.662310000072466,13.502,1076558713,1667,0,active,1.47,,,,,0,,
sensor_combined,2026-08-07T14:58:57.527+08:00,40.082,30.294581999896764,49.509,1076608222,1667,0,active,1.47,,,,,0,,
sensor_combined,2026-08-07T14:58:57.556+08:00,40.111,29.497745000071518,18.004,1076626226,1667,0,active,1.47,,,,,0,,
sensor_combined,2026-08-07T14:58:57.587+08:00,40.140,28.57141899994531,9.001,1076635227,1667,0,active,1.47,,,,,0,,
sensor_combined,2026-08-07T14:58:57.616+08:00,40.171,30.83263500002431,63.012,1076698239,1667,0,active,1.47,,,,,0,,
sensor_combined,2026-08-07T14:58:57.646+08:00,40.200,29.44266500003323,9.049,1076707288,1667,0,active,1.47,,,,,0,,
sensor_combined,2026-08-07T14:58:57.675+08:00,40.229,29.12336100007451,17.956,1076725244,1667,0,active,1.47,,,,,0,,
sensor_combined,2026-08-07T14:58:57.704+08:00,40.259,29.66682199985371,81.015,1076806259,1667,0,active,1.47,,,,,0,,
sensor_combined,2026-08-07T14:58:57.733+08:00,40.288,28.89917300012712,18.003,1076824262,1667,0,active,1.47,,,,,0,,
sensor_combined,2026-08-07T14:58:57.764+08:00,40.317,29.491631999917445,13.503,1076837765,1667,0,active,1.47,,,,,0,,
sensor_combined,2026-08-07T14:58:57.793+08:00,40.348,30.926598999940325,49.556,1076887321,1667,0,active,1.47,,,,,0,,
failsafe_flags,2026-08-07T14:58:57.821+08:00,40.376,,,1076957229,1667,0,active,1.47,,,,,0,,"{'gcs_connection_lost': True, 'manual_control_signal_lost': True, 'offboard_control_signal_lost': True}"
sensor_combined,2026-08-07T14:58:57.853+08:00,40.406,57.29664800014689,8.954,1076896275,1667,0,active,1.47,,,,,0,,
sensor_combined,2026-08-07T14:58:57.882+08:00,40.437,31.64441900003112,58.559,1076954834,1667,0,active,1.47,,,,,0,,
sensor_combined,2026-08-07T14:58:57.911+08:00,40.466,28.36451199982548,13.454,1076968288,1667,0,active,1.47,,,,,0,,
sensor_combined,2026-08-07T14:58:57.941+08:00,40.494,28.614240000024438,27.006,1076995294,1667,0,active,1.47,,,,,0,,
sensor_combined,2026-08-07T14:58:57.971+08:00,40.524,30.257970000093337,63.011,1077058305,1667,0,active,1.47,,,,,0,,
sensor_combined,2026-08-07T14:58:58.000+08:00,40.554,29.528467999853092,27.005,1077085310,1667,0,active,1.47,,,,,0,,
sensor_combined,2026-08-07T14:58:58.028+08:00,40.583,29.18020000015531,31.506,1077116816,1667,0,active,1.47,,,,,0,,
sensor_combined,2026-08-07T14:58:58.058+08:00,40.612,29.281524999987596,9.001,1077125817,1667,0,active,1.47,,,,,0,,
sensor_combined,2026-08-07T14:58:58.086+08:00,40.641,28.990864999968835,9.05,1077134867,1667,0,active,1.47,,,,,0,,
sensor_combined,2026-08-07T14:58:58.115+08:00,40.670,28.542613999889,13.455,1077148322,1667,0,active,1.47,,,,,0,,
sensor_combined,2026-08-07T14:58:58.145+08:00,40.699,28.98936000019603,9.049,1077157371,1667,0,active,1.47,,,,,0,,
sensor_combined,2026-08-07T14:58:58.174+08:00,40.728,29.368960999818228,31.458,1077188829,1667,0,active,1.47,,,,,0,,
sensor_combined,2026-08-07T14:58:58.203+08:00,40.757,29.00404900015019,9.002,1077197831,1667,0,active,1.47,,,,,0,,
sensor_combined,2026-08-07T14:58:58.231+08:00,40.786,29.0530800000397,18.003,1077215834,1667,0,active,1.47,,,,,0,,
sensor_combined,2026-08-07T14:58:58.260+08:00,40.815,29.042582999863953,9.049,1077224883,1667,0,active,1.47,,,,,0,,
failsafe_flags,2026-08-07T14:58:58.987+08:00,41.539,,,1078059281,1667,0,active,1.47,,,,,0,,"{'gcs_connection_lost': True, 'manual_control_signal_lost': True, 'offboard_control_signal_lost': True}"
sensor_combined,2026-08-07T14:58:59.020+08:00,41.572,756.9005630000447,1012.687,1078237570,1667,0,active,1.47,,,,,0,,
vehicle_status,2026-08-07T14:58:59.053+08:00,41.604,,,1077916083,1667,0,active,1.47,,,,,0,"{'arming_state': 1, 'nav_state': 4, 'failsafe': True}",
sensor_combined,2026-08-07T14:58:59.085+08:00,41.638,66.10445999990588,35.958,1078273528,1667,0,active,1.47,,,,,0,,
sensor_combined,2026-08-07T14:58:59.117+08:00,41.669,31.094524000081947,4.501,1078278029,1667,0,active,1.47,,,,,0,,
sensor_combined,2026-08-07T14:58:59.147+08:00,41.700,30.850045000079263,9.002,1078287031,1667,0,active,1.47,,,,,0,,
sensor_combined,2026-08-07T14:58:59.177+08:00,41.731,30.74350399992909,9.003,1078296034,1667,0,active,1.47,,,,,0,,
sensor_combined,2026-08-07T14:58:59.206+08:00,41.761,29.893635000007635,9.048,1078305082,1667,0,active,1.47,,,,,0,,
sensor_combined,2026-08-07T14:58:59.237+08:00,41.790,28.7423839999974,22.504,1078327586,1667,0,active,1.44,,,,,0,,
sensor_combined,2026-08-07T14:58:59.266+08:00,41.821,31.327482000051532,40.46,1078368046,1667,0,active,1.44,,,,,0,,
sensor_combined,2026-08-07T14:58:59.296+08:00,41.850,29.122624999899926,9.002,1078377048,1667,0,active,1.44,,,,,0,,
sensor_combined,2026-08-07T14:58:59.329+08:00,41.880,29.662405999943076,18.05,1078395098,1667,0,active,1.44,,,,,0,,
sensor_combined,2026-08-07T14:58:59.358+08:00,41.913,33.260848000054466,53.963,1078449061,1667,0,active,1.44,,,,,0,,
sensor_combined,2026-08-07T14:58:59.388+08:00,41.942,29.01886800009379,9.001,1078458062,1667,0,active,1.44,,,,,0,,
sensor_combined,2026-08-07T14:58:59.418+08:00,41.972,29.75563399991188,9.002,1078467064,1667,0,active,1.44,,,,,0,,
sensor_combined,2026-08-07T14:58:59.448+08:00,42.002,29.99969699999383,31.506,1078498570,1667,0,active,1.44,,,,,0,,
failsafe_flags,2026-08-07T14:58:59.477+08:00,42.031,,,1078610212,1667,0,active,1.44,,,,,0,,"{'gcs_connection_lost': True, 'manual_control_signal_lost': True, 'offboard_control_signal_lost': True}"
sensor_combined,2026-08-07T14:58:59.508+08:00,42.061,58.744192999938605,27.005,1078525575,1667,0,active,1.44,,,,,0,,
sensor_combined,2026-08-07T14:58:59.538+08:00,42.092,31.239631000062218,81.014,1078606589,1667,0,active,1.44,,,,,0,,
sensor_combined,2026-08-07T14:58:59.567+08:00,42.122,29.794454000011683,18.004,1078624593,1667,0,active,1.44,,,,,0,,
sensor_combined,2026-08-07T14:58:59.596+08:00,42.151,29.167207000000417,31.506,1078656099,1667,0,active,1.44,,,,,0,,
sensor_combined,2026-08-07T14:58:59.625+08:00,42.180,29.079578999926525,72.013,1078728112,1667,0,active,1.44,,,,,0,,
sensor_combined,2026-08-07T14:58:59.654+08:00,42.209,28.62694600003124,9.003,1078737115,1667,0,active,1.44,,,,,0,,
sensor_combined,2026-08-07T14:58:59.684+08:00,42.238,29.176775999985693,18.049,1078755164,1667,0,active,1.44,,,,,0,,
sensor_combined,2026-08-07T14:58:59.713+08:00,42.268,30.29183000012381,40.46,1078795624,1667,0,active,1.44,,,,,0,,
sensor_combined,2026-08-07T14:58:59.742+08:00,42.296,28.350590999934866,22.504,1078818128,1667,0,active,1.44,,,,,0,,
sensor_combined,2026-08-07T14:58:59.773+08:00,42.326,29.593820999934906,9.002,1078827130,1667,0,active,1.44,,,,,0,,
sensor_combined,2026-08-07T14:58:59.801+08:00,42.356,30.315897000036784,58.511,1078885641,1667,0,active,1.44,,,,,0,,
sensor_combined,2026-08-07T14:58:59.830+08:00,42.385,28.943722000121852,9.002,1078894643,1667,0,active,1.44,,,,,0,,
sensor_combined,2026-08-07T14:58:59.862+08:00,42.414,29.17290300001696,22.504,1078917147,1667,0,active,1.44,,,,,0,,
sensor_combined,2026-08-07T14:58:59.892+08:00,42.446,31.856509999897753,67.512,1078984659,1667,0,active,1.44,,,,,0,,
sensor_combined,2026-08-07T14:58:59.921+08:00,42.475,29.2776200001299,13.503,1078998162,1667,0,active,1.44,,,,,0,,
sensor_combined,2026-08-07T14:58:59.954+08:00,42.505,29.002705999801037,18.003,1079016165,1667,0,active,1.44,,,,,0,,
sensor_combined,2026-08-07T14:58:59.984+08:00,42.538,33.62883099998726,49.509,1079065674,1667,0,active,1.44,,,,,0,,
sensor_combined,2026-08-07T14:59:00.013+08:00,42.567,29.144164000172168,9.002,1079074676,1667,0,active,1.44,,,,,0,,
sensor_combined,2026-08-07T14:59:00.043+08:00,42.597,29.365888000029372,13.502,1079088178,1667,0,active,1.44,,,,,0,,
sensor_combined,2026-08-07T14:59:00.072+08:00,42.627,29.914277999978367,27.053,1079115231,1667,0,active,1.44,,,,,0,,
sensor_combined,2026-08-07T14:59:00.101+08:00,42.656,28.96100399993884,62.964,1079178195,1667,0,active,1.44,,,,,0,,
sensor_combined,2026-08-07T14:59:00.130+08:00,42.684,28.706988000067213,9.001,1079187196,1667,0,active,1.44,,,,,0,,
sensor_combined,2026-08-07T14:59:00.159+08:00,42.713,29.262515000027634,18.051,1079205247,1667,0,active,1.44,,,,,0,,
sensor_combined,2026-08-07T14:59:00.188+08:00,42.743,29.302359999974215,76.467,1079281714,1667,0,active,1.44,,,,,0,,
sensor_combined,2026-08-07T14:59:00.217+08:00,42.772,28.952170999900773,4.501,1079286215,1667,0,active,1.44,,,,,0,,
sensor_combined,2026-08-07T14:59:00.247+08:00,42.800,28.737456000044403,9.049,1079295264,1667,0,active,1.44,,,,,0,,
sensor_combined,2026-08-07T14:59:00.276+08:00,42.831,30.368543999884423,40.46,1079335724,1667,0,active,1.44,,,,,0,,
vehicle_status,2026-08-07T14:59:00.304+08:00,42.859,,,1079435085,1667,0,active,1.44,,,,,0,"{'arming_state': 1, 'nav_state': 4, 'failsafe': True}",
sensor_combined,2026-08-07T14:59:00.337+08:00,42.888,56.79799300014565,9.001,1079344725,1667,0,active,1.44,,,,,0,,
sensor_combined,2026-08-07T14:59:00.367+08:00,42.921,33.654946999831736,130.572,1079475297,1667,0,active,1.44,,,,,0,,
sensor_combined,2026-08-07T14:59:00.396+08:00,42.950,29.070874000126423,8.954,1079484251,1667,0,active,1.44,,,,,0,,
sensor_combined,2026-08-07T14:59:00.425+08:00,42.979,28.722254000058456,22.504,1079506755,1667,0,active,1.44,,,,,0,,
sensor_combined,2026-08-07T14:59:00.454+08:00,43.009,29.522931999963475,58.558,1079565313,1667,0,active,1.44,,,,,0,,
sensor_combined,2026-08-07T14:59:00.484+08:00,43.038,29.368928999929267,8.955,1079574268,1667,0,active,1.44,,,,,0,,
sensor_combined,2026-08-07T14:59:00.515+08:00,43.068,29.54011800011358,9.001,1079583269,1667,0,active,1.44,,,,,0,,
sensor_combined,2026-08-07T14:59:00.545+08:00,43.099,31.197672999951465,54.01,1079637279,1667,0,active,1.44,,,,,0,,
failsafe_flags,2026-08-07T14:59:00.574+08:00,43.128,,,1079710214,1667,0,active,1.44,,,,,0,,"{'gcs_connection_lost': True, 'manual_control_signal_lost': True, 'offboard_control_signal_lost': True}"
sensor_combined,2026-08-07T14:59:00.605+08:00,43.158,59.45670100004463,9.002,1079646281,1667,0,active,1.44,,,,,0,,
sensor_combined,2026-08-07T14:59:00.634+08:00,43.189,30.39984299994103,81.015,1079727296,1667,0,active,1.44,,,,,0,,
sensor_combined,2026-08-07T14:59:00.663+08:00,43.218,29.62713800002348,9.001,1079736297,1667,0,active,1.44,,,,,0,,
sensor_combined,2026-08-07T14:59:00.693+08:00,43.247,28.963212000007843,27.005,1079763302,1667,0,active,1.44,,,,,0,,
sensor_combined,2026-08-07T14:59:00.722+08:00,43.277,29.750097000032838,63.012,1079826314,1667,0,active,1.44,,,,,0,,
sensor_combined,2026-08-07T14:59:00.752+08:00,43.306,29.24302499991427,9.049,1079835363,1667,0,active,1.44,,,,,0,,
sensor_combined,2026-08-07T14:59:00.783+08:00,43.335,29.10588600002484,17.956,1079853319,1667,0,active,1.44,,,,,0,,
sensor_combined,2026-08-07T14:59:00.813+08:00,43.367,32.21137099990301,72.061,1079925380,1667,0,active,1.44,,,,,0,,
sensor_combined,2026-08-07T14:59:00.842+08:00,43.396,28.8422690000516,8.954,1079934334,1667,0,active,1.44,,,,,0,,
sensor_combined,2026-08-07T14:59:00.871+08:00,43.425,29.180456999938542,22.504,1079956838,1667,0,active,1.44,,,,,0,,
sensor_combined,2026-08-07T14:59:00.900+08:00,43.454,28.904709000016737,40.507,1079997345,1667,0,active,1.44,,,,,0,,
sensor_combined,2026-08-07T14:59:00.928+08:00,43.483,28.67661599998428,27.005,1080024350,1667,0,active,1.44,,,,,0,,
sensor_combined,2026-08-07T14:59:00.959+08:00,43.512,28.62621000008403,9.002,1080033352,1667,0,active,1.44,,,,,0,,
sensor_combined,2026-08-07T14:59:00.990+08:00,43.543,31.332122000094387,63.012,1080096364,1667,0,active,1.44,,,,,0,,
sensor_combined,2026-08-07T14:59:01.019+08:00,43.574,30.678183999953035,18.003,1080114367,1667,0,active,1.44,,,,,0,,
sensor_combined,2026-08-07T14:59:01.048+08:00,43.603,29.06031299994538,9.002,1080123369,1667,0,active,1.44,,,,,0,,
sensor_combined,2026-08-07T14:59:01.078+08:00,43.632,29.031061000068803,13.502,1080136871,1667,0,active,1.44,,,,,0,,
sensor_combined,2026-08-07T14:59:01.108+08:00,43.662,30.284276999964277,58.559,1080195430,1667,0,active,1.44,,,,,0,,
failsafe_flags,2026-08-07T14:59:01.137+08:00,43.691,,,1080261211,1667,0,active,1.44,,,,,0,,"{'gcs_connection_lost': True, 'manual_control_signal_lost': True, 'offboard_control_signal_lost': True}"
sensor_combined,2026-08-07T14:59:01.167+08:00,43.721,58.91602399992735,17.955,1080213385,1667,0,active,1.44,,,,,0,,
sensor_combined,2026-08-07T14:59:01.196+08:00,43.750,29.18023200004427,81.015,1080294400,1667,0,active,1.44,,,,,0,,
sensor_combined,2026-08-07T14:59:01.224+08:00,43.779,29.005650000044625,9.002,1080303402,1667,0,active,1.44,,,,,0,,
sensor_combined,2026-08-07T14:59:01.254+08:00,43.808,28.51333099988551,13.502,1080316904,1667,0,active,1.44,,,,,0,,
sensor_combined,2026-08-07T14:59:01.283+08:00,43.838,30.262867000146798,40.508,1080357412,1667,0,active,1.44,,,,,0,,
vehicle_status,2026-08-07T14:59:01.312+08:00,43.866,,,1080448083,1667,0,active,1.44,,,,,0,"{'arming_state': 1, 'nav_state': 4, 'failsafe': True}",
sensor_combined,2026-08-07T14:59:01.344+08:00,43.897,59.103502999960256,9.001,1080366413,1667,0,active,1.44,,,,,0,,
sensor_combined,2026-08-07T14:59:01.374+08:00,43.928,30.983981999952448,81.015,1080447428,1667,0,active,1.44,,,,,0,,
sensor_combined,2026-08-07T14:59:01.403+08:00,43.958,29.760307000060493,9.002,1080456430,1667,0,active,1.44,,,,,0,,
sensor_combined,2026-08-07T14:59:01.432+08:00,43.986,28.669734999994034,27.005,1080483435,1667,0,active,1.44,,,,,0,,
sensor_combined,2026-08-07T14:59:01.462+08:00,44.016,29.301368000005823,63.011,1080546446,1667,0,active,1.44,,,,,0,,
sensor_combined,2026-08-07T14:59:01.492+08:00,44.046,30.246320000060223,9.05,1080555496,1667,0,active,1.44,,,,,0,,
sensor_combined,2026-08-07T14:59:01.524+08:00,44.076,29.664805999800592,31.458,1080586954,1667,0,active,1.44,,,,,0,,
sensor_combined,2026-08-07T14:59:01.553+08:00,44.107,31.628033000060896,58.558,1080645512,1667,0,active,1.44,,,,,0,,
sensor_combined,2026-08-07T14:59:01.582+08:00,44.137,29.44036100006997,8.954,1080654466,1667,0,active,1.44,,,,,0,,
sensor_combined,2026-08-07T14:59:01.615+08:00,44.166,29.48792000006506,22.504,1080676970,1667,0,active,1.44,,,,,0,,
sensor_combined,2026-08-07T14:59:01.646+08:00,44.199,32.93648699991536,67.513,1080744483,1667,0,active,1.44,,,,,0,,
failsafe_flags,2026-08-07T14:59:01.674+08:00,44.229,,,1080811213,1667,0,active,1.44,,,,,0,,"{'gcs_connection_lost': True, 'manual_control_signal_lost': True, 'offboard_control_signal_lost': True}"
sensor_combined,2026-08-07T14:59:01.705+08:00,44.258,59.097903000065344,9.001,1080753484,1667,0,active,1.44,,,,,0,,
sensor_combined,2026-08-07T14:59:01.733+08:00,44.288,29.99783999985084,54.011,1080807495,1667,0,active,1.44,,,,,0,,
sensor_combined,2026-08-07T14:59:01.763+08:00,44.317,28.88073799999802,9.001,1080816496,1667,0,active,1.44,,,,,0,,
sensor_combined,2026-08-07T14:59:01.795+08:00,44.347,30.201802999954452,22.504,1080839000,1667,0,active,1.44,,,,,0,,
sensor_combined,2026-08-07T14:59:01.823+08:00,44.378,30.576250000194705,67.513,1080906513,1667,0,active,1.44,,,,,0,,
sensor_combined,2026-08-07T14:59:01.853+08:00,44.406,28.533142000014777,9.049,1080915562,1667,0,active,1.44,,,,,0,,
sensor_combined,2026-08-07T14:59:01.882+08:00,44.436,29.683240999929694,31.458,1080947020,1667,0,active,1.44,,,,,0,,
sensor_combined,2026-08-07T14:59:01.911+08:00,44.466,29.79346200004329,67.512,1081014532,1667,0,active,1.44,,,,,0,,
sensor_combined,2026-08-07T14:59:01.941+08:00,44.495,29.21246099981545,22.505,1081037037,1667,0,active,1.44,,,,,0,,
sensor_combined,2026-08-07T14:59:01.971+08:00,44.525,29.85433400021975,9.001,1081046038,1667,0,active,1.44,,,,,0,,
sensor_combined,2026-08-07T14:59:02.001+08:00,44.555,29.60793499983083,58.511,1081104549,1667,0,active,1.44,,,,,0,,
sensor_combined,2026-08-07T14:59:02.030+08:00,44.584,29.52840400007517,31.506,1081136055,1667,0,active,1.44,,,,,0,,
sensor_combined,2026-08-07T14:59:02.059+08:00,44.613,28.909125999916796,9.002,1081145057,1667,0,active,1.44,,,,,0,,
sensor_combined,2026-08-07T14:59:02.088+08:00,44.643,30.01406700013831,22.504,1081167561,1667,0,active,1.44,,,,,0,,
sensor_combined,2026-08-07T14:59:02.117+08:00,44.672,28.9081979999537,9.001,1081176562,1667,0,active,1.44,,,,,0,,
sensor_combined,2026-08-07T14:59:02.148+08:00,44.702,29.707562999874426,9.05,1081185612,1667,0,active,1.44,,,,,0,,
sensor_combined,2026-08-07T14:59:02.177+08:00,44.732,29.82927500011101,17.955,1081203567,1667,0,active,1.44,,,,,0,,
sensor_combined,2026-08-07T14:59:02.206+08:00,44.761,29.020052000078067,13.503,1081217070,1667,0,active,1.44,,,,,0,,
sensor_combined,2026-08-07T14:59:02.236+08:00,44.790,29.506513999876915,18.003,1081235073,1667,0,active,1.44,,,,,0,,
sensor_combined,2026-08-07T14:59:02.265+08:00,44.820,29.79583100000127,9.002,1081244075,1667,0,active,1.44,,,,,0,,
sensor_combined,2026-08-07T14:59:02.294+08:00,44.849,28.795031000072413,9.049,1081253124,1667,0,active,1.44,,,,,0,,
failsafe_flags,2026-08-07T14:59:03.007+08:00,45.559,,,1081913290,1667,0,active,1.44,,,,,0,,"{'gcs_connection_lost': True, 'manual_control_signal_lost': True, 'offboard_control_signal_lost': True}"
sensor_combined,2026-08-07T14:59:03.039+08:00,45.593,744.2584430000352,1003.637,1082256761,1667,0,active,1.44,,,,,0,,
vehicle_status,2026-08-07T14:59:03.071+08:00,45.624,,,1081968119,1667,0,active,1.44,,,,,0,"{'arming_state': 1, 'nav_state': 4, 'failsafe': True}",
sensor_combined,2026-08-07T14:59:03.104+08:00,45.657,64.14145700000518,40.508,1082297269,1667,0,active,1.44,,,,,0,,
sensor_combined,2026-08-07T14:59:03.133+08:00,45.687,30.437128999892593,4.501,1082301770,1667,0,active,1.44,,,,,0,,
sensor_combined,2026-08-07T14:59:03.164+08:00,45.717,29.59314899999299,4.5,1082306270,1667,0,active,1.44,,,,,0,,
sensor_combined,2026-08-07T14:59:03.193+08:00,45.747,30.30050300003495,9.002,1082315272,1667,0,active,1.44,,,,,0,,
sensor_combined,2026-08-07T14:59:03.224+08:00,45.777,29.30405699999028,13.503,1082328775,1667,0,active,1.44,,,,,0,,
sensor_combined,2026-08-07T14:59:03.254+08:00,45.807,30.740911000066262,27.052,1082355827,1667,0,active,1.44,,,,,0,,
sensor_combined,2026-08-07T14:59:03.286+08:00,45.839,31.248495999989245,31.458,1082387285,1667,0,active,1.44,,,,,0,,
failsafe_flags,2026-08-07T14:59:03.314+08:00,45.869,,,1082464603,1667,0,active,1.44,,,,,0,,"{'gcs_connection_lost': True, 'manual_control_signal_lost': True, 'offboard_control_signal_lost': True}"
sensor_combined,2026-08-07T14:59:03.348+08:00,45.898,59.38273900005697,9.002,1082396287,1667,0,active,1.44,,,,,0,,
sensor_combined,2026-08-07T14:59:03.378+08:00,45.932,33.802901999933965,99.018,1082495305,1667,0,active,1.44,,,,,0,,
sensor_combined,2026-08-07T14:59:03.406+08:00,45.961,29.383617999883427,13.503,1082508808,1667,0,active,1.44,,,,,0,,
sensor_combined,2026-08-07T14:59:03.437+08:00,45.990,28.90400500018586,9.001,1082517809,1667,0,active,1.44,,,,,0,,
sensor_combined,2026-08-07T14:59:03.466+08:00,46.021,30.473454000002675,49.509,1082567318,1667,0,active,1.44,,,,,0,,
sensor_combined,2026-08-07T14:59:03.496+08:00,46.050,29.768786999966323,9.002,1082576320,1667,0,active,1.44,,,,,0,,
sensor_combined,2026-08-07T14:59:03.529+08:00,46.080,29.155844999877445,9.002,1082585322,1667,0,active,1.44,,,,,0,,
sensor_combined,2026-08-07T14:59:03.558+08:00,46.113,33.132417000160785,72.013,1082657335,1667,0,active,1.44,,,,,0,,
sensor_combined,2026-08-07T14:59:03.588+08:00,46.142,29.24593699981415,31.506,1082688841,1667,0,active,1.44,,,,,0,,
sensor_combined,2026-08-07T14:59:03.617+08:00,46.172,29.628353000134666,9.002,1082697843,1667,0,active,1.44,,,,,0,,
sensor_combined,2026-08-07T14:59:03.647+08:00,46.201,29.44036199983202,49.509,1082747352,1667,0,active,1.44,,,,,0,,
sensor_combined,2026-08-07T14:59:03.676+08:00,46.230,29.296567000073992,9.001,1082756353,1667,0,active,1.44,,,,,0,,
sensor_combined,2026-08-07T14:59:03.707+08:00,46.260,29.293623000057778,9.002,1082765355,1667,0,active,1.44,,,,,0,,
sensor_combined,2026-08-07T14:59:03.735+08:00,46.290,30.371999999943,63.059,1082828414,1667,0,active,1.44,,,,,0,,
sensor_combined,2026-08-07T14:59:03.765+08:00,46.319,28.706380000130594,17.956,1082846370,1667,0,active,1.44,,,,,0,,
sensor_combined,2026-08-07T14:59:03.796+08:00,46.348,29.64649999989888,9.002,1082855372,1667,0,active,1.44,,,,,0,,
sensor_combined,2026-08-07T14:59:03.825+08:00,46.380,31.3225219999822,31.505,1082886877,1667,0,active,1.44,,,,,0,,
failsafe_flags,2026-08-07T14:59:03.853+08:00,46.407,,,1083015213,1667,0,active,1.44,,,,,0,,"{'gcs_connection_lost': True, 'manual_control_signal_lost': True, 'offboard_control_signal_lost': True}"
sensor_combined,2026-08-07T14:59:03.883+08:00,46.437,57.61985799995273,18.004,1082904881,1667,0,active,1.44,,,,,0,,
sensor_combined,2026-08-07T14:59:03.912+08:00,46.467,29.795223000064652,72.013,1082976894,1667,0,active,1.44,,,,,0,,
sensor_combined,2026-08-07T14:59:03.941+08:00,46.496,28.609439000092607,40.507,1083017401,1667,0,active,1.44,,,,,0,,
sensor_combined,2026-08-07T14:59:03.974+08:00,46.525,29.12755399984235,9.004,1083026405,1667,0,active,1.44,,,,,0,,
sensor_combined,2026-08-07T14:59:04.004+08:00,46.558,33.18800700003521,58.509,1083084914,1667,0,active,1.44,,,,,0,,
sensor_combined,2026-08-07T14:59:04.034+08:00,46.588,30.244976999938444,31.506,1083116420,1667,0,active,1.44,,,,,0,,
sensor_combined,2026-08-07T14:59:04.064+08:00,46.618,29.789878000201497,31.505,1083147925,1667,0,active,1.44,,,,,0,,
sensor_combined,2026-08-07T14:59:04.094+08:00,46.648,30.24007899989556,9.002,1083156927,1667,0,active,1.44,,,,,0,,
sensor_combined,2026-08-07T14:59:04.123+08:00,46.677,29.15498199990907,9.05,1083165977,1667,0,active,1.44,,,,,0,,
sensor_combined,2026-08-07T14:59:04.152+08:00,46.706,29.085884000096485,8.954,1083174931,1667,0,active,1.44,,,,,0,,
sensor_combined,2026-08-07T14:59:04.181+08:00,46.736,29.23287899989191,31.505,1083206436,1667,0,active,1.44,,,,,0,,
sensor_combined,2026-08-07T14:59:04.211+08:00,46.765,29.048792000139656,9.002,1083215438,1667,0,active,1.44,,,,,0,,
sensor_combined,2026-08-07T14:59:04.240+08:00,46.794,29.67693599998711,13.503,1083228941,1667,0,active,1.48,,,,,0,,
sensor_combined,2026-08-07T14:59:04.269+08:00,46.824,28.962156000034156,9.001,1083237942,1667,0,active,1.48,,,,,0,,
sensor_combined,2026-08-07T14:59:04.299+08:00,46.853,30.056375999947704,9.002,1083246944,1667,0,active,1.48,,,,,0,,
sensor_combined,2026-08-07T14:59:05.017+08:00,47.569,715.5610249999427,1021.735,1084268679,1667,0,active,1.48,,,,,0,,
failsafe_flags,2026-08-07T14:59:05.050+08:00,47.601,,,1084096316,1667,0,active,1.48,,,,,0,,"{'gcs_connection_lost': True, 'manual_control_signal_lost': True, 'offboard_control_signal_lost': True}"
vehicle_status,2026-08-07T14:59:05.085+08:00,47.636,,,1083997101,1667,0,active,1.48,,,,,0,"{'arming_state': 1, 'nav_state': 4, 'failsafe': True}",
sensor_combined,2026-08-07T14:59:05.115+08:00,47.669,99.64124800012542,35.959,1084304638,1667,0,active,1.48,,,,,0,,
sensor_combined,2026-08-07T14:59:05.146+08:00,47.699,30.598397999938243,4.501,1084309139,1667,0,active,1.48,,,,,0,,
sensor_combined,2026-08-07T14:59:05.178+08:00,47.731,31.36969499996667,9.002,1084318141,1667,0,active,1.48,,,,,0,,
sensor_combined,2026-08-07T14:59:05.208+08:00,47.762,31.520787000090422,9.002,1084327143,1667,0,active,1.48,,,,,0,,
sensor_combined,2026-08-07T14:59:05.237+08:00,47.791,29.311864999954196,9.049,1084336192,1667,0,active,1.48,,,,,0,,
sensor_combined,2026-08-07T14:59:05.268+08:00,47.821,29.70765999998548,40.46,1084376652,1667,0,active,1.48,,,,,0,,
sensor_combined,2026-08-07T14:59:05.297+08:00,47.851,30.32050599995273,9.001,1084385653,1667,0,active,1.48,,,,,0,,
sensor_combined,2026-08-07T14:59:05.326+08:00,47.880,28.990032000137944,9.002,1084394655,1667,0,active,1.48,,,,,0,,
sensor_combined,2026-08-07T14:59:05.355+08:00,47.909,28.97591900000407,13.503,1084408158,1667,0,active,1.48,,,,,0,,
sensor_combined,2026-08-07T14:59:05.384+08:00,47.939,29.54395899996598,67.512,1084475670,1667,0,active,1.48,,,,,0,,
sensor_combined,2026-08-07T14:59:05.413+08:00,47.968,28.689960999827235,22.504,1084498174,1667,0,active,1.48,,,,,0,,
sensor_combined,2026-08-07T14:59:05.443+08:00,47.997,28.91741500002354,27.005,1084525179,1667,0,active,1.48,,,,,0,,
sensor_combined,2026-08-07T14:59:05.473+08:00,48.028,30.947466000043278,31.506,1084556685,1667,0,active,1.48,,,,,0,,
sensor_combined,2026-08-07T14:59:05.503+08:00,48.057,29.481775000022026,9.002,1084565687,1667,0,active,1.48,,,,,0,,
sensor_combined,2026-08-07T14:59:05.533+08:00,48.087,29.531893000012133,31.505,1084597192,1667,0,active,1.48,,,,,0,,
sensor_combined,2026-08-07T14:59:05.562+08:00,48.116,29.712140999890835,58.511,1084655703,1667,0,active,1.48,,,,,0,,
sensor_combined,2026-08-07T14:59:05.591+08:00,48.146,29.508754000062254,9.002,1084664705,1667,0,active,1.48,,,,,0,,
sensor_combined,2026-08-07T14:59:05.620+08:00,48.174,28.590557000143235,22.504,1084687209,1667,0,active,1.48,,,,,0,,
sensor_combined,2026-08-07T14:59:05.650+08:00,48.204,29.536086000007344,49.509,1084736718,1667,0,active,1.48,,,,,0,,
sensor_combined,2026-08-07T14:59:05.679+08:00,48.234,29.957387999957064,18.003,1084754721,1667,0,active,1.48,,,,,0,,
sensor_combined,2026-08-07T14:59:05.708+08:00,48.263,28.967820999923788,13.503,1084768224,1667,0,active,1.48,,,,,0,,
sensor_combined,2026-08-07T14:59:05.737+08:00,48.291,28.66986399999405,49.509,1084817733,1667,0,active,1.48,,,,,0,,
sensor_combined,2026-08-07T14:59:05.766+08:00,48.320,28.671559000031266,9.002,1084826735,1667,0,active,1.48,,,,,0,,
sensor_combined,2026-08-07T14:59:05.797+08:00,48.349,29.05496900007165,31.506,1084858241,1667,0,active,1.48,,,,,0,,
sensor_combined,2026-08-07T14:59:05.826+08:00,48.381,31.647522999946887,58.51,1084916751,1667,0,active,1.48,,,,,0,,
sensor_combined,2026-08-07T14:59:05.855+08:00,48.410,29.03115699996306,9.002,1084925753,1667,0,active,1.48,,,,,0,,
sensor_combined,2026-08-07T14:59:05.885+08:00,48.439,28.710956999930204,22.506,1084948259,1667,0,active,1.48,,,,,0,,
sensor_combined,2026-08-07T14:59:05.915+08:00,48.469,30.415430000175547,67.511,1085015770,1667,0,active,1.48,,,,,0,,
sensor_combined,2026-08-07T14:59:05.943+08:00,48.498,29.12099299987858,9.001,1085024771,1667,0,active,1.48,,,,,0,,
sensor_combined,2026-08-07T14:59:05.974+08:00,48.526,28.197098999953596,22.504,1085047275,1667,0,active,1.48,,,,,0,,
sensor_combined,2026-08-07T14:59:06.004+08:00,48.559,32.17706200007342,67.513,1085114788,1667,0,active,1.48,,,,,0,,
failsafe_flags,2026-08-07T14:59:06.033+08:00,48.587,,,1085196303,1667,0,active,1.48,,,,,0,,"{'gcs_connection_lost': True, 'manual_control_signal_lost': True, 'offboard_control_signal_lost': True}"
sensor_combined,2026-08-07T14:59:06.062+08:00,48.617,58.224800000061805,13.502,1085128290,1667,0,active,1.48,,,,,0,,
sensor_combined,2026-08-07T14:59:06.092+08:00,48.646,29.7307670000464,9.002,1085137292,1667,0,active,1.48,,,,,0,,
sensor_combined,2026-08-07T14:59:06.122+08:00,48.676,29.73166299989316,58.511,1085195803,1667,0,active,1.48,,,,,0,,
sensor_combined,2026-08-07T14:59:06.151+08:00,48.706,29.36960000010913,9.002,1085204805,1667,0,active,1.48,,,,,0,,
sensor_combined,2026-08-07T14:59:06.180+08:00,48.735,29.18493699985447,13.502,1085218307,1667,0,active,1.48,,,,,0,,
sensor_combined,2026-08-07T14:59:06.211+08:00,48.765,30.34975800005668,99.018,1085317325,1667,0,active,1.48,,,,,0,,
sensor_combined,2026-08-07T14:59:06.240+08:00,48.794,29.362080000055357,4.501,1085321826,1667,0,active,1.48,,,,,0,,
sensor_combined,2026-08-07T14:59:06.269+08:00,48.823,28.66995899989888,4.549,1085326375,1667,0,active,1.48,,,,,0,,
sensor_combined,2026-08-07T14:59:06.300+08:00,48.853,29.514387000062925,8.954,1085335329,1667,0,active,1.48,,,,,0,,
sensor_combined,2026-08-07T14:59:06.328+08:00,48.883,30.528084000025046,49.509,1085384838,1667,0,active,1.48,,,,,0,,
vehicle_status,2026-08-07T14:59:06.357+08:00,48.911,,,1085515105,1667,0,active,1.48,,,,,0,"{'arming_state': 1, 'nav_state': 4, 'failsafe': True}",
sensor_combined,2026-08-07T14:59:06.388+08:00,48.942,58.89906199990946,90.016,1085474854,1667,0,active,1.48,,,,,0,,
sensor_combined,2026-08-07T14:59:06.417+08:00,48.972,29.541431000097873,31.554,1085506408,1667,0,active,1.48,,,,,0,,
sensor_combined,2026-08-07T14:59:06.446+08:00,49.001,29.392706999942675,8.955,1085515363,1667,0,active,1.48,,,,,0,,
sensor_combined,2026-08-07T14:59:06.476+08:00,49.030,29.170439999916198,22.503,1085537866,1667,0,active,1.48,,,,,0,,
sensor_combined,2026-08-07T14:59:06.506+08:00,49.061,30.436839999993026,58.559,1085596425,1667,0,active,1.48,,,,,0,,
sensor_combined,2026-08-07T14:59:06.535+08:00,49.090,29.029493000052753,8.953,1085605378,1667,0,active,1.48,,,,,0,,
sensor_combined,2026-08-07T14:59:06.568+08:00,49.120,30.241552000006777,13.552,1085618930,1667,0,active,1.48,,,,,0,,
sensor_combined,2026-08-07T14:59:06.597+08:00,49.152,31.86156700007814,49.46,1085668390,1667,0,active,1.48,,,,,0,,
failsafe_flags,2026-08-07T14:59:06.625+08:00,49.180,,,1085746262,1667,0,active,1.48,,,,,0,,"{'gcs_connection_lost': True, 'manual_control_signal_lost': True, 'offboard_control_signal_lost': True}"
sensor_combined,2026-08-07T14:59:06.657+08:00,49.210,58.70213999992302,108.067,1085776457,1667,0,active,1.48,,,,,0,,
sensor_combined,2026-08-07T14:59:06.686+08:00,49.241,30.088476999935665,8.955,1085785412,1667,0,active,1.48,,,,,0,,
sensor_combined,2026-08-07T14:59:06.716+08:00,49.270,29.08265200017013,13.55,1085798962,1667,0,active,1.48,,,,,0,,
sensor_combined,2026-08-07T14:59:06.746+08:00,49.300,30.058423999889783,49.461,1085848423,1667,0,active,1.48,,,,,0,,
sensor_combined,2026-08-07T14:59:06.775+08:00,49.330,30.460747999995874,9.002,1085857425,1667,0,active,1.48,,,,,0,,
sensor_combined,2026-08-07T14:59:06.805+08:00,49.359,29.075706999947215,9.049,1085866474,1667,0,active,1.48,,,,,0,,
sensor_combined,2026-08-07T14:59:06.835+08:00,49.389,29.730223000115075,58.463,1085924937,1667,0,active,1.48,,,,,0,,
sensor_combined,2026-08-07T14:59:06.863+08:00,49.418,29.026260999899023,13.503,1085938440,1667,0,active,1.48,,,,,0,,
sensor_combined,2026-08-07T14:59:06.891+08:00,49.446,28.468717000123434,27.005,1085965445,1667,0,active,1.48,,,,,0,,
sensor_combined,2026-08-07T14:59:06.920+08:00,49.475,28.590269999995144,13.55,1085978995,1667,0,active,1.48,,,,,0,,
sensor_combined,2026-08-07T14:59:06.949+08:00,49.504,28.542518999984168,58.463,1086037458,1667,0,active,1.48,,,,,0,,
sensor_combined,2026-08-07T14:59:06.979+08:00,49.534,30.280468999990262,9.049,1086046507,1667,0,active,1.48,,,,,0,,
sensor_combined,2026-08-07T14:59:07.009+08:00,49.563,28.677640000069005,8.955,1086055462,1667,0,active,1.48,,,,,0,,
sensor_combined,2026-08-07T14:59:07.037+08:00,49.592,29.435912999815628,72.013,1086127475,1667,0,active,1.48,,,,,0,,
sensor_combined,2026-08-07T14:59:07.067+08:00,49.621,28.730990999974892,9.049,1086136524,1667,0,active,1.48,,,,,0,,
sensor_combined,2026-08-07T14:59:07.095+08:00,49.650,29.44964300013453,31.461,1086167985,1667,0,active,1.48,,,,,0,,
sensor_combined,2026-08-07T14:59:07.125+08:00,49.679,28.703627999902892,8.999,1086176984,1667,0,active,1.48,,,,,0,,
sensor_combined,2026-08-07T14:59:07.153+08:00,49.708,29.112255999962144,18.003,1086194987,1667,0,active,1.48,,,,,0,,
sensor_combined,2026-08-07T14:59:07.183+08:00,49.737,29.081404000180555,13.503,1086208490,1667,0,active,1.48,,,,,0,,
sensor_combined,2026-08-07T14:59:07.212+08:00,49.766,29.43895299995347,18.05,1086226540,1667,0,active,1.48,,,,,0,,
sensor_combined,2026-08-07T14:59:07.241+08:00,49.795,28.69869899996047,8.955,1086235495,1667,0,active,1.48,,,,,0,,
sensor_combined,2026-08-07T14:59:07.271+08:00,49.824,29.067386999940936,22.504,1086257999,1667,0,active,1.48,,,,,0,,
sensor_combined,2026-08-07T14:59:07.301+08:00,49.856,31.47201199999472,9.001,1086267000,1667,0,active,1.48,,,,,0,,
sensor_combined,2026-08-07T14:59:08.028+08:00,50.581,725.0301710000713,1012.687,1087279687,1667,0,active,1.48,,,,,0,,
failsafe_flags,2026-08-07T14:59:08.060+08:00,50.612,,,1086837361,1667,0,active,1.48,,,,,0,,"{'gcs_connection_lost': True, 'manual_control_signal_lost': True, 'offboard_control_signal_lost': True}"
vehicle_status,2026-08-07T14:59:08.095+08:00,50.647,,,1087035096,1667,0,active,1.48,,,,,0,"{'arming_state': 1, 'nav_state': 4, 'failsafe': True}",
sensor_combined,2026-08-07T14:59:08.127+08:00,50.680,99.55138100008298,36.007,1087315694,1667,0,active,1.48,,,,,0,,
sensor_combined,2026-08-07T14:59:08.156+08:00,50.711,30.307767999829593,4.501,1087320195,1667,0,active,1.48,,,,,0,,
sensor_combined,2026-08-07T14:59:08.189+08:00,50.740,29.64345999998841,4.5,1087324695,1667,0,active,1.48,,,,,0,,
sensor_combined,2026-08-07T14:59:08.219+08:00,50.773,32.45770600005926,13.503,1087338198,1667,0,active,1.48,,,,,0,,
failsafe_flags,2026-08-07T14:59:08.247+08:00,50.802,,,1087387234,1667,0,active,1.48,,,,,0,,"{'gcs_connection_lost': True, 'manual_control_signal_lost': True, 'offboard_control_signal_lost': True}"
sensor_combined,2026-08-07T14:59:08.278+08:00,50.831,57.85588899993854,9.002,1087347200,1667,0,active,1.48,,,,,0,,
sensor_combined,2026-08-07T14:59:08.307+08:00,50.861,30.56226500007142,31.506,1087378706,1667,0,active,1.48,,,,,0,,
vehicle_status,2026-08-07T14:59:08.335+08:00,50.889,,,1087542084,1667,0,active,1.48,,,,,0,"{'arming_state': 1, 'nav_state': 4, 'failsafe': True}",
sensor_combined,2026-08-07T14:59:08.365+08:00,50.918,57.25629200014737,9.001,1087387707,1667,0,active,1.48,,,,,0,,
sensor_combined,2026-08-07T14:59:08.394+08:00,50.949,30.193705999863596,90.017,1087477724,1667,0,active,1.48,,,,,0,,
sensor_combined,2026-08-07T14:59:08.423+08:00,50.978,28.964012999949773,9.049,1087486773,1667,0,active,1.48,,,,,0,,
sensor_combined,2026-08-07T14:59:08.452+08:00,51.006,28.815194000117117,17.956,1087504729,1667,0,active,1.48,,,,,0,,
sensor_combined,2026-08-07T14:59:08.481+08:00,51.036,29.60803099995246,72.061,1087576790,1667,0,active,1.48,,,,,0,,
sensor_combined,2026-08-07T14:59:08.510+08:00,51.065,28.73003099989546,8.954,1087585744,1667,0,active,1.48,,,,,0,,
sensor_combined,2026-08-07T14:59:08.540+08:00,51.094,29.282774000193967,22.504,1087608248,1667,0,active,1.48,,,,,0,,
sensor_combined,2026-08-07T14:59:08.570+08:00,51.124,29.525267999815696,40.507,1087648755,1667,0,active,1.48,,,,,0,,
sensor_combined,2026-08-07T14:59:08.599+08:00,51.154,30.41098200014858,27.005,1087675760,1667,0,active,1.48,,,,,0,,
sensor_combined,2026-08-07T14:59:08.629+08:00,51.183,28.858302999879015,9.002,1087684762,1667,0,active,1.48,,,,,0,,
sensor_combined,2026-08-07T14:59:08.659+08:00,51.213,29.965836999963358,63.012,1087747774,1667,0,active,1.48,,,,,0,,
sensor_combined,2026-08-07T14:59:08.688+08:00,51.242,29.398501000059696,18.003,1087765777,1667,0,active,1.48,,,,,0,,
sensor_combined,2026-08-07T14:59:08.716+08:00,51.271,28.870976999996856,9.002,1087774779,1667,0,active,1.48,,,,,0,,
sensor_combined,2026-08-07T14:59:08.745+08:00,51.300,28.676808000000165,63.011,1087837790,1667,0,active,1.48,,,,,0,,
failsafe_flags,2026-08-07T14:59:08.773+08:00,51.327,,,1087917212,1667,0,active,1.48,,,,,0,,"{'gcs_connection_lost': True, 'manual_control_signal_lost': True, 'offboard_control_signal_lost': True}"
sensor_combined,2026-08-07T14:59:08.802+08:00,51.357,57.48214499999449,9.05,1087846840,1667,0,active,1.48,,,,,0,,
sensor_combined,2026-08-07T14:59:08.833+08:00,51.386,29.29612000002635,31.458,1087878298,1667,0,active,1.48,,,,,0,,
sensor_combined,2026-08-07T14:59:08.861+08:00,51.416,29.591516999971645,40.507,1087918805,1667,0,active,1.48,,,,,0,,
sensor_combined,2026-08-07T14:59:08.890+08:00,51.445,28.858623000132866,18.051,1087936856,1667,0,active,1.48,,,,,0,,
sensor_combined,2026-08-07T14:59:08.922+08:00,51.474,29.28994299986698,8.954,1087945810,1667,0,active,1.48,,,,,0,,
sensor_combined,2026-08-07T14:59:08.950+08:00,51.505,30.91018100008114,49.509,1087995319,1667,0,active,1.48,,,,,0,,
sensor_combined,2026-08-07T14:59:08.980+08:00,51.534,28.938057000004846,13.503,1088008822,1667,0,active,1.48,,,,,0,,
sensor_combined,2026-08-07T14:59:09.011+08:00,51.565,31.18525700006103,27.005,1088035827,1667,0,active,1.48,,,,,0,,
sensor_combined,2026-08-07T14:59:09.040+08:00,51.595,29.551062999871647,90.016,1088125843,1667,0,active,1.48,,,,,0,,
sensor_combined,2026-08-07T14:59:09.070+08:00,51.624,28.96970999995574,9.002,1088134845,1667,0,active,1.48,,,,,0,,
sensor_combined,2026-08-07T14:59:09.100+08:00,51.654,29.81506600008288,31.506,1088166351,1667,0,active,1.48,,,,,0,,
sensor_combined,2026-08-07T14:59:09.129+08:00,51.683,29.59545299995625,9.002,1088175353,1667,0,active,1.48,,,,,0,,
sensor_combined,2026-08-07T14:59:09.159+08:00,51.712,29.26530000013372,22.504,1088197857,1667,0,active,1.48,,,,,0,,
sensor_combined,2026-08-07T14:59:09.188+08:00,51.742,29.58207599999696,9.049,1088206906,1667,0,active,1.48,,,,,0,,
sensor_combined,2026-08-07T14:59:09.216+08:00,51.771,29.174790999832112,17.956,1088224862,1667,0,active,1.48,,,,,0,,
sensor_combined,2026-08-07T14:59:09.245+08:00,51.800,28.631555000174558,13.502,1088238364,1667,0,active,1.44,,,,,0,,
sensor_combined,2026-08-07T14:59:09.275+08:00,51.829,28.856318999942232,27.005,1088265369,1667,0,active,1.44,,,,,0,,
sensor_combined,2026-08-07T14:59:09.305+08:00,51.859,30.174823999914224,13.503,1088278872,1667,0,active,1.44,,,,,0,,
sensor_combined,2026-08-07T14:59:10.039+08:00,52.590,731.5037650000704,1008.234,1089287106,1667,0,active,1.44,,,,,0,,
failsafe_flags,2026-08-07T14:59:10.072+08:00,52.624,,,1089009347,1667,0,active,1.44,,,,,0,,"{'gcs_connection_lost': True, 'manual_control_signal_lost': True, 'offboard_control_signal_lost': True}"
vehicle_status,2026-08-07T14:59:10.104+08:00,52.658,,,1089064083,1667,0,active,1.44,,,,,0,"{'arming_state': 1, 'nav_state': 4, 'failsafe': True}",
sensor_combined,2026-08-07T14:59:10.136+08:00,52.690,99.59487500009345,40.46,1089327566,1667,0,active,1.44,,,,,0,,
sensor_combined,2026-08-07T14:59:10.169+08:00,52.721,31.427878999920722,4.548,1089332114,1667,0,active,1.44,,,,,0,,
sensor_combined,2026-08-07T14:59:10.200+08:00,52.753,31.22020499995415,4.453,1089336567,1667,0,active,1.44,,,,,0,,
sensor_combined,2026-08-07T14:59:10.229+08:00,52.783,30.886561999977857,9.002,1089345569,1667,0,active,1.44,,,,,0,,
sensor_combined,2026-08-07T14:59:10.258+08:00,52.813,29.17027900002722,13.502,1089359071,1667,0,active,1.44,,,,,0,,
sensor_combined,2026-08-07T14:59:10.289+08:00,52.842,29.087997000033283,18.051,1089377122,1667,0,active,1.44,,,,,0,,
sensor_combined,2026-08-07T14:59:10.318+08:00,52.873,30.799799000078565,8.954,1089386076,1667,0,active,1.44,,,,,0,,
sensor_combined,2026-08-07T14:59:10.347+08:00,52.902,29.051416999891444,31.506,1089417582,1667,0,active,1.44,,,,,0,,
sensor_combined,2026-08-07T14:59:10.378+08:00,52.931,29.25515400011136,9.002,1089426584,1667,0,active,1.44,,,,,0,,
sensor_combined,2026-08-07T14:59:10.407+08:00,52.962,31.43146299998989,72.015,1089498599,1667,0,active,1.44,,,,,0,,
failsafe_flags,2026-08-07T14:59:10.435+08:00,52.990,,,1089559271,1667,0,active,1.44,,,,,0,,"{'gcs_connection_lost': True, 'manual_control_signal_lost': True, 'offboard_control_signal_lost': True}"
sensor_combined,2026-08-07T14:59:10.465+08:00,53.019,56.62974899996698,18.001,1089516600,1667,0,active,1.44,,,,,0,,
sensor_combined,2026-08-07T14:59:10.495+08:00,53.049,29.75905799985412,58.511,1089575111,1667,0,active,1.44,,,,,0,,
sensor_combined,2026-08-07T14:59:10.524+08:00,53.078,29.693451000184723,13.503,1089588614,1667,0,active,1.44,,,,,0,,
sensor_combined,2026-08-07T14:59:10.554+08:00,53.107,28.886338999882355,27.004,1089615618,1667,0,active,1.44,,,,,0,,
sensor_combined,2026-08-07T14:59:10.583+08:00,53.138,30.696874000113894,63.012,1089678630,1667,0,active,1.44,,,,,0,,
sensor_combined,2026-08-07T14:59:10.612+08:00,53.167,28.714669000009962,9.002,1089687632,1667,0,active,1.44,,,,,0,,
sensor_combined,2026-08-07T14:59:10.642+08:00,53.196,28.796567999961553,18.004,1089705636,1667,0,active,1.44,,,,,0,,
sensor_combined,2026-08-07T14:59:10.672+08:00,53.225,29.937512999822502,49.509,1089755145,1667,0,active,1.44,,,,,0,,
sensor_combined,2026-08-07T14:59:10.701+08:00,53.255,30.082171000003655,22.504,1089777649,1667,0,active,1.44,,,,,0,,
sensor_combined,2026-08-07T14:59:10.730+08:00,53.284,28.862465000202064,9.001,1089786650,1667,0,active,1.44,,,,,0,,
sensor_combined,2026-08-07T14:59:10.759+08:00,53.314,29.398595999964527,58.511,1089845161,1667,0,active,1.44,,,,,0,,
sensor_combined,2026-08-07T14:59:10.788+08:00,53.343,29.284021999956167,31.506,1089876667,1667,0,active,1.44,,,,,0,,
sensor_combined,2026-08-07T14:59:10.819+08:00,53.372,28.622689000030732,9.002,1089885669,1667,0,active,1.44,,,,,0,,
sensor_combined,2026-08-07T14:59:10.848+08:00,53.402,30.671943000015744,31.553,1089917222,1667,0,active,1.44,,,,,0,,
vehicle_status,2026-08-07T14:59:10.876+08:00,53.430,,,1090076510,1667,0,active,1.44,,,,,0,"{'arming_state': 1, 'nav_state': 4, 'failsafe': True}",
sensor_combined,2026-08-07T14:59:10.906+08:00,53.460,57.207933999961824,17.956,1089935178,1667,0,active,1.44,,,,,0,,
sensor_combined,2026-08-07T14:59:10.935+08:00,53.490,30.765875000042797,72.061,1090007239,1667,0,active,1.44,,,,,0,,
sensor_combined,2026-08-07T14:59:10.965+08:00,53.519,28.711564999866823,8.954,1090016193,1667,0,active,1.44,,,,,0,,
sensor_combined,2026-08-07T14:59:10.995+08:00,53.548,29.170535000048403,22.504,1090038697,1667,0,active,1.44,,,,,0,,
sensor_combined,2026-08-07T14:59:11.024+08:00,53.578,30.215853000072457,67.512,1090106209,1667,0,active,1.44,,,,,0,,
sensor_combined,2026-08-07T14:59:11.053+08:00,53.608,29.295318999857045,31.506,1090137715,1667,0,active,1.44,,,,,0,,
sensor_combined,2026-08-07T14:59:11.083+08:00,53.637,29.34630200002175,9.002,1090146717,1667,0,active,1.44,,,,,0,,
sensor_combined,2026-08-07T14:59:11.112+08:00,53.666,29.40003699995941,18.051,1090164768,1667,0,active,1.44,,,,,0,,
sensor_combined,2026-08-07T14:59:11.142+08:00,53.697,30.089917000168498,53.962,1090218730,1667,0,active,1.44,,,,,0,,
sensor_combined,2026-08-07T14:59:11.171+08:00,53.725,28.834651999886773,9.002,1090227732,1667,0,active,1.44,,,,,0,,
sensor_combined,2026-08-07T14:59:11.200+08:00,53.755,29.25870700005362,9.002,1090236734,1667,0,active,1.44,,,,,0,,
sensor_combined,2026-08-07T14:59:11.229+08:00,53.783,28.833212000108688,31.505,1090268239,1667,0,active,1.44,,,,,0,,
sensor_combined,2026-08-07T14:59:11.257+08:00,53.813,29.171623999900476,72.014,1090340253,1667,0,active,1.44,,,,,0,,
sensor_combined,2026-08-07T14:59:11.288+08:00,53.842,28.922312000077,4.548,1090344801,1667,0,active,1.44,,,,,0,,
sensor_combined,2026-08-07T14:59:11.321+08:00,53.873,31.661892999863994,22.504,1090367305,1667,0,active,1.44,,,,,0,,
sensor_combined,2026-08-07T14:59:11.350+08:00,53.904,31.11859099999492,31.458,1090398763,1667,0,active,1.44,,,,,0,,
sensor_combined,2026-08-07T14:59:11.378+08:00,53.933,28.842238000152065,27.005,1090425768,1667,0,active,1.44,,,,,0,,
sensor_combined,2026-08-07T14:59:11.408+08:00,53.962,29.047159999890937,9.05,1090434818,1667,0,active,1.44,,,,,0,,
sensor_combined,2026-08-07T14:59:11.437+08:00,53.991,29.065945999946052,71.966,1090506784,1667,0,active,1.44,,,,,0,,
sensor_combined,2026-08-07T14:59:11.466+08:00,54.020,29.19197799997164,18.05,1090524834,1667,0,active,1.44,,,,,0,,
sensor_combined,2026-08-07T14:59:11.499+08:00,54.054,33.05560700005117,40.46,1090565294,1667,0,active,1.44,,,,,0,,
failsafe_flags,2026-08-07T14:59:11.529+08:00,54.083,,,1090659544,1667,0,active,1.44,,,,,0,,"{'gcs_connection_lost': True, 'manual_control_signal_lost': True, 'offboard_control_signal_lost': True}"
sensor_combined,2026-08-07T14:59:11.559+08:00,54.113,59.557033000146475,22.504,1090587798,1667,0,active,1.44,,,,,0,,
sensor_combined,2026-08-07T14:59:11.588+08:00,54.143,30.37916999983281,67.513,1090655311,1667,0,active,1.44,,,,,0,,
sensor_combined,2026-08-07T14:59:11.618+08:00,54.172,28.498642000158725,13.503,1090668814,1667,0,active,1.44,,,,,0,,
sensor_combined,2026-08-07T14:59:11.648+08:00,54.202,29.874784999947224,18.003,1090686817,1667,0,active,1.44,,,,,0,,
sensor_combined,2026-08-07T14:59:11.677+08:00,54.232,29.702570999916134,81.015,1090767832,1667,0,active,1.44,,,,,0,,
sensor_combined,2026-08-07T14:59:11.707+08:00,54.261,29.148709000082818,18.003,1090785835,1667,0,active,1.44,,,,,0,,
sensor_combined,2026-08-07T14:59:11.737+08:00,54.291,30.123680999849967,9.05,1090794885,1667,0,active,1.44,,,,,0,,
sensor_combined,2026-08-07T14:59:11.768+08:00,54.321,30.62156800001503,62.963,1090857848,1667,0,active,1.44,,,,,0,,
sensor_combined,2026-08-07T14:59:11.798+08:00,54.352,30.84649300012643,27.053,1090884901,1667,0,active,1.44,,,,,0,,
sensor_combined,2026-08-07T14:59:11.828+08:00,54.381,29.170375999910902,13.455,1090898356,1667,0,active,1.44,,,,,0,,
sensor_combined,2026-08-07T14:59:11.858+08:00,54.413,31.260817999964274,27.005,1090925361,1667,0,active,1.44,,,,,0,,
vehicle_status,2026-08-07T14:59:11.888+08:00,54.442,,,1091088086,1667,0,active,1.44,,,,,0,"{'arming_state': 1, 'nav_state': 4, 'failsafe': True}",
sensor_combined,2026-08-07T14:59:11.918+08:00,54.472,58.89240500005144,22.504,1090947865,1667,0,active,1.44,,,,,0,,
sensor_combined,2026-08-07T14:59:11.948+08:00,54.502,30.09551700006341,81.015,1091028880,1667,0,active,1.44,,,,,0,,
sensor_combined,2026-08-07T14:59:11.979+08:00,54.532,30.23006299986264,18.003,1091046883,1667,0,active,1.44,,,,,0,,
sensor_combined,2026-08-07T14:59:12.009+08:00,54.562,30.07065000019793,9.002,1091055885,1667,0,active,1.44,,,,,0,,
sensor_combined,2026-08-07T14:59:12.037+08:00,54.592,30.113278999806425,63.012,1091118897,1667,0,active,1.44,,,,,0,,
failsafe_flags,2026-08-07T14:59:12.067+08:00,54.620,,,1091209442,1667,0,active,1.44,,,,,0,,"{'gcs_connection_lost': True, 'manual_control_signal_lost': True, 'offboard_control_signal_lost': True}"
sensor_combined,2026-08-07T14:59:12.098+08:00,54.651,58.67554600013136,27.005,1091145902,1667,0,active,1.44,,,,,0,,
sensor_combined,2026-08-07T14:59:12.127+08:00,54.681,30.37216100005935,9.049,1091154951,1667,0,active,1.44,,,,,0,,
sensor_combined,2026-08-07T14:59:12.156+08:00,54.710,29.170822999958546,22.504,1091177455,1667,0,active,1.44,,,,,0,,
sensor_combined,2026-08-07T14:59:12.185+08:00,54.740,29.41277399986575,8.954,1091186409,1667,0,active,1.44,,,,,0,,
sensor_combined,2026-08-07T14:59:12.214+08:00,54.769,29.114144999994096,31.506,1091217915,1667,0,active,1.44,,,,,0,,
sensor_combined,2026-08-07T14:59:12.243+08:00,54.797,28.525653000087914,9.002,1091226917,1667,0,active,1.44,,,,,0,,
sensor_combined,2026-08-07T14:59:12.272+08:00,54.826,28.931656999930055,9.001,1091235918,1667,0,active,1.44,,,,,0,,
sensor_combined,2026-08-07T14:59:12.301+08:00,54.855,29.161830000020927,9.05,1091244968,1667,0,active,1.44,,,,,0,,
sensor_combined,2026-08-07T14:59:12.330+08:00,54.885,29.006099000071117,31.458,1091276426,1667,0,active,1.44,,,,,0,,
sensor_combined,2026-08-07T14:59:12.359+08:00,54.914,29.022100000020146,9.002,1091285428,1667,0,active,1.44,,,,,0,,
failsafe_flags,2026-08-07T14:59:13.049+08:00,55.601,,,1091759212,1667,0,active,1.44,,,,,0,,"{'gcs_connection_lost': True, 'manual_control_signal_lost': True, 'offboard_control_signal_lost': True}"
sensor_combined,2026-08-07T14:59:13.083+08:00,55.635,721.3909259999127,1012.69,1092298118,1667,0,active,1.44,,,,,0,,
vehicle_status,2026-08-07T14:59:13.116+08:00,55.668,,,1092100116,1667,0,active,1.44,,,,,0,"{'arming_state': 1, 'nav_state': 4, 'failsafe': True}",
sensor_combined,2026-08-07T14:59:13.146+08:00,55.700,65.37182400006714,40.505,1092338623,1667,0,active,1.44,,,,,0,,
failsafe_flags,2026-08-07T14:59:13.176+08:00,55.730,,,1092309215,1667,0,active,1.44,,,,,0,,"{'gcs_connection_lost': True, 'manual_control_signal_lost': True, 'offboard_control_signal_lost': True}"
sensor_combined,2026-08-07T14:59:13.205+08:00,55.760,59.55248899999788,4.5,1092343123,1667,0,active,1.44,,,,,0,,
sensor_combined,2026-08-07T14:59:13.235+08:00,55.790,29.755569999906584,9.002,1092352125,1667,0,active,1.44,,,,,0,,
sensor_combined,2026-08-07T14:59:13.264+08:00,55.818,28.80335300005754,9.002,1092361127,1667,0,active,1.44,,,,,0,,
sensor_combined,2026-08-07T14:59:13.293+08:00,55.848,29.58738799998173,13.502,1092374629,1667,0,active,1.44,,,,,0,,
sensor_combined,2026-08-07T14:59:13.323+08:00,55.877,29.289079000136553,58.511,1092433140,1667,0,active,1.44,,,,,0,,
sensor_combined,2026-08-07T14:59:13.353+08:00,55.908,30.406724999920698,9.002,1092442142,1667,0,active,1.44,,,,,0,,
sensor_combined,2026-08-07T14:59:13.384+08:00,55.937,28.985039999952278,22.504,1092464646,1667,0,active,1.44,,,,,0,,
sensor_combined,2026-08-07T14:59:13.414+08:00,55.968,31.326009999929738,36.006,1092500652,1667,0,active,1.44,,,,,0,,
vehicle_status,2026-08-07T14:59:13.441+08:00,55.996,,,1092606086,1667,0,active,1.44,,,,,0,"{'arming_state': 1, 'nav_state': 4, 'failsafe': True}",
sensor_combined,2026-08-07T14:59:13.471+08:00,56.025,56.66738600007193,13.503,1092514155,1667,0,active,1.44,,,,,0,,
sensor_combined,2026-08-07T14:59:13.500+08:00,56.055,30.174695000141583,67.513,1092581668,1667,0,active,1.44,,,,,0,,
sensor_combined,2026-08-07T14:59:13.530+08:00,56.084,28.83157999985997,18.003,1092599671,1667,0,active,1.44,,,,,0,,
sensor_combined,2026-08-07T14:59:13.560+08:00,56.114,30.555577000086487,31.506,1092631177,1667,0,active,1.44,,,,,0,,
sensor_combined,2026-08-07T14:59:13.591+08:00,56.145,30.321881999952893,40.507,1092671684,1667,0,active,1.44,,,,,0,,
sensor_combined,2026-08-07T14:59:13.619+08:00,56.174,29.797366999900987,22.505,1092694189,1667,0,active,1.44,,,,,0,,
sensor_combined,2026-08-07T14:59:13.648+08:00,56.203,28.380514999980733,9.002,1092703191,1667,0,active,1.44,,,,,0,,
sensor_combined,2026-08-07T14:59:13.678+08:00,56.232,29.24097600021014,40.506,1092743697,1667,0,active,1.44,,,,,0,,
failsafe_flags,2026-08-07T14:59:13.705+08:00,56.260,,,1092859242,1667,0,active,1.44,,,,,0,,"{'gcs_connection_lost': True, 'manual_control_signal_lost': True, 'offboard_control_signal_lost': True}"
sensor_combined,2026-08-07T14:59:13.734+08:00,56.289,57.244835999881616,27.005,1092770702,1667,0,active,1.44,,,,,0,,
sensor_combined,2026-08-07T14:59:13.764+08:00,56.318,28.718765000121493,22.508,1092793210,1667,0,active,1.44,,,,,0,,
sensor_combined,2026-08-07T14:59:13.794+08:00,56.348,29.848765999986426,81.012,1092874222,1667,0,active,1.44,,,,,0,,
sensor_combined,2026-08-07T14:59:13.824+08:00,56.379,31.163782000021456,18.004,1092892226,1667,0,active,1.44,,,,,0,,
sensor_combined,2026-08-07T14:59:13.855+08:00,56.408,29.367488999923808,9.001,1092901227,1667,0,active,1.44,,,,,0,,
sensor_combined,2026-08-07T14:59:13.884+08:00,56.439,30.617535999908796,58.51,1092959737,1667,0,active,1.44,,,,,0,,
sensor_combined,2026-08-07T14:59:13.913+08:00,56.468,29.20967600016411,13.503,1092973240,1667,0,active,1.44,,,,,0,,
sensor_combined,2026-08-07T14:59:13.943+08:00,56.497,29.032757999857495,18.004,1092991244,1667,0,active,1.44,,,,,0,,
sensor_combined,2026-08-07T14:59:13.972+08:00,56.526,28.968174000056024,63.011,1093054255,1667,0,active,1.44,,,,,0,,
sensor_combined,2026-08-07T14:59:14.001+08:00,56.556,29.895907000081934,9.002,1093063257,1667,0,active,1.44,,,,,0,,
sensor_combined,2026-08-07T14:59:14.030+08:00,56.585,29.27672599980724,31.505,1093094762,1667,0,active,1.44,,,,,0,,
sensor_combined,2026-08-07T14:59:14.059+08:00,56.614,28.758482000057484,90.017,1093184779,1667,0,active,1.44,,,,,0,,
sensor_combined,2026-08-07T14:59:14.088+08:00,56.643,28.648485000076107,9.002,1093193781,1667,0,active,1.44,,,,,0,,
sensor_combined,2026-08-07T14:59:14.117+08:00,56.672,29.22260700006518,9.049,1093202830,1667,0,active,1.44,,,,,0,,
sensor_combined,2026-08-07T14:59:14.147+08:00,56.700,28.49265699978787,17.956,1093220786,1667,0,active,1.44,,,,,0,,
sensor_combined,2026-08-07T14:59:14.176+08:00,56.730,29.804760000160968,13.502,1093234288,1667,0,active,1.44,,,,,0,,
sensor_combined,2026-08-07T14:59:14.205+08:00,56.759,28.96033299998635,18.004,1093252292,1667,0,active,1.44,,,,,0,,
sensor_combined,2026-08-07T14:59:14.233+08:00,56.788,29.133441999874776,9.001,1093261293,1667,0,active,1.44,,,,,0,,
sensor_combined,2026-08-07T14:59:14.262+08:00,56.817,28.57644400000936,22.505,1093283798,1667,0,active,1.49,,,,,0,,
sensor_combined,2026-08-07T14:59:14.292+08:00,56.846,29.320251000171993,9.049,1093292847,1667,0,active,1.49,,,,,0,,
sensor_combined,2026-08-07T14:59:14.321+08:00,56.875,29.061560999934954,8.954,1093301801,1667,0,active,1.49,,,,,0,,
failsafe_flags,2026-08-07T14:59:15.053+08:00,57.606,,,1093949213,1667,0,active,1.49,,,,,0,,"{'gcs_connection_lost': True, 'manual_control_signal_lost': True, 'offboard_control_signal_lost': True}"
sensor_combined,2026-08-07T14:59:15.087+08:00,57.639,763.8228020000497,999.185,1094300986,1667,0,active,1.49,,,,,0,,
vehicle_status,2026-08-07T14:59:15.120+08:00,57.672,,,1094126083,1667,0,active,1.49,,,,,0,"{'arming_state': 1, 'nav_state': 4, 'failsafe': True}",
sensor_combined,2026-08-07T14:59:15.151+08:00,57.705,65.84477999990668,36.007,1094336993,1667,0,active,1.49,,,,,0,,
sensor_combined,2026-08-07T14:59:15.183+08:00,57.736,30.602014000123745,4.501,1094341494,1667,0,active,1.49,,,,,0,,
sensor_combined,2026-08-07T14:59:15.213+08:00,57.767,31.656964999910997,13.502,1094354996,1667,0,active,1.49,,,,,0,,
sensor_combined,2026-08-07T14:59:15.243+08:00,57.798,30.35817499994664,9.002,1094363998,1667,0,active,1.49,,,,,0,,
sensor_combined,2026-08-07T14:59:15.272+08:00,57.827,29.138755000076344,9.049,1094373047,1667,0,active,1.49,,,,,0,,
sensor_combined,2026-08-07T14:59:15.303+08:00,57.856,29.523252999979377,17.956,1094391003,1667,0,active,1.49,,,,,0,,
sensor_combined,2026-08-07T14:59:15.331+08:00,57.886,29.980845999943995,22.504,1094413507,1667,0,active,1.49,,,,,0,,
sensor_combined,2026-08-07T14:59:15.362+08:00,57.916,29.733648000046742,18.003,1094431510,1667,0,active,1.49,,,,,0,,
sensor_combined,2026-08-07T14:59:15.394+08:00,57.946,29.648228000041854,13.503,1094445013,1667,0,active,1.49,,,,,0,,
sensor_combined,2026-08-07T14:59:15.423+08:00,57.978,32.00766500003738,58.511,1094503524,1667,0,active,1.49,,,,,0,,
vehicle_status,2026-08-07T14:59:15.450+08:00,58.005,,,1094632087,1667,0,active,1.49,,,,,0,"{'arming_state': 1, 'nav_state': 4, 'failsafe': True}",
sensor_combined,2026-08-07T14:59:15.481+08:00,58.034,56.25907799981178,9.001,1094512525,1667,0,active,1.49,,,,,0,,
sensor_combined,2026-08-07T14:59:15.508+08:00,58.064,30.134530000168525,81.015,1094593540,1667,0,active,1.49,,,,,0,,
sensor_combined,2026-08-07T14:59:15.537+08:00,58.092,27.87542700002632,9.002,1094602542,1667,0,active,1.49,,,,,0,,
sensor_combined,2026-08-07T14:59:15.569+08:00,58.121,29.503761999876588,22.506,1094625048,1667,0,active,1.49,,,,,0,,
sensor_combined,2026-08-07T14:59:15.599+08:00,58.153,31.990223000093465,49.507,1094674555,1667,0,active,1.49,,,,,0,,
sensor_combined,2026-08-07T14:59:15.627+08:00,58.182,29.046647999848574,27.005,1094701560,1667,0,active,1.49,,,,,0,,
sensor_combined,2026-08-07T14:59:15.656+08:00,58.211,28.55701700013924,13.503,1094715063,1667,0,active,1.49,,,,,0,,
sensor_combined,2026-08-07T14:59:15.685+08:00,58.240,28.736303999949087,58.511,1094773574,1667,0,active,1.49,,,,,0,,
sensor_combined,2026-08-07T14:59:15.714+08:00,58.269,29.28456599988749,18.003,1094791577,1667,0,active,1.49,,,,,0,,
sensor_combined,2026-08-07T14:59:15.744+08:00,58.298,29.008435000150712,13.502,1094805079,1667,0,active,1.49,,,,,0,,
sensor_combined,2026-08-07T14:59:15.773+08:00,58.327,29.242704999887792,49.51,1094854589,1667,0,active,1.49,,,,,0,,
sensor_combined,2026-08-07T14:59:15.802+08:00,58.357,29.505362000008972,9.001,1094863590,1667,0,active,1.49,,,,,0,,
sensor_combined,2026-08-07T14:59:15.831+08:00,58.386,29.307097000128124,31.506,1094895096,1667,0,active,1.49,,,,,0,,
sensor_combined,2026-08-07T14:59:15.860+08:00,58.415,28.749714000014137,67.513,1094962609,1667,0,active,1.49,,,,,0,,
failsafe_flags,2026-08-07T14:59:15.888+08:00,58.443,,,1095029542,1667,0,active,1.49,,,,,0,,"{'gcs_connection_lost': True, 'manual_control_signal_lost': True, 'offboard_control_signal_lost': True}"
sensor_combined,2026-08-07T14:59:15.918+08:00,58.472,57.20188599980247,9.001,1094971610,1667,0,active,1.49,,,,,0,,
sensor_combined,2026-08-07T14:59:15.950+08:00,58.503,30.551799000022584,63.012,1095034622,1667,0,active,1.49,,,,,0,,
sensor_combined,2026-08-07T14:59:15.979+08:00,58.533,30.856319000122312,18.003,1095052625,1667,0,active,1.49,,,,,0,,
sensor_combined,2026-08-07T14:59:16.009+08:00,58.562,28.916487000060442,9.002,1095061627,1667,0,active,1.49,,,,,0,,
sensor_combined,2026-08-07T14:59:16.039+08:00,58.593,30.310360999919794,90.017,1095151644,1667,0,active,1.49,,,,,0,,
sensor_combined,2026-08-07T14:59:16.067+08:00,58.622,29.470509000020684,13.502,1095165146,1667,0,active,1.49,,,,,0,,
sensor_combined,2026-08-07T14:59:16.096+08:00,58.651,28.727919999937512,18.051,1095183197,1667,0,active,1.49,,,,,0,,
sensor_combined,2026-08-07T14:59:16.125+08:00,58.680,28.73937599997589,8.954,1095192151,1667,0,active,1.49,,,,,0,,
sensor_combined,2026-08-07T14:59:16.153+08:00,58.708,28.667046999999002,22.504,1095214655,1667,0,active,1.49,,,,,0,,
sensor_combined,2026-08-07T14:59:16.183+08:00,58.737,28.354592000141565,9.002,1095223657,1667,0,active,1.49,,,,,0,,
sensor_combined,2026-08-07T14:59:16.212+08:00,58.767,30.450090999920576,9.002,1095232659,1667,0,active,1.49,,,,,0,,
sensor_combined,2026-08-07T14:59:16.241+08:00,58.795,28.354046999993443,22.504,1095255163,1667,0,active,1.49,,,,,0,,
sensor_combined,2026-08-07T14:59:16.269+08:00,58.824,28.809753999894383,9.001,1095264164,1667,0,active,1.49,,,,,0,,
sensor_combined,2026-08-07T14:59:16.298+08:00,58.853,28.449291000015364,18.004,1095282168,1667,0,active,1.49,,,,,0,,
sensor_combined,2026-08-07T14:59:16.327+08:00,58.882,29.205612000168912,9.002,1095291170,1667,0,active,1.49,,,,,0,,
failsafe_flags,2026-08-07T14:59:17.054+08:00,59.607,,,1096129213,1667,0,active,1.49,,,,,0,,"{'gcs_connection_lost': True, 'manual_control_signal_lost': True, 'offboard_control_signal_lost': True}"
sensor_combined,2026-08-07T14:59:17.087+08:00,59.640,757.9134739999063,1012.687,1096303857,1667,0,active,1.49,,,,,0,,
vehicle_status,2026-08-07T14:59:17.117+08:00,59.671,,,1096151250,1667,0,active,1.49,,,,,0,"{'arming_state': 1, 'nav_state': 4, 'failsafe': True}",
sensor_combined,2026-08-07T14:59:17.148+08:00,59.702,62.13368299995636,36.007,1096339864,1667,0,active,1.49,,,,,0,,
sensor_combined,2026-08-07T14:59:17.178+08:00,59.731,29.53771800002869,4.501,1096344365,1667,0,active,1.49,,,,,0,,
sensor_combined,2026-08-07T14:59:17.208+08:00,59.762,30.46484500009683,9.049,1096353414,1667,0,active,1.49,,,,,0,,
sensor_combined,2026-08-07T14:59:17.238+08:00,59.792,30.02946099991277,13.455,1096366869,1667,0,active,1.49,,,,,0,,
sensor_combined,2026-08-07T14:59:17.266+08:00,59.821,29.27528500003973,9.05,1096375919,1667,0,active,1.49,,,,,0,,
sensor_combined,2026-08-07T14:59:17.297+08:00,59.850,28.67616799994721,31.458,1096407377,1667,0,active,1.49,,,,,0,,
sensor_combined,2026-08-07T14:59:17.326+08:00,59.881,31.016755000109697,18.003,1096425380,1667,0,active,1.49,,,,,0,,
sensor_combined,2026-08-07T14:59:17.355+08:00,59.910,29.12563399991086,9.002,1096434382,1667,0,active,1.49,,,,,0,,
sensor_combined,2026-08-07T14:59:17.386+08:00,59.939,29.098302999955195,31.553,1096465935,1667,0,active,1.49,,,,,0,,
sensor_combined,2026-08-07T14:59:17.415+08:00,59.970,31.282900999940466,71.966,1096537901,1667,0,active,1.49,,,,,0,,
sensor_combined,2026-08-07T14:59:17.444+08:00,59.999,28.43469700019341,9.002,1096546903,1667,0,active,1.49,,,,,0,,
sensor_combined,2026-08-07T14:59:17.473+08:00,60.027,28.524661999881573,9.049,1096555952,1667,0,active,1.49,,,,,0,,
sensor_combined,2026-08-07T14:59:17.503+08:00,60.058,30.466732000149932,40.46,1096596412,1667,0,active,1.49,,,,,0,,
failsafe_flags,2026-08-07T14:59:17.532+08:00,60.086,,,1096679292,1667,0,active,1.49,,,,,0,,"{'gcs_connection_lost': True, 'manual_control_signal_lost': True, 'offboard_control_signal_lost': True}"
sensor_combined,2026-08-07T14:59:17.561+08:00,60.116,57.973184999809746,18.003,1096614415,1667,0,active,1.49,,,,,0,,
sensor_combined,2026-08-07T14:59:17.594+08:00,60.147,30.70093800010909,49.509,1096663924,1667,0,active,1.49,,,,,0,,
sensor_combined,2026-08-07T14:59:17.623+08:00,60.178,31.253009000010934,31.506,1096695430,1667,0,active,1.49,,,,,0,,
sensor_combined,2026-08-07T14:59:17.652+08:00,60.207,28.780630000028395,31.506,1096726936,1667,0,active,1.49,,,,,0,,
sensor_combined,2026-08-07T14:59:17.682+08:00,60.236,29.389507999894704,27.005,1096753941,1667,0,active,1.49,,,,,0,,
sensor_combined,2026-08-07T14:59:17.712+08:00,60.267,30.921606999982032,31.506,1096785447,1667,0,active,1.49,,,,,0,,
sensor_combined,2026-08-07T14:59:17.741+08:00,60.295,28.486800000109724,9.002,1096794449,1667,0,active,1.49,,,,,0,,
sensor_combined,2026-08-07T14:59:17.770+08:00,60.325,29.66611900001226,72.013,1096866462,1667,0,active,1.49,,,,,0,,
sensor_combined,2026-08-07T14:59:17.800+08:00,60.354,28.98712000001069,18.003,1096884465,1667,0,active,1.49,,,,,0,,
sensor_combined,2026-08-07T14:59:17.828+08:00,60.383,28.9659009999923,13.503,1096897968,1667,0,active,1.49,,,,,0,,
sensor_combined,2026-08-07T14:59:17.857+08:00,60.412,28.53435899987744,18.051,1096916019,1667,0,active,1.49,,,,,0,,
sensor_combined,2026-08-07T14:59:17.887+08:00,60.440,28.703628000130266,40.46,1096956479,1667,0,active,1.49,,,,,0,,
sensor_combined,2026-08-07T14:59:17.915+08:00,60.470,29.766835999907926,31.505,1096987984,1667,0,active,1.49,,,,,0,,
sensor_combined,2026-08-07T14:59:17.946+08:00,60.499,28.553752000107124,9.002,1096996986,1667,0,active,1.49,,,,,0,,
sensor_combined,2026-08-07T14:59:17.975+08:00,60.529,30.83964500001457,58.511,1097055497,1667,0,active,1.49,,,,,0,,
sensor_combined,2026-08-07T14:59:18.004+08:00,60.559,29.375489999893034,22.504,1097078001,1667,0,active,1.49,,,,,0,,
sensor_combined,2026-08-07T14:59:18.035+08:00,60.588,29.043319000038537,9.002,1097087003,1667,0,active,1.49,,,,,0,,
sensor_combined,2026-08-07T14:59:18.064+08:00,60.619,31.251248999978998,108.02,1097195023,1667,0,active,1.49,,,,,0,,
sensor_combined,2026-08-07T14:59:18.093+08:00,60.647,28.029141999923013,9.001,1097204024,1667,0,active,1.49,,,,,0,,
sensor_combined,2026-08-07T14:59:18.122+08:00,60.676,29.42701599999964,13.503,1097217527,1667,0,active,1.49,,,,,0,,
sensor_combined,2026-08-07T14:59:18.152+08:00,60.705,28.651717999991888,9.002,1097226529,1667,0,active,1.49,,,,,0,,
sensor_combined,2026-08-07T14:59:18.181+08:00,60.736,30.364800000143077,31.505,1097258034,1667,0,active,1.49,,,,,0,,
sensor_combined,2026-08-07T14:59:18.209+08:00,60.764,28.81215299998985,9.002,1097267036,1667,0,active,1.49,,,,,0,,
sensor_combined,2026-08-07T14:59:18.238+08:00,60.793,28.5956149998583,9.05,1097276086,1667,0,active,1.49,,,,,0,,
sensor_combined,2026-08-07T14:59:18.267+08:00,60.822,28.62691400014228,80.967,1097357053,1667,0,active,1.49,,,,,0,,
sensor_combined,2026-08-07T14:59:18.296+08:00,60.850,28.770644999895012,9.049,1097366102,1667,0,active,1.49,,,,,0,,
sensor_combined,2026-08-07T14:59:18.325+08:00,60.879,28.679785000122138,8.954,1097375056,1667,0,active,1.49,,,,,0,,
sensor_combined,2026-08-07T14:59:18.354+08:00,60.909,29.630369999949835,72.014,1097447070,1667,0,active,1.49,,,,,0,,
sensor_combined,2026-08-07T14:59:18.383+08:00,60.938,29.22385400006533,9.049,1097456119,1667,0,active,1.49,,,,,0,,
sensor_combined,2026-08-07T14:59:18.412+08:00,60.966,28.625473999909445,31.458,1097487577,1667,0,active,1.49,,,,,0,,
sensor_combined,2026-08-07T14:59:18.440+08:00,60.995,28.602047000049424,27.005,1097514582,1667,0,active,1.49,,,,,0,,
sensor_combined,2026-08-07T14:59:18.469+08:00,61.023,28.071579999959795,31.554,1097546136,1667,0,active,1.49,,,,,0,,
sensor_combined,2026-08-07T14:59:18.499+08:00,61.052,29.16819899996881,8.954,1097555090,1667,0,active,1.49,,,,,0,,
sensor_combined,2026-08-07T14:59:18.529+08:00,61.083,30.478607000077318,49.509,1097604599,1667,0,active,1.49,,,,,0,,
vehicle_status,2026-08-07T14:59:18.557+08:00,61.112,,,1097672099,1667,0,active,1.49,,,,,0,"{'arming_state': 1, 'nav_state': 4, 'failsafe': True}",
sensor_combined,2026-08-07T14:59:18.587+08:00,61.140,57.583437999937814,9.049,1097613648,1667,0,active,1.49,,,,,0,,
sensor_combined,2026-08-07T14:59:18.616+08:00,61.171,30.39904399997795,103.472,1097717120,1667,0,active,1.49,,,,,0,,
failsafe_flags,2026-08-07T14:59:18.645+08:00,61.199,,,1097771458,1667,0,active,1.49,,,,,0,,"{'gcs_connection_lost': True, 'manual_control_signal_lost': True, 'offboard_control_signal_lost': True}"
sensor_combined,2026-08-07T14:59:18.674+08:00,61.228,57.395799000005354,18.003,1097735123,1667,0,active,1.49,,,,,0,,
sensor_combined,2026-08-07T14:59:18.704+08:00,61.258,30.172807000099056,72.014,1097807137,1667,0,active,1.49,,,,,0,,
sensor_combined,2026-08-07T14:59:18.733+08:00,61.287,28.741776999822832,9.049,1097816186,1667,0,active,1.49,,,,,0,,
sensor_combined,2026-08-07T14:59:18.763+08:00,61.317,29.915143000152966,8.954,1097825140,1667,0,active,1.49,,,,,0,,
sensor_combined,2026-08-07T14:59:18.794+08:00,61.346,29.338716999973258,58.558,1097883698,1667,0,active,1.49,,,,,0,,
sensor_combined,2026-08-07T14:59:18.823+08:00,61.377,30.99623999992218,13.455,1097897153,1667,0,active,1.49,,,,,0,,
sensor_combined,2026-08-07T14:59:18.853+08:00,61.407,29.40877400010322,9.05,1097906203,1667,0,active,1.49,,,,,0,,
sensor_combined,2026-08-07T14:59:18.883+08:00,61.437,29.8376289999851,58.463,1097964666,1667,0,active,1.49,,,,,0,,
sensor_combined,2026-08-07T14:59:18.911+08:00,61.466,29.409669999949983,9.049,1097973715,1667,0,active,1.49,,,,,0,,
sensor_combined,2026-08-07T14:59:18.940+08:00,61.494,27.896005000002333,31.458,1098005173,1667,0,active,1.49,,,,,0,,
sensor_combined,2026-08-07T14:59:18.968+08:00,61.523,29.26437199994325,58.559,1098063732,1667,0,active,1.49,,,,,0,,
sensor_combined,2026-08-07T14:59:18.997+08:00,61.551,28.143204000116384,13.455,1098077187,1667,0,active,1.49,,,,,0,,
sensor_combined,2026-08-07T14:59:19.027+08:00,61.581,29.225838999991538,18.003,1098095190,1667,0,active,1.49,,,,,0,,
sensor_combined,2026-08-07T14:59:19.058+08:00,61.611,30.288182000049346,72.014,1098167204,1667,0,active,1.49,,,,,0,,
sensor_combined,2026-08-07T14:59:19.087+08:00,61.641,30.426343999806704,9.049,1098176253,1667,0,active,1.49,,,,,0,,
sensor_combined,2026-08-07T14:59:19.116+08:00,61.671,29.258099000117,17.955,1098194208,1667,0,active,1.49,,,,,0,,
sensor_combined,2026-08-07T14:59:19.146+08:00,61.699,28.84127700008321,13.503,1098207711,1667,0,active,1.49,,,,,0,,
sensor_combined,2026-08-07T14:59:19.175+08:00,61.730,30.5658819997916,58.558,1098266269,1667,0,active,1.49,,,,,0,,
failsafe_flags,2026-08-07T14:59:19.204+08:00,61.758,,,1098321572,1667,0,active,1.49,,,,,0,,"{'gcs_connection_lost': True, 'manual_control_signal_lost': True, 'offboard_control_signal_lost': True}"
sensor_combined,2026-08-07T14:59:19.233+08:00,61.787,57.185820000086096,8.955,1098275224,1667,0,active,1.49,,,,,0,,
sensor_combined,2026-08-07T14:59:19.263+08:00,61.817,30.127874000072552,90.016,1098365240,1667,0,active,1.45,,,,,0,,
sensor_combined,2026-08-07T14:59:19.293+08:00,61.847,29.453867000029277,13.55,1098378790,1667,0,active,1.45,,,,,0,,
sensor_combined,2026-08-07T14:59:19.323+08:00,61.876,29.3851869998889,8.954,1098387744,1667,0,active,1.45,,,,,0,,
sensor_combined,2026-08-07T14:59:19.352+08:00,61.907,30.731438999964666,58.559,1098446303,1667,0,active,1.45,,,,,0,,
sensor_combined,2026-08-07T14:59:19.381+08:00,61.936,28.824410999959582,8.954,1098455257,1667,0,active,1.45,,,,,0,,
sensor_combined,2026-08-07T14:59:19.411+08:00,61.965,29.35497600014969,31.506,1098486763,1667,0,active,1.45,,,,,0,,
sensor_combined,2026-08-07T14:59:19.439+08:00,61.995,29.784020999841232,31.506,1098518269,1667,0,active,1.45,,,,,0,,
sensor_combined,2026-08-07T14:59:19.468+08:00,62.023,28.188363000026584,9.001,1098527270,1667,0,active,1.45,,,,,0,,
sensor_combined,2026-08-07T14:59:19.498+08:00,62.052,28.884355000172945,31.554,1098558824,1667,0,active,1.45,,,,,0,,
sensor_combined,2026-08-07T14:59:19.529+08:00,62.083,31.37916899981974,26.957,1098585781,1667,0,active,1.45,,,,,0,,
vehicle_status,2026-08-07T14:59:19.557+08:00,62.112,,,1098684143,1667,0,active,1.45,,,,,0,"{'arming_state': 1, 'nav_state': 4, 'failsafe': True}",
sensor_combined,2026-08-07T14:59:19.587+08:00,62.141,57.94655700015028,22.504,1098608285,1667,0,active,1.45,,,,,0,,
sensor_combined,2026-08-07T14:59:19.615+08:00,62.170,29.200876000004428,99.019,1098707304,1667,0,active,1.45,,,,,0,,
sensor_combined,2026-08-07T14:59:19.644+08:00,62.199,28.545302999873456,9.049,1098716353,1667,0,active,1.45,,,,,0,,
sensor_combined,2026-08-07T14:59:19.673+08:00,62.228,28.78507900004479,22.506,1098738859,1667,0,active,1.45,,,,,0,,
sensor_combined,2026-08-07T14:59:19.701+08:00,62.256,28.40653399994153,49.46,1098788319,1667,0,active,1.45,,,,,0,,
sensor_combined,2026-08-07T14:59:19.730+08:00,62.285,28.599647000191908,18.051,1098806370,1667,0,active,1.45,,,,,0,,
sensor_combined,2026-08-07T14:59:19.759+08:00,62.313,28.318106999904558,8.954,1098815324,1667,0,active,1.45,,,,,0,,
sensor_combined,2026-08-07T14:59:19.788+08:00,62.343,29.65344499989442,63.012,1098878336,1667,0,active,1.45,,,,,0,,
sensor_combined,2026-08-07T14:59:19.817+08:00,62.372,29.04655200018169,9.001,1098887337,1667,0,active,1.45,,,,,0,,
sensor_combined,2026-08-07T14:59:19.845+08:00,62.400,28.719277999925907,18.004,1098905341,1667,0,active,1.45,,,,,0,,
sensor_combined,2026-08-07T14:59:19.875+08:00,62.430,29.41367099992931,40.507,1098945848,1667,0,active,1.45,,,,,0,,
sensor_combined,2026-08-07T14:59:19.904+08:00,62.459,29.24878500016348,31.506,1098977354,1667,0,active,1.45,,,,,0,,
sensor_combined,2026-08-07T14:59:19.933+08:00,62.488,28.521684999986974,9.049,1098986403,1667,0,active,1.45,,,,,0,,
sensor_combined,2026-08-07T14:59:19.963+08:00,62.517,29.581691999965187,22.505,1099008908,1667,0,active,1.45,,,,,0,,
sensor_combined,2026-08-07T14:59:19.992+08:00,62.546,29.177320999906442,26.957,1099035865,1667,0,active,1.45,,,,,0,,
sensor_combined,2026-08-07T14:59:20.021+08:00,62.575,28.975310000078025,9.001,1099044866,1667,0,active,1.45,,,,,0,,
sensor_combined,2026-08-07T14:59:20.051+08:00,62.605,30.059128999937457,22.505,1099067371,1667,0,active,1.45,,,,,0,,
sensor_combined,2026-08-07T14:59:20.079+08:00,62.635,29.60377499994138,99.066,1099166437,1667,0,active,1.45,,,,,0,,
sensor_combined,2026-08-07T14:59:20.109+08:00,62.664,28.681386000016573,8.954,1099175391,1667,0,active,1.45,,,,,0,,
sensor_combined,2026-08-07T14:59:20.137+08:00,62.692,28.471566000007442,22.504,1099197895,1667,0,active,1.45,,,,,0,,
sensor_combined,2026-08-07T14:59:20.166+08:00,62.721,28.38313899997047,9.002,1099206897,1667,0,active,1.45,,,,,0,,
sensor_combined,2026-08-07T14:59:20.197+08:00,62.750,29.504787000178112,31.505,1099238402,1667,0,active,1.45,,,,,0,,
sensor_combined,2026-08-07T14:59:20.226+08:00,62.780,30.34921299990856,9.002,1099247404,1667,0,active,1.45,,,,,0,,
sensor_combined,2026-08-07T14:59:20.255+08:00,62.810,29.42400799997813,18.003,1099265407,1667,0,active,1.45,,,,,0,,
sensor_combined,2026-08-07T14:59:20.284+08:00,62.839,28.99496200006979,9.002,1099274409,1667,0,active,1.45,,,,,0,,
sensor_combined,2026-08-07T14:59:20.313+08:00,62.868,29.10239899983935,22.506,1099296915,1667,0,active,1.45,,,,,0,,
sensor_combined,2026-08-07T14:59:20.341+08:00,62.897,28.60905600005026,9.0,1099305915,1667,0,active,1.45,,,,,0,,
sensor_combined,2026-08-07T14:59:21.060+08:00,63.612,715.2833360000841,1003.687,1100309602,1667,0,active,1.45,,,,,0,,
failsafe_flags,2026-08-07T14:59:21.091+08:00,63.643,,,1099942330,1667,0,active,1.45,,,,,0,,"{'gcs_connection_lost': True, 'manual_control_signal_lost': True, 'offboard_control_signal_lost': True}"
vehicle_status,2026-08-07T14:59:21.123+08:00,63.676,,,1100206122,1667,0,active,1.45,,,,,0,"{'arming_state': 1, 'nav_state': 4, 'failsafe': True}",
sensor_combined,2026-08-07T14:59:21.155+08:00,63.708,96.4856159998817,36.006,1100345608,1667,0,active,1.45,,,,,0,,
sensor_combined,2026-08-07T14:59:21.185+08:00,63.739,30.63376199997947,4.501,1100350109,1667,0,active,1.45,,,,,0,,
sensor_combined,2026-08-07T14:59:21.214+08:00,63.768,29.556921000221337,4.501,1100354610,1667,0,active,1.45,,,,,0,,
sensor_combined,2026-08-07T14:59:21.244+08:00,63.799,30.532852999840543,13.503,1100368113,1667,0,active,1.45,,,,,0,,
sensor_combined,2026-08-07T14:59:21.273+08:00,63.828,28.605984000023454,27.005,1100395118,1667,0,active,1.45,,,,,0,,
sensor_combined,2026-08-07T14:59:21.306+08:00,63.857,29.115969000031328,13.502,1100408620,1667,0,active,1.45,,,,,0,,
sensor_combined,2026-08-07T14:59:21.336+08:00,63.890,33.65923599994858,18.051,1100426671,1667,0,active,1.45,,,,,0,,
failsafe_flags,2026-08-07T14:59:21.363+08:00,63.918,,,1100492794,1667,0,active,1.45,,,,,0,,"{'gcs_connection_lost': True, 'manual_control_signal_lost': True, 'offboard_control_signal_lost': True}"
sensor_combined,2026-08-07T14:59:21.393+08:00,63.947,56.82356500005881,8.954,1100435625,1667,0,active,1.45,,,,,0,,
sensor_combined,2026-08-07T14:59:21.424+08:00,63.978,30.781526000055237,90.017,1100525642,1667,0,active,1.45,,,,,0,,
sensor_combined,2026-08-07T14:59:21.453+08:00,64.007,29.254033999905005,9.001,1100534643,1667,0,active,1.45,,,,,0,,
sensor_combined,2026-08-07T14:59:21.485+08:00,64.037,29.407909999918047,13.503,1100548146,1667,0,active,1.45,,,,,0,,
sensor_combined,2026-08-07T14:59:21.514+08:00,64.069,32.017651000160186,58.558,1100606704,1667,0,active,1.45,,,,,0,,
sensor_combined,2026-08-07T14:59:21.542+08:00,64.098,29.024020999941058,17.956,1100624660,1667,0,active,1.45,,,,,0,,
sensor_combined,2026-08-07T14:59:21.572+08:00,64.126,27.85750399993958,13.503,1100638163,1667,0,active,1.45,,,,,0,,
sensor_combined,2026-08-07T14:59:21.601+08:00,64.156,30.330427000080817,49.509,1100687672,1667,0,active,1.45,,,,,0,,
sensor_combined,2026-08-07T14:59:21.630+08:00,64.185,29.17155999989518,9.049,1100696721,1667,0,active,1.45,,,,,0,,
sensor_combined,2026-08-07T14:59:21.659+08:00,64.214,28.94036300017433,31.459,1100728180,1667,0,active,1.45,,,,,0,,
sensor_combined,2026-08-07T14:59:21.690+08:00,64.243,28.980303000025742,27.005,1100755185,1667,0,active,1.45,,,,,0,,
sensor_combined,2026-08-07T14:59:21.718+08:00,64.273,30.49492799982545,13.502,1100768687,1667,0,active,1.45,,,,,0,,
sensor_combined,2026-08-07T14:59:21.749+08:00,64.302,28.170473000045604,27.005,1100795692,1667,0,active,1.45,,,,,0,,
sensor_combined,2026-08-07T14:59:21.778+08:00,64.332,30.732462000059968,90.017,1100885709,1667,0,active,1.45,,,,,0,,
sensor_combined,2026-08-07T14:59:21.808+08:00,64.362,29.333756999903926,9.001,1100894710,1667,0,active,1.45,,,,,0,,
sensor_combined,2026-08-07T14:59:21.838+08:00,64.392,30.57080999997197,31.506,1100926216,1667,0,active,1.45,,,,,0,,
sensor_combined,2026-08-07T14:59:21.867+08:00,64.422,29.690154000036273,31.506,1100957722,1667,0,active,1.45,,,,,0,,
sensor_combined,2026-08-07T14:59:21.897+08:00,64.451,29.11875300014799,9.049,1100966771,1667,0,active,1.45,,,,,0,,
sensor_combined,2026-08-07T14:59:21.928+08:00,64.481,29.60940799994205,17.956,1100984727,1667,0,active,1.45,,,,,0,,
sensor_combined,2026-08-07T14:59:21.958+08:00,64.512,31.186792999960744,81.015,1101065742,1667,0,active,1.45,,,,,0,,
sensor_combined,2026-08-07T14:59:21.988+08:00,64.542,29.843612999911784,22.504,1101088246,1667,0,active,1.45,,,,,0,,
sensor_combined,2026-08-07T14:59:22.019+08:00,64.572,30.36806400018577,9.002,1101097248,1667,0,active,1.45,,,,,0,,
sensor_combined,2026-08-07T14:59:22.049+08:00,64.603,31.07913199983159,49.557,1101146805,1667,0,active,1.45,,,,,0,,
vehicle_status,2026-08-07T14:59:22.078+08:00,64.632,,,1101219133,1667,0,active,1.45,,,,,0,"{'arming_state': 1, 'nav_state': 4, 'failsafe': True}",
sensor_combined,2026-08-07T14:59:22.106+08:00,64.661,57.95132499997635,40.46,1101187265,1667,0,active,1.45,,,,,0,,
sensor_combined,2026-08-07T14:59:22.135+08:00,64.689,28.333084999985658,9.002,1101196267,1667,0,active,1.45,,,,,0,,
sensor_combined,2026-08-07T14:59:22.164+08:00,64.719,29.159942000205774,72.013,1101268280,1667,0,active,1.45,,,,,0,,
sensor_combined,2026-08-07T14:59:22.194+08:00,64.748,29.63523499988696,9.001,1101277281,1667,0,active,1.45,,,,,0,,
sensor_combined,2026-08-07T14:59:22.224+08:00,64.778,29.654661999984455,9.002,1101286283,1667,0,active,1.45,,,,,0,,
sensor_combined,2026-08-07T14:59:22.252+08:00,64.807,29.482223000059093,63.06,1101349343,1667,0,active,1.45,,,,,0,,
sensor_combined,2026-08-07T14:59:22.282+08:00,64.836,28.264435999972193,4.453,1101353796,1667,0,active,1.45,,,,,0,,
sensor_combined,2026-08-07T14:59:22.311+08:00,64.866,29.835133000005953,9.002,1101362798,1667,0,active,1.45,,,,,0,,
sensor_combined,2026-08-07T14:59:22.340+08:00,64.894,28.91635900004985,49.509,1101412307,1667,0,active,1.45,,,,,0,,
sensor_combined,2026-08-07T14:59:22.372+08:00,64.926,31.463884000004327,31.506,1101443813,1667,0,active,1.45,,,,,0,,
sensor_combined,2026-08-07T14:59:22.403+08:00,64.955,29.490704999943773,9.001,1101452814,1667,0,active,1.45,,,,,0,,
sensor_combined,2026-08-07T14:59:22.432+08:00,64.987,31.229901999950016,58.511,1101511325,1667,0,active,1.45,,,,,0,,
failsafe_flags,2026-08-07T14:59:22.460+08:00,65.014,,,1101582247,1667,0,active,1.45,,,,,0,,"{'gcs_connection_lost': True, 'manual_control_signal_lost': True, 'offboard_control_signal_lost': True}"
sensor_combined,2026-08-07T14:59:22.492+08:00,65.044,57.62779700012288,22.505,1101533830,1667,0,active,1.45,,,,,0,,
sensor_combined,2026-08-07T14:59:22.521+08:00,65.076,32.01710600001206,76.514,1101610344,1667,0,active,1.45,,,,,0,,
sensor_combined,2026-08-07T14:59:22.550+08:00,65.105,28.780565999795726,31.553,1101641897,1667,0,active,1.45,,,,,0,,
sensor_combined,2026-08-07T14:59:22.579+08:00,65.134,28.821563000064998,8.954,1101650851,1667,0,active,1.45,,,,,0,,
sensor_combined,2026-08-07T14:59:22.608+08:00,65.163,29.048183999975663,49.509,1101700360,1667,0,active,1.45,,,,,0,,
sensor_combined,2026-08-07T14:59:22.637+08:00,65.192,28.948492000154147,13.503,1101713863,1667,0,active,1.45,,,,,0,,
sensor_combined,2026-08-07T14:59:22.667+08:00,65.221,28.776468999922145,18.051,1101731914,1667,0,active,1.45,,,,,0,,
sensor_combined,2026-08-07T14:59:22.696+08:00,65.250,29.61961699998028,71.966,1101803880,1667,0,active,1.45,,,,,0,,
sensor_combined,2026-08-07T14:59:22.725+08:00,65.280,29.40502999990713,9.001,1101812881,1667,0,active,1.45,,,,,0,,
sensor_combined,2026-08-07T14:59:22.755+08:00,65.309,29.039447000059226,18.004,1101830885,1667,0,active,1.45,,,,,0,,
sensor_combined,2026-08-07T14:59:22.785+08:00,65.338,29.62838600001305,40.507,1101871392,1667,0,active,1.45,,,,,0,,
sensor_combined,2026-08-07T14:59:22.814+08:00,65.369,30.59823800003869,22.504,1101893896,1667,0,active,1.45,,,,,0,,
sensor_combined,2026-08-07T14:59:22.842+08:00,65.397,28.13309099997241,9.002,1101902898,1667,0,active,1.45,,,,,0,,
sensor_combined,2026-08-07T14:59:22.873+08:00,65.426,29.300791999958165,58.511,1101961409,1667,0,active,1.45,,,,,0,,
sensor_combined,2026-08-07T14:59:22.901+08:00,65.456,29.732144000035987,9.002,1101970411,1667,0,active,1.45,,,,,0,,
sensor_combined,2026-08-07T14:59:22.932+08:00,65.485,28.684265000038067,22.504,1101992915,1667,0,active,1.45,,,,,0,,
sensor_combined,2026-08-07T14:59:22.962+08:00,65.516,31.28431000004639,67.512,1102060427,1667,0,active,1.45,,,,,0,,
failsafe_flags,2026-08-07T14:59:22.990+08:00,65.544,,,1102132212,1667,0,active,1.45,,,,,0,,"{'gcs_connection_lost': True, 'manual_control_signal_lost': True, 'offboard_control_signal_lost': True}"
sensor_combined,2026-08-07T14:59:23.019+08:00,65.574,57.69990099997813,9.05,1102069477,1667,0,active,1.45,,,,,0,,
sensor_combined,2026-08-07T14:59:23.049+08:00,65.603,29.53682299994398,53.962,1102123439,1667,0,active,1.45,,,,,0,,
vehicle_status,2026-08-07T14:59:23.077+08:00,65.631,,,1102231086,1667,0,active,1.45,,,,,0,"{'arming_state': 1, 'nav_state': 4, 'failsafe': True}",
sensor_combined,2026-08-07T14:59:23.106+08:00,65.661,57.66332100006366,4.501,1102127940,1667,0,active,1.45,,,,,0,,
sensor_combined,2026-08-07T14:59:23.136+08:00,65.690,29.001681999943685,36.006,1102163946,1667,0,active,1.45,,,,,0,,
sensor_combined,2026-08-07T14:59:23.165+08:00,65.720,30.010514999958104,58.511,1102222457,1667,0,active,1.45,,,,,0,,
sensor_combined,2026-08-07T14:59:23.193+08:00,65.748,28.329755999948247,31.506,1102253963,1667,0,active,1.45,,,,,0,,
sensor_combined,2026-08-07T14:59:23.222+08:00,65.777,28.810234000047785,9.002,1102262965,1667,0,active,1.45,,,,,0,,
sensor_combined,2026-08-07T14:59:23.252+08:00,65.807,29.54162300011376,31.554,1102294519,1667,0,active,1.45,,,,,0,,
sensor_combined,2026-08-07T14:59:23.280+08:00,65.835,28.783541999928275,67.512,1102362031,1667,0,active,1.45,,,,,0,,
sensor_combined,2026-08-07T14:59:23.310+08:00,65.864,28.561978999960047,8.954,1102370985,1667,0,active,1.45,,,,,0,,
sensor_combined,2026-08-07T14:59:23.341+08:00,65.894,29.677832000061244,9.002,1102379987,1667,0,active,1.45,,,,,0,,
sensor_combined,2026-08-07T14:59:23.370+08:00,65.925,30.94080899995788,54.01,1102433997,1667,0,active,1.45,,,,,0,,
sensor_combined,2026-08-07T14:59:23.399+08:00,65.953,28.801272999999128,18.051,1102452048,1667,0,active,1.45,,,,,0,,
sensor_combined,2026-08-07T14:59:23.431+08:00,65.983,29.470798000147624,8.954,1102461002,1667,0,active,1.45,,,,,0,,
sensor_combined,2026-08-07T14:59:23.459+08:00,66.014,31.43287199986844,63.012,1102524014,1667,0,active,1.45,,,,,0,,
sensor_combined,2026-08-07T14:59:23.488+08:00,66.043,28.540120000116076,9.001,1102533015,1667,0,active,1.45,,,,,0,,
sensor_combined,2026-08-07T14:59:23.518+08:00,66.073,30.24817699997584,18.004,1102551019,1667,0,active,1.45,,,,,0,,
sensor_combined,2026-08-07T14:59:23.546+08:00,66.102,28.609055999822885,63.011,1102614030,1667,0,active,1.45,,,,,0,,
failsafe_flags,2026-08-07T14:59:23.574+08:00,66.129,,,1102683323,1667,0,active,1.45,,,,,0,,"{'gcs_connection_lost': True, 'manual_control_signal_lost': True, 'offboard_control_signal_lost': True}"
sensor_combined,2026-08-07T14:59:23.603+08:00,66.158,55.79693900017446,9.004,1102623034,1667,0,active,1.45,,,,,0,,
sensor_combined,2026-08-07T14:59:23.631+08:00,66.187,29.00414600003387,67.511,1102690545,1667,0,active,1.45,,,,,0,,
sensor_combined,2026-08-07T14:59:23.661+08:00,66.215,28.600062999885267,22.504,1102713049,1667,0,active,1.45,,,,,0,,
sensor_combined,2026-08-07T14:59:23.690+08:00,66.244,28.875169999992067,9.049,1102722098,1667,0,active,1.45,,,,,0,,
sensor_combined,2026-08-07T14:59:23.719+08:00,66.274,29.595102000030238,67.513,1102789611,1667,0,active,1.45,,,,,0,,
sensor_combined,2026-08-07T14:59:23.747+08:00,66.302,28.528565999977218,22.504,1102812115,1667,0,active,1.45,,,,,0,,
sensor_combined,2026-08-07T14:59:23.776+08:00,66.330,28.05186499995216,8.954,1102821069,1667,0,active,1.45,,,,,0,,
sensor_combined,2026-08-07T14:59:23.806+08:00,66.360,29.378274000009696,63.012,1102884081,1667,0,active,1.45,,,,,0,,
sensor_combined,2026-08-07T14:59:23.834+08:00,66.389,29.87753800016435,9.002,1102893083,1667,0,active,1.45,,,,,0,,
sensor_combined,2026-08-07T14:59:23.864+08:00,66.418,28.41024699978334,18.003,1102911086,1667,0,active,1.45,,,,,0,,
sensor_combined,2026-08-07T14:59:23.893+08:00,66.447,29.388260000132505,63.012,1102974098,1667,0,active,1.45,,,,,0,,
sensor_combined,2026-08-07T14:59:23.922+08:00,66.476,29.235055000071952,9.001,1102983099,1667,0,active,1.45,,,,,0,,
sensor_combined,2026-08-07T14:59:23.953+08:00,66.505,28.994289999900502,27.005,1103010104,1667,0,active,1.45,,,,,0,,
sensor_combined,2026-08-07T14:59:23.982+08:00,66.537,31.52578000003814,63.012,1103073116,1667,0,active,1.45,,,,,0,,
sensor_combined,2026-08-07T14:59:24.011+08:00,66.566,29.01758799998788,9.049,1103082165,1667,0,active,1.45,,,,,0,,
sensor_combined,2026-08-07T14:59:24.041+08:00,66.595,29.24481700006254,17.959,1103100124,1667,0,active,1.45,,,,,0,,
sensor_combined,2026-08-07T14:59:24.070+08:00,66.624,29.245200999866938,54.008,1103154132,1667,0,active,1.45,,,,,0,,
failsafe_flags,2026-08-07T14:59:24.101+08:00,66.653,,,1103233214,1667,0,active,1.45,,,,,0,,"{'gcs_connection_lost': True, 'manual_control_signal_lost': True, 'offboard_control_signal_lost': True}"
sensor_combined,2026-08-07T14:59:24.134+08:00,66.686,61.85467199998129,18.05,1103172182,1667,0,active,1.45,,,,,0,,
sensor_combined,2026-08-07T14:59:24.166+08:00,66.718,31.990511000003607,8.954,1103181136,1667,0,active,1.45,,,,,0,,
sensor_combined,2026-08-07T14:59:24.203+08:00,66.752,33.186311999998,22.504,1103203640,1667,0,active,1.45,,,,,0,,
sensor_combined,2026-08-07T14:59:24.233+08:00,66.787,35.22106700006589,9.002,1103212642,1667,0,active,1.45,,,,,0,,
sensor_combined,2026-08-07T14:59:24.264+08:00,66.817,30.27989399993203,18.003,1103230645,1667,0,active,1.41,,,,,0,,
sensor_combined,2026-08-07T14:59:24.294+08:00,66.848,30.55759200015018,9.05,1103239695,1667,0,active,1.41,,,,,0,,
sensor_combined,2026-08-07T14:59:24.323+08:00,66.877,29.707723999990776,31.458,1103271153,1667,0,active,1.41,,,,,0,,
sensor_combined,2026-08-07T14:59:24.356+08:00,66.908,31.05359200003477,9.002,1103280155,1667,0,active,1.41,,,,,0,,
sensor_combined,2026-08-07T14:59:24.388+08:00,66.941,32.389218999924196,22.504,1103302659,1667,0,active,1.41,,,,,0,,
sensor_combined,2026-08-07T14:59:24.421+08:00,66.973,31.9672759999321,9.001,1103311660,1667,0,active,1.41,,,,,0,,
failsafe_flags,2026-08-07T14:59:25.075+08:00,67.627,,,1103784227,1667,0,active,1.41,,,,,0,,"{'gcs_connection_lost': True, 'manual_control_signal_lost': True, 'offboard_control_signal_lost': True}"
sensor_combined,2026-08-07T14:59:25.109+08:00,67.660,687.7626130001318,1008.236,1104319896,1667,0,active,1.41,,,,,0,,
vehicle_status,2026-08-07T14:59:25.143+08:00,67.692,,,1104259100,1667,0,active,1.41,,,,,0,"{'arming_state': 1, 'nav_state': 4, 'failsafe': True}",
sensor_combined,2026-08-07T14:59:25.173+08:00,67.727,66.7342379999809,40.46,1104360356,1667,0,active,1.41,,,,,0,,
failsafe_flags,2026-08-07T14:59:25.203+08:00,67.756,,,1104325283,1667,0,active,1.41,,,,,0,,"{'gcs_connection_lost': True, 'manual_control_signal_lost': True, 'offboard_control_signal_lost': True}"
sensor_combined,2026-08-07T14:59:25.233+08:00,67.787,59.81517999998687,4.548,1104364904,1667,0,active,1.41,,,,,0,,
sensor_combined,2026-08-07T14:59:25.263+08:00,67.817,30.423814999949172,8.954,1104373858,1667,0,active,1.41,,,,,0,,
sensor_combined,2026-08-07T14:59:25.295+08:00,67.847,29.281238000066878,9.002,1104382860,1667,0,active,1.41,,,,,0,,
sensor_combined,2026-08-07T14:59:25.325+08:00,67.878,31.661829999848123,9.002,1104391862,1667,0,active,1.41,,,,,0,,
sensor_combined,2026-08-07T14:59:25.356+08:00,67.909,30.897668000079648,63.059,1104454921,1667,0,active,1.41,,,,,0,,
sensor_combined,2026-08-07T14:59:25.385+08:00,67.939,30.071802000065873,26.958,1104481879,1667,0,active,1.41,,,,,0,,
sensor_combined,2026-08-07T14:59:25.416+08:00,67.969,29.49393699987013,13.505,1104495384,1667,0,active,1.41,,,,,0,,
sensor_combined,2026-08-07T14:59:25.446+08:00,67.999,30.413895000037883,40.505,1104535889,1667,0,active,1.41,,,,,0,,
sensor_combined,2026-08-07T14:59:25.475+08:00,68.029,30.098206000047867,9.049,1104544938,1667,0,active,1.41,,,,,0,,
sensor_combined,2026-08-07T14:59:25.507+08:00,68.058,28.942793999931382,8.954,1104553892,1667,0,active,1.41,,,,,0,,
sensor_combined,2026-08-07T14:59:25.537+08:00,68.091,32.6348500000222,90.017,1104643909,1667,0,active,1.41,,,,,0,,
sensor_combined,2026-08-07T14:59:25.566+08:00,68.120,29.451820000076623,9.001,1104652910,1667,0,active,1.41,,,,,0,,
sensor_combined,2026-08-07T14:59:25.596+08:00,68.149,28.935625000030996,22.505,1104675415,1667,0,active,1.41,,,,,0,,
sensor_combined,2026-08-07T14:59:25.624+08:00,68.180,30.29515999992327,49.556,1104724971,1667,0,active,1.41,,,,,0,,
sensor_combined,2026-08-07T14:59:25.654+08:00,68.208,28.53499799994097,17.956,1104742927,1667,0,active,1.41,,,,,0,,
sensor_combined,2026-08-07T14:59:25.685+08:00,68.238,29.61340900014875,9.004,1104751931,1667,0,active,1.41,,,,,0,,
sensor_combined,2026-08-07T14:59:25.716+08:00,68.269,31.727404999855935,40.553,1104792484,1667,0,active,1.41,,,,,0,,
sensor_combined,2026-08-07T14:59:25.745+08:00,68.299,29.577819999985877,13.458,1104805942,1667,0,active,1.41,,,,,0,,
sensor_combined,2026-08-07T14:59:25.778+08:00,68.329,29.89827700002934,9.046,1104814988,1667,0,active,1.41,,,,,0,,
sensor_combined,2026-08-07T14:59:25.808+08:00,68.362,32.74516700003005,67.513,1104882501,1667,0,active,1.41,,,,,0,,
sensor_combined,2026-08-07T14:59:25.841+08:00,68.391,29.524149000053512,22.504,1104905005,1667,0,active,1.41,,,,,0,,
sensor_combined,2026-08-07T14:59:25.886+08:00,68.428,36.64918599997691,8.954,1104913959,1667,0,active,1.41,,,,,0,,
sensor_combined,2026-08-07T14:59:25.923+08:00,68.472,44.225479000033374,72.013,1104985972,1667,0,active,1.41,,,,,0,,
sensor_combined,2026-08-07T14:59:25.958+08:00,68.507,34.803701999862824,18.004,1105003976,1667,0,active,1.41,,,,,0,,
sensor_combined,2026-08-07T14:59:25.991+08:00,68.542,35.26353699999163,81.062,1105085038,1667,0,active,1.41,,,,,0,,
sensor_combined,2026-08-07T14:59:26.023+08:00,68.575,33.006257000124606,17.956,1105102994,1667,0,active,1.41,,,,,0,,
sensor_combined,2026-08-07T14:59:26.060+08:00,68.610,34.78024299988647,9.002,1105111996,1667,0,active,1.41,,,,,0,,
sensor_combined,2026-08-07T14:59:26.098+08:00,68.646,35.993870000083916,63.059,1105175055,1667,0,active,1.41,,,,,0,,
vehicle_status,2026-08-07T14:59:26.133+08:00,68.681,,,1105272105,1667,0,active,1.41,,,,,0,"{'arming_state': 1, 'nav_state': 4, 'failsafe': True}",
sensor_combined,2026-08-07T14:59:26.172+08:00,68.717,71.22940299996117,26.958,1105202013,1667,0,active,1.41,,,,,0,,
sensor_combined,2026-08-07T14:59:26.206+08:00,68.756,39.020912000069075,13.502,1105215515,1667,0,active,1.41,,,,,0,,
sensor_combined,2026-08-07T14:59:26.240+08:00,68.792,35.82792899987908,18.004,1105233519,1667,0,active,1.41,,,,,0,,
sensor_combined,2026-08-07T14:59:26.276+08:00,68.824,32.04997500006357,9.049,1105242568,1667,0,active,1.41,,,,,0,,
sensor_combined,2026-08-07T14:59:26.314+08:00,68.860,36.17446799989921,13.455,1105256023,1667,0,active,1.41,,,,,0,,
sensor_combined,2026-08-07T14:59:26.347+08:00,68.899,38.445191000164414,9.049,1105265072,1667,0,active,1.41,,,,,0,,
sensor_combined,2026-08-07T14:59:26.378+08:00,68.931,32.524659000046086,4.453,1105269525,1667,0,active,1.41,,,,,0,,
sensor_combined,2026-08-07T14:59:26.407+08:00,68.961,29.775476999930106,36.007,1105305532,1667,0,active,1.41,,,,,0,,
sensor_combined,2026-08-07T14:59:26.436+08:00,68.990,29.070874999888474,9.002,1105314534,1667,0,active,1.41,,,,,0,,
failsafe_flags,2026-08-07T14:59:27.078+08:00,69.629,,,1105955336,1667,0,active,1.41,,,,,0,,"{'gcs_connection_lost': True, 'manual_control_signal_lost': True, 'offboard_control_signal_lost': True}"
sensor_combined,2026-08-07T14:59:27.111+08:00,69.663,672.8680759999861,1008.235,1106322769,1667,0,active,1.41,,,,,0,,
vehicle_status,2026-08-07T14:59:27.141+08:00,69.694,,,1106285236,1667,0,active,1.41,,,,,0,"{'arming_state': 1, 'nav_state': 4, 'failsafe': True}",
sensor_combined,2026-08-07T14:59:27.172+08:00,69.726,63.424855999983265,35.96,1106358729,1667,0,active,1.41,,,,,0,,
sensor_combined,2026-08-07T14:59:27.203+08:00,69.756,29.739152000047397,4.5,1106363229,1667,0,active,1.41,,,,,0,,
sensor_combined,2026-08-07T14:59:27.233+08:00,69.786,30.153925000149684,9.002,1106372231,1667,0,active,1.41,,,,,0,,
sensor_combined,2026-08-07T14:59:27.263+08:00,69.817,30.30527299983987,13.502,1106385733,1667,0,active,1.41,,,,,0,,
sensor_combined,2026-08-07T14:59:27.291+08:00,69.846,29.551640000136103,9.002,1106394735,1667,0,active,1.41,,,,,0,,
sensor_combined,2026-08-07T14:59:27.323+08:00,69.875,28.405253999835622,27.005,1106421740,1667,0,active,1.41,,,,,0,,
sensor_combined,2026-08-07T14:59:27.352+08:00,69.906,31.819322000046668,31.506,1106453246,1667,0,active,1.41,,,,,0,,
sensor_combined,2026-08-07T14:59:27.380+08:00,69.935,28.565018000108466,9.002,1106462248,1667,0,active,1.41,,,,,0,,
sensor_combined,2026-08-07T14:59:27.409+08:00,69.964,28.847102999861818,22.504,1106484752,1667,0,active,1.41,,,,,0,,
sensor_combined,2026-08-07T14:59:27.439+08:00,69.994,30.361439999978757,49.509,1106534261,1667,0,active,1.41,,,,,0,,
sensor_combined,2026-08-07T14:59:27.468+08:00,70.023,28.69505100011338,9.002,1106543263,1667,0,active,1.41,,,,,0,,
sensor_combined,2026-08-07T14:59:27.496+08:00,70.051,28.651558000092336,9.001,1106552264,1667,0,active,1.41,,,,,0,,
sensor_combined,2026-08-07T14:59:27.527+08:00,70.082,30.352029999903607,72.014,1106624278,1667,0,active,1.41,,,,,0,,
sensor_combined,2026-08-07T14:59:27.556+08:00,70.110,28.514644000097178,31.506,1106655784,1667,0,active,1.41,,,,,0,,
sensor_combined,2026-08-07T14:59:27.587+08:00,70.140,29.91094999993038,9.002,1106664786,1667,0,active,1.41,,,,,0,,
sensor_combined,2026-08-07T14:59:27.620+08:00,70.172,31.714829000065947,49.509,1106714295,1667,0,active,1.41,,,,,0,,
vehicle_status,2026-08-07T14:59:27.650+08:00,70.203,,,1106791118,1667,0,active,1.41,,,,,0,"{'arming_state': 1, 'nav_state': 4, 'failsafe': True}",
sensor_combined,2026-08-07T14:59:27.682+08:00,70.234,62.22691099992517,9.002,1106723297,1667,0,active,1.41,,,,,0,,
sensor_combined,2026-08-07T14:59:27.713+08:00,70.266,31.74395199994251,63.013,1106786310,1667,0,active,1.41,,,,,0,,
sensor_combined,2026-08-07T14:59:27.742+08:00,70.296,30.488912000009805,27.003,1106813313,1667,0,active,1.41,,,,,0,,
sensor_combined,2026-08-07T14:59:27.773+08:00,70.326,29.924295999990136,9.002,1106822315,1667,0,active,1.41,,,,,0,,
sensor_combined,2026-08-07T14:59:27.803+08:00,70.356,29.73979200010035,63.059,1106885374,1667,0,active,1.41,,,,,0,,
sensor_combined,2026-08-07T14:59:27.833+08:00,70.387,31.102301999908377,26.958,1106912332,1667,0,active,1.41,,,,,0,,
sensor_combined,2026-08-07T14:59:27.864+08:00,70.417,30.211948999976812,13.502,1106925834,1667,0,active,1.41,,,,,0,,
sensor_combined,2026-08-07T14:59:27.894+08:00,70.448,30.61430399998244,27.053,1106952887,1667,0,active,1.41,,,,,0,,
failsafe_flags,2026-08-07T14:59:27.924+08:00,70.477,,,1107055254,1667,0,active,1.41,,,,,0,,"{'gcs_connection_lost': True, 'manual_control_signal_lost': True, 'offboard_control_signal_lost': True}"
sensor_combined,2026-08-07T14:59:27.955+08:00,70.508,59.655926999994335,22.504,1106975391,1667,0,active,1.41,,,,,0,,
sensor_combined,2026-08-07T14:59:27.985+08:00,70.538,30.76337900006365,76.467,1107051858,1667,0,active,1.41,,,,,0,,
sensor_combined,2026-08-07T14:59:28.015+08:00,70.569,30.084219999935158,22.504,1107074362,1667,0,active,1.41,,,,,0,,
sensor_combined,2026-08-07T14:59:28.048+08:00,70.600,31.15507699999398,9.002,1107083364,1667,0,active,1.41,,,,,0,,
sensor_combined,2026-08-07T14:59:28.081+08:00,70.634,33.95383400015817,63.012,1107146376,1667,0,active,1.41,,,,,0,,
sensor_combined,2026-08-07T14:59:28.112+08:00,70.665,31.40403699990202,27.005,1107173381,1667,0,active,1.41,,,,,0,,
sensor_combined,2026-08-07T14:59:28.145+08:00,70.696,31.20224999997845,9.001,1107182382,1667,0,active,1.41,,,,,0,,
sensor_combined,2026-08-07T14:59:28.176+08:00,70.729,32.7075310001419,22.504,1107204886,1667,0,active,1.41,,,,,0,,
sensor_combined,2026-08-07T14:59:28.209+08:00,70.762,33.31634500000291,9.002,1107213888,1667,0,active,1.41,,,,,0,,
sensor_combined,2026-08-07T14:59:28.240+08:00,70.793,30.50628999994842,31.554,1107245442,1667,0,active,1.41,,,,,0,,
sensor_combined,2026-08-07T14:59:28.274+08:00,70.824,31.376512999941042,17.955,1107263397,1667,0,active,1.41,,,,,0,,
sensor_combined,2026-08-07T14:59:28.306+08:00,70.858,34.02321900011884,9.002,1107272399,1667,0,active,1.41,,,,,0,,
sensor_combined,2026-08-07T14:59:28.336+08:00,70.890,32.20125799998641,31.506,1107303905,1667,0,active,1.41,,,,,0,,
sensor_combined,2026-08-07T14:59:28.366+08:00,70.920,29.98961599996619,9.049,1107312954,1667,0,active,1.41,,,,,0,,
failsafe_flags,2026-08-07T14:59:29.079+08:00,71.632,,,1108266233,1667,0,active,1.41,,,,,0,,"{'gcs_connection_lost': True, 'manual_control_signal_lost': True, 'offboard_control_signal_lost': True}"
sensor_combined,2026-08-07T14:59:29.113+08:00,71.666,745.1765289999912,1012.689,1108325643,1667,0,active,1.41,,,,,0,,
vehicle_status,2026-08-07T14:59:29.146+08:00,71.698,,,1108310101,1667,0,active,1.41,,,,,0,"{'arming_state': 1, 'nav_state': 4, 'failsafe': True}",
sensor_combined,2026-08-07T14:59:29.182+08:00,71.732,66.68549599999096,40.46,1108366103,1667,0,active,1.41,,,,,0,,
sensor_combined,2026-08-07T14:59:29.219+08:00,71.768,35.17664599985437,4.548,1108370651,1667,0,active,1.41,,,,,0,,
sensor_combined,2026-08-07T14:59:29.249+08:00,71.803,35.540884000056394,4.454,1108375105,1667,0,active,1.41,,,,,0,,
sensor_combined,2026-08-07T14:59:29.278+08:00,71.832,29.334109000046737,13.502,1108388607,1667,0,active,1.38,,,,,0,,
sensor_combined,2026-08-07T14:59:29.307+08:00,71.861,28.805624999904467,9.002,1108397609,1667,0,active,1.38,,,,,0,,
sensor_combined,2026-08-07T14:59:29.336+08:00,71.891,29.47694300019066,27.005,1108424614,1667,0,active,1.38,,,,,0,,
sensor_combined,2026-08-07T14:59:29.365+08:00,71.919,28.535574999978053,31.506,1108456120,1667,0,active,1.38,,,,,0,,
sensor_combined,2026-08-07T14:59:29.394+08:00,71.949,29.543480000029376,9.002,1108465122,1667,0,active,1.38,,,,,0,,
sensor_combined,2026-08-07T14:59:29.428+08:00,71.978,29.61631999983183,22.504,1108487626,1667,0,active,1.38,,,,,0,,
sensor_combined,2026-08-07T14:59:29.460+08:00,72.012,33.71988399999282,49.509,1108537135,1667,0,active,1.38,,,,,0,,
sensor_combined,2026-08-07T14:59:29.491+08:00,72.044,32.24254400015525,9.002,1108546137,1667,0,active,1.38,,,,,0,,
sensor_combined,2026-08-07T14:59:29.521+08:00,72.074,29.772467999919172,9.001,1108555138,1667,0,active,1.38,,,,,0,,
sensor_combined,2026-08-07T14:59:29.551+08:00,72.104,30.35347099989849,40.556,1108595694,1667,0,active,1.38,,,,,0,,
sensor_combined,2026-08-07T14:59:29.580+08:00,72.135,30.390564000072118,22.504,1108618198,1667,0,active,1.38,,,,,0,,
sensor_combined,2026-08-07T14:59:29.610+08:00,72.164,29.196875000025102,8.954,1108627152,1667,0,active,1.38,,,,,0,,
sensor_combined,2026-08-07T14:59:29.638+08:00,72.194,29.64141200004633,67.513,1108694665,1667,0,active,1.38,,,,,0,,
vehicle_status,2026-08-07T14:59:29.665+08:00,72.221,,,1108816498,1667,0,active,1.38,,,,,0,"{'arming_state': 1, 'nav_state': 4, 'failsafe': True}",
failsafe_flags,2026-08-07T14:59:29.694+08:00,72.248,,,1108816487,1667,0,active,1.38,,,,,0,,"{'gcs_connection_lost': True, 'manual_control_signal_lost': True, 'offboard_control_signal_lost': True}"
sensor_combined,2026-08-07T14:59:29.723+08:00,72.278,84.22747600002367,103.567,1108798232,1667,0,active,1.38,,,,,0,,
sensor_combined,2026-08-07T14:59:29.751+08:00,72.307,28.89194099998349,8.954,1108807186,1667,0,active,1.38,,,,,0,,
sensor_combined,2026-08-07T14:59:29.781+08:00,72.335,28.201227999943512,9.001,1108816187,1667,0,active,1.38,,,,,0,,
sensor_combined,2026-08-07T14:59:29.811+08:00,72.365,30.13312300004145,72.061,1108888248,1667,0,active,1.38,,,,,0,,
sensor_combined,2026-08-07T14:59:29.841+08:00,72.396,30.48827199995685,26.958,1108915206,1667,0,active,1.38,,,,,0,,
sensor_combined,2026-08-07T14:59:29.870+08:00,72.424,28.792951000014,13.502,1108928708,1667,0,active,1.38,,,,,0,,
sensor_combined,2026-08-07T14:59:29.898+08:00,72.453,28.674152999883518,49.557,1108978265,1667,0,active,1.38,,,,,0,,
sensor_combined,2026-08-07T14:59:29.927+08:00,72.482,29.118849000042246,8.954,1108987219,1667,0,active,1.38,,,,,0,,
sensor_combined,2026-08-07T14:59:29.958+08:00,72.510,28.31711500016354,18.004,1109005223,1667,0,active,1.38,,,,,0,,
sensor_combined,2026-08-07T14:59:29.987+08:00,72.542,31.5116979998038,49.509,1109054732,1667,0,active,1.38,,,,,0,,
sensor_combined,2026-08-07T14:59:30.016+08:00,72.570,28.35849699999926,22.504,1109077236,1667,0,active,1.38,,,,,0,,
sensor_combined,2026-08-07T14:59:30.048+08:00,72.600,29.759955000145055,9.002,1109086238,1667,0,active,1.38,,,,,0,,
sensor_combined,2026-08-07T14:59:30.078+08:00,72.632,31.949865999877147,58.511,1109144749,1667,0,active,1.38,,,,,0,,
sensor_combined,2026-08-07T14:59:30.106+08:00,72.661,29.077820000111387,31.506,1109176255,1667,0,active,1.38,,,,,0,,
sensor_combined,2026-08-07T14:59:30.135+08:00,72.690,28.89485299988337,9.001,1109185256,1667,0,active,1.38,,,,,0,,
sensor_combined,2026-08-07T14:59:30.164+08:00,72.719,28.71066900002006,22.504,1109207760,1667,0,active,1.38,,,,,0,,
sensor_combined,2026-08-07T14:59:30.192+08:00,72.747,28.57798000013645,27.005,1109234765,1667,0,active,1.38,,,,,0,,
sensor_combined,2026-08-07T14:59:30.221+08:00,72.776,28.26958899981946,13.551,1109248316,1667,0,active,1.38,,,,,0,,
sensor_combined,2026-08-07T14:59:30.250+08:00,72.805,29.09715100008725,8.954,1109257270,1667,0,active,1.38,,,,,0,,
sensor_combined,2026-08-07T14:59:30.278+08:00,72.833,28.880738999987443,9.002,1109266272,1667,0,active,1.38,,,,,0,,
sensor_combined,2026-08-07T14:59:30.307+08:00,72.862,28.473967000081757,9.001,1109275273,1667,0,active,1.38,,,,,0,,
sensor_combined,2026-08-07T14:59:30.336+08:00,72.891,28.98363199983578,31.506,1109306779,1667,0,active,1.38,,,,,0,,
sensor_combined,2026-08-07T14:59:30.365+08:00,72.920,28.57356399999844,9.049,1109315828,1667,0,active,1.38,,,,,0,,
sensor_combined,2026-08-07T14:59:31.083+08:00,73.634,714.5066670000233,1012.689,1110328517,1667,0,active,1.38,,,,,0,,
failsafe_flags,2026-08-07T14:59:31.116+08:00,73.667,,,1109906231,1667,0,active,1.38,,,,,0,,"{'gcs_connection_lost': True, 'manual_control_signal_lost': True, 'offboard_control_signal_lost': True}"
vehicle_status,2026-08-07T14:59:31.149+08:00,73.701,,,1109828146,1667,0,active,1.38,,,,,0,"{'arming_state': 1, 'nav_state': 4, 'failsafe': True}",
sensor_combined,2026-08-07T14:59:31.182+08:00,73.735,101.14211400014028,35.96,1110364477,1667,0,active,1.38,,,,,0,,
vehicle_status,2026-08-07T14:59:31.210+08:00,73.765,,,1110336326,1667,0,active,1.38,,,,,0,"{'arming_state': 1, 'nav_state': 4, 'failsafe': True}",
sensor_combined,2026-08-07T14:59:31.239+08:00,73.794,59.01926999990792,4.5,1110368977,1667,0,active,1.38,,,,,0,,
sensor_combined,2026-08-07T14:59:31.269+08:00,73.823,29.034902000148577,9.002,1110377979,1667,0,active,1.38,,,,,0,,
failsafe_flags,2026-08-07T14:59:31.302+08:00,73.852,,,1110446247,1667,0,active,1.38,,,,,0,,"{'gcs_connection_lost': True, 'manual_control_signal_lost': True, 'offboard_control_signal_lost': True}"
sensor_combined,2026-08-07T14:59:31.334+08:00,73.887,63.43461799997385,9.002,1110386981,1667,0,active,1.38,,,,,0,,
sensor_combined,2026-08-07T14:59:31.363+08:00,73.918,31.01659499998277,58.511,1110445492,1667,0,active,1.38,,,,,0,,
sensor_combined,2026-08-07T14:59:31.391+08:00,73.946,28.579868999941027,13.503,1110458995,1667,0,active,1.38,,,,,0,,
sensor_combined,2026-08-07T14:59:31.421+08:00,73.975,29.03387800006385,36.006,1110495001,1667,0,active,1.38,,,,,0,,
sensor_combined,2026-08-07T14:59:31.450+08:00,74.005,29.616576999842437,31.506,1110526507,1667,0,active,1.38,,,,,0,,
sensor_combined,2026-08-07T14:59:31.479+08:00,74.033,28.517684999997073,9.001,1110535508,1667,0,active,1.38,,,,,0,,
sensor_combined,2026-08-07T14:59:31.508+08:00,74.062,29.04091900018102,31.507,1110567015,1667,0,active,1.38,,,,,0,,
sensor_combined,2026-08-07T14:59:31.538+08:00,74.092,29.916710999941643,49.509,1110616524,1667,0,active,1.38,,,,,0,,
sensor_combined,2026-08-07T14:59:31.568+08:00,74.123,30.427879999933793,9.001,1110625525,1667,0,active,1.38,,,,,0,,
sensor_combined,2026-08-07T14:59:31.599+08:00,74.151,28.404165999972975,31.506,1110657031,1667,0,active,1.38,,,,,0,,
sensor_combined,2026-08-07T14:59:31.627+08:00,74.182,30.74987400009377,40.508,1110697539,1667,0,active,1.38,,,,,0,,
sensor_combined,2026-08-07T14:59:31.655+08:00,74.211,28.546488000074532,31.506,1110729045,1667,0,active,1.38,,,,,0,,
sensor_combined,2026-08-07T14:59:31.685+08:00,74.239,28.52178099988123,9.002,1110738047,1667,0,active,1.38,,,,,0,,
sensor_combined,2026-08-07T14:59:31.715+08:00,74.269,30.001234000110344,18.05,1110756097,1667,0,active,1.38,,,,,0,,
sensor_combined,2026-08-07T14:59:31.743+08:00,74.298,29.15514199980862,31.459,1110787556,1667,0,active,1.38,,,,,0,,
sensor_combined,2026-08-07T14:59:31.775+08:00,74.327,28.599871000096755,9.001,1110796557,1667,0,active,1.38,,,,,0,,
sensor_combined,2026-08-07T14:59:31.804+08:00,74.359,31.789205999984915,90.017,1110886574,1667,0,active,1.38,,,,,0,,
failsafe_flags,2026-08-07T14:59:31.832+08:00,74.387,,,1110997253,1667,0,active,1.38,,,,,0,,"{'gcs_connection_lost': True, 'manual_control_signal_lost': True, 'offboard_control_signal_lost': True}"
sensor_combined,2026-08-07T14:59:31.865+08:00,74.416,57.23968300003435,9.002,1110895576,1667,0,active,1.38,,,,,0,,
sensor_combined,2026-08-07T14:59:31.895+08:00,74.450,33.69616899999528,90.017,1110985593,1667,0,active,1.38,,,,,0,,
sensor_combined,2026-08-07T14:59:31.924+08:00,74.479,29.11504100006823,9.001,1110994594,1667,0,active,1.38,,,,,0,,
sensor_combined,2026-08-07T14:59:31.954+08:00,74.508,29.24072099995101,22.505,1111017099,1667,0,active,1.38,,,,,0,,
sensor_combined,2026-08-07T14:59:31.983+08:00,74.537,29.540310999891517,40.507,1111057606,1667,0,active,1.38,,,,,0,,
sensor_combined,2026-08-07T14:59:32.013+08:00,74.566,28.99502500008566,18.004,1111075610,1667,0,active,1.38,,,,,0,,
sensor_combined,2026-08-07T14:59:32.041+08:00,74.596,30.082077000088248,9.001,1111084611,1667,0,active,1.38,,,,,0,,
sensor_combined,2026-08-07T14:59:32.072+08:00,74.625,28.801784999814117,72.014,1111156625,1667,0,active,1.38,,,,,0,,
sensor_combined,2026-08-07T14:59:32.101+08:00,74.655,29.99752100004116,18.003,1111174628,1667,0,active,1.38,,,,,0,,
sensor_combined,2026-08-07T14:59:32.130+08:00,74.685,29.439529999990555,13.503,1111188131,1667,0,active,1.38,,,,,0,,
sensor_combined,2026-08-07T14:59:32.160+08:00,74.714,29.379427000094438,18.051,1111206182,1667,0,active,1.38,,,,,0,,
sensor_combined,2026-08-07T14:59:32.189+08:00,74.744,29.578652000054717,40.46,1111246642,1667,0,active,1.38,,,,,0,,
sensor_combined,2026-08-07T14:59:32.217+08:00,74.772,28.480687999945076,31.506,1111278148,1667,0,active,1.38,,,,,0,,
vehicle_status,2026-08-07T14:59:32.244+08:00,74.799,,,1111349083,1667,0,active,1.38,,,,,0,"{'arming_state': 1, 'nav_state': 4, 'failsafe': True}",
sensor_combined,2026-08-07T14:59:32.274+08:00,74.828,56.02336800006924,9.001,1111287149,1667,0,active,1.38,,,,,0,,
sensor_combined,2026-08-07T14:59:32.302+08:00,74.857,29.206955999825368,108.02,1111395169,1667,0,active,1.38,,,,,0,,
sensor_combined,2026-08-07T14:59:32.332+08:00,74.886,28.464462000101776,9.002,1111404171,1667,0,active,1.38,,,,,0,,
sensor_combined,2026-08-07T14:59:32.361+08:00,74.915,29.10940800006756,9.002,1111413173,1667,0,active,1.38,,,,,0,,
sensor_combined,2026-08-07T14:59:32.390+08:00,74.944,29.514579999840862,49.509,1111462682,1667,0,active,1.38,,,,,0,,
failsafe_flags,2026-08-07T14:59:32.418+08:00,74.972,,,1111547279,1667,0,active,1.38,,,,,0,,"{'gcs_connection_lost': True, 'manual_control_signal_lost': True, 'offboard_control_signal_lost': True}"
sensor_combined,2026-08-07T14:59:32.448+08:00,75.002,57.29220200009877,13.55,1111476232,1667,0,active,1.38,,,,,0,,
sensor_combined,2026-08-07T14:59:32.478+08:00,75.032,30.005651000010403,67.513,1111543745,1667,0,active,1.38,,,,,0,,
sensor_combined,2026-08-07T14:59:32.506+08:00,75.062,29.84495800001241,40.46,1111584205,1667,0,active,1.38,,,,,0,,
sensor_combined,2026-08-07T14:59:32.535+08:00,75.090,28.632130999994843,9.002,1111593207,1667,0,active,1.38,,,,,0,,
sensor_combined,2026-08-07T14:59:32.563+08:00,75.118,28.127714999982345,63.059,1111656266,1667,0,active,1.38,,,,,0,,
sensor_combined,2026-08-07T14:59:32.591+08:00,75.147,28.54741600003763,8.954,1111665220,1667,0,active,1.38,,,,,0,,
sensor_combined,2026-08-07T14:59:32.620+08:00,75.175,27.96071799980382,9.002,1111674222,1667,0,active,1.38,,,,,0,,
sensor_combined,2026-08-07T14:59:32.649+08:00,75.204,28.64726900020287,49.556,1111723778,1667,0,active,1.38,,,,,0,,
sensor_combined,2026-08-07T14:59:32.678+08:00,75.233,29.164166999862573,8.955,1111732733,1667,0,active,1.38,,,,,0,,
sensor_combined,2026-08-07T14:59:32.707+08:00,75.262,29.05458500003988,13.55,1111746283,1667,0,active,1.38,,,,,0,,
sensor_combined,2026-08-07T14:59:32.736+08:00,75.291,29.47083100002601,49.461,1111795744,1667,0,active,1.38,,,,,0,,
sensor_combined,2026-08-07T14:59:32.765+08:00,75.319,28.06796300001224,9.002,1111804746,1667,0,active,1.38,,,,,0,,
sensor_combined,2026-08-07T14:59:32.795+08:00,75.348,29.124482000042917,40.508,1111845254,1667,0,active,1.38,,,,,0,,
sensor_combined,2026-08-07T14:59:32.824+08:00,75.378,29.658149999931993,27.005,1111872259,1667,0,active,1.38,,,,,0,,
sensor_combined,2026-08-07T14:59:32.853+08:00,75.407,29.29407200008427,40.507,1111912766,1667,0,active,1.38,,,,,0,,
sensor_combined,2026-08-07T14:59:32.882+08:00,75.436,29.056504999971366,13.551,1111926317,1667,0,active,1.38,,,,,0,,
sensor_combined,2026-08-07T14:59:32.911+08:00,75.466,29.463916999930007,67.512,1111993829,1667,0,active,1.38,,,,,0,,
sensor_combined,2026-08-07T14:59:32.939+08:00,75.494,28.47774399992886,8.954,1112002783,1667,0,active,1.38,,,,,0,,
sensor_combined,2026-08-07T14:59:32.969+08:00,75.523,28.297721000171805,40.508,1112043291,1667,0,active,1.38,,,,,0,,
sensor_combined,2026-08-07T14:59:32.997+08:00,75.552,29.67623199992886,63.059,1112106350,1667,0,active,1.38,,,,,0,,
sensor_combined,2026-08-07T14:59:33.027+08:00,75.581,28.57717999995657,8.954,1112115304,1667,0,active,1.38,,,,,0,,
sensor_combined,2026-08-07T14:59:33.059+08:00,75.610,29.47947200004819,18.004,1112133308,1667,0,active,1.38,,,,,0,,
sensor_combined,2026-08-07T14:59:33.089+08:00,75.643,32.8746879999926,63.059,1112196367,1667,0,active,1.38,,,,,0,,
sensor_combined,2026-08-07T14:59:33.118+08:00,75.672,29.16948000006414,8.954,1112205321,1667,0,active,1.38,,,,,0,,
sensor_combined,2026-08-07T14:59:33.148+08:00,75.702,29.633826999997837,27.005,1112232326,1667,0,active,1.38,,,,,0,,
sensor_combined,2026-08-07T14:59:33.177+08:00,75.732,29.8719689999416,13.503,1112245829,1667,0,active,1.38,,,,,0,,
sensor_combined,2026-08-07T14:59:33.206+08:00,75.761,28.721327000084784,9.002,1112254831,1667,0,active,1.38,,,,,0,,
sensor_combined,2026-08-07T14:59:33.237+08:00,75.791,30.168358999844713,9.048,1112263879,1667,0,active,1.38,,,,,0,,
sensor_combined,2026-08-07T14:59:33.265+08:00,75.820,29.539894999970784,8.955,1112272834,1667,0,active,1.38,,,,,0,,
sensor_combined,2026-08-07T14:59:33.294+08:00,75.849,28.913863000070705,22.504,1112295338,1667,0,active,1.38,,,,,0,,
sensor_combined,2026-08-07T14:59:33.323+08:00,75.878,28.46270200006984,9.002,1112304340,1667,0,active,1.38,,,,,0,,
sensor_combined,2026-08-07T14:59:33.352+08:00,75.907,29.31186599994362,18.003,1112322343,1667,0,active,1.38,,,,,0,,
sensor_combined,2026-08-07T14:59:33.381+08:00,75.936,28.526229999897623,13.502,1112335845,1667,0,active,1.38,,,,,0,,
failsafe_flags,2026-08-07T14:59:34.093+08:00,76.645,,,1113198253,1667,0,active,1.38,,,,,0,,"{'gcs_connection_lost': True, 'manual_control_signal_lost': True, 'offboard_control_signal_lost': True}"
sensor_combined,2026-08-07T14:59:34.127+08:00,76.679,743.4966050000185,1003.689,1113339534,1667,0,active,1.38,,,,,0,,
vehicle_status,2026-08-07T14:59:34.160+08:00,76.711,,,1112867446,1667,0,active,1.38,,,,,0,"{'arming_state': 1, 'nav_state': 4, 'failsafe': True}",
sensor_combined,2026-08-07T14:59:34.193+08:00,76.747,67.46236300000419,36.006,1113375540,1667,0,active,1.38,,,,,0,,
vehicle_status,2026-08-07T14:59:34.223+08:00,76.776,,,1113374083,1667,0,active,1.38,,,,,0,"{'arming_state': 1, 'nav_state': 4, 'failsafe': True}",
sensor_combined,2026-08-07T14:59:34.253+08:00,76.807,60.39749399997163,4.501,1113380041,1667,0,active,1.38,,,,,0,,
sensor_combined,2026-08-07T14:59:34.283+08:00,76.838,30.829724000113856,9.049,1113389090,1667,0,active,1.35,,,,,0,,
sensor_combined,2026-08-07T14:59:34.312+08:00,76.867,29.346366000027047,8.955,1113398045,1667,0,active,1.35,,,,,0,,
sensor_combined,2026-08-07T14:59:34.341+08:00,76.896,28.816059000064342,9.001,1113407046,1667,0,active,1.35,,,,,0,,
sensor_combined,2026-08-07T14:59:34.372+08:00,76.925,29.389155999979266,58.511,1113465557,1667,0,active,1.35,,,,,0,,
sensor_combined,2026-08-07T14:59:34.400+08:00,76.955,29.73179099990375,9.002,1113474559,1667,0,active,1.35,,,,,0,,
sensor_combined,2026-08-07T14:59:34.430+08:00,76.984,28.667624000036085,13.502,1113488061,1667,0,active,1.35,,,,,0,,
sensor_combined,2026-08-07T14:59:34.458+08:00,77.013,29.601150999951642,40.508,1113528569,1667,0,active,1.35,,,,,0,,
sensor_combined,2026-08-07T14:59:34.486+08:00,77.042,28.396100999998453,9.002,1113537571,1667,0,active,1.35,,,,,0,,
sensor_combined,2026-08-07T14:59:34.515+08:00,77.070,28.15808700006528,9.049,1113546620,1667,0,active,1.35,,,,,0,,
sensor_combined,2026-08-07T14:59:34.545+08:00,77.099,29.44977199990717,58.463,1113605083,1667,0,active,1.35,,,,,0,,
failsafe_flags,2026-08-07T14:59:34.574+08:00,77.128,,,1113748255,1667,0,active,1.35,,,,,0,,"{'gcs_connection_lost': True, 'manual_control_signal_lost': True, 'offboard_control_signal_lost': True}"
sensor_combined,2026-08-07T14:59:34.602+08:00,77.157,58.05511500011562,40.508,1113645591,1667,0,active,1.35,,,,,0,,
sensor_combined,2026-08-07T14:59:34.631+08:00,77.186,28.767861000005723,63.011,1113708602,1667,0,active,1.35,,,,,0,,
sensor_combined,2026-08-07T14:59:34.659+08:00,77.215,28.62758599985682,27.006,1113735608,1667,0,active,1.35,,,,,0,,
sensor_combined,2026-08-07T14:59:34.688+08:00,77.243,28.42762600016613,9.002,1113744610,1667,0,active,1.35,,,,,0,,
sensor_combined,2026-08-07T14:59:34.717+08:00,77.272,29.047895999838147,22.504,1113767114,1667,0,active,1.35,,,,,0,,
sensor_combined,2026-08-07T14:59:34.746+08:00,77.301,28.656038000008266,40.507,1113807621,1667,0,active,1.35,,,,,0,,
sensor_combined,2026-08-07T14:59:34.774+08:00,77.329,28.493554000078802,22.505,1113830126,1667,0,active,1.35,,,,,0,,
sensor_combined,2026-08-07T14:59:34.805+08:00,77.358,28.464750000011918,4.5,1113834626,1667,0,active,1.35,,,,,0,,
sensor_combined,2026-08-07T14:59:34.834+08:00,77.388,30.133698999861736,40.508,1113875134,1667,0,active,1.35,,,,,0,,
sensor_combined,2026-08-07T14:59:34.863+08:00,77.417,29.33849300006841,22.504,1113897638,1667,0,active,1.35,,,,,0,,
sensor_combined,2026-08-07T14:59:34.893+08:00,77.446,29.13635599998088,9.049,1113906687,1667,0,active,1.35,,,,,0,,
sensor_combined,2026-08-07T14:59:34.922+08:00,77.477,30.20404300013979,53.963,1113960650,1667,0,active,1.35,,,,,0,,
sensor_combined,2026-08-07T14:59:34.950+08:00,77.505,28.279862999852412,4.501,1113965151,1667,0,active,1.35,,,,,0,,
sensor_combined,2026-08-07T14:59:34.980+08:00,77.534,28.817658999969353,31.554,1113996705,1667,0,active,1.35,,,,,0,,
sensor_combined,2026-08-07T14:59:35.008+08:00,77.563,29.287414999998873,80.967,1114077672,1667,0,active,1.35,,,,,0,,
sensor_combined,2026-08-07T14:59:35.037+08:00,77.592,28.601599000012357,13.502,1114091174,1667,0,active,1.35,,,,,0,,
sensor_combined,2026-08-07T14:59:35.067+08:00,77.620,28.47940800006654,4.501,1114095675,1667,0,active,1.35,,,,,0,,
sensor_combined,2026-08-07T14:59:35.097+08:00,77.651,30.664870000009614,63.012,1114158687,1667,0,active,1.35,,,,,0,,
failsafe_flags,2026-08-07T14:59:35.125+08:00,77.679,,,1114299215,1667,0,active,1.35,,,,,0,,"{'gcs_connection_lost': True, 'manual_control_signal_lost': True, 'offboard_control_signal_lost': True}"
sensor_combined,2026-08-07T14:59:35.154+08:00,77.709,57.9518710001139,9.002,1114167689,1667,0,active,1.35,,,,,0,,
sensor_combined,2026-08-07T14:59:35.183+08:00,77.738,28.7782939999488,27.005,1114194694,1667,0,active,1.35,,,,,0,,
sensor_combined,2026-08-07T14:59:35.211+08:00,77.766,28.90966999984812,13.502,1114208196,1667,0,active,1.35,,,,,0,,
sensor_combined,2026-08-07T14:59:35.240+08:00,77.795,28.856768000196098,18.004,1114226200,1667,0,active,1.35,,,,,0,,
sensor_combined,2026-08-07T14:59:35.269+08:00,77.824,28.58351700001549,31.506,1114257706,1667,0,active,1.35,,,,,0,,
sensor_combined,2026-08-07T14:59:35.298+08:00,77.853,28.69037899995419,9.049,1114266755,1667,0,active,1.35,,,,,0,,
sensor_combined,2026-08-07T14:59:35.327+08:00,77.882,29.349598999942828,17.956,1114284711,1667,0,active,1.35,,,,,0,,
sensor_combined,2026-08-07T14:59:35.356+08:00,77.911,29.034966999915923,13.502,1114298213,1667,0,active,1.35,,,,,0,,
sensor_combined,2026-08-07T14:59:35.384+08:00,77.939,28.41978400010703,27.006,1114325219,1667,0,active,1.35,,,,,0,,
sensor_combined,2026-08-07T14:59:36.103+08:00,78.655,715.395166999997,1021.738,1115346957,1667,0,active,1.35,,,,,0,,
failsafe_flags,2026-08-07T14:59:36.136+08:00,78.688,,,1114840253,1667,0,active,1.35,,,,,0,,"{'gcs_connection_lost': True, 'manual_control_signal_lost': True, 'offboard_control_signal_lost': True}"
vehicle_status,2026-08-07T14:59:36.171+08:00,78.722,,,1114895085,1667,0,active,1.35,,,,,0,"{'arming_state': 1, 'nav_state': 4, 'failsafe': True}",
sensor_combined,2026-08-07T14:59:36.204+08:00,78.756,101.60719700002119,35.959,1115382916,1667,0,active,1.35,,,,,0,,
vehicle_status,2026-08-07T14:59:36.232+08:00,78.786,,,1115402105,1667,0,active,1.35,,,,,0,"{'arming_state': 1, 'nav_state': 4, 'failsafe': True}",
failsafe_flags,2026-08-07T14:59:36.261+08:00,78.815,,,1115380244,1667,0,active,1.35,,,,,0,,"{'gcs_connection_lost': True, 'manual_control_signal_lost': True, 'offboard_control_signal_lost': True}"
sensor_combined,2026-08-07T14:59:36.292+08:00,78.846,89.3839109999135,4.502,1115387418,1667,0,active,1.35,,,,,0,,
sensor_combined,2026-08-07T14:59:36.322+08:00,78.876,30.09161399995719,9.001,1115396419,1667,0,active,1.35,,,,,0,,
sensor_combined,2026-08-07T14:59:36.353+08:00,78.906,29.98507100005554,9.001,1115405420,1667,0,active,1.35,,,,,0,,
sensor_combined,2026-08-07T14:59:36.383+08:00,78.937,31.333595999967656,49.51,1115454930,1667,0,active,1.35,,,,,0,,
sensor_combined,2026-08-07T14:59:36.412+08:00,78.966,29.242961000136347,13.503,1115468433,1667,0,active,1.35,,,,,0,,
sensor_combined,2026-08-07T14:59:36.442+08:00,78.996,29.796088000011878,18.003,1115486436,1667,0,active,1.35,,,,,0,,
sensor_combined,2026-08-07T14:59:36.471+08:00,79.026,29.581116999906953,49.509,1115535945,1667,0,active,1.35,,,,,0,,
sensor_combined,2026-08-07T14:59:36.500+08:00,79.055,29.340125000089756,40.508,1115576453,1667,0,active,1.35,,,,,0,,
sensor_combined,2026-08-07T14:59:36.532+08:00,79.084,29.250417999946876,9.002,1115585455,1667,0,active,1.35,,,,,0,,
sensor_combined,2026-08-07T14:59:36.561+08:00,79.116,31.500818000040454,81.015,1115666470,1667,0,active,1.35,,,,,0,,
sensor_combined,2026-08-07T14:59:36.590+08:00,79.145,29.110591999824464,9.001,1115675471,1667,0,active,1.35,,,,,0,,
sensor_combined,2026-08-07T14:59:36.620+08:00,79.174,28.595295000059195,31.554,1115707025,1667,0,active,1.35,,,,,0,,
sensor_combined,2026-08-07T14:59:36.649+08:00,79.203,29.669670999965092,40.46,1115747485,1667,0,active,1.35,,,,,0,,
sensor_combined,2026-08-07T14:59:36.679+08:00,79.232,28.98254399997313,18.003,1115765488,1667,0,active,1.35,,,,,0,,
sensor_combined,2026-08-07T14:59:36.708+08:00,79.263,30.48776000014186,9.05,1115774538,1667,0,active,1.35,,,,,0,,
sensor_combined,2026-08-07T14:59:36.737+08:00,79.292,28.803448999951797,31.458,1115805996,1667,0,active,1.35,,,,,0,,
failsafe_flags,2026-08-07T14:59:36.765+08:00,79.320,,,1115931215,1667,0,active,1.35,,,,,0,,"{'gcs_connection_lost': True, 'manual_control_signal_lost': True, 'offboard_control_signal_lost': True}"
sensor_combined,2026-08-07T14:59:36.794+08:00,79.348,56.71331300004567,31.506,1115837502,1667,0,active,1.35,,,,,0,,
sensor_combined,2026-08-07T14:59:36.824+08:00,79.379,30.24804899996525,90.017,1115927519,1667,0,active,1.35,,,,,0,,
sensor_combined,2026-08-07T14:59:36.852+08:00,79.407,28.731408000112424,9.001,1115936520,1667,0,active,1.35,,,,,0,,
sensor_combined,2026-08-07T14:59:36.881+08:00,79.436,28.56178699994416,31.506,1115968026,1667,0,active,1.35,,,,,0,,
sensor_combined,2026-08-07T14:59:36.911+08:00,79.465,29.40339699989636,40.508,1116008534,1667,0,active,1.35,,,,,0,,
sensor_combined,2026-08-07T14:59:36.940+08:00,79.495,29.526774000032674,27.005,1116035539,1667,0,active,1.35,,,,,0,,
sensor_combined,2026-08-07T14:59:36.968+08:00,79.523,28.522676999955365,9.049,1116044588,1667,0,active,1.35,,,,,0,,
sensor_combined,2026-08-07T14:59:36.997+08:00,79.552,28.772437000043283,40.46,1116085048,1667,0,active,1.35,,,,,0,,
sensor_combined,2026-08-07T14:59:37.026+08:00,79.580,28.36224099996798,13.503,1116098551,1667,0,active,1.35,,,,,0,,
sensor_combined,2026-08-07T14:59:37.054+08:00,79.609,28.7101569999777,27.005,1116125556,1667,0,active,1.35,,,,,0,,
sensor_combined,2026-08-07T14:59:37.084+08:00,79.638,28.998130999980276,22.504,1116148060,1667,0,active,1.35,,,,,0,,
sensor_combined,2026-08-07T14:59:37.112+08:00,79.667,29.045400000086374,49.509,1116197569,1667,0,active,1.35,,,,,0,,
sensor_combined,2026-08-07T14:59:37.141+08:00,79.696,28.51445200008129,9.002,1116206571,1667,0,active,1.35,,,,,0,,
sensor_combined,2026-08-07T14:59:37.170+08:00,79.725,29.025428999830183,18.051,1116224622,1667,0,active,1.35,,,,,0,,
sensor_combined,2026-08-07T14:59:37.199+08:00,79.754,29.246642000089196,31.458,1116256080,1667,0,active,1.35,,,,,0,,
sensor_combined,2026-08-07T14:59:37.228+08:00,79.783,29.11116900008892,9.002,1116265082,1667,0,active,1.35,,,,,0,,
vehicle_status,2026-08-07T14:59:37.256+08:00,79.811,,,1116415086,1667,0,active,1.35,,,,,0,"{'arming_state': 1, 'nav_state': 4, 'failsafe': True}",
sensor_combined,2026-08-07T14:59:37.285+08:00,79.839,56.10472199987271,22.504,1116287586,1667,0,active,1.35,,,,,0,,
sensor_combined,2026-08-07T14:59:37.313+08:00,79.868,29.08767799999623,103.52,1116391106,1667,0,active,1.35,,,,,0,,
sensor_combined,2026-08-07T14:59:37.343+08:00,79.897,28.665511000099286,4.501,1116395607,1667,0,active,1.35,,,,,0,,
sensor_combined,2026-08-07T14:59:37.372+08:00,79.927,29.642500999898402,9.049,1116404656,1667,0,active,1.35,,,,,0,,
sensor_combined,2026-08-07T14:59:37.400+08:00,79.955,28.378307000139102,76.467,1116481123,1667,0,active,1.35,,,,,0,,
sensor_combined,2026-08-07T14:59:37.428+08:00,79.983,28.113568999970084,13.55,1116494673,1667,0,active,1.35,,,,,0,,
sensor_combined,2026-08-07T14:59:37.458+08:00,80.012,28.65562199986016,22.504,1116517177,1667,0,active,1.35,,,,,0,,
sensor_combined,2026-08-07T14:59:37.487+08:00,80.042,30.135811000036483,67.513,1116584690,1667,0,active,1.35,,,,,0,,
sensor_combined,2026-08-07T14:59:37.515+08:00,80.071,28.818619000048784,8.954,1116593644,1667,0,active,1.35,,,,,0,,
sensor_combined,2026-08-07T14:59:37.547+08:00,80.099,28.42804200008686,13.55,1116607194,1667,0,active,1.35,,,,,0,,
sensor_combined,2026-08-07T14:59:37.576+08:00,80.131,32.33087499984322,13.455,1116620649,1667,0,active,1.35,,,,,0,,
sensor_combined,2026-08-07T14:59:37.605+08:00,80.160,28.57167499996649,36.007,1116656656,1667,0,active,1.35,,,,,0,,
sensor_combined,2026-08-07T14:59:37.635+08:00,80.189,28.656583000156388,9.001,1116665657,1667,0,active,1.35,,,,,0,,
sensor_combined,2026-08-07T14:59:37.664+08:00,80.219,29.998706000014863,90.017,1116755674,1667,0,active,1.35,,,,,0,,
sensor_combined,2026-08-07T14:59:37.692+08:00,80.247,28.512147999890658,31.554,1116787228,1667,0,active,1.35,,,,,0,,
sensor_combined,2026-08-07T14:59:37.722+08:00,80.276,29.255474000137838,8.954,1116796182,1667,0,active,1.35,,,,,0,,
sensor_combined,2026-08-07T14:59:37.751+08:00,80.306,29.139876999806802,49.509,1116845691,1667,0,active,1.35,,,,,0,,
vehicle_status,2026-08-07T14:59:37.780+08:00,80.335,,,1116922086,1667,0,active,1.35,,,,,0,"{'arming_state': 1, 'nav_state': 4, 'failsafe': True}",
sensor_combined,2026-08-07T14:59:37.809+08:00,80.364,58.09851300000446,9.049,1116854740,1667,0,active,1.35,,,,,0,,
sensor_combined,2026-08-07T14:59:37.838+08:00,80.393,28.932105000194497,67.513,1116922253,1667,0,active,1.35,,,,,0,,
sensor_combined,2026-08-07T14:59:37.867+08:00,80.422,29.44340299995929,22.504,1116944757,1667,0,active,1.35,,,,,0,,
sensor_combined,2026-08-07T14:59:37.896+08:00,80.451,28.816634999884627,8.954,1116953711,1667,0,active,1.35,,,,,0,,
sensor_combined,2026-08-07T14:59:37.926+08:00,80.480,28.927017000114574,40.508,1116994219,1667,0,active,1.35,,,,,0,,
sensor_combined,2026-08-07T14:59:37.955+08:00,80.510,30.354718999888064,9.002,1117003221,1667,0,active,1.35,,,,,0,,
sensor_combined,2026-08-07T14:59:37.986+08:00,80.539,28.458381000064037,13.502,1117016723,1667,0,active,1.35,,,,,0,,
sensor_combined,2026-08-07T14:59:38.014+08:00,80.570,31.075962999921103,90.017,1117106740,1667,0,active,1.35,,,,,0,,
sensor_combined,2026-08-07T14:59:38.043+08:00,80.598,28.19060299998455,9.002,1117115742,1667,0,active,1.35,,,,,0,,
sensor_combined,2026-08-07T14:59:38.072+08:00,80.627,28.782007000017984,31.553,1117147295,1667,0,active,1.35,,,,,0,,
sensor_combined,2026-08-07T14:59:38.101+08:00,80.655,28.620706000083374,35.959,1117183254,1667,0,active,1.35,,,,,0,,
sensor_combined,2026-08-07T14:59:38.130+08:00,80.685,29.423336000036215,13.503,1117196757,1667,0,active,1.35,,,,,0,,
sensor_combined,2026-08-07T14:59:38.159+08:00,80.714,29.101310999976704,9.003,1117205760,1667,0,active,1.35,,,,,0,,
sensor_combined,2026-08-07T14:59:38.187+08:00,80.742,28.306457999860868,9.048,1117214808,1667,0,active,1.35,,,,,0,,
sensor_combined,2026-08-07T14:59:38.216+08:00,80.770,28.394917000014175,22.504,1117237312,1667,0,active,1.35,,,,,0,,
sensor_combined,2026-08-07T14:59:38.244+08:00,80.799,28.52639000002455,8.954,1117246266,1667,0,active,1.35,,,,,0,,
sensor_combined,2026-08-07T14:59:38.273+08:00,80.828,28.685226000106923,9.002,1117255268,1667,0,active,1.35,,,,,0,,
sensor_combined,2026-08-07T14:59:38.302+08:00,80.857,28.953451999996105,9.002,1117264270,1667,0,active,1.35,,,,,0,,
sensor_combined,2026-08-07T14:59:38.331+08:00,80.885,28.821372000038536,40.555,1117304825,1667,0,active,1.35,,,,,0,,
sensor_combined,2026-08-07T14:59:38.359+08:00,80.915,29.132226999990962,8.954,1117313779,1667,0,active,1.35,,,,,0,,
sensor_combined,2026-08-07T14:59:38.388+08:00,80.943,28.529653999839866,31.506,1117345285,1667,0,active,1.35,,,,,0,,
failsafe_flags,2026-08-07T14:59:39.113+08:00,81.666,,,1118121248,1667,0,active,1.35,,,,,0,,"{'gcs_connection_lost': True, 'manual_control_signal_lost': True, 'offboard_control_signal_lost': True}"
sensor_combined,2026-08-07T14:59:39.148+08:00,81.700,756.6166180001801,1012.69,1118357975,1667,0,active,1.35,,,,,0,,
vehicle_status,2026-08-07T14:59:39.181+08:00,81.732,,,1117934083,1667,0,active,1.35,,,,,0,"{'arming_state': 1, 'nav_state': 4, 'failsafe': True}",
sensor_combined,2026-08-07T14:59:39.214+08:00,81.767,67.42283799985671,40.508,1118398483,1667,0,active,1.35,,,,,0,,
sensor_combined,2026-08-07T14:59:39.247+08:00,81.799,32.227182000042376,4.5,1118402983,1667,0,active,1.35,,,,,0,,
sensor_combined,2026-08-07T14:59:39.279+08:00,81.831,32.00008099997831,9.002,1118411985,1667,0,active,1.4,,,,,0,,
sensor_combined,2026-08-07T14:59:39.307+08:00,81.862,30.939721000095233,9.002,1118420987,1667,0,active,1.4,,,,,0,,
sensor_combined,2026-08-07T14:59:39.336+08:00,81.891,28.52136599994992,9.049,1118430036,1667,0,active,1.4,,,,,0,,
sensor_combined,2026-08-07T14:59:39.366+08:00,81.920,28.948907000085455,22.504,1118452540,1667,0,active,1.4,,,,,0,,
sensor_combined,2026-08-07T14:59:39.395+08:00,81.950,29.804345000002286,8.954,1118461494,1667,0,active,1.4,,,,,0,,
sensor_combined,2026-08-07T14:59:39.423+08:00,81.978,28.60160000000178,31.506,1118493000,1667,0,active,1.4,,,,,0,,
sensor_combined,2026-08-07T14:59:39.453+08:00,82.008,29.492912999785403,9.002,1118502002,1667,0,active,1.4,,,,,0,,
sensor_combined,2026-08-07T14:59:39.483+08:00,82.037,29.199148000088826,58.511,1118560513,1667,0,active,1.4,,,,,0,,
sensor_combined,2026-08-07T14:59:39.512+08:00,82.067,30.392963999929634,31.506,1118592019,1667,0,active,1.4,,,,,0,,
sensor_combined,2026-08-07T14:59:39.542+08:00,82.096,28.316699000015433,9.003,1118601022,1667,0,active,1.4,,,,,0,,
sensor_combined,2026-08-07T14:59:39.570+08:00,82.125,29.741617000127007,49.508,1118650530,1667,0,active,1.4,,,,,0,,
sensor_combined,2026-08-07T14:59:39.599+08:00,82.154,28.312890000051993,9.002,1118659532,1667,0,active,1.4,,,,,0,,
sensor_combined,2026-08-07T14:59:39.629+08:00,82.182,28.607071999886102,22.504,1118682036,1667,0,active,1.4,,,,,0,,
sensor_combined,2026-08-07T14:59:39.659+08:00,82.213,30.43517800006157,40.555,1118722591,1667,0,active,1.4,,,,,0,,
sensor_combined,2026-08-07T14:59:39.687+08:00,82.242,29.35827199985397,26.958,1118749549,1667,0,active,1.4,,,,,0,,
sensor_combined,2026-08-07T14:59:39.718+08:00,82.270,28.162343000076362,9.001,1118758550,1667,0,active,1.4,,,,,0,,
sensor_combined,2026-08-07T14:59:39.747+08:00,82.302,31.61084699991079,72.014,1118830564,1667,0,active,1.4,,,,,0,,
vehicle_status,2026-08-07T14:59:39.774+08:00,82.330,,,1118946088,1667,0,active,1.4,,,,,0,"{'arming_state': 1, 'nav_state': 4, 'failsafe': True}",
sensor_combined,2026-08-07T14:59:39.803+08:00,82.358,55.950208000012935,22.504,1118853068,1667,0,active,1.4,,,,,0,,
sensor_combined,2026-08-07T14:59:39.832+08:00,82.387,28.92925700007254,99.019,1118952087,1667,0,active,1.4,,,,,0,,
sensor_combined,2026-08-07T14:59:39.861+08:00,82.415,28.672905000121318,9.001,1118961088,1667,0,active,1.4,,,,,0,,
sensor_combined,2026-08-07T14:59:39.889+08:00,82.444,28.78802299983363,22.505,1118983593,1667,0,active,1.4,,,,,0,,
sensor_combined,2026-08-07T14:59:39.918+08:00,82.473,28.472878999991735,9.049,1118992642,1667,0,active,1.4,,,,,0,,
sensor_combined,2026-08-07T14:59:39.948+08:00,82.502,28.931177000004027,26.957,1119019599,1667,0,active,1.4,,,,,0,,
sensor_combined,2026-08-07T14:59:39.978+08:00,82.532,30.628065999962928,13.503,1119033102,1667,0,active,1.4,,,,,0,,
sensor_combined,2026-08-07T14:59:40.007+08:00,82.562,29.787671000121918,9.004,1119042106,1667,0,active,1.4,,,,,0,,
sensor_combined,2026-08-07T14:59:40.035+08:00,82.590,28.434057999902507,49.507,1119091613,1667,0,active,1.4,,,,,0,,
failsafe_flags,2026-08-07T14:59:40.063+08:00,82.618,,,1119211215,1667,0,active,1.4,,,,,0,,"{'gcs_connection_lost': True, 'manual_control_signal_lost': True, 'offboard_control_signal_lost': True}"
sensor_combined,2026-08-07T14:59:40.093+08:00,82.646,55.73728400008804,18.003,1119109616,1667,0,active,1.4,,,,,0,,
sensor_combined,2026-08-07T14:59:40.122+08:00,82.676,30.26165200003561,99.019,1119208635,1667,0,active,1.4,,,,,0,,
sensor_combined,2026-08-07T14:59:40.151+08:00,82.706,29.544983000050706,13.503,1119222138,1667,0,active,1.4,,,,,0,,
sensor_combined,2026-08-07T14:59:40.180+08:00,82.735,28.857183999889457,18.05,1119240188,1667,0,active,1.4,,,,,0,,
sensor_combined,2026-08-07T14:59:40.209+08:00,82.764,28.68877900004918,13.455,1119253643,1667,0,active,1.4,,,,,0,,
sensor_combined,2026-08-07T14:59:40.239+08:00,82.793,29.241040999977486,18.004,1119271647,1667,0,active,1.4,,,,,0,,
sensor_combined,2026-08-07T14:59:40.268+08:00,82.823,30.00117000010505,9.001,1119280648,1667,0,active,1.4,,,,,0,,
sensor_combined,2026-08-07T14:59:40.297+08:00,82.852,29.227343000002293,22.505,1119303153,1667,0,active,1.4,,,,,0,,
sensor_combined,2026-08-07T14:59:40.325+08:00,82.880,28.40263099983531,9.001,1119312154,1667,0,active,1.4,,,,,0,,
sensor_combined,2026-08-07T14:59:40.354+08:00,82.909,28.939018000073702,31.506,1119343660,1667,0,active,1.4,,,,,0,,
sensor_combined,2026-08-07T14:59:40.383+08:00,82.938,28.311866999956692,9.05,1119352710,1667,0,active,1.4,,,,,0,,
sensor_combined,2026-08-07T14:59:41.116+08:00,83.669,730.8910009999181,1008.141,1120360851,1667,0,active,1.4,,,,,0,,
failsafe_flags,2026-08-07T14:59:41.148+08:00,83.700,,,1120311213,1667,0,active,1.4,,,,,0,,"{'gcs_connection_lost': True, 'manual_control_signal_lost': True, 'offboard_control_signal_lost': True}"
vehicle_status,2026-08-07T14:59:41.182+08:00,83.734,,,1119959084,1667,0,active,1.4,,,,,0,"{'arming_state': 1, 'nav_state': 4, 'failsafe': True}",
sensor_combined,2026-08-07T14:59:41.213+08:00,83.767,98.83196400005545,36.007,1120396858,1667,0,active,1.4,,,,,0,,
sensor_combined,2026-08-07T14:59:41.244+08:00,83.798,30.567993999966347,4.502,1120401360,1667,0,active,1.4,,,,,0,,
sensor_combined,2026-08-07T14:59:41.274+08:00,83.828,30.34572600017782,13.502,1120414862,1667,0,active,1.4,,,,,0,,
sensor_combined,2026-08-07T14:59:41.304+08:00,83.858,30.054264999989755,9.001,1120423863,1667,0,active,1.4,,,,,0,,
sensor_combined,2026-08-07T14:59:41.335+08:00,83.888,29.412646999844583,9.05,1120432913,1667,0,active,1.4,,,,,0,,
sensor_combined,2026-08-07T14:59:41.364+08:00,83.919,30.81938600007561,8.954,1120441867,1667,0,active,1.4,,,,,0,,
sensor_combined,2026-08-07T14:59:41.394+08:00,83.948,29.529941999953735,63.012,1120504879,1667,0,active,1.4,,,,,0,,
sensor_combined,2026-08-07T14:59:41.422+08:00,83.977,29.40198999999666,9.002,1120513881,1667,0,active,1.4,,,,,0,,
sensor_combined,2026-08-07T14:59:41.454+08:00,84.008,30.237872000043353,27.004,1120540885,1667,0,active,1.4,,,,,0,,
sensor_combined,2026-08-07T14:59:41.482+08:00,84.038,29.868288999978176,31.506,1120572391,1667,0,active,1.4,,,,,0,,
sensor_combined,2026-08-07T14:59:41.511+08:00,84.066,28.328252999926917,22.505,1120594896,1667,0,active,1.4,,,,,0,,
sensor_combined,2026-08-07T14:59:41.541+08:00,84.095,29.434826000169778,9.001,1120603897,1667,0,active,1.4,,,,,0,,
sensor_combined,2026-08-07T14:59:41.570+08:00,84.125,29.36691299987615,58.511,1120662408,1667,0,active,1.4,,,,,0,,
sensor_combined,2026-08-07T14:59:41.600+08:00,84.154,29.1761690000385,9.002,1120671410,1667,0,active,1.4,,,,,0,,
sensor_combined,2026-08-07T14:59:41.631+08:00,84.183,29.329468000014458,22.504,1120693914,1667,0,active,1.4,,,,,0,,
sensor_combined,2026-08-07T14:59:41.659+08:00,84.215,31.3048880000224,67.513,1120761427,1667,0,active,1.4,,,,,0,,
sensor_combined,2026-08-07T14:59:41.687+08:00,84.243,28.08707000008326,13.503,1120774930,1667,0,active,1.4,,,,,0,,
sensor_combined,2026-08-07T14:59:41.716+08:00,84.271,28.12441899982332,18.051,1120792981,1667,0,active,1.4,,,,,0,,
sensor_combined,2026-08-07T14:59:41.746+08:00,84.301,29.804921000049944,49.461,1120842442,1667,0,active,1.4,,,,,0,,
sensor_combined,2026-08-07T14:59:41.775+08:00,84.330,28.9469229999213,22.505,1120864947,1667,0,active,1.4,,,,,0,,
sensor_combined,2026-08-07T14:59:41.803+08:00,84.358,28.710222000199792,9.001,1120873948,1667,0,active,1.4,,,,,0,,
sensor_combined,2026-08-07T14:59:41.833+08:00,84.387,29.16362299993125,49.51,1120923458,1667,0,active,1.4,,,,,0,,
sensor_combined,2026-08-07T14:59:41.861+08:00,84.416,29.003922999891074,9.001,1120932459,1667,0,active,1.4,,,,,0,,
sensor_combined,2026-08-07T14:59:41.889+08:00,84.444,28.11837000012929,9.002,1120941461,1667,0,active,1.4,,,,,0,,
sensor_combined,2026-08-07T14:59:41.923+08:00,84.478,33.03211599995848,81.015,1121022476,1667,0,active,1.4,,,,,0,,
sensor_combined,2026-08-07T14:59:41.953+08:00,84.507,29.426184999920224,9.002,1121031478,1667,0,active,1.4,,,,,0,,
sensor_combined,2026-08-07T14:59:41.982+08:00,84.537,29.94135400012965,22.504,1121053982,1667,0,active,1.4,,,,,0,,
sensor_combined,2026-08-07T14:59:42.011+08:00,84.566,28.71012599985079,67.513,1121121495,1667,0,active,1.4,,,,,0,,
sensor_combined,2026-08-07T14:59:42.040+08:00,84.594,28.841790000114997,13.502,1121134997,1667,0,active,1.4,,,,,0,,
sensor_combined,2026-08-07T14:59:42.068+08:00,84.623,28.975790999993478,18.051,1121153048,1667,0,active,1.4,,,,,0,,
sensor_combined,2026-08-07T14:59:42.099+08:00,84.652,28.837789999897723,8.954,1121162002,1667,0,active,1.4,,,,,0,,
sensor_combined,2026-08-07T14:59:42.127+08:00,84.682,30.114720000028683,63.012,1121225014,1667,0,active,1.4,,,,,0,,
sensor_combined,2026-08-07T14:59:42.156+08:00,84.711,28.632836000042516,9.002,1121234016,1667,0,active,1.4,,,,,0,,
sensor_combined,2026-08-07T14:59:42.185+08:00,84.740,28.97617500002525,18.003,1121252019,1667,0,active,1.4,,,,,0,,
sensor_combined,2026-08-07T14:59:42.215+08:00,84.769,29.401861999986068,40.508,1121292527,1667,0,active,1.4,,,,,0,,
failsafe_flags,2026-08-07T14:59:42.243+08:00,84.797,,,1121401294,1667,0,active,1.4,,,,,0,,"{'gcs_connection_lost': True, 'manual_control_signal_lost': True, 'offboard_control_signal_lost': True}"
sensor_combined,2026-08-07T14:59:42.273+08:00,84.827,57.28964199988695,22.504,1121315031,1667,0,active,1.4,,,,,0,,
sensor_combined,2026-08-07T14:59:42.303+08:00,84.857,30.4577720000907,9.002,1121324033,1667,0,active,1.4,,,,,0,,
vehicle_status,2026-08-07T14:59:42.330+08:00,84.885,,,1121478419,1667,0,active,1.4,,,,,0,"{'arming_state': 1, 'nav_state': 4, 'failsafe': True}",
sensor_combined,2026-08-07T14:59:42.360+08:00,84.914,57.333872000072006,85.516,1121409549,1667,0,active,1.4,,,,,0,,
sensor_combined,2026-08-07T14:59:42.391+08:00,84.943,28.975119000051563,9.002,1121418551,1667,0,active,1.4,,,,,0,,
sensor_combined,2026-08-07T14:59:42.419+08:00,84.974,30.943945999979405,76.514,1121495065,1667,0,active,1.4,,,,,0,,
sensor_combined,2026-08-07T14:59:42.448+08:00,85.002,28.095358999962627,13.503,1121508568,1667,0,active,1.4,,,,,0,,
sensor_combined,2026-08-07T14:59:42.477+08:00,85.031,28.850239999883343,27.053,1121535621,1667,0,active,1.4,,,,,0,,
sensor_combined,2026-08-07T14:59:42.506+08:00,85.061,29.97495800013894,22.503,1121558124,1667,0,active,1.4,,,,,0,,
sensor_combined,2026-08-07T14:59:42.536+08:00,85.090,28.75605199983511,8.955,1121567079,1667,0,active,1.4,,,,,0,,
sensor_combined,2026-08-07T14:59:42.566+08:00,85.119,29.251122000005125,9.001,1121576080,1667,0,active,1.4,,,,,0,,
sensor_combined,2026-08-07T14:59:42.595+08:00,85.150,30.19044200004828,63.012,1121639092,1667,0,active,1.4,,,,,0,,
sensor_combined,2026-08-07T14:59:42.623+08:00,85.178,28.59081400015384,18.004,1121657096,1667,0,active,1.4,,,,,0,,
sensor_combined,2026-08-07T14:59:42.653+08:00,85.206,28.17693799988774,9.001,1121666097,1667,0,active,1.4,,,,,0,,
sensor_combined,2026-08-07T14:59:42.681+08:00,85.237,30.31112899998334,72.061,1121738158,1667,0,active,1.4,,,,,0,,
sensor_combined,2026-08-07T14:59:42.710+08:00,85.265,28.03119100008189,17.956,1121756114,1667,0,active,1.4,,,,,0,,
sensor_combined,2026-08-07T14:59:42.739+08:00,85.293,28.821500000049127,9.003,1121765117,1667,0,active,1.4,,,,,0,,
sensor_combined,2026-08-07T14:59:42.767+08:00,85.322,28.942570999788586,72.012,1121837129,1667,0,active,1.4,,,,,0,,
vehicle_status,2026-08-07T14:59:42.794+08:00,85.350,,,1121985189,1667,0,active,1.4,,,,,0,"{'arming_state': 1, 'nav_state': 4, 'failsafe': True}",
sensor_combined,2026-08-07T14:59:42.824+08:00,85.378,55.88258200009477,18.004,1121855133,1667,0,active,1.4,,,,,0,,
sensor_combined,2026-08-07T14:59:42.853+08:00,85.407,29.051928999933807,72.013,1121927146,1667,0,active,1.4,,,,,0,,
sensor_combined,2026-08-07T14:59:42.880+08:00,85.436,28.760084000168717,31.506,1121958652,1667,0,active,1.4,,,,,0,,
sensor_combined,2026-08-07T14:59:42.910+08:00,85.464,27.827324999861958,9.002,1121967654,1667,0,active,1.4,,,,,0,,
sensor_combined,2026-08-07T14:59:42.939+08:00,85.494,29.72606299999825,27.005,1121994659,1667,0,active,1.4,,,,,0,,
sensor_combined,2026-08-07T14:59:42.967+08:00,85.522,28.743473000076847,22.506,1122017165,1667,0,active,1.4,,,,,0,,
sensor_combined,2026-08-07T14:59:42.996+08:00,85.551,28.255636000039885,9.0,1122026165,1667,0,active,1.4,,,,,0,,
sensor_combined,2026-08-07T14:59:43.025+08:00,85.580,29.238865000024816,72.061,1122098226,1667,0,active,1.4,,,,,0,,
sensor_combined,2026-08-07T14:59:43.054+08:00,85.609,29.12150599991037,17.956,1122116182,1667,0,active,1.4,,,,,0,,
sensor_combined,2026-08-07T14:59:43.083+08:00,85.638,28.75025799994546,9.002,1122125184,1667,0,active,1.4,,,,,0,,
sensor_combined,2026-08-07T14:59:43.112+08:00,85.667,29.404037999938737,72.013,1122197197,1667,0,active,1.4,,,,,0,,
sensor_combined,2026-08-07T14:59:43.141+08:00,85.696,29.044792000149755,18.004,1122215201,1667,0,active,1.4,,,,,0,,
sensor_combined,2026-08-07T14:59:43.170+08:00,85.725,28.708812999866495,9.001,1122224202,1667,0,active,1.4,,,,,0,,
sensor_combined,2026-08-07T14:59:43.198+08:00,85.754,28.623459000073126,22.504,1122246706,1667,0,active,1.4,,,,,0,,
sensor_combined,2026-08-07T14:59:43.227+08:00,85.782,28.38474000009228,9.05,1122255756,1667,0,active,1.4,,,,,0,,
sensor_combined,2026-08-07T14:59:43.257+08:00,85.812,29.57561099992745,22.504,1122278260,1667,0,active,1.4,,,,,0,,
sensor_combined,2026-08-07T14:59:43.285+08:00,85.841,29.052153000066028,8.954,1122287214,1667,0,active,1.4,,,,,0,,
sensor_combined,2026-08-07T14:59:43.314+08:00,85.869,28.15546299984817,31.506,1122318720,1667,0,active,1.4,,,,,0,,
sensor_combined,2026-08-07T14:59:43.344+08:00,85.898,29.44189900017591,9.002,1122327722,1667,0,active,1.4,,,,,0,,
sensor_combined,2026-08-07T14:59:43.372+08:00,85.928,29.557240999793066,18.051,1122345773,1667,0,active,1.4,,,,,0,,
sensor_combined,2026-08-07T14:59:43.402+08:00,85.956,28.341599000214046,8.954,1122354727,1667,0,active,1.4,,,,,0,,
failsafe_flags,2026-08-07T14:59:44.125+08:00,86.678,,,1123031233,1667,0,active,1.4,,,,,0,,"{'gcs_connection_lost': True, 'manual_control_signal_lost': True, 'offboard_control_signal_lost': True}"
sensor_combined,2026-08-07T14:59:44.159+08:00,86.711,755.1700669998809,1012.691,1123367418,1667,0,active,1.4,,,,,0,,
vehicle_status,2026-08-07T14:59:44.190+08:00,86.743,,,1122998115,1667,0,active,1.4,,,,,0,"{'arming_state': 1, 'nav_state': 4, 'failsafe': True}",
sensor_combined,2026-08-07T14:59:44.222+08:00,86.776,64.65371700005562,40.507,1123407925,1667,0,active,1.4,,,,,0,,
sensor_combined,2026-08-07T14:59:44.255+08:00,86.807,31.510610999930577,4.501,1123412426,1667,0,active,1.4,,,,,0,,
sensor_combined,2026-08-07T14:59:44.286+08:00,86.839,31.607549999989715,9.002,1123421428,1667,0,active,1.53,,,,,0,,
sensor_combined,2026-08-07T14:59:44.314+08:00,86.870,30.925223999929585,9.002,1123430430,1667,0,active,1.53,,,,,0,,
vehicle_status,2026-08-07T14:59:44.343+08:00,86.897,,,1123505086,1667,0,active,1.53,,,,,0,"{'arming_state': 1, 'nav_state': 4, 'failsafe': True}",
sensor_combined,2026-08-07T14:59:44.373+08:00,86.927,56.858772000168756,9.001,1123439431,1667,0,active,1.53,,,,,0,,
sensor_combined,2026-08-07T14:59:44.402+08:00,86.956,29.751121999879615,40.508,1123479939,1667,0,active,1.53,,,,,0,,
sensor_combined,2026-08-07T14:59:44.431+08:00,86.986,29.320091000045068,22.504,1123502443,1667,0,active,1.53,,,,,0,,
sensor_combined,2026-08-07T14:59:44.460+08:00,87.015,29.530069999964326,9.002,1123511445,1667,0,active,1.53,,,,,0,,
sensor_combined,2026-08-07T14:59:44.491+08:00,87.045,29.590461999987383,90.017,1123601462,1667,0,active,1.53,,,,,0,,
sensor_combined,2026-08-07T14:59:44.521+08:00,87.074,29.530742000133614,9.002,1123610464,1667,0,active,1.53,,,,,0,,
sensor_combined,2026-08-07T14:59:44.550+08:00,87.104,29.59430199985036,18.051,1123628515,1667,0,active,1.53,,,,,0,,
sensor_combined,2026-08-07T14:59:44.578+08:00,87.134,29.655494000053295,40.46,1123668975,1667,0,active,1.53,,,,,0,,
sensor_combined,2026-08-07T14:59:44.608+08:00,87.162,28.616865999993024,13.502,1123682477,1667,0,active,1.53,,,,,0,,
sensor_combined,2026-08-07T14:59:44.639+08:00,87.192,29.79912800014972,9.002,1123691479,1667,0,active,1.53,,,,,0,,
sensor_combined,2026-08-07T14:59:44.668+08:00,87.223,30.37731399990662,72.061,1123763540,1667,0,active,1.53,,,,,0,,
sensor_combined,2026-08-07T14:59:44.698+08:00,87.252,29.10860799988768,8.954,1123772494,1667,0,active,1.53,,,,,0,,
sensor_combined,2026-08-07T14:59:44.727+08:00,87.281,29.787446999989697,18.003,1123790497,1667,0,active,1.53,,,,,0,,
sensor_combined,2026-08-07T14:59:44.757+08:00,87.311,29.521653000074366,36.007,1123826504,1667,0,active,1.53,,,,,0,,
sensor_combined,2026-08-07T14:59:44.786+08:00,87.341,29.760914999997112,31.506,1123858010,1667,0,active,1.53,,,,,0,,
sensor_combined,2026-08-07T14:59:44.816+08:00,87.370,29.11702599999444,13.503,1123871513,1667,0,active,1.53,,,,,0,,
sensor_combined,2026-08-07T14:59:44.845+08:00,87.400,30.01701200014395,58.511,1123930024,1667,0,active,1.53,,,,,0,,
sensor_combined,2026-08-07T14:59:44.873+08:00,87.429,28.912422999837872,9.001,1123939025,1667,0,active,1.53,,,,,0,,
sensor_combined,2026-08-07T14:59:44.904+08:00,87.457,28.48129600010907,13.503,1123952528,1667,0,active,1.53,,,,,0,,
sensor_combined,2026-08-07T14:59:44.932+08:00,87.487,30.02315699995961,67.513,1124020041,1667,0,active,1.53,,,,,0,,
failsafe_flags,2026-08-07T14:59:44.961+08:00,87.515,,,1124132227,1667,0,active,1.53,,,,,0,,"{'gcs_connection_lost': True, 'manual_control_signal_lost': True, 'offboard_control_signal_lost': True}"
sensor_combined,2026-08-07T14:59:44.989+08:00,87.545,57.613362999973106,9.001,1124029042,1667,0,active,1.53,,,,,0,,
sensor_combined,2026-08-07T14:59:45.018+08:00,87.573,28.548888999921473,72.062,1124101104,1667,0,active,1.53,,,,,0,,
sensor_combined,2026-08-07T14:59:45.047+08:00,87.601,27.896902000065893,17.956,1124119060,1667,0,active,1.53,,,,,0,,
sensor_combined,2026-08-07T14:59:45.076+08:00,87.631,29.441995000070165,9.001,1124128061,1667,0,active,1.53,,,,,0,,
sensor_combined,2026-08-07T14:59:45.106+08:00,87.659,28.611745000034716,22.504,1124150565,1667,0,active,1.53,,,,,0,,
sensor_combined,2026-08-07T14:59:45.134+08:00,87.689,29.995408999866413,81.015,1124231580,1667,0,active,1.53,,,,,0,,
sensor_combined,2026-08-07T14:59:45.164+08:00,87.718,28.96279800006596,18.004,1124249584,1667,0,active,1.53,,,,,0,,
sensor_combined,2026-08-07T14:59:45.192+08:00,87.747,28.74453000003996,9.049,1124258633,1667,0,active,1.53,,,,,0,,
sensor_combined,2026-08-07T14:59:45.221+08:00,87.776,28.727982999953383,22.506,1124281139,1667,0,active,1.53,,,,,0,,
sensor_combined,2026-08-07T14:59:45.249+08:00,87.804,28.19930900000145,8.953,1124290092,1667,0,active,1.53,,,,,0,,
sensor_combined,2026-08-07T14:59:45.278+08:00,87.833,28.952619999927265,9.001,1124299093,1667,0,active,1.53,,,,,0,,
sensor_combined,2026-08-07T14:59:45.307+08:00,87.862,28.835165000145935,22.504,1124321597,1667,0,active,1.53,,,,,0,,
sensor_combined,2026-08-07T14:59:45.336+08:00,87.890,28.454380999846762,9.002,1124330599,1667,0,active,1.53,,,,,0,,
sensor_combined,2026-08-07T14:59:45.366+08:00,87.920,29.783125999983895,18.051,1124348650,1667,0,active,1.53,,,,,0,,
sensor_combined,2026-08-07T14:59:45.395+08:00,87.949,29.401062000033562,8.954,1124357604,1667,0,active,1.53,,,,,0,,
failsafe_flags,2026-08-07T14:59:46.126+08:00,88.679,,,1125223628,1667,0,active,1.53,,,,,0,,"{'gcs_connection_lost': True, 'manual_control_signal_lost': True, 'offboard_control_signal_lost': True}"
sensor_combined,2026-08-07T14:59:46.159+08:00,88.711,762.0705000001635,1012.691,1125370295,1667,0,active,1.53,,,,,0,,
vehicle_status,2026-08-07T14:59:46.189+08:00,88.743,,,1125024585,1667,0,active,1.53,,,,,0,"{'arming_state': 1, 'nav_state': 4, 'failsafe': True}",
sensor_combined,2026-08-07T14:59:46.220+08:00,88.774,62.512387999959174,36.055,1125406350,1667,0,active,1.53,,,,,0,,
sensor_combined,2026-08-07T14:59:46.251+08:00,88.804,30.385186999865255,4.453,1125410803,1667,0,active,1.53,,,,,0,,
sensor_combined,2026-08-07T14:59:46.281+08:00,88.835,30.774581000059698,9.002,1125419805,1667,0,active,1.53,,,,,0,,
sensor_combined,2026-08-07T14:59:46.312+08:00,88.866,30.812729999979638,13.502,1125433307,1667,0,active,1.53,,,,,0,,
sensor_combined,2026-08-07T14:59:46.340+08:00,88.895,29.390308000074583,9.002,1125442309,1667,0,active,1.53,,,,,0,,
sensor_combined,2026-08-07T14:59:46.370+08:00,88.924,28.642244999900868,31.554,1125473863,1667,0,active,1.53,,,,,0,,
sensor_combined,2026-08-07T14:59:46.400+08:00,88.954,30.10857499998565,17.955,1125491818,1667,0,active,1.53,,,,,0,,
sensor_combined,2026-08-07T14:59:46.429+08:00,88.983,29.283191000104125,9.002,1125500820,1667,0,active,1.53,,,,,0,,
sensor_combined,2026-08-07T14:59:46.458+08:00,89.012,28.77899800000705,13.502,1125514322,1667,0,active,1.53,,,,,0,,
sensor_combined,2026-08-07T14:59:46.487+08:00,89.042,29.661350999958813,58.512,1125572834,1667,0,active,1.53,,,,,0,,
sensor_combined,2026-08-07T14:59:46.516+08:00,89.071,28.968941999892195,31.505,1125604339,1667,0,active,1.53,,,,,0,,
sensor_combined,2026-08-07T14:59:46.544+08:00,89.099,28.298489000007976,9.002,1125613341,1667,0,active,1.53,,,,,0,,
sensor_combined,2026-08-07T14:59:46.574+08:00,89.129,29.403590000129043,18.051,1125631392,1667,0,active,1.53,,,,,0,,
sensor_combined,2026-08-07T14:59:46.602+08:00,89.157,28.774965999900814,40.46,1125671852,1667,0,active,1.53,,,,,0,,
sensor_combined,2026-08-07T14:59:46.631+08:00,89.186,28.623874000004434,31.506,1125703358,1667,0,active,1.53,,,,,0,,
sensor_combined,2026-08-07T14:59:46.662+08:00,89.214,28.207790000124078,9.004,1125712362,1667,0,active,1.53,,,,,0,,
sensor_combined,2026-08-07T14:59:46.690+08:00,89.245,31.167014999937237,49.507,1125761869,1667,0,active,1.53,,,,,0,,
sensor_combined,2026-08-07T14:59:46.718+08:00,89.273,27.72459099992375,9.002,1125770871,1667,0,active,1.53,,,,,0,,
sensor_combined,2026-08-07T14:59:46.749+08:00,89.303,29.833436999979313,22.504,1125793375,1667,0,active,1.53,,,,,0,,
sensor_combined,2026-08-07T14:59:46.778+08:00,89.333,29.889700000012454,40.558,1125833933,1667,0,active,1.53,,,,,0,,
sensor_combined,2026-08-07T14:59:46.806+08:00,89.361,28.64246900003309,8.952,1125842885,1667,0,active,1.53,,,,,0,,
sensor_combined,2026-08-07T14:59:46.837+08:00,89.390,28.612737000003108,18.003,1125860888,1667,0,active,1.53,,,,,0,,
sensor_combined,2026-08-07T14:59:46.866+08:00,89.421,31.24676900006307,63.059,1125923947,1667,0,active,1.53,,,,,0,,
sensor_combined,2026-08-07T14:59:46.895+08:00,89.450,28.869858000007298,8.954,1125932901,1667,0,active,1.53,,,,,0,,
sensor_combined,2026-08-07T14:59:46.924+08:00,89.478,28.253522999875713,31.506,1125964407,1667,0,active,1.53,,,,,0,,
sensor_combined,2026-08-07T14:59:46.952+08:00,89.507,28.833885000040027,67.514,1126031921,1667,0,active,1.53,,,,,0,,
sensor_combined,2026-08-07T14:59:46.980+08:00,89.535,28.277046000084738,22.503,1126054424,1667,0,active,1.53,,,,,0,,
sensor_combined,2026-08-07T14:59:47.010+08:00,89.564,28.327548999868668,9.002,1126063426,1667,0,active,1.53,,,,,0,,
sensor_combined,2026-08-07T14:59:47.038+08:00,89.594,29.928905000133454,40.555,1126103981,1667,0,active,1.53,,,,,0,,
sensor_combined,2026-08-07T14:59:47.067+08:00,89.622,28.396068999882118,17.956,1126121937,1667,0,active,1.53,,,,,0,,
sensor_combined,2026-08-07T14:59:47.096+08:00,89.650,27.982929000017975,9.002,1126130939,1667,0,active,1.53,,,,,0,,
sensor_combined,2026-08-07T14:59:47.125+08:00,89.679,29.042968000112523,72.014,1126202953,1667,0,active,1.53,,,,,0,,
failsafe_flags,2026-08-07T14:59:47.153+08:00,89.707,,,1126325246,1667,0,active,1.53,,,,,0,,"{'gcs_connection_lost': True, 'manual_control_signal_lost': True, 'offboard_control_signal_lost': True}"
sensor_combined,2026-08-07T14:59:47.182+08:00,89.737,57.994851999865205,18.003,1126220956,1667,0,active,1.53,,,,,0,,
sensor_combined,2026-08-07T14:59:47.210+08:00,89.765,28.308666000157245,31.506,1126252462,1667,0,active,1.53,,,,,0,,
sensor_combined,2026-08-07T14:59:47.238+08:00,89.794,28.16960899986043,9.049,1126261511,1667,0,active,1.53,,,,,0,,
sensor_combined,2026-08-07T14:59:47.267+08:00,89.822,28.40583100010008,8.954,1126270465,1667,0,active,1.53,,,,,0,,
sensor_combined,2026-08-07T14:59:47.295+08:00,89.850,28.31919499999458,13.55,1126284015,1667,0,active,1.53,,,,,0,,
sensor_combined,2026-08-07T14:59:47.324+08:00,89.879,28.735761000007187,8.954,1126292969,1667,0,active,1.53,,,,,0,,
sensor_combined,2026-08-07T14:59:47.352+08:00,89.907,28.14970200006428,27.005,1126319974,1667,0,active,1.53,,,,,0,,
sensor_combined,2026-08-07T14:59:47.381+08:00,89.936,28.752531000009185,13.503,1126333477,1667,0,active,1.53,,,,,0,,
sensor_combined,2026-08-07T14:59:47.409+08:00,89.964,27.859296999849903,18.051,1126351528,1667,0,active,1.53,,,,,0,,
sensor_combined,2026-08-07T14:59:47.438+08:00,89.993,29.22379100004946,8.954,1126360482,1667,0,active,1.53,,,,,0,,
failsafe_flags,2026-08-07T14:59:48.128+08:00,90.682,,,1126865212,1667,0,active,1.53,,,,,0,,"{'gcs_connection_lost': True, 'manual_control_signal_lost': True, 'offboard_control_signal_lost': True}"
sensor_combined,2026-08-07T14:59:48.162+08:00,90.714,721.1196139999174,1012.691,1127373173,1667,0,active,1.53,,,,,0,,
vehicle_status,2026-08-07T14:59:48.194+08:00,90.746,,,1127052592,1667,0,active,1.53,,,,,0,"{'arming_state': 1, 'nav_state': 4, 'failsafe': True}",
sensor_combined,2026-08-07T14:59:48.225+08:00,90.779,65.056616999982,36.055,1127409228,1667,0,active,1.53,,,,,0,,
failsafe_flags,2026-08-07T14:59:48.254+08:00,90.808,,,1127415329,1667,0,active,1.53,,,,,0,,"{'gcs_connection_lost': True, 'manual_control_signal_lost': True, 'offboard_control_signal_lost': True}"
sensor_combined,2026-08-07T14:59:48.285+08:00,90.838,58.62642100009907,4.453,1127413681,1667,0,active,1.53,,,,,0,,
sensor_combined,2026-08-07T14:59:48.315+08:00,90.869,31.594588999951156,9.002,1127422683,1667,0,active,1.53,,,,,0,,
sensor_combined,2026-08-07T14:59:48.345+08:00,90.898,28.9226330000929,13.502,1127436185,1667,0,active,1.53,,,,,0,,
sensor_combined,2026-08-07T14:59:48.373+08:00,90.928,29.872993000026327,9.002,1127445187,1667,0,active,1.53,,,,,0,,
sensor_combined,2026-08-07T14:59:48.403+08:00,90.958,29.770260999839593,40.508,1127485695,1667,0,active,1.53,,,,,0,,
sensor_combined,2026-08-07T14:59:48.433+08:00,90.987,28.86777800017626,9.001,1127494696,1667,0,active,1.53,,,,,0,,
sensor_combined,2026-08-07T14:59:48.463+08:00,91.016,29.530518000001393,9.002,1127503698,1667,0,active,1.53,,,,,0,,
sensor_combined,2026-08-07T14:59:48.492+08:00,91.047,30.16611899988675,72.013,1127575711,1667,0,active,1.53,,,,,0,,
sensor_combined,2026-08-07T14:59:48.520+08:00,91.076,28.98923299994749,31.507,1127607218,1667,0,active,1.53,,,,,0,,
sensor_combined,2026-08-07T14:59:48.551+08:00,91.104,28.34054200002356,9.001,1127616219,1667,0,active,1.53,,,,,0,,
sensor_combined,2026-08-07T14:59:48.582+08:00,91.137,32.795991000057256,67.513,1127683732,1667,0,active,1.53,,,,,0,,
sensor_combined,2026-08-07T14:59:48.611+08:00,91.166,29.02821399993627,13.502,1127697234,1667,0,active,1.53,,,,,0,,
sensor_combined,2026-08-07T14:59:48.640+08:00,91.195,28.917544000023554,9.002,1127706236,1667,0,active,1.53,,,,,0,,
sensor_combined,2026-08-07T14:59:48.670+08:00,91.225,30.09414200005267,58.511,1127764747,1667,0,active,1.53,,,,,0,,
sensor_combined,2026-08-07T14:59:48.698+08:00,91.253,28.655974999992395,9.002,1127773749,1667,0,active,1.53,,,,,0,,
sensor_combined,2026-08-07T14:59:48.728+08:00,91.282,28.626561999999467,22.504,1127796253,1667,0,active,1.53,,,,,0,,
sensor_combined,2026-08-07T14:59:48.758+08:00,91.313,30.64797299998645,67.513,1127863766,1667,0,active,1.53,,,,,0,,
failsafe_flags,2026-08-07T14:59:48.785+08:00,91.340,,,1127965228,1667,0,active,1.53,,,,,0,,"{'gcs_connection_lost': True, 'manual_control_signal_lost': True, 'offboard_control_signal_lost': True}"
sensor_combined,2026-08-07T14:59:48.814+08:00,91.369,56.26375099996039,13.503,1127877269,1667,0,active,1.53,,,,,0,,
sensor_combined,2026-08-07T14:59:48.843+08:00,91.398,29.270293000081438,27.052,1127904321,1667,0,active,1.53,,,,,0,,
sensor_combined,2026-08-07T14:59:48.872+08:00,91.427,29.11773000005269,31.459,1127935780,1667,0,active,1.53,,,,,0,,
vehicle_status,2026-08-07T14:59:48.900+08:00,91.455,,,1128064093,1667,0,active,1.53,,,,,0,"{'arming_state': 1, 'nav_state': 4, 'failsafe': True}",
sensor_combined,2026-08-07T14:59:48.930+08:00,91.483,56.13474300002963,9.001,1127944781,1667,0,active,1.53,,,,,0,,
sensor_combined,2026-08-07T14:59:48.959+08:00,91.514,30.238447999863638,90.017,1128034798,1667,0,active,1.53,,,,,0,,
sensor_combined,2026-08-07T14:59:48.988+08:00,91.543,28.926825000098688,22.504,1128057302,1667,0,active,1.53,,,,,0,,
sensor_combined,2026-08-07T14:59:49.018+08:00,91.572,29.231984000034572,4.549,1128061851,1667,0,active,1.53,,,,,0,,
sensor_combined,2026-08-07T14:59:49.046+08:00,91.601,29.174952999937886,62.964,1128124815,1667,0,active,1.53,,,,,0,,
sensor_combined,2026-08-07T14:59:49.076+08:00,91.630,28.875811000034446,9.002,1128133817,1667,0,active,1.53,,,,,0,,
sensor_combined,2026-08-07T14:59:49.105+08:00,91.659,29.209132999994836,13.503,1128147320,1667,0,active,1.53,,,,,0,,
sensor_combined,2026-08-07T14:59:49.133+08:00,91.688,29.31436299991219,76.514,1128223834,1667,0,active,1.53,,,,,0,,
sensor_combined,2026-08-07T14:59:49.163+08:00,91.717,28.72385499995289,13.502,1128237336,1667,0,active,1.53,,,,,0,,
sensor_combined,2026-08-07T14:59:49.191+08:00,91.747,29.388676000053238,18.004,1128255340,1667,0,active,1.53,,,,,0,,
sensor_combined,2026-08-07T14:59:49.220+08:00,91.775,28.330525000001217,9.049,1128264389,1667,0,active,1.53,,,,,0,,
sensor_combined,2026-08-07T14:59:49.249+08:00,91.803,28.590141999984553,22.504,1128286893,1667,0,active,1.53,,,,,0,,
sensor_combined,2026-08-07T14:59:49.278+08:00,91.832,28.935082000089096,8.955,1128295848,1667,0,active,1.49,,,,,0,,
sensor_combined,2026-08-07T14:59:49.306+08:00,91.862,29.1404209999655,31.507,1128327355,1667,0,active,1.49,,,,,0,,
sensor_combined,2026-08-07T14:59:49.335+08:00,91.890,28.160614999933387,9.0,1128336355,1667,0,active,1.49,,,,,0,,
sensor_combined,2026-08-07T14:59:49.363+08:00,91.918,28.380643999980748,18.051,1128354406,1667,0,active,1.49,,,,,0,,
sensor_combined,2026-08-07T14:59:49.392+08:00,91.947,28.786359000150696,8.954,1128363360,1667,0,active,1.49,,,,,0,,
failsafe_flags,2026-08-07T14:59:50.132+08:00,92.686,,,1129065253,1667,0,active,1.49,,,,,0,,"{'gcs_connection_lost': True, 'manual_control_signal_lost': True, 'offboard_control_signal_lost': True}"
sensor_combined,2026-08-07T14:59:50.165+08:00,92.718,771.2012019999293,1012.692,1129376052,1667,0,active,1.49,,,,,0,,
vehicle_status,2026-08-07T14:59:50.196+08:00,92.749,,,1129076166,1667,0,active,1.49,,,,,0,"{'arming_state': 1, 'nav_state': 4, 'failsafe': True}",
sensor_combined,2026-08-07T14:59:50.229+08:00,92.783,64.71074899991436,40.508,1129416560,1667,0,active,1.49,,,,,0,,
sensor_combined,2026-08-07T14:59:50.260+08:00,92.814,30.95982000013464,4.5,1129421060,1667,0,active,1.49,,,,,0,,
sensor_combined,2026-08-07T14:59:50.292+08:00,92.844,30.284373999847958,4.501,1129425561,1667,0,active,1.49,,,,,0,,
sensor_combined,2026-08-07T14:59:50.321+08:00,92.876,31.804472999965583,9.049,1129434610,1667,0,active,1.49,,,,,0,,
sensor_combined,2026-08-07T14:59:50.351+08:00,92.905,29.05496900007165,13.455,1129448065,1667,0,active,1.49,,,,,0,,
sensor_combined,2026-08-07T14:59:50.382+08:00,92.934,29.47492700013754,27.006,1129475071,1667,0,active,1.49,,,,,0,,
sensor_combined,2026-08-07T14:59:50.409+08:00,92.965,30.68669799995405,13.502,1129488573,1667,0,active,1.49,,,,,0,,
failsafe_flags,2026-08-07T14:59:50.437+08:00,92.992,,,1129616370,1667,0,active,1.49,,,,,0,,"{'gcs_connection_lost': True, 'manual_control_signal_lost': True, 'offboard_control_signal_lost': True}"
sensor_combined,2026-08-07T14:59:50.466+08:00,93.021,55.9885799998483,18.004,1129506577,1667,0,active,1.49,,,,,0,,
sensor_combined,2026-08-07T14:59:50.496+08:00,93.051,30.055704999995214,72.013,1129578590,1667,0,active,1.49,,,,,0,,
sensor_combined,2026-08-07T14:59:50.524+08:00,93.079,28.162920000113445,36.055,1129614645,1667,0,active,1.49,,,,,0,,
sensor_combined,2026-08-07T14:59:50.553+08:00,93.108,28.252594999912617,13.455,1129628100,1667,0,active,1.49,,,,,0,,
sensor_combined,2026-08-07T14:59:50.583+08:00,93.137,29.448780000166153,9.049,1129637149,1667,0,active,1.49,,,,,0,,
sensor_combined,2026-08-07T14:59:50.610+08:00,93.166,29.115136999962488,40.46,1129677609,1667,0,active,1.49,,,,,0,,
sensor_combined,2026-08-07T14:59:50.639+08:00,93.194,27.80760999985432,9.001,1129686610,1667,0,active,1.49,,,,,0,,
sensor_combined,2026-08-07T14:59:50.669+08:00,93.223,28.93345000006775,18.052,1129704662,1667,0,active,1.49,,,,,0,,
sensor_combined,2026-08-07T14:59:50.697+08:00,93.252,29.22385600004418,40.46,1129745122,1667,0,active,1.49,,,,,0,,
sensor_combined,2026-08-07T14:59:50.726+08:00,93.281,28.7927919998765,22.504,1129767626,1667,0,active,1.49,,,,,0,,
sensor_combined,2026-08-07T14:59:50.756+08:00,93.310,28.885347000141337,9.002,1129776628,1667,0,active,1.49,,,,,0,,
sensor_combined,2026-08-07T14:59:50.785+08:00,93.340,29.854943999907846,72.013,1129848641,1667,0,active,1.49,,,,,0,,
sensor_combined,2026-08-07T14:59:50.813+08:00,93.369,28.9979700000913,18.004,1129866645,1667,0,active,1.49,,,,,0,,
sensor_combined,2026-08-07T14:59:50.843+08:00,93.397,28.456780999931652,9.001,1129875646,1667,0,active,1.49,,,,,0,,
sensor_combined,2026-08-07T14:59:50.872+08:00,93.426,29.423113000120793,72.014,1129947660,1667,0,active,1.49,,,,,0,,
sensor_combined,2026-08-07T14:59:50.900+08:00,93.455,28.793975999860777,18.003,1129965663,1667,0,active,1.49,,,,,0,,
sensor_combined,2026-08-07T14:59:50.929+08:00,93.484,28.528118000167524,9.05,1129974713,1667,0,active,1.49,,,,,0,,
sensor_combined,2026-08-07T14:59:50.958+08:00,93.512,28.628098999888607,53.962,1130028675,1667,0,active,1.49,,,,,0,,
failsafe_flags,2026-08-07T14:59:50.987+08:00,93.541,,,1130166228,1667,0,active,1.49,,,,,0,,"{'gcs_connection_lost': True, 'manual_control_signal_lost': True, 'offboard_control_signal_lost': True}"
sensor_combined,2026-08-07T14:59:51.015+08:00,93.570,57.96374500005186,36.055,1130064730,1667,0,active,1.49,,,,,0,,
sensor_combined,2026-08-07T14:59:51.044+08:00,93.599,28.40899900002114,40.46,1130105190,1667,0,active,1.49,,,,,0,,
sensor_combined,2026-08-07T14:59:51.072+08:00,93.627,28.496561999872938,31.506,1130136696,1667,0,active,1.49,,,,,0,,
sensor_combined,2026-08-07T14:59:51.101+08:00,93.656,28.537079999978232,9.001,1130145697,1667,0,active,1.49,,,,,0,,
sensor_combined,2026-08-07T14:59:51.130+08:00,93.685,29.080732000011267,63.012,1130208709,1667,0,active,1.49,,,,,0,,
sensor_combined,2026-08-07T14:59:51.159+08:00,93.713,28.53692000007868,9.002,1130217711,1667,0,active,1.49,,,,,0,,
sensor_combined,2026-08-07T14:59:51.188+08:00,93.742,29.029110000010405,9.002,1130226713,1667,0,active,1.49,,,,,0,,
sensor_combined,2026-08-07T14:59:51.217+08:00,93.773,30.06703500000185,40.555,1130267268,1667,0,active,1.49,,,,,0,,
sensor_combined,2026-08-07T14:59:51.246+08:00,93.801,28.568602999939685,8.954,1130276222,1667,0,active,1.49,,,,,0,,
sensor_combined,2026-08-07T14:59:51.277+08:00,93.830,29.245361999983288,9.002,1130285224,1667,0,active,1.49,,,,,0,,
sensor_combined,2026-08-07T14:59:51.307+08:00,93.860,29.916487000036796,13.502,1130298726,1667,0,active,1.49,,,,,0,,
sensor_combined,2026-08-07T14:59:51.337+08:00,93.891,30.771060999995825,27.006,1130325732,1667,0,active,1.49,,,,,0,,
sensor_combined,2026-08-07T14:59:51.366+08:00,93.920,29.450060000044687,9.049,1130334781,1667,0,active,1.49,,,,,0,,
sensor_combined,2026-08-07T14:59:51.395+08:00,93.950,29.389187999868227,22.504,1130357285,1667,0,active,1.49,,,,,0,,
sensor_combined,2026-08-07T14:59:51.424+08:00,93.979,28.948972000080175,8.954,1130366239,1667,0,active,1.49,,,,,0,,
failsafe_flags,2026-08-07T14:59:52.136+08:00,94.688,,,1131267770,1667,0,active,1.49,,,,,0,,"{'gcs_connection_lost': True, 'manual_control_signal_lost': True, 'offboard_control_signal_lost': True}"
sensor_combined,2026-08-07T14:59:52.169+08:00,94.722,743.1853099999444,1012.692,1131378931,1667,0,active,1.49,,,,,0,,
vehicle_status,2026-08-07T14:59:52.202+08:00,94.754,,,1131102084,1667,0,active,1.49,,,,,0,"{'arming_state': 1, 'nav_state': 4, 'failsafe': True}",
sensor_combined,2026-08-07T14:59:52.232+08:00,94.786,64.31172200018409,36.054,1131414985,1667,0,active,1.49,,,,,0,,
sensor_combined,2026-08-07T14:59:52.262+08:00,94.816,29.279637999934494,4.453,1131419438,1667,0,active,1.49,,,,,0,,
sensor_combined,2026-08-07T14:59:52.293+08:00,94.846,30.8207619998484,9.002,1131428440,1667,0,active,1.49,,,,,0,,
sensor_combined,2026-08-07T14:59:52.321+08:00,94.876,29.89722100005565,9.05,1131437490,1667,0,active,1.49,,,,,0,,
sensor_combined,2026-08-07T14:59:52.350+08:00,94.905,28.668296999967424,8.954,1131446444,1667,0,active,1.49,,,,,0,,
sensor_combined,2026-08-07T14:59:52.381+08:00,94.934,28.951148000032845,31.506,1131477950,1667,0,active,1.49,,,,,0,,
sensor_combined,2026-08-07T14:59:52.410+08:00,94.965,30.649125000081767,18.003,1131495953,1667,0,active,1.49,,,,,0,,
vehicle_status,2026-08-07T14:59:52.438+08:00,94.993,,,1131608105,1667,0,active,1.49,,,,,0,"{'arming_state': 1, 'nav_state': 4, 'failsafe': True}",
sensor_combined,2026-08-07T14:59:52.468+08:00,95.022,57.52960900008475,9.049,1131505002,1667,0,active,1.49,,,,,0,,
sensor_combined,2026-08-07T14:59:52.497+08:00,95.052,29.488240999853588,98.971,1131603973,1667,0,active,1.49,,,,,0,,
sensor_combined,2026-08-07T14:59:52.525+08:00,95.080,28.845629999977973,9.002,1131612975,1667,0,active,1.49,,,,,0,,
sensor_combined,2026-08-07T14:59:52.553+08:00,95.108,27.95322900010433,22.504,1131635479,1667,0,active,1.49,,,,,0,,
sensor_combined,2026-08-07T14:59:52.583+08:00,95.137,28.75077099997725,9.002,1131644481,1667,0,active,1.49,,,,,0,,
sensor_combined,2026-08-07T14:59:52.611+08:00,95.166,29.320476000066265,54.01,1131698491,1667,0,active,1.49,,,,,0,,
failsafe_flags,2026-08-07T14:59:52.640+08:00,95.194,,,1131817839,1667,0,active,1.49,,,,,0,,"{'gcs_connection_lost': True, 'manual_control_signal_lost': True, 'offboard_control_signal_lost': True}"
sensor_combined,2026-08-07T14:59:52.672+08:00,95.225,58.10296200002085,9.05,1131707541,1667,0,active,1.49,,,,,0,,
sensor_combined,2026-08-07T14:59:52.700+08:00,95.255,30.571770999813452,58.463,1131766004,1667,0,active,1.49,,,,,0,,
sensor_combined,2026-08-07T14:59:52.728+08:00,95.284,28.583709000031376,9.049,1131775053,1667,0,active,1.49,,,,,0,,
sensor_combined,2026-08-07T14:59:52.759+08:00,95.312,27.879556000016237,31.459,1131806512,1667,0,active,1.49,,,,,0,,
sensor_combined,2026-08-07T14:59:52.788+08:00,95.343,30.870465000134573,40.507,1131847019,1667,0,active,1.49,,,,,0,,
sensor_combined,2026-08-07T14:59:52.816+08:00,95.371,28.840446000003794,31.506,1131878525,1667,0,active,1.49,,,,,0,,
sensor_combined,2026-08-07T14:59:52.847+08:00,95.400,28.685673999916617,9.05,1131887575,1667,0,active,1.49,,,,,0,,
sensor_combined,2026-08-07T14:59:52.876+08:00,95.430,30.449291999957495,49.462,1131937037,1667,0,active,1.49,,,,,0,,
sensor_combined,2026-08-07T14:59:52.905+08:00,95.460,29.105600000093546,31.505,1131968542,1667,0,active,1.49,,,,,0,,
sensor_combined,2026-08-07T14:59:52.934+08:00,95.488,28.810393999947337,9.05,1131977592,1667,0,active,1.49,,,,,0,,
sensor_combined,2026-08-07T14:59:52.963+08:00,95.517,28.892868999946586,49.462,1132027054,1667,0,active,1.49,,,,,0,,
sensor_combined,2026-08-07T14:59:52.991+08:00,95.546,28.890115999956834,9.001,1132036055,1667,0,active,1.49,,,,,0,,
sensor_combined,2026-08-07T14:59:53.021+08:00,95.575,28.570300000183124,22.505,1132058560,1667,0,active,1.49,,,,,0,,
sensor_combined,2026-08-07T14:59:53.050+08:00,95.604,29.682185999945432,49.509,1132108069,1667,0,active,1.49,,,,,0,,
sensor_combined,2026-08-07T14:59:53.078+08:00,95.634,29.382787000031385,18.003,1132126072,1667,0,active,1.49,,,,,0,,
sensor_combined,2026-08-07T14:59:53.109+08:00,95.662,28.526134000003367,9.05,1132135122,1667,0,active,1.49,,,,,0,,
sensor_combined,2026-08-07T14:59:53.138+08:00,95.692,29.879522999863184,62.964,1132198086,1667,0,active,1.49,,,,,0,,
sensor_combined,2026-08-07T14:59:53.167+08:00,95.721,29.011604000061197,27.053,1132225139,1667,0,active,1.49,,,,,0,,
failsafe_flags,2026-08-07T14:59:53.195+08:00,95.750,,,1132368213,1667,0,active,1.49,,,,,0,,"{'gcs_connection_lost': True, 'manual_control_signal_lost': True, 'offboard_control_signal_lost': True}"
sensor_combined,2026-08-07T14:59:53.225+08:00,95.779,58.034536999912234,13.455,1132238594,1667,0,active,1.49,,,,,0,,
sensor_combined,2026-08-07T14:59:53.255+08:00,95.809,30.00549100011085,67.513,1132306107,1667,0,active,1.49,,,,,0,,
sensor_combined,2026-08-07T14:59:53.285+08:00,95.839,30.09161399995719,22.504,1132328611,1667,0,active,1.49,,,,,0,,
sensor_combined,2026-08-07T14:59:53.315+08:00,95.869,29.94433100002425,9.049,1132337660,1667,0,active,1.49,,,,,0,,
sensor_combined,2026-08-07T14:59:53.343+08:00,95.899,29.413862999945195,90.017,1132427677,1667,0,active,1.49,,,,,0,,
sensor_combined,2026-08-07T14:59:53.373+08:00,95.927,28.400070000088817,4.453,1132432130,1667,0,active,1.49,,,,,0,,
sensor_combined,2026-08-07T14:59:53.402+08:00,95.956,29.343999000047916,4.501,1132436631,1667,0,active,1.49,,,,,0,,
sensor_combined,2026-08-07T14:59:53.431+08:00,95.985,28.78997499988145,58.559,1132495190,1667,0,active,1.49,,,,,0,,
vehicle_status,2026-08-07T14:59:53.460+08:00,96.015,,,1132621088,1667,0,active,1.49,,,,,0,"{'arming_state': 1, 'nav_state': 4, 'failsafe': True}",
sensor_combined,2026-08-07T14:59:53.491+08:00,96.044,58.47155300011764,13.455,1132508645,1667,0,active,1.49,,,,,0,,
sensor_combined,2026-08-07T14:59:53.520+08:00,96.074,30.534550999846033,49.509,1132558154,1667,0,active,1.49,,,,,0,,
sensor_combined,2026-08-07T14:59:53.548+08:00,96.103,28.90848700008064,27.053,1132585207,1667,0,active,1.49,,,,,0,,
sensor_combined,2026-08-07T14:59:53.578+08:00,96.131,28.160038999885728,13.455,1132598662,1667,0,active,1.49,,,,,0,,
sensor_combined,2026-08-07T14:59:53.607+08:00,96.161,29.706765000128144,67.513,1132666175,1667,0,active,1.49,,,,,0,,
sensor_combined,2026-08-07T14:59:53.635+08:00,96.190,29.38102699999945,22.504,1132688679,1667,0,active,1.49,,,,,0,,
sensor_combined,2026-08-07T14:59:53.667+08:00,96.219,28.177736999850822,9.049,1132697728,1667,0,active,1.49,,,,,0,,
sensor_combined,2026-08-07T14:59:53.694+08:00,96.250,31.59551800013105,49.462,1132747190,1667,0,active,1.49,,,,,0,,
failsafe_flags,2026-08-07T14:59:53.721+08:00,96.277,,,1132918213,1667,0,active,1.49,,,,,0,,"{'gcs_connection_lost': True, 'manual_control_signal_lost': True, 'offboard_control_signal_lost': True}"
sensor_combined,2026-08-07T14:59:53.750+08:00,96.305,54.988164999940636,9.002,1132756192,1667,0,active,1.49,,,,,0,,
sensor_combined,2026-08-07T14:59:53.779+08:00,96.334,28.655943000103434,90.017,1132846209,1667,0,active,1.49,,,,,0,,
sensor_combined,2026-08-07T14:59:53.807+08:00,96.362,28.361856999936208,9.049,1132855258,1667,0,active,1.49,,,,,0,,
sensor_combined,2026-08-07T14:59:53.836+08:00,96.391,28.74382599998171,22.504,1132877762,1667,0,active,1.49,,,,,0,,
sensor_combined,2026-08-07T14:59:53.866+08:00,96.421,29.662022999900728,67.513,1132945275,1667,0,active,1.49,,,,,0,,
sensor_combined,2026-08-07T14:59:53.894+08:00,96.449,28.720430000021224,13.455,1132958730,1667,0,active,1.49,,,,,0,,
sensor_combined,2026-08-07T14:59:53.922+08:00,96.477,28.19198000020151,18.004,1132976734,1667,0,active,1.49,,,,,0,,
sensor_combined,2026-08-07T14:59:53.951+08:00,96.506,28.03794399983417,72.013,1133048747,1667,0,active,1.49,,,,,0,,
sensor_combined,2026-08-07T14:59:53.980+08:00,96.534,28.366368999968472,9.049,1133057796,1667,0,active,1.49,,,,,0,,
sensor_combined,2026-08-07T14:59:54.008+08:00,96.563,29.301049000196144,17.956,1133075752,1667,0,active,1.49,,,,,0,,
sensor_combined,2026-08-07T14:59:54.038+08:00,96.591,28.28786399982164,9.002,1133084754,1667,0,active,1.49,,,,,0,,
sensor_combined,2026-08-07T14:59:54.067+08:00,96.621,29.883971000117526,31.506,1133116260,1667,0,active,1.49,,,,,0,,
sensor_combined,2026-08-07T14:59:54.095+08:00,96.651,29.478319999952873,22.504,1133138764,1667,0,active,1.49,,,,,0,,
sensor_combined,2026-08-07T14:59:54.124+08:00,96.679,28.04347999995116,9.05,1133147814,1667,0,active,1.49,,,,,0,,
sensor_combined,2026-08-07T14:59:54.155+08:00,96.710,31.371105000062016,90.016,1133237830,1667,0,active,1.49,,,,,0,,
sensor_combined,2026-08-07T14:59:54.184+08:00,96.739,28.79669699996157,8.955,1133246785,1667,0,active,1.49,,,,,0,,
sensor_combined,2026-08-07T14:59:54.213+08:00,96.768,28.906279000011637,18.003,1133264788,1667,0,active,1.49,,,,,0,,
sensor_combined,2026-08-07T14:59:54.242+08:00,96.796,28.326172000106453,13.503,1133278291,1667,0,active,1.49,,,,,0,,
sensor_combined,2026-08-07T14:59:54.272+08:00,96.825,29.12032199992609,27.052,1133305343,1667,0,active,1.49,,,,,0,,
sensor_combined,2026-08-07T14:59:54.300+08:00,96.855,29.716686000028858,13.455,1133318798,1667,0,active,1.45,,,,,0,,
sensor_combined,2026-08-07T14:59:54.328+08:00,96.883,28.217678999908458,18.004,1133336802,1667,0,active,1.45,,,,,0,,
sensor_combined,2026-08-07T14:59:54.361+08:00,96.912,28.72967999996945,9.002,1133345804,1667,0,active,1.45,,,,,0,,
sensor_combined,2026-08-07T14:59:54.390+08:00,96.944,32.14246700008516,22.504,1133368308,1667,0,active,1.45,,,,,0,,
sensor_combined,2026-08-07T14:59:54.419+08:00,96.974,29.52110899991567,9.002,1133377310,1667,0,active,1.45,,,,,0,,
failsafe_flags,2026-08-07T14:59:55.147+08:00,97.698,,,1134008235,1667,0,active,1.45,,,,,0,,"{'gcs_connection_lost': True, 'manual_control_signal_lost': True, 'offboard_control_signal_lost': True}"
sensor_combined,2026-08-07T14:59:55.181+08:00,97.733,758.8678230001733,1008.238,1134385548,1667,0,active,1.45,,,,,0,,
vehicle_status,2026-08-07T14:59:55.214+08:00,97.766,,,1134140083,1667,0,active,1.45,,,,,0,"{'arming_state': 1, 'nav_state': 4, 'failsafe': True}",
sensor_combined,2026-08-07T14:59:55.245+08:00,97.799,66.07607499995538,40.46,1134426008,1667,0,active,1.45,,,,,0,,
sensor_combined,2026-08-07T14:59:55.275+08:00,97.830,30.885026999840193,4.549,1134430557,1667,0,active,1.45,,,,,0,,
sensor_combined,2026-08-07T14:59:55.306+08:00,97.859,29.56281100000524,4.453,1134435010,1667,0,active,1.45,,,,,0,,
sensor_combined,2026-08-07T14:59:55.335+08:00,97.890,30.73889600000257,22.504,1134457514,1667,0,active,1.45,,,,,0,,
failsafe_flags,2026-08-07T14:59:55.363+08:00,97.918,,,1134558325,1667,0,active,1.45,,,,,0,,"{'gcs_connection_lost': True, 'manual_control_signal_lost': True, 'offboard_control_signal_lost': True}"
sensor_combined,2026-08-07T14:59:55.394+08:00,97.947,57.25152600007277,9.002,1134466516,1667,0,active,1.45,,,,,0,,
sensor_combined,2026-08-07T14:59:55.422+08:00,97.977,30.165671000077054,40.508,1134507024,1667,0,active,1.45,,,,,0,,
sensor_combined,2026-08-07T14:59:55.451+08:00,98.006,28.525749999971595,9.001,1134516025,1667,0,active,1.45,,,,,0,,
sensor_combined,2026-08-07T14:59:55.483+08:00,98.035,29.628738999917914,9.002,1134525027,1667,0,active,1.45,,,,,0,,
sensor_combined,2026-08-07T14:59:55.512+08:00,98.067,31.113728000036645,63.06,1134588087,1667,0,active,1.45,,,,,0,,
sensor_combined,2026-08-07T14:59:55.540+08:00,98.095,28.410406999910265,8.954,1134597041,1667,0,active,1.45,,,,,0,,
sensor_combined,2026-08-07T14:59:55.569+08:00,98.123,28.159656000070754,18.003,1134615044,1667,0,active,1.45,,,,,0,,
sensor_combined,2026-08-07T14:59:55.598+08:00,98.152,29.261555999937627,63.06,1134678104,1667,0,active,1.45,,,,,0,,
sensor_combined,2026-08-07T14:59:55.627+08:00,98.182,29.270165000070847,8.954,1134687058,1667,0,active,1.45,,,,,0,,
sensor_combined,2026-08-07T14:59:55.658+08:00,98.211,29.763508000087313,31.506,1134718564,1667,0,active,1.45,,,,,0,,
sensor_combined,2026-08-07T14:59:55.688+08:00,98.242,30.74059200002921,58.511,1134777075,1667,0,active,1.45,,,,,0,,
sensor_combined,2026-08-07T14:59:55.716+08:00,98.271,28.804601999809165,9.002,1134786077,1667,0,active,1.45,,,,,0,,
sensor_combined,2026-08-07T14:59:55.744+08:00,98.300,28.80655400008436,22.504,1134808581,1667,0,active,1.45,,,,,0,,
sensor_combined,2026-08-07T14:59:55.775+08:00,98.329,28.84771100002581,49.557,1134858138,1667,0,active,1.45,,,,,0,,
sensor_combined,2026-08-07T14:59:55.804+08:00,98.359,29.982415999938894,17.956,1134876094,1667,0,active,1.45,,,,,0,,
sensor_combined,2026-08-07T14:59:55.832+08:00,98.388,28.908006000165187,9.001,1134885095,1667,0,active,1.45,,,,,0,,
sensor_combined,2026-08-07T14:59:55.862+08:00,98.416,28.504179999799817,22.505,1134907600,1667,0,active,1.45,,,,,0,,
sensor_combined,2026-08-07T14:59:55.890+08:00,98.445,29.172104000053878,27.005,1134934605,1667,0,active,1.45,,,,,0,,
sensor_combined,2026-08-07T14:59:55.918+08:00,98.473,28.206958000055238,13.55,1134948155,1667,0,active,1.45,,,,,0,,
sensor_combined,2026-08-07T14:59:55.947+08:00,98.502,28.311865999967267,26.958,1134975113,1667,0,active,1.45,,,,,0,,
sensor_combined,2026-08-07T14:59:55.975+08:00,98.530,28.734289000112767,72.013,1135047126,1667,0,active,1.45,,,,,0,,
sensor_combined,2026-08-07T14:59:56.004+08:00,98.559,28.55314599992198,9.002,1135056128,1667,0,active,1.45,,,,,0,,
sensor_combined,2026-08-07T14:59:56.034+08:00,98.588,28.959917000065616,9.002,1135065130,1667,0,active,1.45,,,,,0,,
sensor_combined,2026-08-07T14:59:56.063+08:00,98.617,29.450924000002487,49.509,1135114639,1667,0,active,1.45,,,,,0,,
sensor_combined,2026-08-07T14:59:56.091+08:00,98.647,29.161414999862245,22.504,1135137143,1667,0,active,1.45,,,,,0,,
sensor_combined,2026-08-07T14:59:56.121+08:00,98.675,28.850400000010268,9.002,1135146145,1667,0,active,1.45,,,,,0,,
sensor_combined,2026-08-07T14:59:56.150+08:00,98.704,28.811833999952796,72.061,1135218206,1667,0,active,1.45,,,,,0,,
sensor_combined,2026-08-07T14:59:56.179+08:00,98.733,28.862785999990592,17.956,1135236162,1667,0,active,1.45,,,,,0,,
sensor_combined,2026-08-07T14:59:56.207+08:00,98.762,29.164039000079356,9.002,1135245164,1667,0,active,1.45,,,,,0,,
sensor_combined,2026-08-07T14:59:56.236+08:00,98.791,28.557434000049398,22.504,1135267668,1667,0,active,1.45,,,,,0,,
sensor_combined,2026-08-07T14:59:56.266+08:00,98.821,29.706189000080485,49.51,1135317178,1667,0,active,1.45,,,,,0,,
sensor_combined,2026-08-07T14:59:56.296+08:00,98.850,29.554392999898482,18.003,1135335181,1667,0,active,1.45,,,,,0,,
sensor_combined,2026-08-07T14:59:56.324+08:00,98.879,29.036534999931973,13.502,1135348683,1667,0,active,1.45,,,,,0,,
sensor_combined,2026-08-07T14:59:56.354+08:00,98.908,29.09484700012399,94.566,1135443249,1667,0,active,1.45,,,,,0,,
sensor_combined,2026-08-07T14:59:56.383+08:00,98.937,29.24862600002598,8.954,1135452203,1667,0,active,1.45,,,,,0,,
sensor_combined,2026-08-07T14:59:56.413+08:00,98.966,28.76254899979358,9.002,1135461205,1667,0,active,1.45,,,,,0,,
sensor_combined,2026-08-07T14:59:56.441+08:00,98.996,29.9495150002258,63.012,1135524217,1667,0,active,1.45,,,,,0,,
failsafe_flags,2026-08-07T14:59:56.469+08:00,99.024,,,1135638229,1667,0,active,1.45,,,,,0,,"{'gcs_connection_lost': True, 'manual_control_signal_lost': True, 'offboard_control_signal_lost': True}"
sensor_combined,2026-08-07T14:59:56.499+08:00,99.053,57.120180999845616,9.049,1135533266,1667,0,active,1.45,,,,,0,,
sensor_combined,2026-08-07T14:59:56.528+08:00,99.083,29.616513000064515,67.513,1135600779,1667,0,active,1.45,,,,,0,,
sensor_combined,2026-08-07T14:59:56.556+08:00,99.111,28.234000999873388,40.46,1135641239,1667,0,active,1.45,,,,,0,,
sensor_combined,2026-08-07T14:59:56.586+08:00,99.140,28.533047000109946,13.502,1135654741,1667,0,active,1.45,,,,,0,,
sensor_combined,2026-08-07T14:59:56.616+08:00,99.170,30.42141600008108,58.559,1135713300,1667,0,active,1.45,,,,,0,,
sensor_combined,2026-08-07T14:59:56.643+08:00,99.199,28.90647099980015,8.954,1135722254,1667,0,active,1.45,,,,,0,,
sensor_combined,2026-08-07T14:59:56.674+08:00,99.227,27.99739400006729,9.002,1135731256,1667,0,active,1.45,,,,,0,,
sensor_combined,2026-08-07T14:59:56.703+08:00,99.257,29.958541000041805,72.061,1135803317,1667,0,active,1.45,,,,,0,,
sensor_combined,2026-08-07T14:59:56.731+08:00,99.286,29.08697399993798,31.459,1135834776,1667,0,active,1.45,,,,,0,,
sensor_combined,2026-08-07T14:59:56.761+08:00,99.315,28.559610000002067,9.001,1135843777,1667,0,active,1.45,,,,,0,,
sensor_combined,2026-08-07T14:59:56.791+08:00,99.345,30.595422000033068,49.557,1135893334,1667,0,active,1.45,,,,,0,,
sensor_combined,2026-08-07T14:59:56.820+08:00,99.374,29.16013499998371,8.955,1135902289,1667,0,active,1.45,,,,,0,,
sensor_combined,2026-08-07T14:59:56.852+08:00,99.404,29.69393100011075,9.001,1135911290,1667,0,active,1.45,,,,,0,,
sensor_combined,2026-08-07T14:59:56.883+08:00,99.436,31.71342099994945,49.557,1135960847,1667,0,active,1.45,,,,,0,,
sensor_combined,2026-08-07T14:59:56.911+08:00,99.466,30.68669799995405,13.455,1135974302,1667,0,active,1.45,,,,,0,,
sensor_combined,2026-08-07T14:59:56.940+08:00,99.495,28.346334999923783,18.004,1135992306,1667,0,active,1.45,,,,,0,,
sensor_combined,2026-08-07T14:59:56.969+08:00,99.524,28.934698000057324,31.505,1136023811,1667,0,active,1.45,,,,,0,,
failsafe_flags,2026-08-07T14:59:56.997+08:00,99.552,,,1136190231,1667,0,active,1.45,,,,,0,,"{'gcs_connection_lost': True, 'manual_control_signal_lost': True, 'offboard_control_signal_lost': True}"
sensor_combined,2026-08-07T14:59:57.028+08:00,99.581,56.91132300012214,9.002,1136032813,1667,0,active,1.45,,,,,0,,
sensor_combined,2026-08-07T14:59:57.056+08:00,99.611,30.610783999918567,99.019,1136131832,1667,0,active,1.45,,,,,0,,
sensor_combined,2026-08-07T14:59:57.085+08:00,99.640,28.29743300003429,22.504,1136154336,1667,0,active,1.45,,,,,0,,
sensor_combined,2026-08-07T14:59:57.113+08:00,99.669,29.05084100007116,9.05,1136163386,1667,0,active,1.45,,,,,0,,
sensor_combined,2026-08-07T14:59:57.146+08:00,99.701,32.10428599982151,90.017,1136253403,1667,0,active,1.45,,,,,0,,
sensor_combined,2026-08-07T14:59:57.175+08:00,99.730,29.011732000071788,8.954,1136262357,1667,0,active,1.45,,,,,0,,
sensor_combined,2026-08-07T14:59:57.204+08:00,99.759,29.122178000079657,22.504,1136284861,1667,0,active,1.45,,,,,0,,
sensor_combined,2026-08-07T14:59:57.232+08:00,99.787,28.35497699993539,9.002,1136293863,1667,0,active,1.45,,,,,0,,
sensor_combined,2026-08-07T14:59:57.261+08:00,99.816,28.689099000075657,40.507,1136334370,1667,0,active,1.45,,,,,0,,
sensor_combined,2026-08-07T14:59:57.290+08:00,99.845,29.11926499996298,18.007,1136352377,1667,0,active,1.45,,,,,0,,
sensor_combined,2026-08-07T14:59:57.319+08:00,99.874,28.706957999929728,8.999,1136361376,1667,0,active,1.45,,,,,0,,
sensor_combined,2026-08-07T14:59:57.348+08:00,99.903,29.277910000018892,85.516,1136446892,1667,0,active,1.45,,,,,0,,
sensor_combined,2026-08-07T14:59:57.378+08:00,99.932,29.015924000077575,4.501,1136451393,1667,0,active,1.45,,,,,0,,
sensor_combined,2026-08-07T14:59:57.406+08:00,99.961,29.11107299996729,9.001,1136460394,1667,0,active,1.45,,,,,0,,
sensor_combined,2026-08-07T14:59:57.435+08:00,99.990,28.80994599991027,9.002,1136469396,1667,0,active,1.45,,,,,0,,
sensor_combined,2026-08-07T14:59:57.464+08:00,100.019,28.642405000027793,63.012,1136532408,1667,0,active,1.45,,,,,0,,
sensor_combined,2026-08-07T14:59:57.494+08:00,100.048,29.589982000061354,9.002,1136541410,1667,0,active,1.45,,,,,0,,
sensor_combined,2026-08-07T14:59:57.524+08:00,100.078,29.522581000037462,9.002,1136550412,1667,0,active,1.45,,,,,0,,
sensor_combined,2026-08-07T14:59:57.552+08:00,100.107,29.711341999927754,63.059,1136613471,1667,0,active,1.45,,,,,0,,
vehicle_status,2026-08-07T14:59:57.580+08:00,100.135,,,1136675111,1667,0,active,1.45,,,,,0,"{'arming_state': 1, 'nav_state': 4, 'failsafe': True}",
failsafe_flags,2026-08-07T14:59:57.608+08:00,100.163,,,1136741643,1667,0,active,1.45,,,,,0,,"{'gcs_connection_lost': True, 'manual_control_signal_lost': True, 'offboard_control_signal_lost': True}"
sensor_combined,2026-08-07T14:59:57.636+08:00,100.191,83.9978809999593,98.971,1136712442,1667,0,active,1.45,,,,,0,,
sensor_combined,2026-08-07T14:59:57.666+08:00,100.220,28.55528999998569,9.002,1136721444,1667,0,active,1.45,,,,,0,,
sensor_combined,2026-08-07T14:59:57.694+08:00,100.249,29.1778969999541,18.004,1136739448,1667,0,active,1.45,,,,,0,,
sensor_combined,2026-08-07T14:59:57.724+08:00,100.278,29.00286700014476,40.507,1136779955,1667,0,active,1.45,,,,,0,,
sensor_combined,2026-08-07T14:59:57.752+08:00,100.308,29.482096000037927,22.504,1136802459,1667,0,active,1.45,,,,,0,,
sensor_combined,2026-08-07T14:59:57.783+08:00,100.336,28.362656999888713,9.002,1136811461,1667,0,active,1.45,,,,,0,,
sensor_combined,2026-08-07T14:59:57.812+08:00,100.366,30.432425000071817,90.017,1136901478,1667,0,active,1.45,,,,,0,,
sensor_combined,2026-08-07T14:59:57.842+08:00,100.396,29.496593999965626,9.002,1136910480,1667,0,active,1.45,,,,,0,,
sensor_combined,2026-08-07T14:59:57.871+08:00,100.425,29.51989300004243,4.501,1136914981,1667,0,active,1.45,,,,,0,,
sensor_combined,2026-08-07T14:59:57.900+08:00,100.455,29.535702999964997,54.01,1136968991,1667,0,active,1.45,,,,,0,,
sensor_combined,2026-08-07T14:59:57.929+08:00,100.484,29.169063999916034,9.002,1136977993,1667,0,active,1.45,,,,,0,,
sensor_combined,2026-08-07T14:59:57.960+08:00,100.513,28.698572000166678,22.504,1137000497,1667,0,active,1.45,,,,,0,,
sensor_combined,2026-08-07T14:59:57.989+08:00,100.543,30.497777999926257,72.014,1137072511,1667,0,active,1.45,,,,,0,,
sensor_combined,2026-08-07T14:59:58.017+08:00,100.572,28.95658900001763,9.001,1137081512,1667,0,active,1.45,,,,,0,,
sensor_combined,2026-08-07T14:59:58.046+08:00,100.601,28.369634000000588,18.004,1137099516,1667,0,active,1.45,,,,,0,,
sensor_combined,2026-08-07T14:59:58.074+08:00,100.629,28.55154600001697,31.554,1137131070,1667,0,active,1.45,,,,,0,,
sensor_combined,2026-08-07T14:59:58.103+08:00,100.658,28.86867400002302,8.954,1137140024,1667,0,active,1.45,,,,,0,,
sensor_combined,2026-08-07T14:59:58.133+08:00,100.686,28.249618000018017,31.506,1137171530,1667,0,active,1.45,,,,,0,,
sensor_combined,2026-08-07T14:59:58.163+08:00,100.717,30.25653099984993,40.507,1137212037,1667,0,active,1.45,,,,,0,,
sensor_combined,2026-08-07T14:59:58.193+08:00,100.747,30.72686300015448,18.004,1137230041,1667,0,active,1.45,,,,,0,,
sensor_combined,2026-08-07T14:59:58.221+08:00,100.776,28.775573999837434,31.506,1137261547,1667,0,active,1.45,,,,,0,,
sensor_combined,2026-08-07T14:59:58.250+08:00,100.804,28.298329000108424,9.001,1137270548,1667,0,active,1.45,,,,,0,,
sensor_combined,2026-08-07T14:59:58.279+08:00,100.833,29.053753999960463,58.512,1137329060,1667,0,active,1.45,,,,,0,,
sensor_combined,2026-08-07T14:59:58.308+08:00,100.863,29.547959999945306,9.001,1137338061,1667,0,active,1.45,,,,,0,,
sensor_combined,2026-08-07T14:59:58.337+08:00,100.892,28.794841000035376,22.505,1137360566,1667,0,active,1.45,,,,,0,,
sensor_combined,2026-08-07T14:59:58.366+08:00,100.921,28.97604700001466,94.518,1137455084,1667,0,active,1.45,,,,,0,,
sensor_combined,2026-08-07T14:59:58.395+08:00,100.950,29.074715999968248,9.001,1137464085,1667,0,active,1.45,,,,,0,,
sensor_combined,2026-08-07T14:59:58.425+08:00,100.978,28.671337000105268,9.002,1137473087,1667,0,active,1.45,,,,,0,,
sensor_combined,2026-08-07T14:59:58.454+08:00,101.008,29.486544999826947,72.013,1137545100,1667,0,active,1.45,,,,,0,,
sensor_combined,2026-08-07T14:59:58.483+08:00,101.038,29.532566000170846,9.002,1137554102,1667,0,active,1.45,,,,,0,,
sensor_combined,2026-08-07T14:59:58.512+08:00,101.067,29.01093199989191,31.506,1137585608,1667,0,active,1.45,,,,,0,,
sensor_combined,2026-08-07T14:59:58.542+08:00,101.096,29.490097000007154,67.513,1137653121,1667,0,active,1.45,,,,,0,,
vehicle_status,2026-08-07T14:59:58.569+08:00,101.124,,,1137688105,1667,0,active,1.45,,,,,0,"{'arming_state': 1, 'nav_state': 4, 'failsafe': True}",
sensor_combined,2026-08-07T14:59:58.599+08:00,101.154,57.559693000030165,13.503,1137666624,1667,0,active,1.45,,,,,0,,
sensor_combined,2026-08-07T14:59:58.628+08:00,101.183,29.022389999909137,76.514,1137743138,1667,0,active,1.45,,,,,0,,
failsafe_flags,2026-08-07T14:59:58.656+08:00,101.211,,,1137843418,1667,0,active,1.45,,,,,0,,"{'gcs_connection_lost': True, 'manual_control_signal_lost': True, 'offboard_control_signal_lost': True}"
sensor_combined,2026-08-07T14:59:58.688+08:00,101.241,58.11176300016996,13.503,1137756641,1667,0,active,1.45,,,,,0,,
sensor_combined,2026-08-07T14:59:58.716+08:00,101.271,30.422951999980796,49.557,1137806198,1667,0,active,1.45,,,,,0,,
sensor_combined,2026-08-07T14:59:58.745+08:00,101.300,28.76712499983114,8.954,1137815152,1667,0,active,1.45,,,,,0,,
sensor_combined,2026-08-07T14:59:58.775+08:00,101.329,28.683722000096168,9.002,1137824154,1667,0,active,1.45,,,,,0,,
sensor_combined,2026-08-07T14:59:58.803+08:00,101.358,29.51067599997259,81.015,1137905169,1667,0,active,1.45,,,,,0,,
sensor_combined,2026-08-07T14:59:58.832+08:00,101.387,28.487345000030473,9.002,1137914171,1667,0,active,1.45,,,,,0,,
sensor_combined,2026-08-07T14:59:58.861+08:00,101.415,28.892996999957177,31.506,1137945677,1667,0,active,1.45,,,,,0,,
sensor_combined,2026-08-07T14:59:58.891+08:00,101.445,29.86406500008343,58.511,1138004188,1667,0,active,1.45,,,,,0,,
sensor_combined,2026-08-07T14:59:58.919+08:00,101.474,29.126979000011488,9.002,1138013190,1667,0,active,1.45,,,,,0,,
sensor_combined,2026-08-07T14:59:58.948+08:00,101.503,28.329180999890013,9.001,1138022191,1667,0,active,1.45,,,,,0,,
sensor_combined,2026-08-07T14:59:58.977+08:00,101.532,29.394788999979937,45.009,1138067200,1667,0,active,1.45,,,,,0,,
sensor_combined,2026-08-07T14:59:59.006+08:00,101.561,28.840094000088357,9.049,1138076249,1667,0,active,1.45,,,,,0,,
sensor_combined,2026-08-07T14:59:59.035+08:00,101.590,28.585918000089805,26.958,1138103207,1667,0,active,1.45,,,,,0,,
sensor_combined,2026-08-07T14:59:59.064+08:00,101.619,29.545751999876302,13.502,1138116709,1667,0,active,1.45,,,,,0,,
sensor_combined,2026-08-07T14:59:59.093+08:00,101.648,29.072572000131913,27.053,1138143762,1667,0,active,1.45,,,,,0,,
sensor_combined,2026-08-07T14:59:59.122+08:00,101.677,28.77371799991124,22.504,1138166266,1667,0,active,1.45,,,,,0,,
sensor_combined,2026-08-07T14:59:59.152+08:00,101.706,29.35289499987448,8.954,1138175220,1667,0,active,1.45,,,,,0,,
sensor_combined,2026-08-07T14:59:59.182+08:00,101.736,29.30917800017596,99.019,1138274239,1667,0,active,1.45,,,,,0,,
sensor_combined,2026-08-07T14:59:59.211+08:00,101.766,30.12256199986041,9.002,1138283241,1667,0,active,1.45,,,,,0,,
sensor_combined,2026-08-07T14:59:59.240+08:00,101.794,28.424393000022974,13.503,1138296744,1667,0,active,1.45,,,,,0,,
sensor_combined,2026-08-07T14:59:59.269+08:00,101.823,29.167143999984546,67.512,1138364256,1667,0,active,1.45,,,,,0,,
sensor_combined,2026-08-07T14:59:59.300+08:00,101.853,29.805018000161,9.002,1138373258,1667,0,active,1.89,,,,,0,,
sensor_combined,2026-08-07T14:59:59.330+08:00,101.884,30.59788599989588,22.504,1138395762,1667,0,active,1.89,,,,,0,,
sensor_combined,2026-08-07T14:59:59.358+08:00,101.913,29.544823999913206,67.513,1138463275,1667,0,active,1.89,,,,,0,,
sensor_combined,2026-08-07T14:59:59.387+08:00,101.942,28.58585400008451,9.002,1138472277,1667,0,active,1.89,,,,,0,,
sensor_combined,2026-08-07T14:59:59.417+08:00,101.971,28.93796300008944,13.502,1138485779,1667,0,active,1.89,,,,,0,,
sensor_combined,2026-08-07T14:59:59.446+08:00,102.001,30.12272099999791,49.51,1138535289,1667,0,active,1.89,,,,,0,,
sensor_combined,2026-08-07T14:59:59.475+08:00,102.030,29.340221999973437,9.001,1138544290,1667,0,active,1.89,,,,,0,,
sensor_combined,2026-08-07T14:59:59.505+08:00,102.059,28.886436999982834,9.002,1138553292,1667,0,active,1.89,,,,,0,,
sensor_combined,2026-08-07T14:59:59.534+08:00,102.089,30.223181999872395,49.51,1138602802,1667,0,active,1.89,,,,,0,,
sensor_combined,2026-08-07T14:59:59.563+08:00,102.118,28.840414000114833,22.504,1138625306,1667,0,active,1.89,,,,,0,,
sensor_combined,2026-08-07T14:59:59.592+08:00,102.147,28.333693999911702,9.002,1138634308,1667,0,active,1.89,,,,,0,,
sensor_combined,2026-08-07T14:59:59.622+08:00,102.176,29.56690700011677,58.511,1138692819,1667,0,active,1.89,,,,,0,,
sensor_combined,2026-08-07T14:59:59.651+08:00,102.205,29.174280999995972,31.506,1138724325,1667,0,active,1.89,,,,,0,,
sensor_combined,2026-08-07T14:59:59.680+08:00,102.235,29.254643000058422,9.002,1138733327,1667,0,active,1.89,,,,,0,,
sensor_combined,2026-08-07T14:59:59.710+08:00,102.264,29.35379199993804,58.51,1138791837,1667,0,active,1.89,,,,,0,,
failsafe_flags,2026-08-07T14:59:59.738+08:00,102.292,,,1138922251,1667,0,active,1.89,,,,,0,,"{'gcs_connection_lost': True, 'manual_control_signal_lost': True, 'offboard_control_signal_lost': True}"
sensor_combined,2026-08-07T14:59:59.767+08:00,102.322,57.78682599998319,22.505,1138814342,1667,0,active,1.89,,,,,0,,
sensor_combined,2026-08-07T14:59:59.796+08:00,102.351,29.298872000026677,9.002,1138823344,1667,0,active,1.89,,,,,0,,
sensor_combined,2026-08-07T14:59:59.824+08:00,102.379,28.310394999834898,58.511,1138881855,1667,0,active,1.89,,,,,0,,
sensor_combined,2026-08-07T14:59:59.852+08:00,102.407,27.971632000117097,13.502,1138895357,1667,0,active,1.89,,,,,0,,
sensor_combined,2026-08-07T14:59:59.883+08:00,102.435,28.06610700008605,18.004,1138913361,1667,0,active,1.89,,,,,0,,
sensor_combined,2026-08-07T14:59:59.911+08:00,102.467,31.372480999834806,72.014,1138985375,1667,0,active,1.89,,,,,0,,
sensor_combined,2026-08-07T14:59:59.939+08:00,102.495,27.989842000124554,9.001,1138994376,1667,0,active,1.89,,,,,0,,
sensor_combined,2026-08-07T14:59:59.968+08:00,102.523,27.945004000002882,18.004,1139012380,1667,0,active,1.89,,,,,0,,
sensor_combined,2026-08-07T14:59:59.997+08:00,102.552,29.251410999904692,63.012,1139075392,1667,0,active,1.89,,,,,0,,
vehicle_status,2026-08-07T15:00:00.025+08:00,102.580,,,1139208088,1667,0,active,1.89,,,,,0,"{'arming_state': 1, 'nav_state': 4, 'failsafe': True}",
sensor_combined,2026-08-07T15:00:00.055+08:00,102.609,57.52720899999986,9.002,1139084394,1667,0,active,1.89,,,,,0,,
sensor_combined,2026-08-07T15:00:00.084+08:00,102.638,28.65783100014596,67.512,1139151906,1667,0,active,1.89,,,,,0,,
sensor_combined,2026-08-07T15:00:00.113+08:00,102.667,29.31032999981653,22.505,1139174411,1667,0,active,1.89,,,,,0,,
sensor_combined,2026-08-07T15:00:00.142+08:00,102.696,28.713646000142035,9.001,1139183412,1667,0,active,1.89,,,,,0,,
sensor_combined,2026-08-07T15:00:00.172+08:00,102.726,29.784054999936416,58.511,1139241923,1667,0,active,1.89,,,,,0,,
sensor_combined,2026-08-07T15:00:00.200+08:00,102.755,29.546391999929256,31.506,1139273429,1667,0,active,1.89,,,,,0,,
sensor_combined,2026-08-07T15:00:00.229+08:00,102.784,28.575996999961717,9.002,1139282431,1667,0,active,1.89,,,,,0,,
sensor_combined,2026-08-07T15:00:00.259+08:00,102.813,28.779638000060004,31.554,1139313985,1667,0,active,1.89,,,,,0,,
sensor_combined,2026-08-07T15:00:00.288+08:00,102.842,29.57820400001765,58.463,1139372448,1667,0,active,1.89,,,,,0,,
failsafe_flags,2026-08-07T15:00:00.316+08:00,102.870,,,1139472317,1667,0,active,1.89,,,,,0,,"{'gcs_connection_lost': True, 'manual_control_signal_lost': True, 'offboard_control_signal_lost': True}"
sensor_combined,2026-08-07T15:00:00.345+08:00,102.899,56.85464399994089,9.05,1139381498,1667,0,active,1.89,,,,,0,,
sensor_combined,2026-08-07T15:00:00.375+08:00,102.929,29.66167099998529,90.017,1139471515,1667,0,active,1.89,,,,,0,,
sensor_combined,2026-08-07T15:00:00.403+08:00,102.958,29.501746000050844,13.455,1139484970,1667,0,active,1.89,,,,,0,,
sensor_combined,2026-08-07T15:00:00.433+08:00,102.987,28.429065999944214,9.049,1139494019,1667,0,active,1.89,,,,,0,,
sensor_combined,2026-08-07T15:00:00.462+08:00,103.017,29.819323000083386,49.462,1139543481,1667,0,active,1.89,,,,,0,,
sensor_combined,2026-08-07T15:00:00.491+08:00,103.045,28.720046999978877,9.001,1139552482,1667,0,active,1.89,,,,,0,,
sensor_combined,2026-08-07T15:00:00.521+08:00,103.075,29.397765000112486,9.05,1139561532,1667,0,active,1.89,,,,,0,,
sensor_combined,2026-08-07T15:00:00.550+08:00,103.105,29.965486000037345,71.966,1139633498,1667,0,active,1.89,,,,,0,,
sensor_combined,2026-08-07T15:00:00.579+08:00,103.134,29.349342999921646,18.051,1139651549,1667,0,active,1.89,,,,,0,,
sensor_combined,2026-08-07T15:00:00.608+08:00,103.163,28.89760599987312,8.954,1139660503,1667,0,active,1.89,,,,,0,,
sensor_combined,2026-08-07T15:00:00.637+08:00,103.192,28.891013000020394,72.014,1139732517,1667,0,active,1.89,,,,,0,,
sensor_combined,2026-08-07T15:00:00.665+08:00,103.220,28.194348000170066,22.504,1139755021,1667,0,active,1.89,,,,,0,,
sensor_combined,2026-08-07T15:00:00.695+08:00,103.249,28.449643999920227,9.049,1139764070,1667,0,active,1.89,,,,,0,,
sensor_combined,2026-08-07T15:00:00.723+08:00,103.279,30.02997399994456,49.462,1139813532,1667,0,active,1.89,,,,,0,,
sensor_combined,2026-08-07T15:00:00.754+08:00,103.307,28.286680000064734,9.002,1139822534,1667,0,active,1.89,,,,,0,,
sensor_combined,2026-08-07T15:00:00.785+08:00,103.339,31.83029899992107,31.553,1139854087,1667,0,active,1.89,,,,,0,,
sensor_combined,2026-08-07T15:00:00.813+08:00,103.368,29.784407000079227,40.461,1139894548,1667,0,active,1.89,,,,,0,,
failsafe_flags,2026-08-07T15:00:00.841+08:00,103.396,,,1140022397,1667,0,active,1.89,,,,,0,,"{'gcs_connection_lost': True, 'manual_control_signal_lost': True, 'offboard_control_signal_lost': True}"
sensor_combined,2026-08-07T15:00:00.871+08:00,103.424,55.72921999987557,18.003,1139912551,1667,0,active,1.89,,,,,0,,
sensor_combined,2026-08-07T15:00:00.902+08:00,103.455,31.23700700007248,72.014,1139984565,1667,0,active,1.89,,,,,0,,
sensor_combined,2026-08-07T15:00:00.931+08:00,103.485,29.670729000145002,9.001,1139993566,1667,0,active,1.89,,,,,0,,
sensor_combined,2026-08-07T15:00:00.961+08:00,103.515,29.431337000005442,18.052,1140011618,1667,0,active,1.89,,,,,0,,
sensor_combined,2026-08-07T15:00:00.990+08:00,103.545,30.595517999927324,40.46,1140052078,1667,0,active,1.89,,,,,0,,
sensor_combined,2026-08-07T15:00:01.018+08:00,103.574,28.475952000007965,22.504,1140074582,1667,0,active,1.89,,,,,0,,
sensor_combined,2026-08-07T15:00:01.050+08:00,103.602,28.26098099990304,9.001,1140083583,1667,0,active,1.89,,,,,0,,
sensor_combined,2026-08-07T15:00:01.079+08:00,103.634,31.882753999980196,72.014,1140155597,1667,0,active,1.89,,,,,0,,
sensor_combined,2026-08-07T15:00:01.108+08:00,103.663,29.289751000078468,27.006,1140182603,1667,0,active,1.89,,,,,0,,
sensor_combined,2026-08-07T15:00:01.137+08:00,103.691,28.406662999941545,9.049,1140191652,1667,0,active,1.89,,,,,0,,
sensor_combined,2026-08-07T15:00:01.166+08:00,103.721,29.659079000111888,71.966,1140263618,1667,0,active,1.89,,,,,0,,
sensor_combined,2026-08-07T15:00:01.195+08:00,103.750,28.527510999992955,9.002,1140272620,1667,0,active,1.89,,,,,0,,
sensor_combined,2026-08-07T15:00:01.224+08:00,103.779,29.63827600001423,9.049,1140281669,1667,0,active,1.89,,,,,0,,
sensor_combined,2026-08-07T15:00:01.253+08:00,103.807,28.2088769999973,31.458,1140313127,1667,0,active,1.89,,,,,0,,
sensor_combined,2026-08-07T15:00:01.282+08:00,103.837,29.634084000008443,31.506,1140344633,1667,0,active,1.89,,,,,0,,
sensor_combined,2026-08-07T15:00:01.312+08:00,103.866,28.974062999850503,27.053,1140371686,1667,0,active,1.89,,,,,0,,
sensor_combined,2026-08-07T15:00:01.341+08:00,103.896,29.92250400006924,13.455,1140385141,1667,0,active,1.89,,,,,0,,
sensor_combined,2026-08-07T15:00:01.369+08:00,103.925,28.643877999911638,76.562,1140461703,1667,0,active,1.89,,,,,0,,
sensor_combined,2026-08-07T15:00:01.398+08:00,103.953,28.699147999986963,4.453,1140466156,1667,0,active,1.89,,,,,0,,
sensor_combined,2026-08-07T15:00:01.429+08:00,103.982,28.306842000120014,22.505,1140488661,1667,0,active,1.89,,,,,0,,
sensor_combined,2026-08-07T15:00:01.457+08:00,104.012,30.515859999923123,58.511,1140547172,1667,0,active,1.89,,,,,0,,
sensor_combined,2026-08-07T15:00:01.487+08:00,104.041,28.682026000069527,9.002,1140556174,1667,0,active,1.89,,,,,0,,
sensor_combined,2026-08-07T15:00:01.516+08:00,104.070,29.27694999993946,31.506,1140587680,1667,0,active,1.89,,,,,0,,
sensor_combined,2026-08-07T15:00:01.546+08:00,104.100,29.607424000005267,40.507,1140628187,1667,0,active,1.89,,,,,0,,
sensor_combined,2026-08-07T15:00:01.574+08:00,104.129,29.313306999938504,27.006,1140655193,1667,0,active,1.89,,,,,0,,
sensor_combined,2026-08-07T15:00:01.603+08:00,104.158,29.077116000053138,13.502,1140668695,1667,0,active,1.89,,,,,0,,
sensor_combined,2026-08-07T15:00:01.632+08:00,104.187,28.52888699999312,49.51,1140718205,1667,0,active,1.89,,,,,0,,
sensor_combined,2026-08-07T15:00:01.661+08:00,104.216,29.302777000111746,27.005,1140745210,1667,0,active,1.89,,,,,0,,
sensor_combined,2026-08-07T15:00:01.691+08:00,104.245,28.758164000009856,13.504,1140758714,1667,0,active,1.89,,,,,0,,
sensor_combined,2026-08-07T15:00:01.719+08:00,104.274,29.693642999973235,58.509,1140817223,1667,0,active,1.89,,,,,0,,
sensor_combined,2026-08-07T15:00:01.748+08:00,104.303,28.285623999863674,9.002,1140826225,1667,0,active,1.89,,,,,0,,
sensor_combined,2026-08-07T15:00:01.779+08:00,104.331,28.46123000017542,22.504,1140848729,1667,0,active,1.89,,,,,0,,
sensor_combined,2026-08-07T15:00:01.808+08:00,104.363,31.895939999913026,36.007,1140884736,1667,0,active,1.89,,,,,0,,
sensor_combined,2026-08-07T15:00:01.837+08:00,104.392,28.755411000020104,22.504,1140907240,1667,0,active,1.89,,,,,0,,
sensor_combined,2026-08-07T15:00:01.868+08:00,104.421,28.942058999973597,9.002,1140916242,1667,0,active,1.89,,,,,0,,
sensor_combined,2026-08-07T15:00:01.899+08:00,104.452,31.66976700003943,58.511,1140974753,1667,0,active,1.89,,,,,0,,
failsafe_flags,2026-08-07T15:00:01.929+08:00,104.482,,,1141113249,1667,0,active,1.89,,,,,0,,"{'gcs_connection_lost': True, 'manual_control_signal_lost': True, 'offboard_control_signal_lost': True}"
sensor_combined,2026-08-07T15:00:01.959+08:00,104.513,60.51174999993236,13.503,1140988256,1667,0,active,1.89,,,,,0,,
sensor_combined,2026-08-07T15:00:01.989+08:00,104.543,30.009074999952645,90.017,1141078273,1667,0,active,1.89,,,,,0,,
sensor_combined,2026-08-07T15:00:02.018+08:00,104.573,30.036759000040547,9.002,1141087275,1667,0,active,1.89,,,,,0,,
sensor_combined,2026-08-07T15:00:02.047+08:00,104.602,28.669992999994065,18.003,1141105278,1667,0,active,1.89,,,,,0,,
sensor_combined,2026-08-07T15:00:02.076+08:00,104.631,29.30223299995305,31.554,1141136832,1667,0,active,1.89,,,,,0,,
vehicle_status,2026-08-07T15:00:02.105+08:00,104.659,,,1141234086,1667,0,active,1.89,,,,,0,"{'arming_state': 1, 'nav_state': 4, 'failsafe': True}",
sensor_combined,2026-08-07T15:00:02.134+08:00,104.689,58.03533800008154,8.954,1141145786,1667,0,active,1.89,,,,,0,,
sensor_combined,2026-08-07T15:00:02.163+08:00,104.718,28.850431000137178,90.017,1141235803,1667,0,active,1.89,,,,,0,,
sensor_combined,2026-08-07T15:00:02.191+08:00,104.746,28.497266999920612,31.506,1141267309,1667,0,active,1.89,,,,,0,,
sensor_combined,2026-08-07T15:00:02.221+08:00,104.775,28.83740599986595,9.002,1141276311,1667,0,active,1.89,,,,,0,,
sensor_combined,2026-08-07T15:00:02.249+08:00,104.804,28.95220400000653,22.504,1141298815,1667,0,active,1.89,,,,,0,,
sensor_combined,2026-08-07T15:00:02.279+08:00,104.833,29.24548999999388,67.513,1141366328,1667,0,active,1.89,,,,,0,,
sensor_combined,2026-08-07T15:00:02.308+08:00,104.862,29.085310000027675,9.001,1141375329,1667,0,active,1.89,,,,,0,,
sensor_combined,2026-08-07T15:00:02.338+08:00,104.892,29.54546399996616,22.505,1141397834,1667,0,active,1.89,,,,,0,,
sensor_combined,2026-08-07T15:00:02.368+08:00,104.922,30.235216000164655,9.049,1141406883,1667,0,active,1.89,,,,,0,,
sensor_combined,2026-08-07T15:00:02.398+08:00,104.952,29.80505000004996,71.969,1141478852,1667,0,active,1.89,,,,,0,,
sensor_combined,2026-08-07T15:00:02.426+08:00,104.981,29.207436999968195,8.999,1141487851,1667,0,active,1.89,,,,,0,,
sensor_combined,2026-08-07T15:00:02.456+08:00,105.011,29.4190479999088,49.509,1141537360,1667,0,active,1.89,,,,,0,,
sensor_combined,2026-08-07T15:00:02.488+08:00,105.040,29.1071040001043,18.004,1141555364,1667,0,active,1.89,,,,,0,,
failsafe_flags,2026-08-07T15:00:02.516+08:00,105.070,,,1141664212,1667,0,active,1.89,,,,,0,,"{'gcs_connection_lost': True, 'manual_control_signal_lost': True, 'offboard_control_signal_lost': True}"
sensor_combined,2026-08-07T15:00:02.545+08:00,105.100,60.15519199991104,81.015,1141636379,1667,0,active,1.89,,,,,0,,
sensor_combined,2026-08-07T15:00:02.574+08:00,105.129,28.773973999932423,22.505,1141658884,1667,0,active,1.89,,,,,0,,
sensor_combined,2026-08-07T15:00:02.602+08:00,105.158,29.27906200011421,9.001,1141667885,1667,0,active,1.89,,,,,0,,
sensor_combined,2026-08-07T15:00:02.634+08:00,105.186,28.285015999927055,9.052,1141676937,1667,0,active,1.89,,,,,0,,
sensor_combined,2026-08-07T15:00:02.662+08:00,105.217,30.998929000134012,49.459,1141726396,1667,0,active,1.89,,,,,0,,
sensor_combined,2026-08-07T15:00:02.691+08:00,105.246,28.79468099990845,9.002,1141735398,1667,0,active,1.89,,,,,0,,
sensor_combined,2026-08-07T15:00:02.720+08:00,105.275,28.772277999905782,22.505,1141757903,1667,0,active,1.89,,,,,0,,
sensor_combined,2026-08-07T15:00:02.749+08:00,105.304,28.879907000145977,67.513,1141825416,1667,0,active,1.89,,,,,0,,
sensor_combined,2026-08-07T15:00:02.778+08:00,105.333,29.152997999972285,13.505,1141838921,1667,0,active,1.89,,,,,0,,
sensor_combined,2026-08-07T15:00:02.810+08:00,105.362,29.173128999900655,18.048,1141856969,1667,0,active,1.89,,,,,0,,
sensor_combined,2026-08-07T15:00:02.837+08:00,105.393,31.03826200003823,40.463,1141897432,1667,0,active,1.89,,,,,0,,
sensor_combined,2026-08-07T15:00:02.865+08:00,105.421,27.614498000048116,27.05,1141924482,1667,0,active,1.89,,,,,0,,
sensor_combined,2026-08-07T15:00:02.895+08:00,105.449,28.14790999991601,13.455,1141937937,1667,0,active,1.89,,,,,0,,
sensor_combined,2026-08-07T15:00:02.923+08:00,105.478,29.251571000031618,58.511,1141996448,1667,0,active,1.89,,,,,0,,
sensor_combined,2026-08-07T15:00:02.951+08:00,105.507,28.68016999991596,22.504,1142018952,1667,0,active,1.89,,,,,0,,
sensor_combined,2026-08-07T15:00:02.981+08:00,105.535,28.07641300000796,9.002,1142027954,1667,0,active,1.89,,,,,0,,
sensor_combined,2026-08-07T15:00:03.009+08:00,105.564,29.122626000116725,58.511,1142086465,1667,0,active,1.89,,,,,0,,
sensor_combined,2026-08-07T15:00:03.037+08:00,105.592,28.219950999982757,9.002,1142095467,1667,0,active,1.89,,,,,0,,
sensor_combined,2026-08-07T15:00:03.067+08:00,105.620,27.999571000009382,22.504,1142117971,1667,0,active,1.89,,,,,0,,
sensor_combined,2026-08-07T15:00:03.095+08:00,105.650,29.805145999944216,40.508,1142158479,1667,0,active,1.89,,,,,0,,
vehicle_status,2026-08-07T15:00:03.124+08:00,105.678,,,1142248231,1667,0,active,1.89,,,,,0,"{'arming_state': 1, 'nav_state': 4, 'failsafe': True}",
sensor_combined,2026-08-07T15:00:03.153+08:00,105.707,57.40370500006975,27.005,1142185484,1667,0,active,1.89,,,,,0,,
sensor_combined,2026-08-07T15:00:03.183+08:00,105.737,29.264148000038404,90.017,1142275501,1667,0,active,1.89,,,,,0,,
sensor_combined,2026-08-07T15:00:03.212+08:00,105.766,29.802041000039026,40.508,1142316009,1667,0,active,1.89,,,,,0,,
sensor_combined,2026-08-07T15:00:03.241+08:00,105.796,29.54219999992347,9.002,1142325011,1667,0,active,1.89,,,,,0,,
sensor_combined,2026-08-07T15:00:03.271+08:00,105.825,29.467950000025667,13.502,1142338513,1667,0,active,1.89,,,,,0,,
sensor_combined,2026-08-07T15:00:03.300+08:00,105.855,29.09295899985409,9.002,1142347515,1667,0,active,1.89,,,,,0,,
sensor_combined,2026-08-07T15:00:03.328+08:00,105.883,28.59715100021276,9.002,1142356517,1667,0,active,1.89,,,,,0,,
sensor_combined,2026-08-07T15:00:03.357+08:00,105.912,28.61779399995612,22.504,1142379021,1667,0,active,1.89,,,,,0,,
sensor_combined,2026-08-07T15:00:03.386+08:00,105.941,29.10086399992906,9.002,1142388023,1667,0,active,1.89,,,,,0,,
sensor_combined,2026-08-07T15:00:03.415+08:00,105.970,28.829532999907315,9.049,1142397072,1667,0,active,1.89,,,,,0,,
sensor_combined,2026-08-07T15:00:03.445+08:00,105.999,29.712237000012465,8.954,1142406026,1667,0,active,1.89,,,,,0,,
sensor_combined,2026-08-07T15:00:03.473+08:00,106.028,28.56197900018742,9.002,1142415028,1667,0,active,1.89,,,,,0,,
failsafe_flags,2026-08-07T15:00:04.177+08:00,106.730,,,1143295225,1667,0,active,1.89,,,,,0,,"{'gcs_connection_lost': True, 'manual_control_signal_lost': True, 'offboard_control_signal_lost': True}"
sensor_combined,2026-08-07T15:00:04.210+08:00,106.764,735.5973379999341,1003.691,1143418719,1667,0,active,1.89,,,,,0,,
vehicle_status,2026-08-07T15:00:04.241+08:00,106.794,,,1143262463,1667,0,active,1.89,,,,,0,"{'arming_state': 1, 'nav_state': 4, 'failsafe': True}",
sensor_combined,2026-08-07T15:00:04.275+08:00,106.827,63.82977299995218,36.055,1143454774,1667,0,active,1.89,,,,,0,,
sensor_combined,2026-08-07T15:00:04.306+08:00,106.860,32.69629800001894,4.453,1143459227,1667,0,active,2.06,,,,,0,,
sensor_combined,2026-08-07T15:00:04.339+08:00,106.890,29.956524999988687,9.002,1143468229,1667,0,active,2.06,,,,,0,,
sensor_combined,2026-08-07T15:00:04.369+08:00,106.923,32.68551299993305,9.049,1143477278,1667,0,active,2.06,,,,,0,,
sensor_combined,2026-08-07T15:00:04.397+08:00,106.952,29.302233000180422,8.954,1143486232,1667,0,active,2.06,,,,,0,,
sensor_combined,2026-08-07T15:00:04.427+08:00,106.981,29.296599999952377,31.506,1143517738,1667,0,active,2.06,,,,,0,,
sensor_combined,2026-08-07T15:00:04.457+08:00,107.011,29.91482399988854,27.053,1143544791,1667,0,active,2.06,,,,,0,,
sensor_combined,2026-08-07T15:00:04.486+08:00,107.040,29.195339000125387,13.455,1143558246,1667,0,active,2.06,,,,,0,,
sensor_combined,2026-08-07T15:00:04.515+08:00,107.070,29.355936000001748,18.003,1143576249,1667,0,active,2.06,,,,,0,,
sensor_combined,2026-08-07T15:00:04.545+08:00,107.099,28.92228099995009,40.508,1143616757,1667,0,active,2.06,,,,,0,,
sensor_combined,2026-08-07T15:00:04.573+08:00,107.128,29.320123999923453,31.506,1143648263,1667,0,active,2.06,,,,,0,,
sensor_combined,2026-08-07T15:00:04.602+08:00,107.156,28.251475000161008,9.049,1143657312,1667,0,active,2.06,,,,,0,,
sensor_combined,2026-08-07T15:00:04.632+08:00,107.186,30.041334999850733,67.513,1143724825,1667,0,active,2.06,,,,,0,,
failsafe_flags,2026-08-07T15:00:04.659+08:00,107.214,,,1143845232,1667,0,active,2.06,,,,,0,,"{'gcs_connection_lost': True, 'manual_control_signal_lost': True, 'offboard_control_signal_lost': True}"
sensor_combined,2026-08-07T15:00:04.689+08:00,107.243,56.718594000130906,13.455,1143738280,1667,0,active,2.06,,,,,0,,
sensor_combined,2026-08-07T15:00:04.718+08:00,107.273,29.533750999917174,67.513,1143805793,1667,0,active,2.06,,,,,0,,
sensor_combined,2026-08-07T15:00:04.747+08:00,107.302,29.45697299992389,9.05,1143814843,1667,0,active,2.06,,,,,0,,
sensor_combined,2026-08-07T15:00:04.776+08:00,107.331,29.00021100003869,31.458,1143846301,1667,0,active,2.06,,,,,0,,
sensor_combined,2026-08-07T15:00:04.805+08:00,107.360,29.15632600002027,31.506,1143877807,1667,0,active,2.06,,,,,0,,
sensor_combined,2026-08-07T15:00:04.834+08:00,107.389,28.6986359999446,31.506,1143909313,1667,0,active,2.06,,,,,0,,
sensor_combined,2026-08-07T15:00:04.862+08:00,107.417,28.372194999974454,9.002,1143918315,1667,0,active,2.06,,,,,0,,
sensor_combined,2026-08-07T15:00:04.892+08:00,107.446,28.710894000141707,18.003,1143936318,1667,0,active,2.06,,,,,0,,
sensor_combined,2026-08-07T15:00:04.919+08:00,107.475,28.941323000026387,40.508,1143976826,1667,0,active,2.06,,,,,0,,
sensor_combined,2026-08-07T15:00:04.948+08:00,107.503,28.124578999950245,31.506,1144008332,1667,0,active,2.06,,,,,0,,
sensor_combined,2026-08-07T15:00:04.979+08:00,107.532,29.107520000025033,9.049,1144017381,1667,0,active,2.06,,,,,0,,
sensor_combined,2026-08-07T15:00:05.008+08:00,107.563,31.157030000031227,49.462,1144066843,1667,0,active,2.06,,,,,0,,
sensor_combined,2026-08-07T15:00:05.037+08:00,107.592,28.681258000005982,9.002,1144075845,1667,0,active,2.06,,,,,0,,
sensor_combined,2026-08-07T15:00:05.068+08:00,107.620,28.37011499991604,22.504,1144098349,1667,0,active,2.06,,,,,0,,
sensor_combined,2026-08-07T15:00:05.097+08:00,107.651,30.975950000083685,49.509,1144147858,1667,0,active,2.06,,,,,0,,
vehicle_status,2026-08-07T15:00:05.126+08:00,107.680,,,1144274169,1667,0,active,2.06,,,,,0,"{'arming_state': 1, 'nav_state': 4, 'failsafe': True}",
sensor_combined,2026-08-07T15:00:05.159+08:00,107.710,58.30398099988088,18.004,1144165862,1667,0,active,2.06,,,,,0,,
sensor_combined,2026-08-07T15:00:05.187+08:00,107.742,32.38867400000345,72.013,1144237875,1667,0,active,2.06,,,,,0,,
failsafe_flags,2026-08-07T15:00:05.215+08:00,107.770,,,1144395263,1667,0,active,2.06,,,,,0,,"{'gcs_connection_lost': True, 'manual_control_signal_lost': True, 'offboard_control_signal_lost': True}"
sensor_combined,2026-08-07T15:00:05.245+08:00,107.799,56.53668300010395,27.054,1144264929,1667,0,active,2.06,,,,,0,,
sensor_combined,2026-08-07T15:00:05.276+08:00,107.830,31.65680600000087,31.458,1144296387,1667,0,active,2.06,,,,,0,,
sensor_combined,2026-08-07T15:00:05.304+08:00,107.860,29.37433800002509,40.507,1144336894,1667,0,active,2.06,,,,,0,,
sensor_combined,2026-08-07T15:00:05.333+08:00,107.888,28.49390599999424,31.507,1144368401,1667,0,active,2.06,,,,,0,,
sensor_combined,2026-08-07T15:00:05.363+08:00,107.916,27.972367999836933,9.049,1144377450,1667,0,active,2.06,,,,,0,,
sensor_combined,2026-08-07T15:00:05.392+08:00,107.946,30.115553000086948,90.017,1144467467,1667,0,active,2.06,,,,,0,,
sensor_combined,2026-08-07T15:00:05.421+08:00,107.976,29.96686200003751,8.954,1144476421,1667,0,active,2.06,,,,,0,,
sensor_combined,2026-08-07T15:00:05.450+08:00,108.004,28.082749999839507,9.002,1144485423,1667,0,active,2.06,,,,,0,,
sensor_combined,2026-08-07T15:00:05.479+08:00,108.034,29.840925000144125,49.557,1144534980,1667,0,active,2.06,,,,,0,,
sensor_combined,2026-08-07T15:00:05.508+08:00,108.063,29.133283999954074,22.504,1144557484,1667,0,active,2.06,,,,,0,,
sensor_combined,2026-08-07T15:00:05.538+08:00,108.092,28.782486999944012,8.955,1144566439,1667,0,active,2.06,,,,,0,,
sensor_combined,2026-08-07T15:00:05.567+08:00,108.122,29.5778209999753,49.509,1144615948,1667,0,active,2.06,,,,,0,,
sensor_combined,2026-08-07T15:00:05.596+08:00,108.151,28.92074400006095,9.049,1144624997,1667,0,active,2.06,,,,,0,,
sensor_combined,2026-08-07T15:00:05.625+08:00,108.180,29.288471999961985,31.459,1144656456,1667,0,active,2.06,,,,,0,,
sensor_combined,2026-08-07T15:00:05.654+08:00,108.209,29.66650300004403,99.019,1144755475,1667,0,active,2.06,,,,,0,,
sensor_combined,2026-08-07T15:00:05.682+08:00,108.238,28.17284100001416,13.502,1144768977,1667,0,active,2.06,,,,,0,,
sensor_combined,2026-08-07T15:00:05.711+08:00,108.266,28.504564000058963,18.004,1144786981,1667,0,active,2.06,,,,,0,,
sensor_combined,2026-08-07T15:00:05.740+08:00,108.295,28.98648099994716,36.006,1144822987,1667,0,active,2.06,,,,,0,,
failsafe_flags,2026-08-07T15:00:05.768+08:00,108.323,,,1144945324,1667,0,active,2.06,,,,,0,,"{'gcs_connection_lost': True, 'manual_control_signal_lost': True, 'offboard_control_signal_lost': True}"
sensor_combined,2026-08-07T15:00:05.798+08:00,108.351,56.0584459999518,36.008,1144858995,1667,0,active,2.06,,,,,0,,
sensor_combined,2026-08-07T15:00:05.826+08:00,108.381,29.985904000113806,27.005,1144886000,1667,0,active,2.06,,,,,0,,
sensor_combined,2026-08-07T15:00:05.855+08:00,108.410,28.814682999836805,9.049,1144895049,1667,0,active,2.06,,,,,0,,
sensor_combined,2026-08-07T15:00:05.886+08:00,108.438,28.38125200014474,22.504,1144917553,1667,0,active,2.06,,,,,0,,
sensor_combined,2026-08-07T15:00:05.914+08:00,108.469,30.808056999831024,67.513,1144985066,1667,0,active,2.06,,,,,0,,
sensor_combined,2026-08-07T15:00:05.942+08:00,108.498,28.773366000223177,13.455,1144998521,1667,0,active,2.06,,,,,0,,
sensor_combined,2026-08-07T15:00:05.971+08:00,108.526,27.85891299981813,27.008,1145025529,1667,0,active,2.06,,,,,0,,
sensor_combined,2026-08-07T15:00:06.000+08:00,108.555,28.831612999965728,49.554,1145075083,1667,0,active,2.06,,,,,0,,
sensor_combined,2026-08-07T15:00:06.030+08:00,108.584,28.961998000113454,13.455,1145088538,1667,0,active,2.06,,,,,0,,
sensor_combined,2026-08-07T15:00:06.063+08:00,108.614,30.115745000102834,27.006,1145115544,1667,0,active,2.06,,,,,0,,
sensor_combined,2026-08-07T15:00:06.094+08:00,108.646,32.604926999965755,72.061,1145187605,1667,0,active,2.06,,,,,0,,
sensor_combined,2026-08-07T15:00:06.125+08:00,108.678,31.80796099991312,17.956,1145205561,1667,0,active,2.06,,,,,0,,
sensor_combined,2026-08-07T15:00:06.159+08:00,108.710,31.712556000002223,13.502,1145219063,1667,0,active,2.06,,,,,0,,
sensor_combined,2026-08-07T15:00:06.189+08:00,108.743,32.934504999957426,58.559,1145277622,1667,0,active,2.06,,,,,0,,
sensor_combined,2026-08-07T15:00:06.220+08:00,108.773,30.167751000135468,8.954,1145286576,1667,0,active,2.06,,,,,0,,
sensor_combined,2026-08-07T15:00:06.251+08:00,108.804,31.270836999965468,18.003,1145304579,1667,0,active,2.06,,,,,0,,
sensor_combined,2026-08-07T15:00:06.282+08:00,108.836,31.340381000063644,13.503,1145318082,1667,0,active,2.06,,,,,0,,
sensor_combined,2026-08-07T15:00:06.311+08:00,108.866,30.248913999912475,9.002,1145327084,1667,0,active,2.06,,,,,0,,
sensor_combined,2026-08-07T15:00:06.342+08:00,108.895,29.559545999973125,9.001,1145336085,1667,0,active,2.06,,,,,0,,
sensor_combined,2026-08-07T15:00:06.370+08:00,108.925,29.7833829999945,9.05,1145345135,1667,0,active,2.06,,,,,0,,
sensor_combined,2026-08-07T15:00:06.400+08:00,108.954,28.43165800004499,31.458,1145376593,1667,0,active,2.06,,,,,0,,
sensor_combined,2026-08-07T15:00:06.428+08:00,108.983,29.725102999918818,9.002,1145385595,1667,0,active,2.06,,,,,0,,
sensor_combined,2026-08-07T15:00:06.457+08:00,109.012,28.563643000097727,22.504,1145408099,1667,0,active,2.06,,,,,0,,
sensor_combined,2026-08-07T15:00:06.487+08:00,109.041,29.348382999842215,9.002,1145417101,1667,0,active,2.06,,,,,0,,
failsafe_flags,2026-08-07T15:00:07.189+08:00,109.739,,,1146035216,1667,0,active,2.06,,,,,0,,"{'gcs_connection_lost': True, 'manual_control_signal_lost': True, 'offboard_control_signal_lost': True}"
sensor_combined,2026-08-07T15:00:07.221+08:00,109.773,731.830107000178,1008.24,1146425341,1667,0,active,2.06,,,,,0,,
vehicle_status,2026-08-07T15:00:07.255+08:00,109.805,,,1146300101,1667,0,active,2.06,,,,,0,"{'arming_state': 1, 'nav_state': 4, 'failsafe': True}",
sensor_combined,2026-08-07T15:00:07.285+08:00,109.839,66.34830199982389,40.461,1146465802,1667,0,active,2.06,,,,,0,,
sensor_combined,2026-08-07T15:00:07.316+08:00,109.870,30.710125000041444,4.548,1146470350,1667,0,active,2.06,,,,,0,,
sensor_combined,2026-08-07T15:00:07.346+08:00,109.899,28.871362000018053,4.453,1146474803,1667,0,active,2.06,,,,,0,,
sensor_combined,2026-08-07T15:00:07.375+08:00,109.929,30.240017000096486,13.503,1146488306,1667,0,active,2.06,,,,,0,,
sensor_combined,2026-08-07T15:00:07.404+08:00,109.959,29.441578999922058,9.001,1146497307,1667,0,active,2.06,,,,,0,,
sensor_combined,2026-08-07T15:00:07.434+08:00,109.988,29.572668000128033,18.052,1146515359,1667,0,active,2.06,,,,,0,,
sensor_combined,2026-08-07T15:00:07.464+08:00,110.019,30.493328999909863,40.46,1146555819,1667,0,active,2.06,,,,,0,,
sensor_combined,2026-08-07T15:00:07.494+08:00,110.048,29.17866600000707,9.001,1146564820,1667,0,active,2.06,,,,,0,,
sensor_combined,2026-08-07T15:00:07.525+08:00,110.077,29.348094999932073,22.505,1146587325,1667,0,active,2.06,,,,,0,,
sensor_combined,2026-08-07T15:00:07.554+08:00,110.109,31.856478999998217,58.511,1146645836,1667,0,active,2.06,,,,,0,,
sensor_combined,2026-08-07T15:00:07.583+08:00,110.138,29.302969000127632,9.001,1146654837,1667,0,active,2.06,,,,,0,,
sensor_combined,2026-08-07T15:00:07.613+08:00,110.167,28.885827999829417,31.507,1146686344,1667,0,active,2.06,,,,,0,,
sensor_combined,2026-08-07T15:00:07.641+08:00,110.196,28.739666000092257,31.553,1146717897,1667,0,active,2.06,,,,,0,,
sensor_combined,2026-08-07T15:00:07.670+08:00,110.224,28.403205999893544,8.954,1146726851,1667,0,active,2.06,,,,,0,,
sensor_combined,2026-08-07T15:00:07.698+08:00,110.253,28.693707999991602,18.004,1146744855,1667,0,active,2.06,,,,,0,,
sensor_combined,2026-08-07T15:00:07.728+08:00,110.282,29.288375000078304,22.504,1146767359,1667,0,active,2.06,,,,,0,,
sensor_combined,2026-08-07T15:00:07.757+08:00,110.311,29.01925400010441,9.002,1146776361,1667,0,active,2.06,,,,,0,,
sensor_combined,2026-08-07T15:00:07.787+08:00,110.341,29.100990999950227,9.049,1146785410,1667,0,active,2.06,,,,,0,,
sensor_combined,2026-08-07T15:00:07.817+08:00,110.372,31.078076000085275,112.522,1146897932,1667,0,active,2.06,,,,,0,,
sensor_combined,2026-08-07T15:00:07.846+08:00,110.400,28.79304799989768,17.956,1146915888,1667,0,active,2.06,,,,,0,,
sensor_combined,2026-08-07T15:00:07.876+08:00,110.430,29.628579000018362,9.001,1146924889,1667,0,active,2.06,,,,,0,,
sensor_combined,2026-08-07T15:00:07.905+08:00,110.459,29.303929999969114,90.017,1147014906,1667,0,active,2.06,,,,,0,,
failsafe_flags,2026-08-07T15:00:07.932+08:00,110.487,,,1147116231,1667,0,active,2.06,,,,,0,,"{'gcs_connection_lost': True, 'manual_control_signal_lost': True, 'offboard_control_signal_lost': True}"
sensor_combined,2026-08-07T15:00:07.961+08:00,110.516,56.57003100009206,13.503,1147028409,1667,0,active,2.06,,,,,0,,
sensor_combined,2026-08-07T15:00:07.992+08:00,110.546,30.105886999990616,9.002,1147037411,1667,0,active,2.06,,,,,0,,
sensor_combined,2026-08-07T15:00:08.020+08:00,110.575,29.33593399984602,40.555,1147077966,1667,0,active,2.06,,,,,0,,
sensor_combined,2026-08-07T15:00:08.049+08:00,110.604,28.671145000089382,8.954,1147086920,1667,0,active,2.06,,,,,0,,
sensor_combined,2026-08-07T15:00:08.079+08:00,110.632,28.41523999995843,18.004,1147104924,1667,0,active,2.06,,,,,0,,
sensor_combined,2026-08-07T15:00:08.108+08:00,110.663,30.50689900010184,81.015,1147185939,1667,0,active,2.06,,,,,0,,
sensor_combined,2026-08-07T15:00:08.137+08:00,110.692,28.938763000041945,22.504,1147208443,1667,0,active,2.06,,,,,0,,
sensor_combined,2026-08-07T15:00:08.168+08:00,110.722,30.000305999919874,9.003,1147217446,1667,0,active,2.06,,,,,0,,
sensor_combined,2026-08-07T15:00:08.198+08:00,110.751,29.387811999868063,67.512,1147284958,1667,0,active,2.06,,,,,0,,
sensor_combined,2026-08-07T15:00:08.226+08:00,110.781,30.065115000070364,13.503,1147298461,1667,0,active,2.06,,,,,0,,
sensor_combined,2026-08-07T15:00:08.255+08:00,110.810,28.68660300009651,9.002,1147307463,1667,0,active,2.06,,,,,0,,
sensor_combined,2026-08-07T15:00:08.284+08:00,110.839,29.05404099988118,27.005,1147334468,1667,0,active,2.06,,,,,0,,
sensor_combined,2026-08-07T15:00:08.313+08:00,110.867,28.102431999968758,13.55,1147348018,1667,0,active,2.06,,,,,0,,
sensor_combined,2026-08-07T15:00:08.342+08:00,110.896,28.9529730000595,8.954,1147356972,1667,0,active,2.06,,,,,0,,
sensor_combined,2026-08-07T15:00:08.372+08:00,110.926,29.71684599992841,18.003,1147374975,1667,0,active,2.06,,,,,0,,
sensor_combined,2026-08-07T15:00:08.402+08:00,110.956,30.196908000107214,13.503,1147388478,1667,0,active,2.06,,,,,0,,
sensor_combined,2026-08-07T15:00:08.431+08:00,110.986,29.57679599990115,18.004,1147406482,1667,0,active,2.06,,,,,0,,
sensor_combined,2026-08-07T15:00:08.461+08:00,111.015,29.289400000152455,9.049,1147415531,1667,0,active,2.06,,,,,0,,
failsafe_flags,2026-08-07T15:00:09.187+08:00,111.740,,,1148206335,1667,0,active,2.06,,,,,0,,"{'gcs_connection_lost': True, 'manual_control_signal_lost': True, 'offboard_control_signal_lost': True}"
sensor_combined,2026-08-07T15:00:09.221+08:00,111.773,758.0779989998518,1012.694,1148428225,1667,0,active,2.06,,,,,0,,
vehicle_status,2026-08-07T15:00:09.251+08:00,111.804,,,1148327102,1667,0,active,2.06,,,,,0,"{'arming_state': 1, 'nav_state': 4, 'failsafe': True}",
sensor_combined,2026-08-07T15:00:09.283+08:00,111.836,63.402454000197395,35.959,1148464184,1667,0,active,2.06,,,,,0,,
sensor_combined,2026-08-07T15:00:09.312+08:00,111.867,30.592413999784185,4.501,1148468685,1667,0,active,2.06,,,,,0,,
sensor_combined,2026-08-07T15:00:09.341+08:00,111.896,28.92704999999296,9.001,1148477686,1667,0,active,2.06,,,,,0,,
sensor_combined,2026-08-07T15:00:09.372+08:00,111.925,29.561562000026242,9.002,1148486688,1667,0,active,2.06,,,,,0,,
sensor_combined,2026-08-07T15:00:09.402+08:00,111.956,30.71140500014735,9.049,1148495737,1667,0,active,2.06,,,,,0,,
sensor_combined,2026-08-07T15:00:09.432+08:00,111.986,30.04629599990949,22.505,1148518242,1667,0,active,2.06,,,,,0,,
sensor_combined,2026-08-07T15:00:09.463+08:00,112.017,30.375073999948654,40.46,1148558702,1667,0,active,2.06,,,,,0,,
sensor_combined,2026-08-07T15:00:09.491+08:00,112.046,29.476976000069044,9.002,1148567704,1667,0,active,2.06,,,,,0,,
sensor_combined,2026-08-07T15:00:09.521+08:00,112.075,28.735248999964824,9.001,1148576705,1667,0,active,2.06,,,,,0,,
sensor_combined,2026-08-07T15:00:09.550+08:00,112.104,29.531829999996262,72.014,1148648719,1667,0,active,2.06,,,,,0,,
failsafe_flags,2026-08-07T15:00:09.577+08:00,112.132,,,1148757281,1667,0,active,2.06,,,,,0,,"{'gcs_connection_lost': True, 'manual_control_signal_lost': True, 'offboard_control_signal_lost': True}"
sensor_combined,2026-08-07T15:00:09.606+08:00,112.161,56.598547000021426,9.002,1148657721,1667,0,active,2.06,,,,,0,,
sensor_combined,2026-08-07T15:00:09.636+08:00,112.191,29.65290199995252,40.557,1148698278,1667,0,active,2.06,,,,,0,,
sensor_combined,2026-08-07T15:00:09.665+08:00,112.220,29.180138000128863,17.954,1148716232,1667,0,active,2.06,,,,,0,,
sensor_combined,2026-08-07T15:00:09.693+08:00,112.248,28.439882999919064,31.506,1148747738,1667,0,active,2.06,,,,,0,,
sensor_combined,2026-08-07T15:00:09.723+08:00,112.277,28.727312000000893,9.002,1148756740,1667,0,active,2.06,,,,,0,,
sensor_combined,2026-08-07T15:00:09.751+08:00,112.306,29.412550999950327,58.511,1148815251,1667,0,active,2.06,,,,,0,,
sensor_combined,2026-08-07T15:00:09.780+08:00,112.335,28.59308699999019,13.503,1148828754,1667,0,active,2.06,,,,,0,,
sensor_combined,2026-08-07T15:00:09.809+08:00,112.363,28.184619000057864,9.001,1148837755,1667,0,active,2.06,,,,,0,,
sensor_combined,2026-08-07T15:00:09.838+08:00,112.393,30.133315000057337,49.51,1148887265,1667,0,active,2.06,,,,,0,,
sensor_combined,2026-08-07T15:00:09.867+08:00,112.422,28.408230999957595,18.003,1148905268,1667,0,active,2.06,,,,,0,,
sensor_combined,2026-08-07T15:00:09.896+08:00,112.450,28.473904000065886,13.504,1148918772,1667,0,active,2.06,,,,,0,,
sensor_combined,2026-08-07T15:00:09.923+08:00,112.479,29.117377999909877,58.51,1148977282,1667,0,active,2.06,,,,,0,,
sensor_combined,2026-08-07T15:00:09.952+08:00,112.507,27.67994600003476,31.507,1149008789,1667,0,active,2.06,,,,,0,,
sensor_combined,2026-08-07T15:00:09.982+08:00,112.536,28.845087000036074,9.001,1149017790,1667,0,active,2.06,,,,,0,,
sensor_combined,2026-08-07T15:00:10.011+08:00,112.566,30.13897999994697,58.511,1149076301,1667,0,active,2.06,,,,,0,,
sensor_combined,2026-08-07T15:00:10.040+08:00,112.595,29.082685000048514,9.002,1149085303,1667,0,active,2.06,,,,,0,,
sensor_combined,2026-08-07T15:00:10.069+08:00,112.623,28.289400999938152,22.504,1149107807,1667,0,active,2.06,,,,,0,,
sensor_combined,2026-08-07T15:00:10.099+08:00,112.653,29.269461000012598,58.511,1149166318,1667,0,active,2.06,,,,,0,,
failsafe_flags,2026-08-07T15:00:10.126+08:00,112.681,,,1149307610,1667,0,active,2.06,,,,,0,,"{'gcs_connection_lost': True, 'manual_control_signal_lost': True, 'offboard_control_signal_lost': True}"
sensor_combined,2026-08-07T15:00:10.157+08:00,112.710,57.68578900006105,9.002,1149175320,1667,0,active,2.06,,,,,0,,
sensor_combined,2026-08-07T15:00:10.186+08:00,112.740,30.081309000024703,103.52,1149278840,1667,0,active,2.06,,,,,0,,
vehicle_status,2026-08-07T15:00:10.213+08:00,112.768,,,1149340107,1667,0,active,2.06,,,,,0,"{'arming_state': 1, 'nav_state': 4, 'failsafe': True}",
sensor_combined,2026-08-07T15:00:10.242+08:00,112.797,56.81927899991024,18.003,1149296843,1667,0,active,2.06,,,,,0,,
sensor_combined,2026-08-07T15:00:10.270+08:00,112.826,28.587005999952453,9.05,1149305893,1667,0,active,2.06,,,,,0,,
sensor_combined,2026-08-07T15:00:10.302+08:00,112.856,30.419368000139002,31.458,1149337351,1667,0,active,2.06,,,,,0,,
sensor_combined,2026-08-07T15:00:10.331+08:00,112.886,29.57807600000706,40.508,1149377859,1667,0,active,2.06,,,,,0,,
sensor_combined,2026-08-07T15:00:10.359+08:00,112.914,28.4679829999277,18.051,1149395910,1667,0,active,2.06,,,,,0,,
sensor_combined,2026-08-07T15:00:10.391+08:00,112.946,31.543574999886914,94.47,1149490380,1667,0,active,2.06,,,,,0,,
sensor_combined,2026-08-07T15:00:10.420+08:00,112.975,29.071996000084255,4.501,1149494881,1667,0,active,2.06,,,,,0,,
sensor_combined,2026-08-07T15:00:10.449+08:00,113.004,28.975952000109828,13.55,1149508431,1667,0,active,2.06,,,,,0,,
sensor_combined,2026-08-07T15:00:10.480+08:00,113.034,30.50350599983176,49.462,1149557893,1667,0,active,2.06,,,,,0,,
sensor_combined,2026-08-07T15:00:10.509+08:00,113.064,29.53147900007025,18.051,1149575944,1667,0,active,2.06,,,,,0,,
sensor_combined,2026-08-07T15:00:10.538+08:00,113.093,28.780661999917356,8.955,1149584899,1667,0,active,2.06,,,,,0,,
sensor_combined,2026-08-07T15:00:10.568+08:00,113.123,29.889572999991287,54.01,1149638909,1667,0,active,2.06,,,,,0,,
sensor_combined,2026-08-07T15:00:10.597+08:00,113.151,28.558458000134124,9.002,1149647911,1667,0,active,2.06,,,,,0,,
sensor_combined,2026-08-07T15:00:10.625+08:00,113.180,29.07890899996346,27.005,1149674916,1667,0,active,2.06,,,,,0,,
sensor_combined,2026-08-07T15:00:10.656+08:00,113.209,28.396709999924497,13.55,1149688466,1667,0,active,2.06,,,,,0,,
sensor_combined,2026-08-07T15:00:10.684+08:00,113.239,30.711245000020426,58.464,1149746930,1667,0,active,2.06,,,,,0,,
sensor_combined,2026-08-07T15:00:10.713+08:00,113.268,28.546233000042776,9.049,1149755979,1667,0,active,2.06,,,,,0,,
sensor_combined,2026-08-07T15:00:10.744+08:00,113.297,29.411783000114156,22.504,1149778483,1667,0,active,2.06,,,,,0,,
sensor_combined,2026-08-07T15:00:10.773+08:00,113.328,30.60521499992319,49.464,1149827947,1667,0,active,2.06,,,,,0,,
sensor_combined,2026-08-07T15:00:10.802+08:00,113.357,29.195020000088334,9.0,1149836947,1667,0,active,2.06,,,,,0,,
sensor_combined,2026-08-07T15:00:10.832+08:00,113.385,28.46654299992224,40.507,1149877454,1667,0,active,2.06,,,,,0,,
sensor_combined,2026-08-07T15:00:10.861+08:00,113.416,30.48814399994626,40.508,1149917962,1667,0,active,2.06,,,,,0,,
sensor_combined,2026-08-07T15:00:10.889+08:00,113.445,28.5406640000474,18.051,1149936013,1667,0,active,2.06,,,,,0,,
sensor_combined,2026-08-07T15:00:10.921+08:00,113.473,28.52658300002986,8.955,1149944968,1667,0,active,2.06,,,,,0,,
sensor_combined,2026-08-07T15:00:10.949+08:00,113.504,30.99169699999038,72.013,1150016981,1667,0,active,2.06,,,,,0,,
sensor_combined,2026-08-07T15:00:10.978+08:00,113.533,28.908774999990783,18.004,1150034985,1667,0,active,2.06,,,,,0,,
sensor_combined,2026-08-07T15:00:11.009+08:00,113.562,28.91312699989612,13.55,1150048535,1667,0,active,2.06,,,,,0,,
sensor_combined,2026-08-07T15:00:11.038+08:00,113.593,30.842046000088885,40.46,1150088995,1667,0,active,2.06,,,,,0,,
sensor_combined,2026-08-07T15:00:11.066+08:00,113.621,28.385092000007717,9.002,1150097997,1667,0,active,2.06,,,,,0,,
sensor_combined,2026-08-07T15:00:11.095+08:00,113.650,28.817275999927006,9.002,1150106999,1667,0,active,2.06,,,,,0,,
sensor_combined,2026-08-07T15:00:11.124+08:00,113.679,28.647846000012578,90.017,1150197016,1667,0,active,2.06,,,,,0,,
sensor_combined,2026-08-07T15:00:11.155+08:00,113.707,28.71358200013674,9.049,1150206065,1667,0,active,2.06,,,,,0,,
sensor_combined,2026-08-07T15:00:11.186+08:00,113.739,31.905540999787263,22.505,1150228570,1667,0,active,2.06,,,,,0,,
sensor_combined,2026-08-07T15:00:11.216+08:00,113.769,30.32630000006975,58.463,1150287033,1667,0,active,2.06,,,,,0,,
failsafe_flags,2026-08-07T15:00:11.243+08:00,113.798,,,1150407543,1667,0,active,2.06,,,,,0,,"{'gcs_connection_lost': True, 'manual_control_signal_lost': True, 'offboard_control_signal_lost': True}"
sensor_combined,2026-08-07T15:00:11.274+08:00,113.827,57.4557760000971,9.049,1150296082,1667,0,active,2.06,,,,,0,,
sensor_combined,2026-08-07T15:00:11.304+08:00,113.858,30.705805000025066,71.967,1150368049,1667,0,active,2.06,,,,,0,,
sensor_combined,2026-08-07T15:00:11.335+08:00,113.888,30.29912800002421,27.005,1150395054,1667,0,active,2.06,,,,,0,,
sensor_combined,2026-08-07T15:00:11.364+08:00,113.918,30.434281999987434,13.55,1150408604,1667,0,active,2.06,,,,,0,,
sensor_combined,2026-08-07T15:00:11.393+08:00,113.948,29.102239999929225,76.467,1150485071,1667,0,active,2.06,,,,,0,,
sensor_combined,2026-08-07T15:00:11.421+08:00,113.976,28.659462999939933,9.002,1150494073,1667,0,active,2.06,,,,,0,,
sensor_combined,2026-08-07T15:00:11.452+08:00,114.004,28.2955130001028,9.002,1150503075,1667,0,active,2.06,,,,,0,,
sensor_combined,2026-08-07T15:00:11.481+08:00,114.036,31.287701999872297,72.013,1150575088,1667,0,active,2.06,,,,,0,,
sensor_combined,2026-08-07T15:00:11.511+08:00,114.065,29.424457000004622,9.002,1150584090,1667,0,active,2.06,,,,,0,,
sensor_combined,2026-08-07T15:00:11.540+08:00,114.094,29.22484800001257,22.504,1150606594,1667,0,active,2.06,,,,,0,,
sensor_combined,2026-08-07T15:00:11.569+08:00,114.124,29.664519000107248,49.558,1150656152,1667,0,active,2.06,,,,,0,,
sensor_combined,2026-08-07T15:00:11.598+08:00,114.153,29.088221999927555,17.955,1150674107,1667,0,active,2.06,,,,,0,,
sensor_combined,2026-08-07T15:00:11.628+08:00,114.183,29.42778500005261,9.002,1150683109,1667,0,active,2.06,,,,,0,,
sensor_combined,2026-08-07T15:00:11.657+08:00,114.212,29.28613599988239,31.506,1150714615,1667,0,active,2.06,,,,,0,,
sensor_combined,2026-08-07T15:00:11.686+08:00,114.241,29.25902800006952,31.554,1150746169,1667,0,active,2.06,,,,,0,,
sensor_combined,2026-08-07T15:00:11.716+08:00,114.270,28.655909999997675,8.954,1150755123,1667,0,active,2.06,,,,,0,,
sensor_combined,2026-08-07T15:00:11.744+08:00,114.299,29.651205999925878,58.559,1150813682,1667,0,active,2.06,,,,,0,,
sensor_combined,2026-08-07T15:00:11.773+08:00,114.328,28.375971000059508,31.458,1150845140,1667,0,active,2.06,,,,,0,,
sensor_combined,2026-08-07T15:00:11.803+08:00,114.356,28.45057300010012,31.506,1150876646,1667,0,active,2.06,,,,,0,,
sensor_combined,2026-08-07T15:00:11.832+08:00,114.387,30.521172999897317,58.511,1150935157,1667,0,active,2.06,,,,,0,,
sensor_combined,2026-08-07T15:00:11.860+08:00,114.415,28.358912999919994,9.002,1150944159,1667,0,active,2.06,,,,,0,,
sensor_combined,2026-08-07T15:00:11.889+08:00,114.444,28.811226000016177,9.002,1150953161,1667,0,active,2.06,,,,,0,,
sensor_combined,2026-08-07T15:00:11.919+08:00,114.473,29.295481000190193,49.509,1151002670,1667,0,active,2.06,,,,,0,,
sensor_combined,2026-08-07T15:00:11.948+08:00,114.502,29.060345999823767,13.551,1151016221,1667,0,active,2.06,,,,,0,,
sensor_combined,2026-08-07T15:00:11.976+08:00,114.531,28.724528000111604,17.955,1151034176,1667,0,active,2.06,,,,,0,,
sensor_combined,2026-08-07T15:00:12.007+08:00,114.561,30.008018999978958,31.506,1151065682,1667,0,active,2.06,,,,,0,,
sensor_combined,2026-08-07T15:00:12.035+08:00,114.590,29.092286999912176,40.556,1151106238,1667,0,active,2.06,,,,,0,,
sensor_combined,2026-08-07T15:00:12.063+08:00,114.618,28.104704000043057,26.957,1151133195,1667,0,active,2.06,,,,,0,,
sensor_combined,2026-08-07T15:00:12.093+08:00,114.647,28.449549000015395,13.503,1151146698,1667,0,active,2.06,,,,,0,,
sensor_combined,2026-08-07T15:00:12.122+08:00,114.677,30.582812999909947,49.557,1151196255,1667,0,active,2.06,,,,,0,,
sensor_combined,2026-08-07T15:00:12.151+08:00,114.706,28.778454000075726,8.954,1151205209,1667,0,active,2.06,,,,,0,,
sensor_combined,2026-08-07T15:00:12.180+08:00,114.734,28.16061599992281,9.002,1151214211,1667,0,active,2.06,,,,,0,,
sensor_combined,2026-08-07T15:00:12.208+08:00,114.763,29.16608800001086,81.016,1151295227,1667,0,active,2.06,,,,,0,,
sensor_combined,2026-08-07T15:00:12.238+08:00,114.792,28.608129000076588,9.001,1151304228,1667,0,active,2.06,,,,,0,,
sensor_combined,2026-08-07T15:00:12.267+08:00,114.821,29.352319000054194,22.505,1151326733,1667,0,active,2.06,,,,,0,,
sensor_combined,2026-08-07T15:00:12.296+08:00,114.851,29.304890000048545,9.001,1151335734,1667,0,active,2.06,,,,,0,,
sensor_combined,2026-08-07T15:00:12.325+08:00,114.880,29.132323999874643,9.002,1151344736,1667,0,active,2.06,,,,,0,,
sensor_combined,2026-08-07T15:00:12.353+08:00,114.908,28.283351000027324,9.049,1151353785,1667,0,active,2.06,,,,,0,,
sensor_combined,2026-08-07T15:00:12.383+08:00,114.937,28.6405490001016,8.954,1151362739,1667,0,active,2.06,,,,,0,,
sensor_combined,2026-08-07T15:00:12.411+08:00,114.966,29.516372999978557,31.506,1151394245,1667,0,active,2.06,,,,,0,,
sensor_combined,2026-08-07T15:00:12.440+08:00,114.995,29.080572999873766,9.002,1151403247,1667,0,active,2.06,,,,,0,,
sensor_combined,2026-08-07T15:00:12.469+08:00,115.024,28.348606999998083,31.506,1151434753,1667,0,active,2.06,,,,,0,,
sensor_combined,2026-08-07T15:00:13.197+08:00,115.750,726.2083040000107,1003.693,1152438446,1667,0,active,2.06,,,,,0,,
failsafe_flags,2026-08-07T15:00:13.230+08:00,115.783,,,1152050246,1667,0,active,2.06,,,,,0,,"{'gcs_connection_lost': True, 'manual_control_signal_lost': True, 'offboard_control_signal_lost': True}"
vehicle_status,2026-08-07T15:00:13.264+08:00,115.816,,,1152381195,1667,0,active,2.06,,,,,0,"{'arming_state': 1, 'nav_state': 4, 'failsafe': True}",
sensor_combined,2026-08-07T15:00:13.299+08:00,115.850,100.46913400015,36.007,1152474453,1667,0,active,2.06,,,,,0,,
sensor_combined,2026-08-07T15:00:13.329+08:00,115.883,32.71988500000589,4.548,1152479001,1667,0,active,2.06,,,,,0,,
sensor_combined,2026-08-07T15:00:13.359+08:00,115.912,29.35139199985315,8.955,1152487956,1667,0,active,2.06,,,,,0,,
sensor_combined,2026-08-07T15:00:13.389+08:00,115.943,30.695979000029183,9.001,1152496957,1667,0,active,2.06,,,,,0,,
sensor_combined,2026-08-07T15:00:13.419+08:00,115.973,29.599262999909115,9.002,1152505959,1667,0,active,2.06,,,,,0,,
sensor_combined,2026-08-07T15:00:13.450+08:00,116.003,30.579579999994166,22.504,1152528463,1667,0,active,2.06,,,,,0,,
sensor_combined,2026-08-07T15:00:13.479+08:00,116.033,30.080669000199123,18.051,1152546514,1667,0,active,2.06,,,,,0,,
sensor_combined,2026-08-07T15:00:13.508+08:00,116.062,28.99307399979989,8.954,1152555468,1667,0,active,2.06,,,,,0,,
sensor_combined,2026-08-07T15:00:13.540+08:00,116.092,29.688682000141853,9.002,1152564470,1667,0,active,2.06,,,,,0,,
sensor_combined,2026-08-07T15:00:13.570+08:00,116.124,32.287157999917326,63.012,1152627482,1667,0,active,2.06,,,,,0,,
sensor_combined,2026-08-07T15:00:13.599+08:00,116.153,28.932939000014812,31.554,1152659036,1667,0,active,2.06,,,,,0,,
sensor_combined,2026-08-07T15:00:13.629+08:00,116.183,29.867776999935813,8.954,1152667990,1667,0,active,2.06,,,,,0,,
sensor_combined,2026-08-07T15:00:13.658+08:00,116.213,29.789624000159165,67.513,1152735503,1667,0,active,2.06,,,,,0,,
sensor_combined,2026-08-07T15:00:13.687+08:00,116.241,28.5499130000062,22.504,1152758007,1667,0,active,2.06,,,,,0,,
sensor_combined,2026-08-07T15:00:13.716+08:00,116.270,28.94615599984718,9.005,1152767012,1667,0,active,2.06,,,,,0,,
sensor_combined,2026-08-07T15:00:13.744+08:00,116.299,29.007540000066,49.554,1152816566,1667,0,active,2.06,,,,,0,,
vehicle_status,2026-08-07T15:00:13.772+08:00,116.327,,,1152889117,1667,0,active,2.06,,,,,0,"{'arming_state': 1, 'nav_state': 4, 'failsafe': True}",
sensor_combined,2026-08-07T15:00:13.801+08:00,116.356,56.07736000001751,8.954,1152825520,1667,0,active,2.06,,,,,0,,
sensor_combined,2026-08-07T15:00:13.831+08:00,116.386,30.08527699989827,72.014,1152897534,1667,0,active,2.06,,,,,0,,
sensor_combined,2026-08-07T15:00:13.860+08:00,116.415,29.06284300001971,18.004,1152915538,1667,0,active,2.06,,,,,0,,
sensor_combined,2026-08-07T15:00:13.889+08:00,116.444,28.89827800004241,9.001,1152924539,1667,0,active,2.06,,,,,0,,
sensor_combined,2026-08-07T15:00:13.918+08:00,116.472,28.79605700013599,72.062,1152996601,1667,0,active,2.06,,,,,0,,
failsafe_flags,2026-08-07T15:00:13.947+08:00,116.501,,,1153123228,1667,0,active,2.06,,,,,0,,"{'gcs_connection_lost': True, 'manual_control_signal_lost': True, 'offboard_control_signal_lost': True}"
sensor_combined,2026-08-07T15:00:13.975+08:00,116.531,58.220896999955585,17.956,1153014557,1667,0,active,2.06,,,,,0,,
sensor_combined,2026-08-07T15:00:14.004+08:00,116.559,28.636645000005956,81.015,1153095572,1667,0,active,2.06,,,,,0,,
sensor_combined,2026-08-07T15:00:14.034+08:00,116.588,28.73688099998617,22.505,1153118077,1667,0,active,2.06,,,,,0,,
sensor_combined,2026-08-07T15:00:14.062+08:00,116.618,29.747602000043116,9.001,1153127078,1667,0,active,2.06,,,,,0,,
sensor_combined,2026-08-07T15:00:14.093+08:00,116.647,29.21047799986809,31.506,1153158584,1667,0,active,2.06,,,,,0,,
sensor_combined,2026-08-07T15:00:14.121+08:00,116.676,29.193802999998297,18.051,1153176635,1667,0,active,2.06,,,,,0,,
sensor_combined,2026-08-07T15:00:14.150+08:00,116.704,28.342079000140075,8.955,1153185590,1667,0,active,2.06,,,,,0,,
sensor_combined,2026-08-07T15:00:14.180+08:00,116.735,30.277685999863024,40.507,1153226097,1667,0,active,2.06,,,,,0,,
sensor_combined,2026-08-07T15:00:14.210+08:00,116.764,29.11644999994678,49.51,1153275607,1667,0,active,2.06,,,,,0,,
sensor_combined,2026-08-07T15:00:14.239+08:00,116.794,29.867777000163187,9.001,1153284608,1667,0,active,2.06,,,,,0,,
sensor_combined,2026-08-07T15:00:14.268+08:00,116.823,28.928841999913857,22.505,1153307113,1667,0,active,2.06,,,,,0,,
sensor_combined,2026-08-07T15:00:14.299+08:00,116.851,28.659687000072154,9.001,1153316114,1667,0,active,1.97,,,,,0,,
sensor_combined,2026-08-07T15:00:14.328+08:00,116.883,31.564409999873533,58.512,1153374626,1667,0,active,1.97,,,,,0,,
sensor_combined,2026-08-07T15:00:14.357+08:00,116.912,28.719855000190364,13.502,1153388128,1667,0,active,1.97,,,,,0,,
sensor_combined,2026-08-07T15:00:14.386+08:00,116.941,29.14189299985992,18.004,1153406132,1667,0,active,1.97,,,,,0,,
sensor_combined,2026-08-07T15:00:14.416+08:00,116.970,29.48273600009088,76.514,1153482646,1667,0,active,1.97,,,,,0,,
sensor_combined,2026-08-07T15:00:14.444+08:00,116.999,28.992818000006082,4.501,1153487147,1667,0,active,1.97,,,,,0,,
sensor_combined,2026-08-07T15:00:14.474+08:00,117.028,29.01442099982887,9.002,1153496149,1667,0,active,1.97,,,,,0,,
sensor_combined,2026-08-07T15:00:14.503+08:00,117.058,29.322620000129973,90.018,1153586167,1667,0,active,1.97,,,,,0,,
sensor_combined,2026-08-07T15:00:14.532+08:00,117.087,29.285623000077976,22.504,1153608671,1667,0,active,1.97,,,,,0,,
sensor_combined,2026-08-07T15:00:14.563+08:00,117.116,29.059065999945233,9.002,1153617673,1667,0,active,1.97,,,,,0,,
sensor_combined,2026-08-07T15:00:14.591+08:00,117.147,31.104735999861077,58.511,1153676184,1667,0,active,1.97,,,,,0,,
sensor_combined,2026-08-07T15:00:14.620+08:00,117.175,27.836894000074608,9.002,1153685186,1667,0,active,1.97,,,,,0,,
sensor_combined,2026-08-07T15:00:14.651+08:00,117.204,28.85356799993133,13.502,1153698688,1667,0,active,1.97,,,,,0,,
sensor_combined,2026-08-07T15:00:14.681+08:00,117.235,30.86534500016569,58.511,1153757199,1667,0,active,1.97,,,,,0,,
sensor_combined,2026-08-07T15:00:14.709+08:00,117.264,29.665510999848266,18.004,1153775203,1667,0,active,1.97,,,,,0,,
sensor_combined,2026-08-07T15:00:14.738+08:00,117.293,28.41232800005855,13.502,1153788705,1667,0,active,1.97,,,,,0,,
sensor_combined,2026-08-07T15:00:14.769+08:00,117.322,29.44225200008077,49.51,1153838215,1667,0,active,1.97,,,,,0,,
vehicle_status,2026-08-07T15:00:14.797+08:00,117.352,,,1153905087,1667,0,active,1.97,,,,,0,"{'arming_state': 1, 'nav_state': 4, 'failsafe': True}",
sensor_combined,2026-08-07T15:00:14.827+08:00,117.380,58.38574999984303,9.002,1153847217,1667,0,active,1.97,,,,,0,,
sensor_combined,2026-08-07T15:00:14.855+08:00,117.410,29.99118500019904,58.515,1153905732,1667,0,active,1.97,,,,,0,,
sensor_combined,2026-08-07T15:00:14.885+08:00,117.439,28.715470999941317,31.502,1153937234,1667,0,active,1.97,,,,,0,,
sensor_combined,2026-08-07T15:00:14.914+08:00,117.468,29.31833100001313,9.002,1153946236,1667,0,active,1.97,,,,,0,,
sensor_combined,2026-08-07T15:00:14.943+08:00,117.498,29.540375999886237,90.017,1154036253,1667,0,active,1.97,,,,,0,,
sensor_combined,2026-08-07T15:00:14.971+08:00,117.527,28.527382999982365,9.002,1154045255,1667,0,active,1.97,,,,,0,,
sensor_combined,2026-08-07T15:00:15.002+08:00,117.555,28.49704200002634,22.504,1154067759,1667,0,active,1.97,,,,,0,,
sensor_combined,2026-08-07T15:00:15.031+08:00,117.586,31.169704000149068,40.508,1154108267,1667,0,active,1.97,,,,,0,,
sensor_combined,2026-08-07T15:00:15.060+08:00,117.615,28.826075999859313,27.005,1154135272,1667,0,active,1.97,,,,,0,,
sensor_combined,2026-08-07T15:00:15.089+08:00,117.643,28.478000999939468,13.503,1154148775,1667,0,active,1.97,,,,,0,,
sensor_combined,2026-08-07T15:00:15.118+08:00,117.672,28.755763000162915,18.051,1154166826,1667,0,active,1.97,,,,,0,,
sensor_combined,2026-08-07T15:00:15.148+08:00,117.703,30.84562999993068,8.954,1154175780,1667,0,active,1.97,,,,,0,,
sensor_combined,2026-08-07T15:00:15.179+08:00,117.732,29.109440999945946,22.504,1154198284,1667,0,active,1.97,,,,,0,,
sensor_combined,2026-08-07T15:00:15.209+08:00,117.763,30.923303999998097,67.513,1154265797,1667,0,active,1.97,,,,,0,,
sensor_combined,2026-08-07T15:00:15.237+08:00,117.792,29.111713000020245,9.002,1154274799,1667,0,active,1.97,,,,,0,,
sensor_combined,2026-08-07T15:00:15.265+08:00,117.820,28.15085499992165,54.012,1154328811,1667,0,active,1.97,,,,,0,,
sensor_combined,2026-08-07T15:00:15.295+08:00,117.849,28.905159000032654,9.0,1154337811,1667,0,active,1.97,,,,,0,,
sensor_combined,2026-08-07T15:00:15.324+08:00,117.878,29.02002100017853,9.049,1154346860,1667,0,active,1.97,,,,,0,,
sensor_combined,2026-08-07T15:00:15.352+08:00,117.907,28.808889999936582,8.954,1154355814,1667,0,active,1.97,,,,,0,,
sensor_combined,2026-08-07T15:00:15.381+08:00,117.936,28.50552399991102,9.002,1154364816,1667,0,active,1.97,,,,,0,,
sensor_combined,2026-08-07T15:00:15.410+08:00,117.965,29.123586999958206,31.506,1154396322,1667,0,active,1.97,,,,,0,,
sensor_combined,2026-08-07T15:00:15.439+08:00,117.994,29.149254000003566,9.002,1154405324,1667,0,active,1.97,,,,,0,,
sensor_combined,2026-08-07T15:00:15.468+08:00,118.023,28.77214900013314,22.504,1154427828,1667,0,active,1.97,,,,,0,,
sensor_combined,2026-08-07T15:00:15.497+08:00,118.051,28.611554000008255,9.049,1154436877,1667,0,active,1.97,,,,,0,,
failsafe_flags,2026-08-07T15:00:16.210+08:00,118.762,,,1155303213,1667,0,active,1.97,,,,,0,,"{'gcs_connection_lost': True, 'manual_control_signal_lost': True, 'offboard_control_signal_lost': True}"
sensor_combined,2026-08-07T15:00:16.243+08:00,118.796,744.5034370000485,1012.695,1155449572,1667,0,active,1.97,,,,,0,,
vehicle_status,2026-08-07T15:00:16.273+08:00,118.827,,,1155424209,1667,0,active,1.97,,,,,0,"{'arming_state': 1, 'nav_state': 4, 'failsafe': True}",
sensor_combined,2026-08-07T15:00:16.304+08:00,118.858,62.37182699987898,35.96,1155485532,1667,0,active,1.97,,,,,0,,
sensor_combined,2026-08-07T15:00:16.335+08:00,118.888,30.201868999938597,4.5,1155490032,1667,0,active,1.97,,,,,0,,
sensor_combined,2026-08-07T15:00:16.366+08:00,118.920,31.31324100013444,13.503,1155503535,1667,0,active,1.97,,,,,0,,
sensor_combined,2026-08-07T15:00:16.395+08:00,118.950,29.92647299993223,9.002,1155512537,1667,0,active,1.97,,,,,0,,
sensor_combined,2026-08-07T15:00:16.423+08:00,118.978,28.373891000001095,9.002,1155521539,1667,0,active,1.97,,,,,0,,
sensor_combined,2026-08-07T15:00:16.453+08:00,119.007,29.326940999908402,18.051,1155539590,1667,0,active,1.97,,,,,0,,
sensor_combined,2026-08-07T15:00:16.482+08:00,119.037,29.568571000027077,8.954,1155548544,1667,0,active,1.97,,,,,0,,
sensor_combined,2026-08-07T15:00:16.511+08:00,119.066,28.660264000109237,31.506,1155580050,1667,0,active,1.97,,,,,0,,
sensor_combined,2026-08-07T15:00:16.540+08:00,119.095,29.416648000051282,13.502,1155593552,1667,0,active,1.97,,,,,0,,
sensor_combined,2026-08-07T15:00:16.569+08:00,119.124,29.012243999886778,27.006,1155620558,1667,0,active,1.97,,,,,0,,
sensor_combined,2026-08-07T15:00:16.597+08:00,119.152,28.45883000009053,31.553,1155652111,1667,0,active,1.97,,,,,0,,
sensor_combined,2026-08-07T15:00:16.626+08:00,119.181,28.0966069999522,8.954,1155661065,1667,0,active,1.97,,,,,0,,
sensor_combined,2026-08-07T15:00:16.659+08:00,119.210,29.75496299995939,22.505,1155683570,1667,0,active,1.97,,,,,0,,
sensor_combined,2026-08-07T15:00:16.688+08:00,119.243,32.89597200000571,36.055,1155719625,1667,0,active,1.97,,,,,0,,
failsafe_flags,2026-08-07T15:00:16.716+08:00,119.271,,,1155853522,1667,0,active,1.97,,,,,0,,"{'gcs_connection_lost': True, 'manual_control_signal_lost': True, 'offboard_control_signal_lost': True}"
sensor_combined,2026-08-07T15:00:16.745+08:00,119.300,56.781193999995594,22.504,1155742129,1667,0,active,1.97,,,,,0,,
sensor_combined,2026-08-07T15:00:16.773+08:00,119.328,28.46420700007002,67.513,1155809642,1667,0,active,1.97,,,,,0,,
sensor_combined,2026-08-07T15:00:16.803+08:00,119.357,28.515892999848802,31.458,1155841100,1667,0,active,1.97,,,,,0,,
sensor_combined,2026-08-07T15:00:16.835+08:00,119.388,31.35007800005951,9.002,1155850102,1667,0,active,1.97,,,,,0,,
sensor_combined,2026-08-07T15:00:16.864+08:00,119.419,31.005202999949688,72.063,1155922165,1667,0,active,1.97,,,,,0,,
sensor_combined,2026-08-07T15:00:16.892+08:00,119.448,28.282871000101295,17.954,1155940119,1667,0,active,1.97,,,,,0,,
sensor_combined,2026-08-07T15:00:16.925+08:00,119.476,28.32790100001148,13.503,1155953622,1667,0,active,1.97,,,,,0,,
sensor_combined,2026-08-07T15:00:16.954+08:00,119.508,32.31148200006828,58.559,1156012181,1667,0,active,1.97,,,,,0,,
sensor_combined,2026-08-07T15:00:16.983+08:00,119.537,28.974894999919343,31.458,1156043639,1667,0,active,1.97,,,,,0,,
sensor_combined,2026-08-07T15:00:17.013+08:00,119.567,29.865408999967258,9.002,1156052641,1667,0,active,1.97,,,,,0,,
sensor_combined,2026-08-07T15:00:17.041+08:00,119.596,29.139461000113442,49.557,1156102198,1667,0,active,1.97,,,,,0,,
sensor_combined,2026-08-07T15:00:17.070+08:00,119.625,28.9449719998629,8.955,1156111153,1667,0,active,1.97,,,,,0,,
sensor_combined,2026-08-07T15:00:17.101+08:00,119.654,28.705900999966616,18.003,1156129156,1667,0,active,1.97,,,,,0,,
sensor_combined,2026-08-07T15:00:17.129+08:00,119.684,30.324924000069586,49.509,1156178665,1667,0,active,1.97,,,,,0,,
sensor_combined,2026-08-07T15:00:17.159+08:00,119.713,29.17543300009129,22.504,1156201169,1667,0,active,1.97,,,,,0,,
sensor_combined,2026-08-07T15:00:17.189+08:00,119.743,29.25425900002665,9.002,1156210171,1667,0,active,1.97,,,,,0,,
sensor_combined,2026-08-07T15:00:17.217+08:00,119.773,30.083196999839856,58.511,1156268682,1667,0,active,1.97,,,,,0,,
failsafe_flags,2026-08-07T15:00:17.246+08:00,119.800,,,1156403254,1667,0,active,1.97,,,,,0,,"{'gcs_connection_lost': True, 'manual_control_signal_lost': True, 'offboard_control_signal_lost': True}"
sensor_combined,2026-08-07T15:00:17.275+08:00,119.830,57.392248000041945,31.507,1156300189,1667,0,active,1.97,,,,,0,,
vehicle_status,2026-08-07T15:00:17.303+08:00,119.857,,,1156436087,1667,0,active,1.97,,,,,0,"{'arming_state': 1, 'nav_state': 4, 'failsafe': True}",
sensor_combined,2026-08-07T15:00:17.332+08:00,119.886,56.24576600007458,81.018,1156381207,1667,0,active,1.97,,,,,0,,
sensor_combined,2026-08-07T15:00:17.361+08:00,119.915,29.00741200005541,8.999,1156390206,1667,0,active,1.97,,,,,0,,
sensor_combined,2026-08-07T15:00:17.390+08:00,119.944,29.013364999855185,9.002,1156399208,1667,0,active,1.97,,,,,0,,
sensor_combined,2026-08-07T15:00:17.420+08:00,119.974,29.431945999931486,99.019,1156498227,1667,0,active,1.97,,,,,0,,
sensor_combined,2026-08-07T15:00:17.449+08:00,120.004,30.1012150000588,4.501,1156502728,1667,0,active,1.97,,,,,0,,
sensor_combined,2026-08-07T15:00:17.479+08:00,120.032,28.46510200015473,9.001,1156511729,1667,0,active,1.97,,,,,0,,
sensor_combined,2026-08-07T15:00:17.507+08:00,120.062,30.090493999978207,81.016,1156592745,1667,0,active,1.97,,,,,0,,
sensor_combined,2026-08-07T15:00:17.536+08:00,120.091,28.60150399988015,9.002,1156601747,1667,0,active,1.97,,,,,0,,
sensor_combined,2026-08-07T15:00:17.565+08:00,120.119,28.096351999920444,18.05,1156619797,1667,0,active,1.97,,,,,0,,
sensor_combined,2026-08-07T15:00:17.593+08:00,120.148,29.339678000042113,40.461,1156660258,1667,0,active,1.97,,,,,0,,
sensor_combined,2026-08-07T15:00:17.622+08:00,120.176,28.041304999987915,9.002,1156669260,1667,0,active,1.97,,,,,0,,
sensor_combined,2026-08-07T15:00:17.654+08:00,120.205,29.003698999986227,13.502,1156682762,1667,0,active,1.97,,,,,0,,
sensor_combined,2026-08-07T15:00:17.683+08:00,120.237,31.926376000001255,67.513,1156750275,1667,0,active,1.97,,,,,0,,
sensor_combined,2026-08-07T15:00:17.712+08:00,120.266,28.880772000093202,9.002,1156759277,1667,0,active,1.97,,,,,0,,
sensor_combined,2026-08-07T15:00:17.744+08:00,120.295,29.1532860001098,31.506,1156790783,1667,0,active,1.97,,,,,0,,
sensor_combined,2026-08-07T15:00:17.772+08:00,120.327,31.824954999819965,40.508,1156831291,1667,0,active,1.97,,,,,0,,
vehicle_status,2026-08-07T15:00:17.800+08:00,120.355,,,1156944610,1667,0,active,1.97,,,,,0,"{'arming_state': 1, 'nav_state': 4, 'failsafe': True}",
sensor_combined,2026-08-07T15:00:17.830+08:00,120.384,56.46028900014244,18.003,1156849294,1667,0,active,1.97,,,,,0,,
sensor_combined,2026-08-07T15:00:17.859+08:00,120.414,30.17229700003554,72.014,1156921308,1667,0,active,1.97,,,,,0,,
sensor_combined,2026-08-07T15:00:17.888+08:00,120.443,28.828796999960105,9.002,1156930310,1667,0,active,1.97,,,,,0,,
sensor_combined,2026-08-07T15:00:17.921+08:00,120.471,28.6221139999725,22.504,1156952814,1667,0,active,1.97,,,,,0,,
sensor_combined,2026-08-07T15:00:17.949+08:00,120.504,32.782549999865296,63.012,1157015826,1667,0,active,1.97,,,,,0,,
sensor_combined,2026-08-07T15:00:17.978+08:00,120.532,28.33868600009737,36.007,1157051833,1667,0,active,1.97,,,,,0,,
sensor_combined,2026-08-07T15:00:18.009+08:00,120.563,30.206765000002633,9.002,1157060835,1667,0,active,1.97,,,,,0,,
sensor_combined,2026-08-07T15:00:18.038+08:00,120.593,30.78498199988644,49.51,1157110345,1667,0,active,1.97,,,,,0,,
sensor_combined,2026-08-07T15:00:18.067+08:00,120.622,28.211727000098108,9.001,1157119346,1667,0,active,1.97,,,,,0,,
sensor_combined,2026-08-07T15:00:18.097+08:00,120.651,29.119490000084625,22.505,1157141851,1667,0,active,1.97,,,,,0,,
sensor_combined,2026-08-07T15:00:18.127+08:00,120.681,30.176904999962062,49.509,1157191360,1667,0,active,1.97,,,,,0,,
sensor_combined,2026-08-07T15:00:18.156+08:00,120.711,29.569914999910907,18.004,1157209364,1667,0,active,1.97,,,,,0,,
sensor_combined,2026-08-07T15:00:18.187+08:00,120.740,29.224752000118315,13.502,1157222866,1667,0,active,1.97,,,,,0,,
sensor_combined,2026-08-07T15:00:18.216+08:00,120.771,30.967532999966352,58.512,1157281378,1667,0,active,1.97,,,,,0,,
sensor_combined,2026-08-07T15:00:18.245+08:00,120.799,28.71668700004193,31.505,1157312883,1667,0,active,1.97,,,,,0,,
vehicle_status,2026-08-07T15:00:18.273+08:00,120.827,,,1157451087,1667,0,active,1.97,,,,,0,"{'arming_state': 1, 'nav_state': 4, 'failsafe': True}",
sensor_combined,2026-08-07T15:00:18.302+08:00,120.856,56.82820799984256,9.002,1157321885,1667,0,active,1.97,,,,,0,,
sensor_combined,2026-08-07T15:00:18.331+08:00,120.886,29.32213999997657,18.051,1157339936,1667,0,active,1.97,,,,,0,,
sensor_combined,2026-08-07T15:00:18.360+08:00,120.915,29.201517000046806,8.955,1157348891,1667,0,active,1.97,,,,,0,,
sensor_combined,2026-08-07T15:00:18.388+08:00,120.943,28.447531999972853,22.504,1157371395,1667,0,active,1.97,,,,,0,,
sensor_combined,2026-08-07T15:00:18.417+08:00,120.971,28.2175830000142,9.002,1157380397,1667,0,active,1.97,,,,,0,,
sensor_combined,2026-08-07T15:00:18.447+08:00,121.001,29.23537700007728,9.001,1157389398,1667,0,active,1.97,,,,,0,,
sensor_combined,2026-08-07T15:00:18.476+08:00,121.031,29.88858000003347,13.503,1157402901,1667,0,active,1.97,,,,,0,,
sensor_combined,2026-08-07T15:00:18.505+08:00,121.060,29.062682999892786,9.002,1157411903,1667,0,active,1.97,,,,,0,,
sensor_combined,2026-08-07T15:00:18.533+08:00,121.088,28.498931000058292,27.005,1157438908,1667,0,active,1.97,,,,,0,,
failsafe_flags,2026-08-07T15:00:19.222+08:00,121.775,,,1158035215,1667,0,active,1.97,,,,,0,,"{'gcs_connection_lost': True, 'manual_control_signal_lost': True, 'offboard_control_signal_lost': True}"
sensor_combined,2026-08-07T15:00:19.255+08:00,121.807,719.0681940001014,1021.697,1158460605,1667,0,active,1.97,,,,,0,,
vehicle_status,2026-08-07T15:00:19.288+08:00,121.839,,,1157958441,1667,0,active,1.97,,,,,0,"{'arming_state': 1, 'nav_state': 4, 'failsafe': True}",
sensor_combined,2026-08-07T15:00:19.323+08:00,121.875,67.64219599995158,36.007,1158496612,1667,0,active,1.97,,,,,0,,
vehicle_status,2026-08-07T15:00:19.351+08:00,121.906,,,1158465811,1667,0,active,1.97,,,,,0,"{'arming_state': 1, 'nav_state': 4, 'failsafe': True}",
sensor_combined,2026-08-07T15:00:19.384+08:00,121.935,60.57182099993952,4.501,1158501113,1667,0,active,1.97,,,,,0,,
sensor_combined,2026-08-07T15:00:19.414+08:00,121.968,32.411621999926865,9.049,1158510162,1667,0,active,1.97,,,,,0,,
failsafe_flags,2026-08-07T15:00:19.444+08:00,121.998,,,1158575213,1667,0,active,1.97,,,,,0,,"{'gcs_connection_lost': True, 'manual_control_signal_lost': True, 'offboard_control_signal_lost': True}"
sensor_combined,2026-08-07T15:00:19.477+08:00,122.028,60.48016200020356,13.455,1158523617,1667,0,active,1.97,,,,,0,,
sensor_combined,2026-08-07T15:00:19.506+08:00,122.061,32.66278999990391,49.51,1158573127,1667,0,active,1.97,,,,,0,,
sensor_combined,2026-08-07T15:00:19.536+08:00,122.090,29.027734999999666,18.003,1158591130,1667,0,active,1.97,,,,,0,,
sensor_combined,2026-08-07T15:00:19.567+08:00,122.120,29.98689700007162,13.502,1158604632,1667,0,active,1.97,,,,,0,,
sensor_combined,2026-08-07T15:00:19.595+08:00,122.151,30.754193999882773,49.51,1158654142,1667,0,active,1.97,,,,,0,,
sensor_combined,2026-08-07T15:00:19.625+08:00,122.179,28.277591000005486,9.002,1158663144,1667,0,active,1.97,,,,,0,,
sensor_combined,2026-08-07T15:00:19.654+08:00,122.208,29.113985000094544,31.506,1158694650,1667,0,active,1.97,,,,,0,,
sensor_combined,2026-08-07T15:00:19.683+08:00,122.237,29.190858999982083,58.511,1158753161,1667,0,active,1.97,,,,,0,,
sensor_combined,2026-08-07T15:00:19.712+08:00,122.266,28.8864049998665,9.002,1158762163,1667,0,active,1.97,,,,,0,,
sensor_combined,2026-08-07T15:00:19.741+08:00,122.295,29.205965000073775,22.504,1158784667,1667,0,active,1.97,,,,,0,,
sensor_combined,2026-08-07T15:00:19.771+08:00,122.325,29.777910000120755,76.515,1158861182,1667,0,active,1.97,,,,,0,,
sensor_combined,2026-08-07T15:00:19.799+08:00,122.354,28.94138699980431,22.505,1158883687,1667,0,active,1.97,,,,,0,,
sensor_combined,2026-08-07T15:00:19.828+08:00,122.382,28.27775100013241,9.049,1158892736,1667,0,active,1.97,,,,,0,,
sensor_combined,2026-08-07T15:00:19.856+08:00,122.411,28.839421999919068,40.46,1158933196,1667,0,active,1.97,,,,,0,,
sensor_combined,2026-08-07T15:00:19.885+08:00,122.440,28.632548000132374,18.003,1158951199,1667,0,active,1.97,,,,,0,,
sensor_combined,2026-08-07T15:00:19.916+08:00,122.469,28.668168999956833,9.05,1158960249,1667,0,active,1.97,,,,,0,,
sensor_combined,2026-08-07T15:00:19.946+08:00,122.500,31.618848999869442,62.965,1159023214,1667,0,active,1.97,,,,,0,,
sensor_combined,2026-08-07T15:00:19.974+08:00,122.529,29.170632000159458,31.505,1159054719,1667,0,active,1.97,,,,,0,,
sensor_combined,2026-08-07T15:00:20.003+08:00,122.557,27.902246999929048,9.002,1159063721,1667,0,active,1.97,,,,,0,,
sensor_combined,2026-08-07T15:00:20.032+08:00,122.587,29.307898000070054,49.51,1159113231,1667,0,active,1.97,,,,,0,,
sensor_combined,2026-08-07T15:00:20.061+08:00,122.616,29.517876999989312,9.001,1159122232,1667,0,active,1.97,,,,,0,,
sensor_combined,2026-08-07T15:00:20.090+08:00,122.644,28.054457999814986,31.506,1159153738,1667,0,active,1.97,,,,,0,,
sensor_combined,2026-08-07T15:00:20.120+08:00,122.674,30.11193700012882,58.512,1159212250,1667,0,active,1.97,,,,,0,,
sensor_combined,2026-08-07T15:00:20.149+08:00,122.703,29.16621600002145,9.002,1159221252,1667,0,active,1.97,,,,,0,,
sensor_combined,2026-08-07T15:00:20.178+08:00,122.732,28.98846599987337,22.504,1159243756,1667,0,active,1.97,,,,,0,,
sensor_combined,2026-08-07T15:00:20.208+08:00,122.762,29.316698999991786,67.513,1159311269,1667,0,active,1.97,,,,,0,,
sensor_combined,2026-08-07T15:00:20.237+08:00,122.791,29.52767000010681,13.503,1159324772,1667,0,active,1.97,,,,,0,,
sensor_combined,2026-08-07T15:00:20.266+08:00,122.820,29.172648999974626,18.05,1159342822,1667,0,active,1.97,,,,,0,,
sensor_combined,2026-08-07T15:00:20.294+08:00,122.850,29.112192999946274,8.955,1159351777,1667,0,active,1.97,,,,,0,,
sensor_combined,2026-08-07T15:00:20.324+08:00,122.878,28.418248999969364,9.001,1159360778,1667,0,active,1.97,,,,,0,,
sensor_combined,2026-08-07T15:00:20.353+08:00,122.907,29.264084000033108,13.503,1159374281,1667,0,active,1.97,,,,,0,,
sensor_combined,2026-08-07T15:00:20.381+08:00,122.937,29.731439999977738,9.002,1159383283,1667,0,active,1.97,,,,,0,,
sensor_combined,2026-08-07T15:00:20.411+08:00,122.965,28.27663100015343,31.506,1159414789,1667,0,active,1.97,,,,,0,,
sensor_combined,2026-08-07T15:00:20.439+08:00,122.994,29.041143999847918,9.002,1159423791,1667,0,active,1.97,,,,,0,,
sensor_combined,2026-08-07T15:00:20.468+08:00,123.023,28.765781000174684,18.003,1159441794,1667,0,active,1.97,,,,,0,,
sensor_combined,2026-08-07T15:00:20.496+08:00,123.051,28.22561599987239,9.002,1159450796,1667,0,active,1.97,,,,,0,,
failsafe_flags,2026-08-07T15:00:21.224+08:00,123.778,,,1160226228,1667,0,active,1.97,,,,,0,,"{'gcs_connection_lost': True, 'manual_control_signal_lost': True, 'offboard_control_signal_lost': True}"
sensor_combined,2026-08-07T15:00:21.257+08:00,123.809,757.4115170000368,1012.695,1160463491,1667,0,active,1.97,,,,,0,,
vehicle_status,2026-08-07T15:00:21.289+08:00,123.841,,,1159983084,1667,0,active,1.97,,,,,0,"{'arming_state': 1, 'nav_state': 4, 'failsafe': True}",
sensor_combined,2026-08-07T15:00:21.322+08:00,123.875,66.3261560000592,36.007,1160499498,1667,0,active,1.97,,,,,0,,
vehicle_status,2026-08-07T15:00:21.351+08:00,123.905,,,1160490096,1667,0,active,1.97,,,,,0,"{'arming_state': 1, 'nav_state': 4, 'failsafe': True}",
sensor_combined,2026-08-07T15:00:21.381+08:00,123.935,59.509413999876415,4.501,1160503999,1667,0,active,1.97,,,,,0,,
sensor_combined,2026-08-07T15:00:21.411+08:00,123.965,30.586045000063677,13.503,1160517502,1667,0,active,1.97,,,,,0,,
sensor_combined,2026-08-07T15:00:21.440+08:00,123.994,29.33458999996219,9.002,1160526504,1667,0,active,1.97,,,,,0,,
sensor_combined,2026-08-07T15:00:21.470+08:00,124.024,29.079677000027004,9.049,1160535553,1667,0,active,1.97,,,,,0,,
sensor_combined,2026-08-07T15:00:21.499+08:00,124.054,30.458253000006152,67.513,1160603066,1667,0,active,1.97,,,,,0,,
sensor_combined,2026-08-07T15:00:21.528+08:00,124.082,28.165480000097887,31.458,1160634524,1667,0,active,1.97,,,,,0,,
sensor_combined,2026-08-07T15:00:21.559+08:00,124.112,30.33948600000258,9.002,1160643526,1667,0,active,1.97,,,,,0,,
sensor_combined,2026-08-07T15:00:21.588+08:00,124.143,30.098526999836395,22.505,1160666031,1667,0,active,1.97,,,,,0,,
failsafe_flags,2026-08-07T15:00:21.616+08:00,124.171,,,1160777468,1667,0,active,1.97,,,,,0,,"{'gcs_connection_lost': True, 'manual_control_signal_lost': True, 'offboard_control_signal_lost': True}"
sensor_combined,2026-08-07T15:00:21.645+08:00,124.200,57.74823000001561,9.001,1160675032,1667,0,active,1.97,,,,,0,,
sensor_combined,2026-08-07T15:00:21.674+08:00,124.229,29.041912000138836,58.512,1160733544,1667,0,active,1.97,,,,,0,,
sensor_combined,2026-08-07T15:00:21.703+08:00,124.258,28.40125399984572,31.506,1160765050,1667,0,active,1.97,,,,,0,,
sensor_combined,2026-08-07T15:00:21.732+08:00,124.286,28.353537000157303,9.001,1160774051,1667,0,active,1.97,,,,,0,,
sensor_combined,2026-08-07T15:00:21.762+08:00,124.316,29.51659599989398,31.554,1160805605,1667,0,active,1.97,,,,,0,,
sensor_combined,2026-08-07T15:00:21.791+08:00,124.346,29.90320599997176,49.462,1160855067,1667,0,active,1.97,,,,,0,,
sensor_combined,2026-08-07T15:00:21.821+08:00,124.375,29.492946000118536,9.002,1160864069,1667,0,active,1.97,,,,,0,,
sensor_combined,2026-08-07T15:00:21.851+08:00,124.406,30.45786899997438,49.509,1160913578,1667,0,active,1.97,,,,,0,,
sensor_combined,2026-08-07T15:00:21.880+08:00,124.434,28.94615599984718,22.505,1160936083,1667,0,active,1.97,,,,,0,,
sensor_combined,2026-08-07T15:00:21.909+08:00,124.464,29.11699400010548,31.506,1160967589,1667,0,active,1.97,,,,,0,,
sensor_combined,2026-08-07T15:00:21.939+08:00,124.492,28.931849999935366,9.002,1160976591,1667,0,active,1.97,,,,,0,,
sensor_combined,2026-08-07T15:00:21.969+08:00,124.524,31.3563189999968,58.511,1161035102,1667,0,active,1.97,,,,,0,,
sensor_combined,2026-08-07T15:00:21.998+08:00,124.553,28.74894700016739,18.051,1161053153,1667,0,active,1.97,,,,,0,,
sensor_combined,2026-08-07T15:00:22.029+08:00,124.582,28.902182999900106,13.455,1161066608,1667,0,active,1.97,,,,,0,,
sensor_combined,2026-08-07T15:00:22.058+08:00,124.613,31.59769400008372,58.511,1161125119,1667,0,active,1.97,,,,,0,,
sensor_combined,2026-08-07T15:00:22.086+08:00,124.641,28.18861899982039,31.506,1161156625,1667,0,active,1.97,,,,,0,,
sensor_combined,2026-08-07T15:00:22.115+08:00,124.669,27.851392000002306,9.05,1161165675,1667,0,active,1.97,,,,,0,,
sensor_combined,2026-08-07T15:00:22.144+08:00,124.699,29.494546000023547,31.458,1161197133,1667,0,active,1.97,,,,,0,,
failsafe_flags,2026-08-07T15:00:22.172+08:00,124.727,,,1161317381,1667,0,active,1.97,,,,,0,,"{'gcs_connection_lost': True, 'manual_control_signal_lost': True, 'offboard_control_signal_lost': True}"
sensor_combined,2026-08-07T15:00:22.201+08:00,124.756,57.132280000132596,18.004,1161215137,1667,0,active,1.97,,,,,0,,
sensor_combined,2026-08-07T15:00:22.231+08:00,124.785,29.23784099994009,81.015,1161296152,1667,0,active,1.97,,,,,0,,
sensor_combined,2026-08-07T15:00:22.259+08:00,124.815,29.503955000109272,18.004,1161314156,1667,0,active,1.97,,,,,0,,
sensor_combined,2026-08-07T15:00:22.288+08:00,124.843,28.333245999874634,9.049,1161323205,1667,0,active,1.97,,,,,0,,
sensor_combined,2026-08-07T15:00:22.316+08:00,124.871,28.304601999934675,22.504,1161345709,1667,0,active,1.97,,,,,0,,
sensor_combined,2026-08-07T15:00:22.345+08:00,124.900,28.248435000023164,8.955,1161354664,1667,0,active,1.97,,,,,0,,
sensor_combined,2026-08-07T15:00:22.374+08:00,124.928,28.848863000121128,22.504,1161377168,1667,0,active,1.97,,,,,0,,
sensor_combined,2026-08-07T15:00:22.402+08:00,124.958,29.28232699991895,9.002,1161386170,1667,0,active,1.97,,,,,0,,
sensor_combined,2026-08-07T15:00:22.431+08:00,124.986,28.663047999998525,27.052,1161413222,1667,0,active,1.97,,,,,0,,
sensor_combined,2026-08-07T15:00:22.460+08:00,125.015,28.65495099990767,8.955,1161422177,1667,0,active,1.97,,,,,0,,
sensor_combined,2026-08-07T15:00:22.488+08:00,125.043,28.276311000126952,22.504,1161444681,1667,0,active,1.97,,,,,0,,
sensor_combined,2026-08-07T15:00:22.516+08:00,125.072,28.640709000001152,9.002,1161453683,1667,0,active,1.97,,,,,0,,
failsafe_flags,2026-08-07T15:00:23.229+08:00,125.781,,,1162409023,1667,0,active,1.97,,,,,0,,"{'gcs_connection_lost': True, 'manual_control_signal_lost': True, 'offboard_control_signal_lost': True}"
sensor_combined,2026-08-07T15:00:23.261+08:00,125.815,743.1764860000385,1012.696,1162466379,1667,0,active,1.97,,,,,0,,
vehicle_status,2026-08-07T15:00:23.292+08:00,125.844,,,1162011178,1667,0,active,1.97,,,,,0,"{'arming_state': 1, 'nav_state': 4, 'failsafe': True}",
sensor_combined,2026-08-07T15:00:23.325+08:00,125.878,63.06685999993533,36.006,1162502385,1667,0,active,1.97,,,,,0,,
vehicle_status,2026-08-07T15:00:23.356+08:00,125.909,,,1162518280,1667,0,active,1.97,,,,,0,"{'arming_state': 1, 'nav_state': 4, 'failsafe': True}",
sensor_combined,2026-08-07T15:00:23.388+08:00,125.941,63.09860800001843,4.501,1162506886,1667,0,active,1.97,,,,,0,,
sensor_combined,2026-08-07T15:00:23.417+08:00,125.972,30.549335999921823,9.05,1162515936,1667,0,active,1.97,,,,,0,,
sensor_combined,2026-08-07T15:00:23.448+08:00,126.001,29.828124999994543,8.954,1162524890,1667,0,active,1.97,,,,,0,,
sensor_combined,2026-08-07T15:00:23.478+08:00,126.032,30.04792800015821,13.55,1162538440,1667,0,active,1.97,,,,,0,,
sensor_combined,2026-08-07T15:00:23.507+08:00,126.061,29.68657099995653,40.46,1162578900,1667,0,active,1.97,,,,,0,,
sensor_combined,2026-08-07T15:00:23.536+08:00,126.090,28.96763099988675,9.002,1162587902,1667,0,active,1.97,,,,,0,,
sensor_combined,2026-08-07T15:00:23.566+08:00,126.120,29.405574000065826,9.002,1162596904,1667,0,active,1.97,,,,,0,,
sensor_combined,2026-08-07T15:00:23.594+08:00,126.149,29.901286000040272,72.014,1162668918,1667,0,active,1.97,,,,,0,,
sensor_combined,2026-08-07T15:00:23.624+08:00,126.178,28.666087999908996,27.052,1162695970,1667,0,active,1.97,,,,,0,,
sensor_combined,2026-08-07T15:00:23.653+08:00,126.208,29.797433000112505,8.955,1162704925,1667,0,active,1.97,,,,,0,,
sensor_combined,2026-08-07T15:00:23.682+08:00,126.237,29.060634999950707,81.063,1162785988,1667,0,active,1.97,,,,,0,,
sensor_combined,2026-08-07T15:00:23.712+08:00,126.267,29.954156000030707,8.954,1162794942,1667,0,active,1.97,,,,,0,,
sensor_combined,2026-08-07T15:00:23.741+08:00,126.295,28.08943900004124,22.504,1162817446,1667,0,active,1.97,,,,,0,,
sensor_combined,2026-08-07T15:00:23.770+08:00,126.325,29.656261999889466,40.508,1162857954,1667,0,active,1.97,,,,,0,,
failsafe_flags,2026-08-07T15:00:23.799+08:00,126.353,,,1162948918,1667,0,active,1.97,,,,,0,,"{'gcs_connection_lost': True, 'manual_control_signal_lost': True, 'offboard_control_signal_lost': True}"
sensor_combined,2026-08-07T15:00:23.828+08:00,126.383,57.79613999993671,27.005,1162884959,1667,0,active,1.97,,,,,0,,
sensor_combined,2026-08-07T15:00:23.858+08:00,126.412,29.79752900000676,31.507,1162916466,1667,0,active,1.97,,,,,0,,
sensor_combined,2026-08-07T15:00:23.887+08:00,126.442,29.65539800015904,9.001,1162925467,1667,0,active,1.97,,,,,0,,
sensor_combined,2026-08-07T15:00:23.915+08:00,126.471,28.61881900003027,22.504,1162947971,1667,0,active,1.97,,,,,0,,
sensor_combined,2026-08-07T15:00:23.945+08:00,126.499,28.766421000000264,40.556,1162988527,1667,0,active,1.97,,,,,0,,
sensor_combined,2026-08-07T15:00:23.974+08:00,126.529,29.331644999956552,26.958,1163015485,1667,0,active,1.97,,,,,0,,
sensor_combined,2026-08-07T15:00:24.003+08:00,126.558,29.721358999950098,31.506,1163046991,1667,0,active,1.97,,,,,0,,
sensor_combined,2026-08-07T15:00:24.034+08:00,126.587,28.789111999913075,9.049,1163056040,1667,0,active,1.97,,,,,0,,
sensor_combined,2026-08-07T15:00:24.062+08:00,126.617,30.22519900014231,62.965,1163119005,1667,0,active,1.97,,,,,0,,
sensor_combined,2026-08-07T15:00:24.091+08:00,126.646,28.603552000049604,9.001,1163128006,1667,0,active,1.97,,,,,0,,
sensor_combined,2026-08-07T15:00:24.122+08:00,126.675,28.728079999837064,18.054,1163146060,1667,0,active,1.97,,,,,0,,
sensor_combined,2026-08-07T15:00:24.151+08:00,126.706,31.092350000108127,62.962,1163209022,1667,0,active,1.97,,,,,0,,
sensor_combined,2026-08-07T15:00:24.179+08:00,126.734,28.568636000045444,9.002,1163218024,1667,0,active,1.97,,,,,0,,
sensor_combined,2026-08-07T15:00:24.209+08:00,126.763,28.662119999808056,27.005,1163245029,1667,0,active,1.97,,,,,0,,
sensor_combined,2026-08-07T15:00:24.239+08:00,126.793,29.979632000049605,72.014,1163317043,1667,0,active,1.97,,,,,0,,
sensor_combined,2026-08-07T15:00:24.268+08:00,126.822,29.419240000152058,31.554,1163348597,1667,0,active,1.97,,,,,0,,
sensor_combined,2026-08-07T15:00:24.296+08:00,126.851,28.50465999995322,8.954,1163357551,1667,0,active,1.97,,,,,0,,
sensor_combined,2026-08-07T15:00:24.326+08:00,126.880,29.188811000040005,9.002,1163366553,1667,0,active,1.9,,,,,0,,
sensor_combined,2026-08-07T15:00:24.355+08:00,126.910,29.999601999861625,9.001,1163375554,1667,0,active,1.9,,,,,0,,
sensor_combined,2026-08-07T15:00:24.385+08:00,126.939,29.03208700013238,9.002,1163384556,1667,0,active,1.9,,,,,0,,
sensor_combined,2026-08-07T15:00:24.415+08:00,126.969,29.32213999997657,22.505,1163407061,1667,0,active,1.9,,,,,0,,
sensor_combined,2026-08-07T15:00:24.444+08:00,126.998,29.53480699989086,9.049,1163416110,1667,0,active,1.9,,,,,0,,
sensor_combined,2026-08-07T15:00:24.472+08:00,127.027,29.19751600006748,22.504,1163438614,1667,0,active,1.9,,,,,0,,
sensor_combined,2026-08-07T15:00:24.501+08:00,127.056,28.31455599994115,8.954,1163447568,1667,0,active,1.9,,,,,0,,
sensor_combined,2026-08-07T15:00:25.231+08:00,127.782,726.1812950000603,1021.699,1164469267,1667,0,active,1.9,,,,,0,,
failsafe_flags,2026-08-07T15:00:25.264+08:00,127.816,,,1164049310,1667,0,active,1.9,,,,,0,,"{'gcs_connection_lost': True, 'manual_control_signal_lost': True, 'offboard_control_signal_lost': True}"
vehicle_status,2026-08-07T15:00:25.298+08:00,127.850,,,1164038240,1667,0,active,1.9,,,,,0,"{'arming_state': 1, 'nav_state': 4, 'failsafe': True}",
sensor_combined,2026-08-07T15:00:25.330+08:00,127.884,102.08649299988792,36.006,1164505273,1667,0,active,1.9,,,,,0,,
sensor_combined,2026-08-07T15:00:25.360+08:00,127.914,30.043126999999004,4.501,1164509774,1667,0,active,1.9,,,,,0,,
sensor_combined,2026-08-07T15:00:25.391+08:00,127.944,29.933322000033513,9.049,1164518823,1667,0,active,1.9,,,,,0,,
sensor_combined,2026-08-07T15:00:25.420+08:00,127.975,30.73425699994914,8.954,1164527777,1667,0,active,1.9,,,,,0,,
sensor_combined,2026-08-07T15:00:25.449+08:00,128.004,29.382402999999613,9.002,1164536779,1667,0,active,1.9,,,,,0,,
sensor_combined,2026-08-07T15:00:25.479+08:00,128.033,29.166824000185443,31.506,1164568285,1667,0,active,1.9,,,,,0,,
sensor_combined,2026-08-07T15:00:25.509+08:00,128.063,30.310873999951582,9.002,1164577287,1667,0,active,1.9,,,,,0,,
sensor_combined,2026-08-07T15:00:25.539+08:00,128.093,29.568956000048274,18.003,1164595290,1667,0,active,1.9,,,,,0,,
sensor_combined,2026-08-07T15:00:25.569+08:00,128.123,29.61587300001156,13.551,1164608841,1667,0,active,1.9,,,,,0,,
sensor_combined,2026-08-07T15:00:25.598+08:00,128.152,29.92042500000025,49.462,1164658303,1667,0,active,1.9,,,,,0,,
sensor_combined,2026-08-07T15:00:25.626+08:00,128.181,28.759507999893685,9.002,1164667305,1667,0,active,1.9,,,,,0,,
sensor_combined,2026-08-07T15:00:25.657+08:00,128.210,28.956076999975267,31.553,1164698858,1667,0,active,1.9,,,,,0,,
sensor_combined,2026-08-07T15:00:25.687+08:00,128.241,31.237167999961457,58.464,1164757322,1667,0,active,1.9,,,,,0,,
sensor_combined,2026-08-07T15:00:25.715+08:00,128.271,29.07442900004753,9.049,1164766371,1667,0,active,1.9,,,,,0,,
sensor_combined,2026-08-07T15:00:25.746+08:00,128.299,28.500051000037274,31.459,1164797830,1667,0,active,1.9,,,,,0,,
sensor_combined,2026-08-07T15:00:25.774+08:00,128.330,30.816089999916585,67.513,1164865343,1667,0,active,1.9,,,,,0,,
sensor_combined,2026-08-07T15:00:25.804+08:00,128.358,28.418921000138653,31.506,1164896849,1667,0,active,1.9,,,,,0,,
sensor_combined,2026-08-07T15:00:25.834+08:00,128.387,28.927434000024732,9.002,1164905851,1667,0,active,1.9,,,,,0,,
sensor_combined,2026-08-07T15:00:25.863+08:00,128.418,30.49099299983027,49.509,1164955360,1667,0,active,1.9,,,,,0,,
vehicle_status,2026-08-07T15:00:25.892+08:00,128.446,,,1165053087,1667,0,active,1.9,,,,,0,"{'arming_state': 1, 'nav_state': 4, 'failsafe': True}",
sensor_combined,2026-08-07T15:00:25.922+08:00,128.475,57.60875600003601,13.551,1164968911,1667,0,active,1.9,,,,,0,,
sensor_combined,2026-08-07T15:00:25.951+08:00,128.506,30.23032000010062,49.461,1165018372,1667,0,active,1.9,,,,,0,,
failsafe_flags,2026-08-07T15:00:25.979+08:00,128.534,,,1165130212,1667,0,active,1.9,,,,,0,,"{'gcs_connection_lost': True, 'manual_control_signal_lost': True, 'offboard_control_signal_lost': True}"
sensor_combined,2026-08-07T15:00:26.007+08:00,128.563,57.09969899999123,9.002,1165027374,1667,0,active,1.9,,,,,0,,
sensor_combined,2026-08-07T15:00:26.038+08:00,128.592,29.2227349998484,90.018,1165117392,1667,0,active,1.9,,,,,0,,
sensor_combined,2026-08-07T15:00:26.067+08:00,128.621,29.43441000002167,9.049,1165126441,1667,0,active,1.9,,,,,0,,
sensor_combined,2026-08-07T15:00:26.095+08:00,128.650,29.031927000005453,31.458,1165157899,1667,0,active,1.9,,,,,0,,
sensor_combined,2026-08-07T15:00:26.125+08:00,128.679,28.93700300001001,40.508,1165198407,1667,0,active,1.9,,,,,0,,
sensor_combined,2026-08-07T15:00:26.154+08:00,128.709,29.460685999993075,18.051,1165216458,1667,0,active,1.9,,,,,0,,
sensor_combined,2026-08-07T15:00:26.182+08:00,128.737,28.484721000040736,8.954,1165225412,1667,0,active,1.9,,,,,0,,
sensor_combined,2026-08-07T15:00:26.212+08:00,128.766,29.170793000048434,31.509,1165256921,1667,0,active,1.9,,,,,0,,
sensor_combined,2026-08-07T15:00:26.241+08:00,128.795,28.874691000055464,72.059,1165328980,1667,0,active,1.9,,,,,0,,
sensor_combined,2026-08-07T15:00:26.269+08:00,128.824,29.06588299993018,8.954,1165337934,1667,0,active,1.9,,,,,0,,
sensor_combined,2026-08-07T15:00:26.298+08:00,128.853,28.384420000065802,9.002,1165346936,1667,0,active,1.9,,,,,0,,
sensor_combined,2026-08-07T15:00:26.328+08:00,128.882,29.27656599990769,9.002,1165355938,1667,0,active,1.9,,,,,0,,
sensor_combined,2026-08-07T15:00:26.358+08:00,128.912,29.67156099998647,31.506,1165387444,1667,0,active,1.9,,,,,0,,
sensor_combined,2026-08-07T15:00:26.387+08:00,128.942,30.015699999921708,27.005,1165414449,1667,0,active,1.9,,,,,0,,
sensor_combined,2026-08-07T15:00:26.416+08:00,128.971,28.858017000175096,13.503,1165427952,1667,0,active,1.9,,,,,0,,
sensor_combined,2026-08-07T15:00:26.445+08:00,128.999,28.81625199984228,99.019,1165526971,1667,0,active,1.9,,,,,0,,
sensor_combined,2026-08-07T15:00:26.473+08:00,129.028,28.884068000024854,9.002,1165535973,1667,0,active,1.9,,,,,0,,
sensor_combined,2026-08-07T15:00:26.504+08:00,129.057,29.024758000105066,9.001,1165544974,1667,0,active,1.9,,,,,0,,
sensor_combined,2026-08-07T15:00:26.534+08:00,129.088,30.322651999995287,49.51,1165594484,1667,0,active,1.9,,,,,0,,
failsafe_flags,2026-08-07T15:00:26.564+08:00,129.119,,,1165680436,1667,0,active,1.9,,,,,0,,"{'gcs_connection_lost': True, 'manual_control_signal_lost': True, 'offboard_control_signal_lost': True}"
sensor_combined,2026-08-07T15:00:26.594+08:00,129.148,60.02090299989504,13.503,1165607987,1667,0,active,1.9,,,,,0,,
sensor_combined,2026-08-07T15:00:26.623+08:00,129.177,29.676457000050505,99.019,1165707006,1667,0,active,1.9,,,,,0,,
sensor_combined,2026-08-07T15:00:26.652+08:00,129.207,29.3306210000992,9.002,1165716008,1667,0,active,1.9,,,,,0,,
sensor_combined,2026-08-07T15:00:26.681+08:00,129.235,28.48846599999888,22.504,1165738512,1667,0,active,1.9,,,,,0,,
sensor_combined,2026-08-07T15:00:26.709+08:00,129.265,29.588573999944856,58.511,1165797023,1667,0,active,1.9,,,,,0,,
sensor_combined,2026-08-07T15:00:26.738+08:00,129.293,28.29576899989661,9.002,1165806025,1667,0,active,1.9,,,,,0,,
sensor_combined,2026-08-07T15:00:26.768+08:00,129.321,28.482897000003504,9.002,1165815027,1667,0,active,1.9,,,,,0,,
sensor_combined,2026-08-07T15:00:26.797+08:00,129.352,30.346975000156817,49.509,1165864536,1667,0,active,1.9,,,,,0,,
sensor_combined,2026-08-07T15:00:26.826+08:00,129.381,28.94858799982103,13.503,1165878039,1667,0,active,1.9,,,,,0,,
sensor_combined,2026-08-07T15:00:26.857+08:00,129.411,29.942315000198505,27.007,1165905046,1667,0,active,1.9,,,,,0,,
sensor_combined,2026-08-07T15:00:26.886+08:00,129.441,30.518740999923466,63.011,1165968057,1667,0,active,1.9,,,,,0,,
vehicle_status,2026-08-07T15:00:26.914+08:00,129.469,,,1166065516,1667,0,active,1.9,,,,,0,"{'arming_state': 1, 'nav_state': 4, 'failsafe': True}",
sensor_combined,2026-08-07T15:00:26.943+08:00,129.497,56.279178000067986,9.003,1165977060,1667,0,active,1.9,,,,,0,,
sensor_combined,2026-08-07T15:00:26.972+08:00,129.527,29.44042699982674,58.51,1166035570,1667,0,active,1.9,,,,,0,,
sensor_combined,2026-08-07T15:00:27.001+08:00,129.556,29.222031000017523,9.001,1166044571,1667,0,active,1.9,,,,,0,,
sensor_combined,2026-08-07T15:00:27.032+08:00,129.586,29.54098400005023,13.503,1166058074,1667,0,active,1.9,,,,,0,,
sensor_combined,2026-08-07T15:00:27.060+08:00,129.615,29.599552000036056,67.513,1166125587,1667,0,active,1.9,,,,,0,,
sensor_combined,2026-08-07T15:00:27.090+08:00,129.644,28.64800599991213,9.002,1166134589,1667,0,active,1.9,,,,,0,,
sensor_combined,2026-08-07T15:00:27.121+08:00,129.673,29.41613600000892,31.506,1166166095,1667,0,active,1.9,,,,,0,,
sensor_combined,2026-08-07T15:00:27.150+08:00,129.704,31.055257000161873,40.555,1166206650,1667,0,active,1.9,,,,,0,,
sensor_combined,2026-08-07T15:00:27.180+08:00,129.734,29.8921959999916,31.459,1166238109,1667,0,active,1.9,,,,,0,,
sensor_combined,2026-08-07T15:00:27.209+08:00,129.763,28.92993000000388,9.002,1166247111,1667,0,active,1.9,,,,,0,,
sensor_combined,2026-08-07T15:00:27.238+08:00,129.793,30.015252999874065,40.507,1166287618,1667,0,active,1.9,,,,,0,,
sensor_combined,2026-08-07T15:00:27.267+08:00,129.821,27.781079000078535,9.05,1166296668,1667,0,active,1.9,,,,,0,,
sensor_combined,2026-08-07T15:00:27.294+08:00,129.850,29.15504699990379,31.458,1166328126,1667,0,active,1.9,,,,,0,,
sensor_combined,2026-08-07T15:00:27.324+08:00,129.878,28.033496000034575,9.002,1166337128,1667,0,active,1.9,,,,,0,,
sensor_combined,2026-08-07T15:00:27.353+08:00,129.907,29.18394600010288,18.004,1166355132,1667,0,active,1.9,,,,,0,,
sensor_combined,2026-08-07T15:00:27.383+08:00,129.937,29.913351000004695,13.502,1166368634,1667,0,active,1.9,,,,,0,,
sensor_combined,2026-08-07T15:00:27.412+08:00,129.967,29.57986899991738,27.006,1166395640,1667,0,active,1.9,,,,,0,,
sensor_combined,2026-08-07T15:00:27.441+08:00,129.996,28.866754000091532,9.001,1166404641,1667,0,active,1.9,,,,,0,,
sensor_combined,2026-08-07T15:00:27.471+08:00,130.025,29.688714999792865,22.505,1166427146,1667,0,active,1.9,,,,,0,,
sensor_combined,2026-08-07T15:00:27.501+08:00,130.055,30.012084000190953,31.506,1166458652,1667,0,active,1.9,,,,,0,,
sensor_combined,2026-08-07T15:00:27.529+08:00,130.085,29.24091399995632,9.001,1166467653,1667,0,active,1.9,,,,,0,,
sensor_combined,2026-08-07T15:00:28.240+08:00,130.791,706.7352629999277,1008.196,1167475849,1667,0,active,1.9,,,,,0,,
failsafe_flags,2026-08-07T15:00:28.272+08:00,130.824,,,1167331212,1667,0,active,1.9,,,,,0,,"{'gcs_connection_lost': True, 'manual_control_signal_lost': True, 'offboard_control_signal_lost': True}"
vehicle_status,2026-08-07T15:00:28.306+08:00,130.857,,,1167077084,1667,0,active,1.9,,,,,0,"{'arming_state': 1, 'nav_state': 4, 'failsafe': True}",
sensor_combined,2026-08-07T15:00:28.338+08:00,130.891,99.3649940000978,40.508,1167516357,1667,0,active,1.9,,,,,0,,
sensor_combined,2026-08-07T15:00:28.369+08:00,130.923,32.410181999921406,4.501,1167520858,1667,0,active,1.9,,,,,0,,
sensor_combined,2026-08-07T15:00:28.400+08:00,130.954,30.896901000005528,4.501,1167525359,1667,0,active,1.9,,,,,0,,
sensor_combined,2026-08-07T15:00:28.430+08:00,130.984,29.5136839999941,13.502,1167538861,1667,0,active,1.9,,,,,0,,
vehicle_status,2026-08-07T15:00:28.459+08:00,131.013,,,1167584571,1667,0,active,1.9,,,,,0,"{'arming_state': 1, 'nav_state': 4, 'failsafe': True}",
sensor_combined,2026-08-07T15:00:28.489+08:00,131.043,59.541514000102325,9.002,1167547863,1667,0,active,1.9,,,,,0,,
sensor_combined,2026-08-07T15:00:28.518+08:00,131.072,29.18884399991839,40.508,1167588371,1667,0,active,1.9,,,,,0,,
sensor_combined,2026-08-07T15:00:28.547+08:00,131.102,29.44109899999603,18.003,1167606374,1667,0,active,1.9,,,,,0,,
sensor_combined,2026-08-07T15:00:28.577+08:00,131.131,29.292951999877914,9.002,1167615376,1667,0,active,1.9,,,,,0,,
sensor_combined,2026-08-07T15:00:28.607+08:00,131.161,29.69601200015859,49.51,1167664886,1667,0,active,1.9,,,,,0,,
sensor_combined,2026-08-07T15:00:28.636+08:00,131.190,29.569019000064145,13.502,1167678388,1667,0,active,1.9,,,,,0,,
sensor_combined,2026-08-07T15:00:28.665+08:00,131.219,29.010035999817774,27.006,1167705394,1667,0,active,1.9,,,,,0,,
sensor_combined,2026-08-07T15:00:28.695+08:00,131.249,29.755572000112807,81.015,1167786409,1667,0,active,1.9,,,,,0,,
failsafe_flags,2026-08-07T15:00:28.722+08:00,131.278,,,1167871247,1667,0,active,1.9,,,,,0,,"{'gcs_connection_lost': True, 'manual_control_signal_lost': True, 'offboard_control_signal_lost': True}"
sensor_combined,2026-08-07T15:00:28.752+08:00,131.306,56.90120899998874,9.002,1167795411,1667,0,active,1.9,,,,,0,,
sensor_combined,2026-08-07T15:00:28.781+08:00,131.336,30.199851999896055,81.016,1167876427,1667,0,active,1.9,,,,,0,,
sensor_combined,2026-08-07T15:00:28.810+08:00,131.365,29.05957899997702,31.506,1167907933,1667,0,active,1.9,,,,,0,,
sensor_combined,2026-08-07T15:00:28.840+08:00,131.394,28.403751000041666,9.049,1167916982,1667,0,active,1.9,,,,,0,,
sensor_combined,2026-08-07T15:00:28.870+08:00,131.424,30.11119999996481,31.459,1167948441,1667,0,active,1.9,,,,,0,,
sensor_combined,2026-08-07T15:00:28.899+08:00,131.454,30.029463000118994,18.004,1167966445,1667,0,active,1.9,,,,,0,,
sensor_combined,2026-08-07T15:00:28.930+08:00,131.483,28.833885000040027,9.001,1167975446,1667,0,active,1.9,,,,,0,,
sensor_combined,2026-08-07T15:00:28.960+08:00,131.515,32.47124599988638,72.014,1168047460,1667,0,active,1.9,,,,,0,,
sensor_combined,2026-08-07T15:00:28.989+08:00,131.544,28.687659000070198,18.003,1168065463,1667,0,active,1.9,,,,,0,,
sensor_combined,2026-08-07T15:00:29.019+08:00,131.573,28.80844299988894,9.05,1168074513,1667,0,active,1.9,,,,,0,,
sensor_combined,2026-08-07T15:00:29.048+08:00,131.603,30.276245000095514,62.964,1168137477,1667,0,active,1.9,,,,,0,,
sensor_combined,2026-08-07T15:00:29.077+08:00,131.632,29.14378199989187,31.507,1168168984,1667,0,active,1.9,,,,,0,,
sensor_combined,2026-08-07T15:00:29.105+08:00,131.661,28.4900970000308,9.001,1168177985,1667,0,active,1.9,,,,,0,,
sensor_combined,2026-08-07T15:00:29.135+08:00,131.689,28.66308000011486,27.006,1168204991,1667,0,active,1.9,,,,,0,,
sensor_combined,2026-08-07T15:00:29.164+08:00,131.718,29.246034999914627,22.504,1168227495,1667,0,active,1.9,,,,,0,,
sensor_combined,2026-08-07T15:00:29.193+08:00,131.747,28.77611799999613,9.002,1168236497,1667,0,active,1.9,,,,,0,,
sensor_combined,2026-08-07T15:00:29.222+08:00,131.776,29.243793999967238,31.506,1168268003,1667,0,active,1.9,,,,,0,,
sensor_combined,2026-08-07T15:00:29.251+08:00,131.805,28.764980999994805,67.513,1168335516,1667,0,active,1.9,,,,,0,,
sensor_combined,2026-08-07T15:00:29.279+08:00,131.834,29.20865400005823,22.504,1168358020,1667,0,active,1.9,,,,,0,,
sensor_combined,2026-08-07T15:00:29.308+08:00,131.863,28.22923200005789,9.05,1168367070,1667,0,active,1.82,,,,,0,,
sensor_combined,2026-08-07T15:00:29.337+08:00,131.891,28.59686400006467,8.954,1168376024,1667,0,active,1.82,,,,,0,,
sensor_combined,2026-08-07T15:00:29.365+08:00,131.920,29.109056999914174,9.002,1168385026,1667,0,active,1.82,,,,,0,,
sensor_combined,2026-08-07T15:00:29.394+08:00,131.949,28.477679999923566,13.503,1168398529,1667,0,active,1.82,,,,,0,,
sensor_combined,2026-08-07T15:00:29.423+08:00,131.978,28.675689000010607,27.005,1168425534,1667,0,active,1.82,,,,,0,,
sensor_combined,2026-08-07T15:00:29.453+08:00,132.008,30.094463000068572,9.049,1168434583,1667,0,active,1.82,,,,,0,,
sensor_combined,2026-08-07T15:00:29.482+08:00,132.037,29.128739000043424,22.504,1168457087,1667,0,active,1.82,,,,,0,,
sensor_combined,2026-08-07T15:00:29.511+08:00,132.065,28.728528999863556,8.954,1168466041,1667,0,active,1.82,,,,,0,,
sensor_combined,2026-08-07T15:00:30.252+08:00,132.803,737.0175260000451,1021.699,1169487740,1667,0,active,1.82,,,,,0,,
failsafe_flags,2026-08-07T15:00:30.285+08:00,132.836,,,1168962950,1667,0,active,1.82,,,,,0,,"{'gcs_connection_lost': True, 'manual_control_signal_lost': True, 'offboard_control_signal_lost': True}"
vehicle_status,2026-08-07T15:00:30.319+08:00,132.872,,,1169106083,1667,0,active,1.82,,,,,0,"{'arming_state': 1, 'nav_state': 4, 'failsafe': True}",
sensor_combined,2026-08-07T15:00:30.350+08:00,132.904,101.23313600001893,36.007,1169523747,1667,0,active,1.82,,,,,0,,
failsafe_flags,2026-08-07T15:00:30.378+08:00,132.933,,,1169502927,1667,0,active,1.82,,,,,0,,"{'gcs_connection_lost': True, 'manual_control_signal_lost': True, 'offboard_control_signal_lost': True}"
sensor_combined,2026-08-07T15:00:30.407+08:00,132.962,58.072270999900866,4.5,1169528247,1667,0,active,1.82,,,,,0,,
sensor_combined,2026-08-07T15:00:30.436+08:00,132.991,28.88886900018406,9.05,1169537297,1667,0,active,1.82,,,,,0,,
sensor_combined,2026-08-07T15:00:30.464+08:00,133.020,29.032311000037225,8.954,1169546251,1667,0,active,1.82,,,,,0,,
sensor_combined,2026-08-07T15:00:30.495+08:00,133.048,28.37702699980582,9.002,1169555253,1667,0,active,1.82,,,,,0,,
sensor_combined,2026-08-07T15:00:30.524+08:00,133.079,30.720558999973946,72.062,1169627315,1667,0,active,1.82,,,,,0,,
sensor_combined,2026-08-07T15:00:30.554+08:00,133.108,29.317755000192847,31.458,1169658773,1667,0,active,1.82,,,,,0,,
sensor_combined,2026-08-07T15:00:30.583+08:00,133.138,29.606016999878193,9.002,1169667775,1667,0,active,1.82,,,,,0,,
sensor_combined,2026-08-07T15:00:30.612+08:00,133.167,29.152358000146705,27.052,1169694827,1667,0,active,1.82,,,,,0,,
sensor_combined,2026-08-07T15:00:30.641+08:00,133.196,29.184905999954935,31.459,1169726286,1667,0,active,1.82,,,,,0,,
sensor_combined,2026-08-07T15:00:30.669+08:00,133.224,28.40932000003704,9.002,1169735288,1667,0,active,1.82,,,,,0,,
sensor_combined,2026-08-07T15:00:30.699+08:00,133.254,29.30354599993734,40.508,1169775796,1667,0,active,1.82,,,,,0,,
sensor_combined,2026-08-07T15:00:30.728+08:00,133.283,29.03800800004319,9.049,1169784845,1667,0,active,1.82,,,,,0,,
sensor_combined,2026-08-07T15:00:30.756+08:00,133.312,28.82252399990648,31.459,1169816304,1667,0,active,1.82,,,,,0,,
sensor_combined,2026-08-07T15:00:30.787+08:00,133.340,28.372771000022112,9.001,1169825305,1667,0,active,1.82,,,,,0,,
sensor_combined,2026-08-07T15:00:30.816+08:00,133.371,30.611936000013884,49.558,1169874863,1667,0,active,1.82,,,,,0,,
sensor_combined,2026-08-07T15:00:30.845+08:00,133.399,28.46679899994342,13.455,1169888318,1667,0,active,1.82,,,,,0,,
sensor_combined,2026-08-07T15:00:30.875+08:00,133.428,29.169609000064156,9.049,1169897367,1667,0,active,1.82,,,,,0,,
sensor_combined,2026-08-07T15:00:30.904+08:00,133.459,30.499537999958193,58.464,1169955831,1667,0,active,1.82,,,,,0,,
sensor_combined,2026-08-07T15:00:30.932+08:00,133.487,28.407526999899346,22.504,1169978335,1667,0,active,1.82,,,,,0,,
sensor_combined,2026-08-07T15:00:30.961+08:00,133.515,27.921354000000065,9.049,1169987384,1667,0,active,1.82,,,,,0,,
sensor_combined,2026-08-07T15:00:30.990+08:00,133.545,29.582461000018156,58.464,1170045848,1667,0,active,1.82,,,,,0,,
sensor_combined,2026-08-07T15:00:31.018+08:00,133.573,28.46519900003841,31.554,1170077402,1667,0,active,1.82,,,,,0,,
sensor_combined,2026-08-07T15:00:31.048+08:00,133.602,28.601760000128706,8.954,1170086356,1667,0,active,1.82,,,,,0,,
sensor_combined,2026-08-07T15:00:31.077+08:00,133.632,30.56735499990282,58.559,1170144915,1667,0,active,1.82,,,,,0,,
sensor_combined,2026-08-07T15:00:31.106+08:00,133.661,29.071451999925557,13.455,1170158370,1667,0,active,1.82,,,,,0,,
sensor_combined,2026-08-07T15:00:31.135+08:00,133.690,28.448236000031102,18.004,1170176374,1667,0,active,1.82,,,,,0,,
sensor_combined,2026-08-07T15:00:31.164+08:00,133.719,29.312475000097038,40.507,1170216881,1667,0,active,1.82,,,,,0,,
sensor_combined,2026-08-07T15:00:31.193+08:00,133.748,28.459789999942586,18.052,1170234933,1667,0,active,1.82,,,,,0,,
sensor_combined,2026-08-07T15:00:31.222+08:00,133.777,29.15287099995112,13.455,1170248388,1667,0,active,1.82,,,,,0,,
sensor_combined,2026-08-07T15:00:31.252+08:00,133.805,28.428458000007595,67.513,1170315901,1667,0,active,1.82,,,,,0,,
sensor_combined,2026-08-07T15:00:31.282+08:00,133.836,31.05464899999788,22.504,1170338405,1667,0,active,1.82,,,,,0,,
sensor_combined,2026-08-07T15:00:31.312+08:00,133.866,29.811514000130046,9.049,1170347454,1667,0,active,1.82,,,,,0,,
sensor_combined,2026-08-07T15:00:31.342+08:00,133.897,30.71476599984635,17.956,1170365410,1667,0,active,1.82,,,,,0,,
sensor_combined,2026-08-07T15:00:31.371+08:00,133.926,28.93869900003665,72.062,1170437472,1667,0,active,1.82,,,,,0,,
sensor_combined,2026-08-07T15:00:31.400+08:00,133.955,29.41578400009348,8.954,1170446426,1667,0,active,1.82,,,,,0,,
sensor_combined,2026-08-07T15:00:31.430+08:00,133.984,28.87539499988634,22.504,1170468930,1667,0,active,1.82,,,,,0,,
sensor_combined,2026-08-07T15:00:31.459+08:00,134.013,29.456300999981977,67.514,1170536444,1667,0,active,1.82,,,,,0,,
failsafe_flags,2026-08-07T15:00:31.487+08:00,134.042,,,1170602212,1667,0,active,1.82,,,,,0,,"{'gcs_connection_lost': True, 'manual_control_signal_lost': True, 'offboard_control_signal_lost': True}"
sensor_combined,2026-08-07T15:00:31.517+08:00,134.071,57.79838000012205,4.5,1170540944,1667,0,active,1.82,,,,,0,,
sensor_combined,2026-08-07T15:00:31.546+08:00,134.100,28.999922999901173,90.018,1170630962,1667,0,active,1.82,,,,,0,,
sensor_combined,2026-08-07T15:00:31.575+08:00,134.130,29.61808200006999,9.049,1170640011,1667,0,active,1.82,,,,,0,,
sensor_combined,2026-08-07T15:00:31.605+08:00,134.158,28.605057000049783,22.505,1170662516,1667,0,active,1.82,,,,,0,,
sensor_combined,2026-08-07T15:00:31.633+08:00,134.188,29.754322999906435,49.462,1170711978,1667,0,active,1.82,,,,,0,,
sensor_combined,2026-08-07T15:00:31.662+08:00,134.216,28.111617000149636,9.002,1170720980,1667,0,active,1.82,,,,,0,,
sensor_combined,2026-08-07T15:00:31.691+08:00,134.246,29.406246999997165,9.049,1170730029,1667,0,active,1.82,,,,,0,,
sensor_combined,2026-08-07T15:00:31.720+08:00,134.274,28.619875000003958,62.964,1170792993,1667,0,active,1.82,,,,,0,,
sensor_combined,2026-08-07T15:00:31.749+08:00,134.304,29.27573399983885,9.002,1170801995,1667,0,active,1.82,,,,,0,,
sensor_combined,2026-08-07T15:00:31.779+08:00,134.333,29.71502200011855,31.507,1170833502,1667,0,active,1.82,,,,,0,,
sensor_combined,2026-08-07T15:00:31.808+08:00,134.363,29.40358999990167,27.005,1170860507,1667,0,active,1.82,,,,,0,,
sensor_combined,2026-08-07T15:00:31.837+08:00,134.392,29.333341999972617,31.506,1170892013,1667,0,active,1.82,,,,,0,,
sensor_combined,2026-08-07T15:00:31.867+08:00,134.421,29.339198000116085,9.002,1170901015,1667,0,active,1.82,,,,,0,,
sensor_combined,2026-08-07T15:00:31.895+08:00,134.451,29.202156999872386,72.013,1170973028,1667,0,active,1.82,,,,,0,,
sensor_combined,2026-08-07T15:00:31.924+08:00,134.479,28.39674200004083,18.004,1170991032,1667,0,active,1.82,,,,,0,,
sensor_combined,2026-08-07T15:00:31.955+08:00,134.508,28.859073000148783,9.05,1171000082,1667,0,active,1.82,,,,,0,,
sensor_combined,2026-08-07T15:00:31.986+08:00,134.540,31.788149999783855,53.962,1171054044,1667,0,active,1.82,,,,,0,,
failsafe_flags,2026-08-07T15:00:32.013+08:00,134.568,,,1171152213,1667,0,active,1.82,,,,,0,,"{'gcs_connection_lost': True, 'manual_control_signal_lost': True, 'offboard_control_signal_lost': True}"
sensor_combined,2026-08-07T15:00:32.045+08:00,134.598,57.900377000123626,9.002,1171063046,1667,0,active,1.82,,,,,0,,
sensor_combined,2026-08-07T15:00:32.074+08:00,134.628,30.913255000086792,58.512,1171121558,1667,0,active,1.82,,,,,0,,
sensor_combined,2026-08-07T15:00:32.103+08:00,134.658,29.476751999936823,27.005,1171148563,1667,0,active,1.82,,,,,0,,
sensor_combined,2026-08-07T15:00:32.133+08:00,134.687,29.067195999914475,13.502,1171162065,1667,0,active,1.82,,,,,0,,
sensor_combined,2026-08-07T15:00:32.162+08:00,134.716,29.16647200004263,58.512,1171220577,1667,0,active,1.82,,,,,0,,
sensor_combined,2026-08-07T15:00:32.191+08:00,134.746,29.654982000010932,31.506,1171252083,1667,0,active,1.82,,,,,0,,
sensor_combined,2026-08-07T15:00:32.220+08:00,134.775,29.05349799993928,9.002,1171261085,1667,0,active,1.82,,,,,0,,
sensor_combined,2026-08-07T15:00:32.250+08:00,134.805,29.60960099994736,58.511,1171319596,1667,0,active,1.82,,,,,0,,
sensor_combined,2026-08-07T15:00:32.279+08:00,134.833,28.704685000093377,31.506,1171351102,1667,0,active,1.82,,,,,0,,
sensor_combined,2026-08-07T15:00:32.308+08:00,134.862,28.978448000088974,4.501,1171355603,1667,0,active,1.82,,,,,0,,
sensor_combined,2026-08-07T15:00:32.336+08:00,134.891,28.852832999973543,27.053,1171382656,1667,0,active,1.82,,,,,0,,
sensor_combined,2026-08-07T15:00:32.365+08:00,134.919,28.132131999882404,8.954,1171391610,1667,0,active,1.82,,,,,0,,
sensor_combined,2026-08-07T15:00:32.394+08:00,134.949,29.410791000145764,27.005,1171418615,1667,0,active,1.82,,,,,0,,
sensor_combined,2026-08-07T15:00:32.423+08:00,134.978,28.96353400001317,13.503,1171432118,1667,0,active,1.82,,,,,0,,
sensor_combined,2026-08-07T15:00:32.452+08:00,135.006,28.705293999792048,9.002,1171441120,1667,0,active,1.82,,,,,0,,
sensor_combined,2026-08-07T15:00:32.481+08:00,135.036,29.84934300002351,9.049,1171450169,1667,0,active,1.82,,,,,0,,
sensor_combined,2026-08-07T15:00:32.510+08:00,135.065,28.419209000048795,31.459,1171481628,1667,0,active,1.82,,,,,0,,
sensor_combined,2026-08-07T15:00:32.539+08:00,135.094,29.15123799994035,9.002,1171490630,1667,0,active,1.82,,,,,0,,
failsafe_flags,2026-08-07T15:00:33.264+08:00,135.815,,,1172254695,1667,0,active,1.82,,,,,0,,"{'gcs_connection_lost': True, 'manual_control_signal_lost': True, 'offboard_control_signal_lost': True}"
sensor_combined,2026-08-07T15:00:33.295+08:00,135.848,754.2912180001622,1008.196,1172498826,1667,0,active,1.82,,,,,0,,
vehicle_status,2026-08-07T15:00:33.326+08:00,135.879,,,1172144300,1667,0,active,1.82,,,,,0,"{'arming_state': 1, 'nav_state': 4, 'failsafe': True}",
sensor_combined,2026-08-07T15:00:33.359+08:00,135.912,64.34311899988643,36.007,1172534833,1667,0,active,1.82,,,,,0,,
sensor_combined,2026-08-07T15:00:33.390+08:00,135.944,31.696778999958042,4.501,1172539334,1667,0,active,1.82,,,,,0,,
sensor_combined,2026-08-07T15:00:33.419+08:00,135.974,29.65501500011669,13.55,1172552884,1667,0,active,1.82,,,,,0,,
sensor_combined,2026-08-07T15:00:33.449+08:00,136.003,29.66848799997024,4.453,1172557337,1667,0,active,1.82,,,,,0,,
vehicle_status,2026-08-07T15:00:33.477+08:00,136.032,,,1172651087,1667,0,active,1.82,,,,,0,"{'arming_state': 1, 'nav_state': 4, 'failsafe': True}",
sensor_combined,2026-08-07T15:00:33.508+08:00,136.061,57.847889999948165,13.503,1172570840,1667,0,active,1.82,,,,,0,,
sensor_combined,2026-08-07T15:00:33.536+08:00,136.091,29.997843000046487,72.061,1172642901,1667,0,active,1.82,,,,,0,,
sensor_combined,2026-08-07T15:00:33.565+08:00,136.120,28.577564999977767,4.454,1172647355,1667,0,active,1.82,,,,,0,,
sensor_combined,2026-08-07T15:00:33.595+08:00,136.149,29.34607900010633,22.504,1172669859,1667,0,active,1.82,,,,,0,,
sensor_combined,2026-08-07T15:00:33.625+08:00,136.180,30.451564000031794,36.007,1172705866,1667,0,active,1.82,,,,,0,,
failsafe_flags,2026-08-07T15:00:33.654+08:00,136.208,,,1172805671,1667,0,active,1.82,,,,,0,,"{'gcs_connection_lost': True, 'manual_control_signal_lost': True, 'offboard_control_signal_lost': True}"
sensor_combined,2026-08-07T15:00:33.683+08:00,136.238,58.03338599980634,13.503,1172719369,1667,0,active,1.82,,,,,0,,
sensor_combined,2026-08-07T15:00:33.712+08:00,136.267,29.083262000085597,76.514,1172795883,1667,0,active,1.82,,,,,0,,
sensor_combined,2026-08-07T15:00:33.741+08:00,136.296,28.99531399998523,13.503,1172809386,1667,0,active,1.82,,,,,0,,
sensor_combined,2026-08-07T15:00:33.770+08:00,136.324,28.622019000067667,22.504,1172831890,1667,0,active,1.82,,,,,0,,
sensor_combined,2026-08-07T15:00:33.802+08:00,136.356,31.601758999840968,49.51,1172881400,1667,0,active,1.82,,,,,0,,
sensor_combined,2026-08-07T15:00:33.830+08:00,136.385,29.568731000154003,18.004,1172899404,1667,0,active,1.82,,,,,0,,
sensor_combined,2026-08-07T15:00:33.860+08:00,136.414,28.81167500004267,13.55,1172912954,1667,0,active,1.82,,,,,0,,
sensor_combined,2026-08-07T15:00:33.891+08:00,136.445,31.027957999867795,58.464,1172971418,1667,0,active,1.82,,,,,0,,
sensor_combined,2026-08-07T15:00:33.919+08:00,136.474,28.720910999936677,4.5,1172975918,1667,0,active,1.82,,,,,0,,
sensor_combined,2026-08-07T15:00:33.947+08:00,136.502,28.41757700002745,27.053,1173002971,1667,0,active,1.82,,,,,0,,
sensor_combined,2026-08-07T15:00:33.981+08:00,136.531,28.926313000056325,8.955,1173011926,1667,0,active,1.82,,,,,0,,
sensor_combined,2026-08-07T15:00:34.010+08:00,136.564,32.79445499993017,49.509,1173061435,1667,0,active,1.82,,,,,0,,
vehicle_status,2026-08-07T15:00:34.038+08:00,136.593,,,1173158088,1667,0,active,1.82,,,,,0,"{'arming_state': 1, 'nav_state': 4, 'failsafe': True}",
sensor_combined,2026-08-07T15:00:34.068+08:00,136.622,58.09861100010494,76.563,1173137998,1667,0,active,1.82,,,,,0,,
sensor_combined,2026-08-07T15:00:34.099+08:00,136.651,29.178345999980593,17.955,1173155953,1667,0,active,1.82,,,,,0,,
sensor_combined,2026-08-07T15:00:34.127+08:00,136.683,31.169735000048604,13.503,1173169456,1667,0,active,1.82,,,,,0,,
sensor_combined,2026-08-07T15:00:34.157+08:00,136.712,29.21895899999072,22.505,1173191961,1667,0,active,1.82,,,,,0,,
sensor_combined,2026-08-07T15:00:34.186+08:00,136.741,28.788055999939388,49.509,1173241470,1667,0,active,1.82,,,,,0,,
sensor_combined,2026-08-07T15:00:34.214+08:00,136.769,28.516629000023386,18.004,1173259474,1667,0,active,1.82,,,,,0,,
sensor_combined,2026-08-07T15:00:34.244+08:00,136.798,29.094430999975884,9.001,1173268475,1667,0,active,1.82,,,,,0,,
sensor_combined,2026-08-07T15:00:34.273+08:00,136.828,29.342815000063638,58.512,1173326987,1667,0,active,1.82,,,,,0,,
sensor_combined,2026-08-07T15:00:34.301+08:00,136.856,28.518357999928412,36.055,1173363042,1667,0,active,1.82,,,,,0,,
sensor_combined,2026-08-07T15:00:34.330+08:00,136.885,28.551545000027545,8.954,1173371996,1667,0,active,1.76,,,,,0,,
sensor_combined,2026-08-07T15:00:34.359+08:00,136.914,28.955726000049253,18.003,1173389999,1667,0,active,1.76,,,,,0,,
sensor_combined,2026-08-07T15:00:34.388+08:00,136.942,28.677097999889156,9.002,1173399001,1667,0,active,1.76,,,,,0,,
sensor_combined,2026-08-07T15:00:34.416+08:00,136.971,28.71348600001511,22.504,1173421505,1667,0,active,1.76,,,,,0,,
sensor_combined,2026-08-07T15:00:34.445+08:00,136.999,28.278743000100803,9.05,1173430555,1667,0,active,1.76,,,,,0,,
sensor_combined,2026-08-07T15:00:34.474+08:00,137.029,29.49665799997092,22.505,1173453060,1667,0,active,1.76,,,,,0,,
sensor_combined,2026-08-07T15:00:34.503+08:00,137.058,29.00091500009694,8.953,1173462013,1667,0,active,1.76,,,,,0,,
sensor_combined,2026-08-07T15:00:34.531+08:00,137.086,28.702988999839363,27.006,1173489019,1667,0,active,1.76,,,,,0,,
sensor_combined,2026-08-07T15:00:34.561+08:00,137.115,28.394374000072276,9.049,1173498068,1667,0,active,1.76,,,,,0,,
failsafe_flags,2026-08-07T15:00:35.273+08:00,137.824,,,1174425239,1667,0,active,1.76,,,,,0,,"{'gcs_connection_lost': True, 'manual_control_signal_lost': True, 'offboard_control_signal_lost': True}"
sensor_combined,2026-08-07T15:00:35.307+08:00,137.859,744.034966000072,1008.149,1174506217,1667,0,active,1.76,,,,,0,,
vehicle_status,2026-08-07T15:00:35.340+08:00,137.891,,,1174172083,1667,0,active,1.76,,,,,0,"{'arming_state': 1, 'nav_state': 4, 'failsafe': True}",
sensor_combined,2026-08-07T15:00:35.375+08:00,137.926,67.09473399996568,40.508,1174546725,1667,0,active,1.76,,,,,0,,
sensor_combined,2026-08-07T15:00:35.406+08:00,137.960,33.61286399990604,4.501,1174551226,1667,0,active,1.76,,,,,0,,
sensor_combined,2026-08-07T15:00:35.438+08:00,137.991,31.006003000129567,4.548,1174555774,1667,0,active,1.76,,,,,0,,
sensor_combined,2026-08-07T15:00:35.469+08:00,138.023,31.934568999986368,8.956,1174564730,1667,0,active,1.76,,,,,0,,
vehicle_status,2026-08-07T15:00:35.498+08:00,138.052,,,1174678432,1667,0,active,1.76,,,,,0,"{'arming_state': 1, 'nav_state': 4, 'failsafe': True}",
sensor_combined,2026-08-07T15:00:35.527+08:00,138.082,59.423898999966696,13.548,1174578278,1667,0,active,1.76,,,,,0,,
sensor_combined,2026-08-07T15:00:35.557+08:00,138.111,29.091774999869813,40.461,1174618739,1667,0,active,1.76,,,,,0,,
sensor_combined,2026-08-07T15:00:35.586+08:00,138.141,29.65719100006936,9.001,1174627740,1667,0,active,1.76,,,,,0,,
sensor_combined,2026-08-07T15:00:35.615+08:00,138.170,29.54552899996088,9.002,1174636742,1667,0,active,1.76,,,,,0,,
sensor_combined,2026-08-07T15:00:35.644+08:00,138.199,28.78911200014045,72.014,1174708756,1667,0,active,1.76,,,,,0,,
sensor_combined,2026-08-07T15:00:35.674+08:00,138.228,29.328283999802807,27.053,1174735809,1667,0,active,1.76,,,,,0,,
sensor_combined,2026-08-07T15:00:35.706+08:00,138.258,29.44298800002798,8.954,1174744763,1667,0,active,1.76,,,,,0,,
sensor_combined,2026-08-07T15:00:35.735+08:00,138.290,31.774261000009574,22.505,1174767268,1667,0,active,1.76,,,,,0,,
sensor_combined,2026-08-07T15:00:35.765+08:00,138.319,29.32006000014553,31.506,1174798774,1667,0,active,1.76,,,,,0,,
sensor_combined,2026-08-07T15:00:35.795+08:00,138.349,29.590173999849867,9.002,1174807776,1667,0,active,1.76,,,,,0,,
sensor_combined,2026-08-07T15:00:35.824+08:00,138.379,30.23188800011667,67.513,1174875289,1667,0,active,1.76,,,,,0,,
sensor_combined,2026-08-07T15:00:35.852+08:00,138.407,28.466094999885172,22.504,1174897793,1667,0,active,1.76,,,,,0,,
sensor_combined,2026-08-07T15:00:35.882+08:00,138.436,28.893701000015426,27.005,1174924798,1667,0,active,1.76,,,,,0,,
sensor_combined,2026-08-07T15:00:35.911+08:00,138.466,29.695372000105635,72.014,1174996812,1667,0,active,1.76,,,,,0,,
sensor_combined,2026-08-07T15:00:35.939+08:00,138.494,28.416328000048452,9.05,1175005862,1667,0,active,1.76,,,,,0,,
sensor_combined,2026-08-07T15:00:35.969+08:00,138.523,28.687851999848135,8.954,1175014816,1667,0,active,1.76,,,,,0,,
sensor_combined,2026-08-07T15:00:35.998+08:00,138.553,29.716686000028858,72.014,1175086830,1667,0,active,1.76,,,,,0,,
sensor_combined,2026-08-07T15:00:36.027+08:00,138.582,29.014708999966388,9.049,1175095879,1667,0,active,1.76,,,,,0,,
sensor_combined,2026-08-07T15:00:36.057+08:00,138.610,28.86528199996974,31.459,1175127338,1667,0,active,1.76,,,,,0,,
sensor_combined,2026-08-07T15:00:36.085+08:00,138.640,29.70158000016454,58.559,1175185897,1667,0,active,1.76,,,,,0,,
sensor_combined,2026-08-07T15:00:36.114+08:00,138.669,28.538776000004873,8.954,1175194851,1667,0,active,1.76,,,,,0,,
sensor_combined,2026-08-07T15:00:36.144+08:00,138.698,29.095742999970753,13.55,1175208401,1667,0,active,1.76,,,,,0,,
sensor_combined,2026-08-07T15:00:36.173+08:00,138.728,29.808570999875883,17.956,1175226357,1667,0,active,1.76,,,,,0,,
sensor_combined,2026-08-07T15:00:36.202+08:00,138.757,29.064667000056943,31.506,1175257863,1667,0,active,1.76,,,,,0,,
sensor_combined,2026-08-07T15:00:36.232+08:00,138.786,28.800888999967356,9.002,1175266865,1667,0,active,1.76,,,,,0,,
sensor_combined,2026-08-07T15:00:36.262+08:00,138.816,30.673353000111092,58.512,1175325377,1667,0,active,1.76,,,,,0,,
sensor_combined,2026-08-07T15:00:36.291+08:00,138.846,29.919687999836242,31.506,1175356883,1667,0,active,1.76,,,,,0,,
sensor_combined,2026-08-07T15:00:36.320+08:00,138.875,29.176170000027923,31.554,1175388437,1667,0,active,1.76,,,,,0,,
sensor_combined,2026-08-07T15:00:36.349+08:00,138.904,28.698188000134905,8.953,1175397390,1667,0,active,1.76,,,,,0,,
sensor_combined,2026-08-07T15:00:36.379+08:00,138.934,29.887107999911677,49.51,1175446900,1667,0,active,1.76,,,,,0,,
failsafe_flags,2026-08-07T15:00:36.407+08:00,138.962,,,1175525213,1667,0,active,1.76,,,,,0,,"{'gcs_connection_lost': True, 'manual_control_signal_lost': True, 'offboard_control_signal_lost': True}"
sensor_combined,2026-08-07T15:00:36.437+08:00,138.991,57.576304000122036,9.049,1175455949,1667,0,active,1.76,,,,,0,,
sensor_combined,2026-08-07T15:00:36.467+08:00,139.021,29.751539000017146,94.471,1175550420,1667,0,active,1.76,,,,,0,,
sensor_combined,2026-08-07T15:00:36.495+08:00,139.050,29.14765399987118,4.501,1175554921,1667,0,active,1.76,,,,,0,,
sensor_combined,2026-08-07T15:00:36.524+08:00,139.079,28.625922999935938,9.002,1175563923,1667,0,active,1.76,,,,,0,,
sensor_combined,2026-08-07T15:00:36.553+08:00,139.108,28.93783500007885,49.561,1175613484,1667,0,active,1.76,,,,,0,,
sensor_combined,2026-08-07T15:00:36.582+08:00,139.137,28.66714500009948,8.95,1175622434,1667,0,active,1.76,,,,,0,,
sensor_combined,2026-08-07T15:00:36.612+08:00,139.166,28.994449999800054,18.004,1175640438,1667,0,active,1.76,,,,,0,,
sensor_combined,2026-08-07T15:00:36.641+08:00,139.195,29.814331000125094,81.016,1175721454,1667,0,active,1.76,,,,,0,,
sensor_combined,2026-08-07T15:00:36.671+08:00,139.225,29.56985099990561,22.504,1175743958,1667,0,active,1.76,,,,,0,,
sensor_combined,2026-08-07T15:00:36.702+08:00,139.256,30.72059100009028,9.002,1175752960,1667,0,active,1.76,,,,,0,,
sensor_combined,2026-08-07T15:00:36.733+08:00,139.287,31.6678789999969,58.511,1175811471,1667,0,active,1.76,,,,,0,,
sensor_combined,2026-08-07T15:00:36.763+08:00,139.317,29.375171000083355,31.508,1175842979,1667,0,active,1.76,,,,,0,,
sensor_combined,2026-08-07T15:00:36.795+08:00,139.348,31.210156999804894,9.0,1175851979,1667,0,active,1.76,,,,,0,,
sensor_combined,2026-08-07T15:00:36.824+08:00,139.379,31.097406000071715,63.013,1175914992,1667,0,active,1.76,,,,,0,,
sensor_combined,2026-08-07T15:00:36.853+08:00,139.408,29.083485999990444,9.001,1175923993,1667,0,active,1.76,,,,,0,,
sensor_combined,2026-08-07T15:00:36.882+08:00,139.437,29.095678999965457,18.004,1175941997,1667,0,active,1.76,,,,,0,,
sensor_combined,2026-08-07T15:00:36.911+08:00,139.466,28.96916700001384,40.508,1175982505,1667,0,active,1.76,,,,,0,,
failsafe_flags,2026-08-07T15:00:36.940+08:00,139.494,,,1176075253,1667,0,active,1.76,,,,,0,,"{'gcs_connection_lost': True, 'manual_control_signal_lost': True, 'offboard_control_signal_lost': True}"
sensor_combined,2026-08-07T15:00:36.969+08:00,139.524,57.841714000005595,22.504,1176005009,1667,0,active,1.76,,,,,0,,
sensor_combined,2026-08-07T15:00:36.998+08:00,139.553,28.743858000098044,67.513,1176072522,1667,0,active,1.76,,,,,0,,
vehicle_status,2026-08-07T15:00:37.028+08:00,139.582,,,1176196086,1667,0,active,1.76,,,,,0,"{'arming_state': 1, 'nav_state': 4, 'failsafe': True}",
sensor_combined,2026-08-07T15:00:37.058+08:00,139.612,59.12206899984085,9.002,1176081524,1667,0,active,1.76,,,,,0,,
sensor_combined,2026-08-07T15:00:37.087+08:00,139.642,29.6698650001872,81.016,1176162540,1667,0,active,1.76,,,,,0,,
sensor_combined,2026-08-07T15:00:37.116+08:00,139.671,29.04379999995399,9.002,1176171542,1667,0,active,1.76,,,,,0,,
sensor_combined,2026-08-07T15:00:37.146+08:00,139.700,29.156999999941036,31.506,1176203048,1667,0,active,1.76,,,,,0,,
sensor_combined,2026-08-07T15:00:37.176+08:00,139.730,30.115873000113424,72.014,1176275062,1667,0,active,1.76,,,,,0,,
sensor_combined,2026-08-07T15:00:37.204+08:00,139.760,29.77358899988758,9.002,1176284064,1667,0,active,1.76,,,,,0,,
sensor_combined,2026-08-07T15:00:37.233+08:00,139.788,28.434187000129896,18.003,1176302067,1667,0,active,1.76,,,,,0,,
sensor_combined,2026-08-07T15:00:37.264+08:00,139.818,29.50120299988157,40.508,1176342575,1667,0,active,1.76,,,,,0,,
sensor_combined,2026-08-07T15:00:37.292+08:00,139.848,30.002867000121114,31.506,1176374081,1667,0,active,1.76,,,,,0,,
sensor_combined,2026-08-07T15:00:37.321+08:00,139.876,28.59833599995909,9.002,1176383083,1667,0,active,1.76,,,,,0,,
sensor_combined,2026-08-07T15:00:37.349+08:00,139.904,28.178057999866724,9.002,1176392085,1667,0,active,1.76,,,,,0,,
sensor_combined,2026-08-07T15:00:37.379+08:00,139.933,28.531223000072714,9.049,1176401134,1667,0,active,1.76,,,,,0,,
sensor_combined,2026-08-07T15:00:37.407+08:00,139.962,29.403463000107877,71.967,1176473101,1667,0,active,1.76,,,,,0,,
sensor_combined,2026-08-07T15:00:37.436+08:00,139.991,28.48529699986102,18.051,1176491152,1667,0,active,1.76,,,,,0,,
sensor_combined,2026-08-07T15:00:37.465+08:00,140.019,28.503539999974237,13.455,1176504607,1667,0,active,1.76,,,,,0,,
sensor_combined,2026-08-07T15:00:37.494+08:00,140.048,29.04844099998627,63.012,1176567619,1667,0,active,1.76,,,,,0,,
failsafe_flags,2026-08-07T15:00:37.522+08:00,140.076,,,1176625213,1667,0,active,1.76,,,,,0,,"{'gcs_connection_lost': True, 'manual_control_signal_lost': True, 'offboard_control_signal_lost': True}"
sensor_combined,2026-08-07T15:00:37.552+08:00,140.106,57.57431999995788,4.501,1176572120,1667,0,active,1.76,,,,,0,,
sensor_combined,2026-08-07T15:00:37.581+08:00,140.136,29.842590000043856,49.509,1176621629,1667,0,active,1.76,,,,,0,,
sensor_combined,2026-08-07T15:00:37.609+08:00,140.165,28.823356999964744,13.503,1176635132,1667,0,active,1.76,,,,,0,,
sensor_combined,2026-08-07T15:00:37.638+08:00,140.193,28.69265100002849,27.005,1176662137,1667,0,active,1.76,,,,,0,,
sensor_combined,2026-08-07T15:00:37.668+08:00,140.222,28.88573300015196,72.014,1176734151,1667,0,active,1.76,,,,,0,,
sensor_combined,2026-08-07T15:00:37.697+08:00,140.252,29.476655999815193,9.002,1176743153,1667,0,active,1.76,,,,,0,,
sensor_combined,2026-08-07T15:00:37.727+08:00,140.281,29.32281200014586,18.051,1176761204,1667,0,active,1.76,,,,,0,,
sensor_combined,2026-08-07T15:00:37.755+08:00,140.310,29.443146999938108,58.464,1176819668,1667,0,active,1.76,,,,,0,,
sensor_combined,2026-08-07T15:00:37.785+08:00,140.340,29.37974800011034,13.503,1176833171,1667,0,active,1.76,,,,,0,,
sensor_combined,2026-08-07T15:00:37.814+08:00,140.369,28.86697799999638,31.506,1176864677,1667,0,active,1.76,,,,,0,,
sensor_combined,2026-08-07T15:00:37.842+08:00,140.398,28.992754000000787,58.511,1176923188,1667,0,active,1.76,,,,,0,,
sensor_combined,2026-08-07T15:00:37.872+08:00,140.426,28.48542499987161,9.002,1176932190,1667,0,active,1.76,,,,,0,,
sensor_combined,2026-08-07T15:00:37.901+08:00,140.456,29.529495000133466,22.505,1176954695,1667,0,active,1.76,,,,,0,,
sensor_combined,2026-08-07T15:00:37.930+08:00,140.485,28.92244099984964,49.509,1177004204,1667,0,active,1.76,,,,,0,,
sensor_combined,2026-08-07T15:00:37.958+08:00,140.513,28.586750000158645,18.004,1177022208,1667,0,active,1.76,,,,,0,,
sensor_combined,2026-08-07T15:00:37.987+08:00,140.542,28.804121999883137,9.049,1177031257,1667,0,active,1.76,,,,,0,,
sensor_combined,2026-08-07T15:00:38.017+08:00,140.571,29.191083000114304,90.018,1177121275,1667,0,active,1.76,,,,,0,,
sensor_combined,2026-08-07T15:00:38.046+08:00,140.601,29.777205999835132,13.455,1177134730,1667,0,active,1.76,,,,,0,,
sensor_combined,2026-08-07T15:00:38.077+08:00,140.630,28.829950000044846,18.003,1177152733,1667,0,active,1.76,,,,,0,,
sensor_combined,2026-08-07T15:00:38.106+08:00,140.661,31.256818999963798,40.508,1177193241,1667,0,active,1.76,,,,,0,,
sensor_combined,2026-08-07T15:00:38.135+08:00,140.690,29.004499000166106,9.002,1177202243,1667,0,active,1.76,,,,,0,,
sensor_combined,2026-08-07T15:00:38.165+08:00,140.719,28.917256999875462,9.049,1177211292,1667,0,active,1.76,,,,,0,,
sensor_combined,2026-08-07T15:00:38.195+08:00,140.749,30.43152899999768,40.461,1177251753,1667,0,active,1.76,,,,,0,,
sensor_combined,2026-08-07T15:00:38.223+08:00,140.778,28.890436999972735,9.001,1177260754,1667,0,active,1.76,,,,,0,,
sensor_combined,2026-08-07T15:00:38.253+08:00,140.806,28.178122000099393,22.505,1177283259,1667,0,active,1.76,,,,,0,,
sensor_combined,2026-08-07T15:00:38.283+08:00,140.838,31.088638000028368,99.019,1177382278,1667,0,active,1.76,,,,,0,,
sensor_combined,2026-08-07T15:00:38.312+08:00,140.867,29.262163999874247,9.049,1177391327,1667,0,active,1.76,,,,,0,,
sensor_combined,2026-08-07T15:00:38.343+08:00,140.896,29.192235999971672,22.505,1177413832,1667,0,active,1.76,,,,,0,,
sensor_combined,2026-08-07T15:00:38.373+08:00,140.927,30.643332000181545,8.954,1177422786,1667,0,active,1.76,,,,,0,,
sensor_combined,2026-08-07T15:00:38.401+08:00,140.957,29.910887999903935,18.003,1177440789,1667,0,active,1.76,,,,,0,,
sensor_combined,2026-08-07T15:00:38.430+08:00,140.985,28.24145799991129,13.503,1177454292,1667,0,active,1.76,,,,,0,,
sensor_combined,2026-08-07T15:00:38.459+08:00,141.014,29.486865000080797,9.002,1177463294,1667,0,active,1.76,,,,,0,,
sensor_combined,2026-08-07T15:00:38.489+08:00,141.043,28.871363000007477,9.002,1177472296,1667,0,active,1.76,,,,,0,,
sensor_combined,2026-08-07T15:00:38.518+08:00,141.073,29.808602000002793,9.049,1177481345,1667,0,active,1.76,,,,,0,,
sensor_combined,2026-08-07T15:00:38.547+08:00,141.102,28.731599999900936,31.458,1177512803,1667,0,active,1.76,,,,,0,,
sensor_combined,2026-08-07T15:00:38.576+08:00,141.131,28.932139000062307,9.002,1177521805,1667,0,active,1.76,,,,,0,,
failsafe_flags,2026-08-07T15:00:39.292+08:00,141.845,,,1178257250,1667,0,active,1.76,,,,,0,,"{'gcs_connection_lost': True, 'manual_control_signal_lost': True, 'offboard_control_signal_lost': True}"
sensor_combined,2026-08-07T15:00:39.327+08:00,141.879,747.9720769999858,1003.696,1178525501,1667,0,active,1.7,,,,,0,,
vehicle_status,2026-08-07T15:00:39.357+08:00,141.911,,,1178224700,1667,0,active,1.7,,,,,0,"{'arming_state': 1, 'nav_state': 4, 'failsafe': True}",
sensor_combined,2026-08-07T15:00:39.390+08:00,141.943,64.57962900003622,40.509,1178566010,1667,0,active,1.7,,,,,0,,
sensor_combined,2026-08-07T15:00:39.420+08:00,141.974,30.9905770000114,4.5,1178570510,1667,0,active,1.7,,,,,0,,
sensor_combined,2026-08-07T15:00:39.451+08:00,142.004,29.80040900001768,4.501,1178575011,1667,0,active,1.7,,,,,0,,
sensor_combined,2026-08-07T15:00:39.481+08:00,142.034,30.549369000027582,13.503,1178588514,1667,0,active,1.7,,,,,0,,
sensor_combined,2026-08-07T15:00:39.510+08:00,142.065,30.016468999974677,9.001,1178597515,1667,0,active,1.7,,,,,0,,
sensor_combined,2026-08-07T15:00:39.539+08:00,142.094,29.014739999865924,18.004,1178615519,1667,0,active,1.7,,,,,0,,
sensor_combined,2026-08-07T15:00:39.568+08:00,142.123,28.987666000148238,31.506,1178647025,1667,0,active,1.7,,,,,0,,
sensor_combined,2026-08-07T15:00:39.597+08:00,142.152,29.859808999844972,9.002,1178656027,1667,0,active,1.7,,,,,0,,
sensor_combined,2026-08-07T15:00:39.627+08:00,142.181,28.845183000157704,9.002,1178665029,1667,0,active,1.7,,,,,0,,
sensor_combined,2026-08-07T15:00:39.658+08:00,142.210,29.25102699987292,81.018,1178746047,1667,0,active,1.7,,,,,0,,
failsafe_flags,2026-08-07T15:00:39.688+08:00,142.242,,,1178808231,1667,0,active,1.7,,,,,0,,"{'gcs_connection_lost': True, 'manual_control_signal_lost': True, 'offboard_control_signal_lost': True}"
sensor_combined,2026-08-07T15:00:39.719+08:00,142.272,61.36398700004975,8.999,1178755046,1667,0,active,1.7,,,,,0,,
sensor_combined,2026-08-07T15:00:39.749+08:00,142.303,31.484176000049047,103.52,1178858566,1667,0,active,1.7,,,,,0,,
sensor_combined,2026-08-07T15:00:39.778+08:00,142.333,29.70398100001148,9.002,1178867568,1667,0,active,1.7,,,,,0,,
sensor_combined,2026-08-07T15:00:39.807+08:00,142.362,29.048153000076127,9.05,1178876618,1667,0,active,1.7,,,,,0,,
sensor_combined,2026-08-07T15:00:39.837+08:00,142.392,29.431689999910304,40.46,1178917078,1667,0,active,1.7,,,,,0,,
sensor_combined,2026-08-07T15:00:39.866+08:00,142.420,28.905863000090903,4.549,1178921627,1667,0,active,1.7,,,,,0,,
sensor_combined,2026-08-07T15:00:39.896+08:00,142.450,29.545527999971455,8.954,1178930581,1667,0,active,1.7,,,,,0,,
sensor_combined,2026-08-07T15:00:39.925+08:00,142.480,30.08908599986171,54.01,1178984591,1667,0,active,1.7,,,,,0,,
sensor_combined,2026-08-07T15:00:39.953+08:00,142.508,28.324317000169685,22.505,1179007096,1667,0,active,1.7,,,,,0,,
sensor_combined,2026-08-07T15:00:39.982+08:00,142.536,28.007444999957443,9.001,1179016097,1667,0,active,1.7,,,,,0,,
sensor_combined,2026-08-07T15:00:40.010+08:00,142.565,29.05781799995566,49.51,1179065607,1667,0,active,1.7,,,,,0,,
sensor_combined,2026-08-07T15:00:40.038+08:00,142.593,27.990737999971316,9.002,1179074609,1667,0,active,1.7,,,,,0,,
sensor_combined,2026-08-07T15:00:40.068+08:00,142.622,28.801881999925172,22.504,1179097113,1667,0,active,1.7,,,,,0,,
sensor_combined,2026-08-07T15:00:40.098+08:00,142.652,29.427818000158368,9.002,1179106115,1667,0,active,1.7,,,,,0,,
sensor_combined,2026-08-07T15:00:40.126+08:00,142.681,29.6254739998858,58.511,1179164626,1667,0,active,1.7,,,,,0,,
sensor_combined,2026-08-07T15:00:40.156+08:00,142.711,29.736432999925455,13.503,1179178129,1667,0,active,1.7,,,,,0,,
sensor_combined,2026-08-07T15:00:40.187+08:00,142.741,30.023830000118323,90.018,1179268147,1667,0,active,1.7,,,,,0,,
sensor_combined,2026-08-07T15:00:40.216+08:00,142.771,29.912871000078667,9.001,1179277148,1667,0,active,1.7,,,,,0,,
sensor_combined,2026-08-07T15:00:40.245+08:00,142.800,29.539735999833283,18.004,1179295152,1667,0,active,1.7,,,,,0,,
sensor_combined,2026-08-07T15:00:40.276+08:00,142.829,28.792729000088002,40.508,1179335660,1667,0,active,1.7,,,,,0,,
sensor_combined,2026-08-07T15:00:40.305+08:00,142.860,30.94160999989981,9.002,1179344662,1667,0,active,1.7,,,,,0,,
sensor_combined,2026-08-07T15:00:40.334+08:00,142.889,28.35632100004659,54.01,1179398672,1667,0,active,1.7,,,,,0,,
sensor_combined,2026-08-07T15:00:40.363+08:00,142.917,28.8935420001053,9.002,1179407674,1667,0,active,1.7,,,,,0,,
sensor_combined,2026-08-07T15:00:40.393+08:00,142.948,30.220045999840295,13.503,1179421177,1667,0,active,1.7,,,,,0,,
sensor_combined,2026-08-07T15:00:40.423+08:00,142.977,29.364385999997467,54.01,1179475187,1667,0,active,1.7,,,,,0,,
sensor_combined,2026-08-07T15:00:40.451+08:00,143.006,29.10140800008776,22.505,1179497692,1667,0,active,1.7,,,,,0,,
sensor_combined,2026-08-07T15:00:40.485+08:00,143.035,28.72510399993189,9.049,1179506741,1667,0,active,1.7,,,,,0,,
sensor_combined,2026-08-07T15:00:40.514+08:00,143.068,33.52440399999068,94.471,1179601212,1667,0,active,1.7,,,,,0,,
sensor_combined,2026-08-07T15:00:40.543+08:00,143.098,29.208109000137483,13.502,1179614714,1667,0,active,1.7,,,,,0,,
sensor_combined,2026-08-07T15:00:40.573+08:00,143.127,29.03608799988433,4.549,1179619263,1667,0,active,1.7,,,,,0,,
sensor_combined,2026-08-07T15:00:40.601+08:00,143.157,29.911015000152474,53.963,1179673226,1667,0,active,1.7,,,,,0,,
vehicle_status,2026-08-07T15:00:40.628+08:00,143.184,,,1179745087,1667,0,active,1.7,,,,,0,"{'arming_state': 1, 'nav_state': 4, 'failsafe': True}",
sensor_combined,2026-08-07T15:00:40.658+08:00,143.212,55.58395399998517,9.002,1179682228,1667,0,active,1.7,,,,,0,,
sensor_combined,2026-08-07T15:00:40.688+08:00,143.243,30.436969999982466,72.061,1179754289,1667,0,active,1.7,,,,,0,,
sensor_combined,2026-08-07T15:00:40.718+08:00,143.272,29.418281000062052,26.958,1179781247,1667,0,active,1.7,,,,,0,,
sensor_combined,2026-08-07T15:00:40.749+08:00,143.301,28.993009999794594,9.002,1179790249,1667,0,active,1.7,,,,,0,,
sensor_combined,2026-08-07T15:00:40.778+08:00,143.332,31.20814099997915,63.012,1179853261,1667,0,active,1.7,,,,,0,,
sensor_combined,2026-08-07T15:00:40.806+08:00,143.361,29.101440000204093,31.506,1179884767,1667,0,active,1.7,,,,,0,,
sensor_combined,2026-08-07T15:00:40.836+08:00,143.390,28.747057999908066,9.002,1179893769,1667,0,active,1.7,,,,,0,,
sensor_combined,2026-08-07T15:00:40.866+08:00,143.420,30.384515999912765,40.556,1179934325,1667,0,active,1.7,,,,,0,,
sensor_combined,2026-08-07T15:00:40.895+08:00,143.450,29.428746000121464,8.954,1179943279,1667,0,active,1.7,,,,,0,,
sensor_combined,2026-08-07T15:00:40.926+08:00,143.479,28.745233999870834,9.001,1179952280,1667,0,active,1.7,,,,,0,,
sensor_combined,2026-08-07T15:00:40.955+08:00,143.510,31.01650000007794,67.514,1180019794,1667,0,active,1.7,,,,,0,,
sensor_combined,2026-08-07T15:00:40.985+08:00,143.539,29.07356500008973,22.504,1180042298,1667,0,active,1.7,,,,,0,,
sensor_combined,2026-08-07T15:00:41.015+08:00,143.569,30.324412000027223,9.002,1180051300,1667,0,active,1.7,,,,,0,,
sensor_combined,2026-08-07T15:00:41.045+08:00,143.599,30.056985999863173,72.014,1180123314,1667,0,active,1.7,,,,,0,,
vehicle_status,2026-08-07T15:00:41.073+08:00,143.628,,,1180251087,1667,0,active,1.7,,,,,0,"{'arming_state': 1, 'nav_state': 4, 'failsafe': True}",
sensor_combined,2026-08-07T15:00:41.103+08:00,143.657,57.927995999989434,9.002,1180132316,1667,0,active,1.7,,,,,0,,
sensor_combined,2026-08-07T15:00:41.132+08:00,143.687,30.043161000094187,58.511,1180190827,1667,0,active,1.7,,,,,0,,
sensor_combined,2026-08-07T15:00:41.161+08:00,143.716,28.56732300006115,13.55,1180204377,1667,0,active,1.7,,,,,0,,
sensor_combined,2026-08-07T15:00:41.193+08:00,143.745,29.578364999906626,8.954,1180213331,1667,0,active,1.7,,,,,0,,
sensor_combined,2026-08-07T15:00:41.223+08:00,143.776,31.053176999876086,99.02,1180312351,1667,0,active,1.7,,,,,0,,
sensor_combined,2026-08-07T15:00:41.252+08:00,143.806,30.107616000123016,18.003,1180330354,1667,0,active,1.7,,,,,0,,
sensor_combined,2026-08-07T15:00:41.282+08:00,143.836,29.347231999963697,13.503,1180343857,1667,0,active,1.7,,,,,0,,
sensor_combined,2026-08-07T15:00:41.313+08:00,143.866,30.75076999994053,58.512,1180402369,1667,0,active,1.7,,,,,0,,
failsafe_flags,2026-08-07T15:00:41.342+08:00,143.896,,,1180449252,1667,0,active,1.7,,,,,0,,"{'gcs_connection_lost': True, 'manual_control_signal_lost': True, 'offboard_control_signal_lost': True}"
sensor_combined,2026-08-07T15:00:41.371+08:00,143.926,59.873429000163014,9.001,1180411370,1667,0,active,1.7,,,,,0,,
sensor_combined,2026-08-07T15:00:41.401+08:00,143.955,28.56383499988624,22.505,1180433875,1667,0,active,1.7,,,,,0,,
sensor_combined,2026-08-07T15:00:41.431+08:00,143.985,29.88096400008544,49.509,1180483384,1667,0,active,1.7,,,,,0,,
sensor_combined,2026-08-07T15:00:41.459+08:00,144.014,29.488432999869474,18.004,1180501388,1667,0,active,1.7,,,,,0,,
sensor_combined,2026-08-07T15:00:41.488+08:00,144.043,28.82438100004947,9.002,1180510390,1667,0,active,1.7,,,,,0,,
sensor_combined,2026-08-07T15:00:41.517+08:00,144.072,28.98571300011099,81.016,1180591406,1667,0,active,1.7,,,,,0,,
sensor_combined,2026-08-07T15:00:41.546+08:00,144.101,28.869249999843305,9.002,1180600408,1667,0,active,1.7,,,,,0,,
sensor_combined,2026-08-07T15:00:41.575+08:00,144.130,28.777943000022788,9.049,1180609457,1667,0,active,1.7,,,,,0,,
sensor_combined,2026-08-07T15:00:41.604+08:00,144.159,29.374595000035697,71.967,1180681424,1667,0,active,1.7,,,,,0,,
sensor_combined,2026-08-07T15:00:41.633+08:00,144.188,28.788728000108676,9.001,1180690425,1667,0,active,1.7,,,,,0,,
sensor_combined,2026-08-07T15:00:41.662+08:00,144.217,28.958221999801026,22.505,1180712930,1667,0,active,1.7,,,,,0,,
sensor_combined,2026-08-07T15:00:41.691+08:00,144.246,29.075644000158718,67.513,1180780443,1667,0,active,1.7,,,,,0,,
sensor_combined,2026-08-07T15:00:41.719+08:00,144.274,28.51368500000717,9.049,1180789492,1667,0,active,1.7,,,,,0,,
sensor_combined,2026-08-07T15:00:41.748+08:00,144.302,27.894373999970412,8.954,1180798446,1667,0,active,1.7,,,,,0,,
sensor_combined,2026-08-07T15:00:41.777+08:00,144.331,29.041111999958957,45.009,1180843455,1667,0,active,1.7,,,,,0,,
sensor_combined,2026-08-07T15:00:41.805+08:00,144.360,29.078077000121993,9.002,1180852457,1667,0,active,1.7,,,,,0,,
sensor_combined,2026-08-07T15:00:41.835+08:00,144.389,28.614369999786504,27.053,1180879510,1667,0,active,1.7,,,,,0,,
sensor_combined,2026-08-07T15:00:41.864+08:00,144.419,30.12790700017831,40.46,1180919970,1667,0,active,1.7,,,,,0,,
sensor_combined,2026-08-07T15:00:41.893+08:00,144.448,28.772213999900487,22.504,1180942474,1667,0,active,1.7,,,,,0,,
sensor_combined,2026-08-07T15:00:41.923+08:00,144.477,28.697293000050195,9.002,1180951476,1667,0,active,1.7,,,,,0,,
sensor_combined,2026-08-07T15:00:41.951+08:00,144.506,29.753202999927453,72.014,1181023490,1667,0,active,1.7,,,,,0,,
sensor_combined,2026-08-07T15:00:41.980+08:00,144.535,28.444331999935457,18.004,1181041494,1667,0,active,1.7,,,,,0,,
sensor_combined,2026-08-07T15:00:42.010+08:00,144.564,29.392581000138307,9.002,1181050496,1667,0,active,1.7,,,,,0,,
sensor_combined,2026-08-07T15:00:42.038+08:00,144.594,29.233553000040047,72.014,1181122510,1667,0,active,1.7,,,,,0,,
sensor_combined,2026-08-07T15:00:42.067+08:00,144.622,28.554362000022593,18.003,1181140513,1667,0,active,1.7,,,,,0,,
sensor_combined,2026-08-07T15:00:42.098+08:00,144.651,28.86054499981583,9.05,1181149563,1667,0,active,1.7,,,,,0,,
sensor_combined,2026-08-07T15:00:42.127+08:00,144.682,31.05724200008808,53.962,1181203525,1667,0,active,1.7,,,,,0,,
sensor_combined,2026-08-07T15:00:42.156+08:00,144.711,29.024085999935778,9.002,1181212527,1667,0,active,1.7,,,,,0,,
sensor_combined,2026-08-07T15:00:42.185+08:00,144.739,28.30460200016205,27.053,1181239580,1667,0,active,1.7,,,,,0,,
sensor_combined,2026-08-07T15:00:42.214+08:00,144.769,29.871457999888662,40.461,1181280041,1667,0,active,1.7,,,,,0,,
sensor_combined,2026-08-07T15:00:42.242+08:00,144.797,28.11843500012401,22.504,1181302545,1667,0,active,1.7,,,,,0,,
sensor_combined,2026-08-07T15:00:42.271+08:00,144.826,28.245586999901207,9.002,1181311547,1667,0,active,1.7,,,,,0,,
sensor_combined,2026-08-07T15:00:42.300+08:00,144.854,28.954828999985693,72.014,1181383561,1667,0,active,1.7,,,,,0,,
sensor_combined,2026-08-07T15:00:42.328+08:00,144.883,28.85020799999438,18.003,1181401564,1667,0,active,1.7,,,,,0,,
sensor_combined,2026-08-07T15:00:42.356+08:00,144.911,28.078396999944744,9.002,1181410566,1667,0,active,1.7,,,,,0,,
sensor_combined,2026-08-07T15:00:42.385+08:00,144.939,27.92753000017001,27.005,1181437571,1667,0,active,1.7,,,,,0,,
sensor_combined,2026-08-07T15:00:42.413+08:00,144.969,29.252723999888985,13.503,1181451074,1667,0,active,1.7,,,,,0,,
sensor_combined,2026-08-07T15:00:42.442+08:00,144.997,28.710285999977714,9.002,1181460076,1667,0,active,1.7,,,,,0,,
sensor_combined,2026-08-07T15:00:42.471+08:00,145.026,28.558939000049577,13.502,1181473578,1667,0,active,1.7,,,,,0,,
sensor_combined,2026-08-07T15:00:42.501+08:00,145.056,29.65485400000034,27.006,1181500584,1667,0,active,1.7,,,,,0,,
sensor_combined,2026-08-07T15:00:42.529+08:00,145.084,28.852447999952346,9.049,1181509633,1667,0,active,1.7,,,,,0,,
sensor_combined,2026-08-07T15:00:42.557+08:00,145.113,28.547578000143403,22.504,1181532137,1667,0,active,1.7,,,,,0,,
sensor_combined,2026-08-07T15:00:42.587+08:00,145.141,28.397765999898184,8.955,1181541092,1667,0,active,1.7,,,,,0,,
failsafe_flags,2026-08-07T15:00:43.312+08:00,145.865,,,1182100283,1667,0,active,1.7,,,,,0,,"{'gcs_connection_lost': True, 'manual_control_signal_lost': True, 'offboard_control_signal_lost': True}"
sensor_combined,2026-08-07T15:00:43.343+08:00,145.897,755.2484939999431,1003.744,1182544836,1667,0,active,1.7,,,,,0,,
vehicle_status,2026-08-07T15:00:43.374+08:00,145.927,,,1182277102,1667,0,active,1.7,,,,,0,"{'arming_state': 1, 'nav_state': 4, 'failsafe': True}",
sensor_combined,2026-08-07T15:00:43.405+08:00,145.959,62.4459170001046,40.46,1182585296,1667,0,active,1.7,,,,,0,,
sensor_combined,2026-08-07T15:00:43.433+08:00,145.988,29.484208999974726,4.549,1182589845,1667,0,active,1.7,,,,,0,,
sensor_combined,2026-08-07T15:00:43.463+08:00,146.017,28.55557799989583,8.954,1182598799,1667,0,active,1.7,,,,,0,,
sensor_combined,2026-08-07T15:00:43.494+08:00,146.047,29.432010000164155,9.002,1182607801,1667,0,active,1.7,,,,,0,,
sensor_combined,2026-08-07T15:00:43.523+08:00,146.078,31.1392999999498,9.002,1182616803,1667,0,active,1.7,,,,,0,,
failsafe_flags,2026-08-07T15:00:43.550+08:00,146.105,,,1182640343,1667,0,active,1.7,,,,,0,,"{'gcs_connection_lost': True, 'manual_control_signal_lost': True, 'offboard_control_signal_lost': True}"
sensor_combined,2026-08-07T15:00:43.581+08:00,146.134,56.41913299996304,18.05,1182634853,1667,0,active,1.7,,,,,0,,
sensor_combined,2026-08-07T15:00:43.609+08:00,146.164,30.10476800000106,13.456,1182648309,1667,0,active,1.7,,,,,0,,
sensor_combined,2026-08-07T15:00:43.638+08:00,146.193,28.833788999918397,27.005,1182675314,1667,0,active,1.7,,,,,0,,
sensor_combined,2026-08-07T15:00:43.670+08:00,146.221,28.35580900000423,13.505,1182688819,1667,0,active,1.7,,,,,0,,
sensor_combined,2026-08-07T15:00:43.698+08:00,146.253,31.902021000178138,58.557,1182747376,1667,0,active,1.7,,,,,0,,
sensor_combined,2026-08-07T15:00:43.727+08:00,146.282,28.31945299999461,8.954,1182756330,1667,0,active,1.7,,,,,0,,
sensor_combined,2026-08-07T15:00:43.756+08:00,146.310,28.47294299999703,22.504,1182778834,1667,0,active,1.7,,,,,0,,
sensor_combined,2026-08-07T15:00:43.784+08:00,146.339,29.01893399985056,67.513,1182846347,1667,0,active,1.7,,,,,0,,
sensor_combined,2026-08-07T15:00:43.812+08:00,146.368,28.63680500013288,31.507,1182877854,1667,0,active,1.7,,,,,0,,
sensor_combined,2026-08-07T15:00:43.842+08:00,146.396,27.878116000010777,4.548,1182882402,1667,0,active,1.7,,,,,0,,
sensor_combined,2026-08-07T15:00:43.871+08:00,146.426,30.433640999945055,53.963,1182936365,1667,0,active,1.7,,,,,0,,
sensor_combined,2026-08-07T15:00:43.901+08:00,146.455,29.17393000006996,9.002,1182945367,1667,0,active,1.7,,,,,0,,
sensor_combined,2026-08-07T15:00:43.930+08:00,146.484,29.261619999942923,22.504,1182967871,1667,0,active,1.7,,,,,0,,
sensor_combined,2026-08-07T15:00:43.959+08:00,146.514,29.20410899992021,49.56,1183017431,1667,0,active,1.7,,,,,0,,
sensor_combined,2026-08-07T15:00:43.987+08:00,146.542,28.59638400013864,17.953,1183035384,1667,0,active,1.7,,,,,0,,
sensor_combined,2026-08-07T15:00:44.016+08:00,146.571,28.6268189997827,13.503,1183048887,1667,0,active,1.7,,,,,0,,
sensor_combined,2026-08-07T15:00:44.045+08:00,146.600,28.80415399999947,58.559,1183107446,1667,0,active,1.7,,,,,0,,
sensor_combined,2026-08-07T15:00:44.075+08:00,146.629,29.31058700005451,31.459,1183138905,1667,0,active,1.7,,,,,0,,
sensor_combined,2026-08-07T15:00:44.104+08:00,146.659,29.904966000003697,9.002,1183147907,1667,0,active,1.7,,,,,0,,
sensor_combined,2026-08-07T15:00:44.132+08:00,146.688,28.805243000078917,58.511,1183206418,1667,0,active,1.7,,,,,0,,
sensor_combined,2026-08-07T15:00:44.161+08:00,146.716,28.136003999861714,22.505,1183228923,1667,0,active,1.7,,,,,0,,
sensor_combined,2026-08-07T15:00:44.190+08:00,146.744,28.36179400014771,9.001,1183237924,1667,0,active,1.7,,,,,0,,
sensor_combined,2026-08-07T15:00:44.219+08:00,146.774,29.91565599995738,49.558,1183287482,1667,0,active,1.7,,,,,0,,
sensor_combined,2026-08-07T15:00:44.248+08:00,146.803,28.89411699993616,8.953,1183296435,1667,0,active,1.7,,,,,0,,
sensor_combined,2026-08-07T15:00:44.279+08:00,146.832,28.634692999958133,9.002,1183305437,1667,0,active,1.7,,,,,0,,
sensor_combined,2026-08-07T15:00:44.307+08:00,146.862,30.759155000168903,63.013,1183368450,1667,0,active,1.7,,,,,0,,
sensor_combined,2026-08-07T15:00:44.336+08:00,146.891,28.194476999942708,40.508,1183408958,1667,0,active,1.64,,,,,0,,
sensor_combined,2026-08-07T15:00:44.365+08:00,146.920,29.113665000068067,18.003,1183426961,1667,0,active,1.64,,,,,0,,
sensor_combined,2026-08-07T15:00:44.396+08:00,146.949,29.581532999827687,9.002,1183435963,1667,0,active,1.64,,,,,0,,
sensor_combined,2026-08-07T15:00:44.425+08:00,146.979,29.94874800015168,63.013,1183498976,1667,0,active,1.64,,,,,0,,
sensor_combined,2026-08-07T15:00:44.454+08:00,147.009,29.433291000032114,27.005,1183525981,1667,0,active,1.64,,,,,0,,
sensor_combined,2026-08-07T15:00:44.485+08:00,147.038,29.06658699998843,9.049,1183535030,1667,0,active,1.64,,,,,0,,
sensor_combined,2026-08-07T15:00:44.514+08:00,147.068,30.435145999945235,62.965,1183597995,1667,0,active,1.64,,,,,0,,
failsafe_flags,2026-08-07T15:00:44.543+08:00,147.096,,,1183721306,1667,0,active,1.64,,,,,0,,"{'gcs_connection_lost': True, 'manual_control_signal_lost': True, 'offboard_control_signal_lost': True}"
sensor_combined,2026-08-07T15:00:44.573+08:00,147.126,58.31194999996114,9.002,1183606997,1667,0,active,1.64,,,,,0,,
sensor_combined,2026-08-07T15:00:44.602+08:00,147.157,30.078844999934518,49.509,1183656506,1667,0,active,1.64,,,,,0,,
sensor_combined,2026-08-07T15:00:44.631+08:00,147.186,29.216815000154384,31.507,1183688013,1667,0,active,1.64,,,,,0,,
sensor_combined,2026-08-07T15:00:44.659+08:00,147.214,28.215694999971674,9.002,1183697015,1667,0,active,1.64,,,,,0,,
sensor_combined,2026-08-07T15:00:44.688+08:00,147.243,28.905798999858234,58.511,1183755526,1667,0,active,1.64,,,,,0,,
sensor_combined,2026-08-07T15:00:44.717+08:00,147.272,28.80895400016925,22.504,1183778030,1667,0,active,1.64,,,,,0,,
sensor_combined,2026-08-07T15:00:44.746+08:00,147.301,28.923433000045407,9.002,1183787032,1667,0,active,1.64,,,,,0,,
sensor_combined,2026-08-07T15:00:44.777+08:00,147.330,29.71774299999197,58.513,1183845545,1667,0,active,1.64,,,,,0,,
sensor_combined,2026-08-07T15:00:44.806+08:00,147.360,29.918343999952413,9.0,1183854545,1667,0,active,1.64,,,,,0,,
sensor_combined,2026-08-07T15:00:44.834+08:00,147.389,29.132548000006864,31.506,1183886051,1667,0,active,1.64,,,,,0,,
sensor_combined,2026-08-07T15:00:44.863+08:00,147.418,28.955021999991004,58.512,1183944563,1667,0,active,1.64,,,,,0,,
sensor_combined,2026-08-07T15:00:44.892+08:00,147.446,28.082045000019207,13.503,1183958066,1667,0,active,1.64,,,,,0,,
sensor_combined,2026-08-07T15:00:44.920+08:00,147.475,28.939787999888722,18.003,1183976069,1667,0,active,1.64,,,,,0,,
sensor_combined,2026-08-07T15:00:44.949+08:00,147.504,28.571388000045772,49.51,1184025579,1667,0,active,1.64,,,,,0,,
sensor_combined,2026-08-07T15:00:44.978+08:00,147.532,28.30018600002404,22.504,1184048083,1667,0,active,1.64,,,,,0,,
sensor_combined,2026-08-07T15:00:45.007+08:00,147.561,29.19034699993972,9.002,1184057085,1667,0,active,1.64,,,,,0,,
sensor_combined,2026-08-07T15:00:45.037+08:00,147.591,29.865217999940796,18.051,1184075136,1667,0,active,1.64,,,,,0,,
sensor_combined,2026-08-07T15:00:45.066+08:00,147.620,29.095647000076497,31.459,1184106595,1667,0,active,1.64,,,,,0,,
sensor_combined,2026-08-07T15:00:45.095+08:00,147.650,29.303066000011313,9.001,1184115596,1667,0,active,1.64,,,,,0,,
sensor_combined,2026-08-07T15:00:45.125+08:00,147.680,30.23716899997453,40.508,1184156104,1667,0,active,1.64,,,,,0,,
sensor_combined,2026-08-07T15:00:45.154+08:00,147.709,29.124674000058803,31.554,1184187658,1667,0,active,1.64,,,,,0,,
vehicle_status,2026-08-07T15:00:45.181+08:00,147.736,,,1184304104,1667,0,active,1.64,,,,,0,"{'arming_state': 1, 'nav_state': 4, 'failsafe': True}",
sensor_combined,2026-08-07T15:00:45.210+08:00,147.765,55.84910800007492,17.956,1184205614,1667,0,active,1.64,,,,,0,,
sensor_combined,2026-08-07T15:00:45.238+08:00,147.793,28.297017999875607,72.062,1184277676,1667,0,active,1.64,,,,,0,,
sensor_combined,2026-08-07T15:00:45.267+08:00,147.822,29.036503000043012,8.954,1184286630,1667,0,active,1.64,,,,,0,,
sensor_combined,2026-08-07T15:00:45.297+08:00,147.852,29.485425000075338,18.003,1184304633,1667,0,active,1.64,,,,,0,,
sensor_combined,2026-08-07T15:00:45.326+08:00,147.881,29.221519999964585,103.521,1184408154,1667,0,active,1.64,,,,,0,,
sensor_combined,2026-08-07T15:00:45.354+08:00,147.909,28.247730999964915,9.001,1184417155,1667,0,active,1.64,,,,,0,,
sensor_combined,2026-08-07T15:00:45.383+08:00,147.938,28.629794999915248,18.052,1184435207,1667,0,active,1.64,,,,,0,,
sensor_combined,2026-08-07T15:00:45.412+08:00,147.967,28.722384000047896,13.455,1184448662,1667,0,active,1.64,,,,,0,,
sensor_combined,2026-08-07T15:00:45.440+08:00,147.996,29.111264999983177,27.005,1184475667,1667,0,active,1.64,,,,,0,,
sensor_combined,2026-08-07T15:00:45.470+08:00,148.024,28.17143400011446,22.504,1184498171,1667,0,active,1.64,,,,,0,,
sensor_combined,2026-08-07T15:00:45.499+08:00,148.054,30.022132999874884,9.002,1184507173,1667,0,active,1.64,,,,,0,,
sensor_combined,2026-08-07T15:00:45.528+08:00,148.083,29.058651000013924,94.519,1184601692,1667,0,active,1.64,,,,,0,,
sensor_combined,2026-08-07T15:00:45.556+08:00,148.111,28.24945900010789,13.55,1184615242,1667,0,active,1.64,,,,,0,,
sensor_combined,2026-08-07T15:00:45.585+08:00,148.139,28.18673100000524,8.954,1184624196,1667,0,active,1.64,,,,,0,,
sensor_combined,2026-08-07T15:00:45.614+08:00,148.168,28.986705999841433,49.51,1184673706,1667,0,active,1.64,,,,,0,,
sensor_combined,2026-08-07T15:00:45.643+08:00,148.198,29.592030000003433,18.003,1184691709,1667,0,active,1.64,,,,,0,,
sensor_combined,2026-08-07T15:00:45.671+08:00,148.226,28.561659000160944,13.551,1184705260,1667,0,active,1.64,,,,,0,,
sensor_combined,2026-08-07T15:00:45.701+08:00,148.255,28.90931999991153,17.956,1184723216,1667,0,active,1.64,,,,,0,,
sensor_combined,2026-08-07T15:00:45.730+08:00,148.284,28.787640000018655,9.001,1184732217,1667,0,active,1.64,,,,,0,,
sensor_combined,2026-08-07T15:00:45.761+08:00,148.314,29.678184999966106,22.505,1184754722,1667,0,active,1.64,,,,,0,,
sensor_combined,2026-08-07T15:00:45.790+08:00,148.344,30.608385000050475,108.068,1184862790,1667,0,active,1.64,,,,,0,,
sensor_combined,2026-08-07T15:00:45.818+08:00,148.373,28.73281600000155,8.955,1184871745,1667,0,active,1.64,,,,,0,,
sensor_combined,2026-08-07T15:00:45.847+08:00,148.401,28.01077300000543,22.504,1184894249,1667,0,active,1.64,,,,,0,,
sensor_combined,2026-08-07T15:00:45.876+08:00,148.430,29.050297999901886,58.559,1184952808,1667,0,active,1.64,,,,,0,,
sensor_combined,2026-08-07T15:00:45.904+08:00,148.459,29.02226200012592,8.954,1184961762,1667,0,active,1.64,,,,,0,,
sensor_combined,2026-08-07T15:00:45.932+08:00,148.487,27.93072999998003,31.507,1184993269,1667,0,active,1.64,,,,,0,,
sensor_combined,2026-08-07T15:00:45.960+08:00,148.515,28.262709000046016,40.507,1185033776,1667,0,active,1.64,,,,,0,,
sensor_combined,2026-08-07T15:00:45.990+08:00,148.544,28.74609899981806,18.004,1185051780,1667,0,active,1.64,,,,,0,,
sensor_combined,2026-08-07T15:00:46.020+08:00,148.574,29.93780300016624,13.55,1185065330,1667,0,active,1.64,,,,,0,,
sensor_combined,2026-08-07T15:00:46.049+08:00,148.604,29.88931599998068,67.513,1185132843,1667,0,active,1.64,,,,,0,,
sensor_combined,2026-08-07T15:00:46.080+08:00,148.634,29.845407000038904,22.505,1185155348,1667,0,active,1.64,,,,,0,,
sensor_combined,2026-08-07T15:00:46.109+08:00,148.663,29.50641999996151,8.954,1185164302,1667,0,active,1.64,,,,,0,,
sensor_combined,2026-08-07T15:00:46.137+08:00,148.692,29.088829999864174,49.51,1185213812,1667,0,active,1.64,,,,,0,,
vehicle_status,2026-08-07T15:00:46.165+08:00,148.720,,,1185317110,1667,0,active,1.64,,,,,0,"{'arming_state': 1, 'nav_state': 4, 'failsafe': True}",
sensor_combined,2026-08-07T15:00:46.195+08:00,148.749,56.39304900000752,9.049,1185222861,1667,0,active,1.64,,,,,0,,
sensor_combined,2026-08-07T15:00:46.225+08:00,148.779,30.11292900009721,90.018,1185312879,1667,0,active,1.64,,,,,0,,
sensor_combined,2026-08-07T15:00:46.253+08:00,148.808,29.276118999860046,8.954,1185321833,1667,0,active,1.64,,,,,0,,
sensor_combined,2026-08-07T15:00:46.282+08:00,148.837,28.610369000034552,22.505,1185344338,1667,0,active,1.64,,,,,0,,
sensor_combined,2026-08-07T15:00:46.312+08:00,148.866,29.101247999960833,40.507,1185384845,1667,0,active,1.64,,,,,0,,
sensor_combined,2026-08-07T15:00:46.340+08:00,148.895,29.094911000129287,9.002,1185393847,1667,0,active,1.64,,,,,0,,
sensor_combined,2026-08-07T15:00:46.368+08:00,148.923,28.372963000038,9.05,1185402897,1667,0,active,1.64,,,,,0,,
sensor_combined,2026-08-07T15:00:46.396+08:00,148.952,28.40042299999368,8.954,1185411851,1667,0,active,1.64,,,,,0,,
sensor_combined,2026-08-07T15:00:46.426+08:00,148.980,28.41751200003273,31.506,1185443357,1667,0,active,1.64,,,,,0,,
sensor_combined,2026-08-07T15:00:46.456+08:00,149.010,29.63766899983966,9.002,1185452359,1667,0,active,1.64,,,,,0,,
sensor_combined,2026-08-07T15:00:46.484+08:00,149.039,29.359169000144902,31.506,1185483865,1667,0,active,1.64,,,,,0,,
sensor_combined,2026-08-07T15:00:46.513+08:00,149.068,28.93594700003632,31.554,1185515419,1667,0,active,1.64,,,,,0,,
sensor_combined,2026-08-07T15:00:46.544+08:00,149.097,28.850367999893933,8.954,1185524373,1667,0,active,1.64,,,,,0,,
sensor_combined,2026-08-07T15:00:46.572+08:00,149.127,30.023317000086536,18.003,1185542376,1667,0,active,1.64,,,,,0,,
sensor_combined,2026-08-07T15:00:46.603+08:00,149.157,29.916424000020925,9.002,1185551378,1667,0,active,1.64,,,,,0,,
failsafe_flags,2026-08-07T15:00:47.331+08:00,149.883,,,1186462474,1667,0,active,1.64,,,,,0,,"{'gcs_connection_lost': True, 'manual_control_signal_lost': True, 'offboard_control_signal_lost': True}"
sensor_combined,2026-08-07T15:00:47.364+08:00,149.917,760.07067799992,1012.699,1186564077,1667,0,active,1.64,,,,,0,,
vehicle_status,2026-08-07T15:00:47.394+08:00,149.948,,,1186330292,1667,0,active,1.64,,,,,0,"{'arming_state': 1, 'nav_state': 4, 'failsafe': True}",
sensor_combined,2026-08-07T15:00:47.426+08:00,149.980,62.707485999908386,36.007,1186600084,1667,0,active,1.64,,,,,0,,
sensor_combined,2026-08-07T15:00:47.454+08:00,150.010,29.993330000024798,4.501,1186604585,1667,0,active,1.64,,,,,0,,
sensor_combined,2026-08-07T15:00:47.483+08:00,150.038,28.109441999959017,13.55,1186618135,1667,0,active,1.64,,,,,0,,
sensor_combined,2026-08-07T15:00:47.513+08:00,150.067,29.495122000071206,4.454,1186622589,1667,0,active,1.64,,,,,0,,
sensor_combined,2026-08-07T15:00:47.541+08:00,150.096,28.903463000006013,13.503,1186636092,1667,0,active,1.64,,,,,0,,
sensor_combined,2026-08-07T15:00:47.570+08:00,150.125,28.708460999951058,40.507,1186676599,1667,0,active,1.64,,,,,0,,
sensor_combined,2026-08-07T15:00:47.600+08:00,150.155,29.835582000032446,9.05,1186685649,1667,0,active,1.64,,,,,0,,
sensor_combined,2026-08-07T15:00:47.628+08:00,150.183,28.660903999934817,8.954,1186694603,1667,0,active,1.64,,,,,0,,
sensor_combined,2026-08-07T15:00:47.657+08:00,150.212,28.441580000162503,13.55,1186708153,1667,0,active,1.64,,,,,0,,
sensor_combined,2026-08-07T15:00:47.686+08:00,150.241,28.853024000000005,17.957,1186726110,1667,0,active,1.64,,,,,0,,
sensor_combined,2026-08-07T15:00:47.715+08:00,150.270,29.00958800000808,81.015,1186807125,1667,0,active,1.64,,,,,0,,
sensor_combined,2026-08-07T15:00:47.744+08:00,150.298,28.440811999871585,9.002,1186816127,1667,0,active,1.64,,,,,0,,
sensor_combined,2026-08-07T15:00:47.774+08:00,150.328,29.711182000028202,4.548,1186820675,1667,0,active,1.64,,,,,0,,
sensor_combined,2026-08-07T15:00:47.803+08:00,150.358,29.92861699999594,45.009,1186865684,1667,0,active,1.64,,,,,0,,
sensor_combined,2026-08-07T15:00:47.832+08:00,150.387,29.112354000062624,8.954,1186874638,1667,0,active,1.64,,,,,0,,
sensor_combined,2026-08-07T15:00:47.864+08:00,150.415,28.17594599991935,22.505,1186897143,1667,0,active,1.64,,,,,0,,
sensor_combined,2026-08-07T15:00:47.894+08:00,150.448,33.30536800012851,40.507,1186937650,1667,0,active,1.64,,,,,0,,
sensor_combined,2026-08-07T15:00:47.922+08:00,150.478,29.062682999892786,18.052,1186955702,1667,0,active,1.64,,,,,0,,
sensor_combined,2026-08-07T15:00:47.954+08:00,150.506,28.734192999991137,8.954,1186964656,1667,0,active,1.64,,,,,0,,
sensor_combined,2026-08-07T15:00:47.983+08:00,150.538,31.52622900006463,90.017,1187054673,1667,0,active,1.64,,,,,0,,
sensor_combined,2026-08-07T15:00:48.011+08:00,150.566,28.49768300006872,13.551,1187068224,1667,0,active,1.64,,,,,0,,
sensor_combined,2026-08-07T15:00:48.040+08:00,150.594,28.16061599992281,8.954,1187077178,1667,0,active,1.64,,,,,0,,
sensor_combined,2026-08-07T15:00:48.069+08:00,150.624,29.89763799996581,81.064,1187158242,1667,0,active,1.64,,,,,0,,
sensor_combined,2026-08-07T15:00:48.099+08:00,150.653,28.22040000000925,8.954,1187167196,1667,0,active,1.64,,,,,0,,
sensor_combined,2026-08-07T15:00:48.128+08:00,150.683,30.639844000006633,18.003,1187185199,1667,0,active,1.64,,,,,0,,
sensor_combined,2026-08-07T15:00:48.157+08:00,150.712,28.81935599998542,31.506,1187216705,1667,0,active,1.64,,,,,0,,
vehicle_status,2026-08-07T15:00:48.185+08:00,150.740,,,1187344067,1667,0,active,1.64,,,,,0,"{'arming_state': 1, 'nav_state': 4, 'failsafe': True}",
sensor_combined,2026-08-07T15:00:48.215+08:00,150.769,57.220706999942195,9.05,1187225755,1667,0,active,1.64,,,,,0,,
sensor_combined,2026-08-07T15:00:48.244+08:00,150.799,29.388740000058533,58.464,1187284219,1667,0,active,1.64,,,,,0,,
sensor_combined,2026-08-07T15:00:48.272+08:00,150.827,28.476111999907516,13.502,1187297721,1667,0,active,1.64,,,,,0,,
sensor_combined,2026-08-07T15:00:48.302+08:00,150.855,28.36224200018478,18.051,1187315772,1667,0,active,1.64,,,,,0,,
sensor_combined,2026-08-07T15:00:48.333+08:00,150.886,30.212685999913447,80.969,1187396741,1667,0,active,1.64,,,,,0,,
sensor_combined,2026-08-07T15:00:48.363+08:00,150.917,31.504562999998598,27.005,1187423746,1667,0,active,1.64,,,,,0,,
sensor_combined,2026-08-07T15:00:48.392+08:00,150.946,29.11107299996729,22.504,1187446250,1667,0,active,1.64,,,,,0,,
sensor_combined,2026-08-07T15:00:48.421+08:00,150.976,29.731760000004215,9.002,1187455252,1667,0,active,1.64,,,,,0,,
sensor_combined,2026-08-07T15:00:48.450+08:00,151.004,28.492851000009978,22.505,1187477757,1667,0,active,1.64,,,,,0,,
sensor_combined,2026-08-07T15:00:48.478+08:00,151.033,28.7492029999612,9.001,1187486758,1667,0,active,1.64,,,,,0,,
sensor_combined,2026-08-07T15:00:48.507+08:00,151.063,29.337502000089444,27.006,1187513764,1667,0,active,1.64,,,,,0,,
sensor_combined,2026-08-07T15:00:48.536+08:00,151.091,28.17370499997196,13.503,1187527267,1667,0,active,1.64,,,,,0,,
sensor_combined,2026-08-07T15:00:48.564+08:00,151.119,28.402662999951644,9.001,1187536268,1667,0,active,1.64,,,,,0,,
sensor_combined,2026-08-07T15:00:48.594+08:00,151.148,28.901991000111593,9.002,1187545270,1667,0,active,1.64,,,,,0,,
sensor_combined,2026-08-07T15:00:48.623+08:00,151.177,29.147781999881772,9.002,1187554272,1667,0,active,1.64,,,,,0,,
failsafe_flags,2026-08-07T15:00:49.336+08:00,151.888,,,1188115274,1667,0,active,1.51,,,,,0,,"{'gcs_connection_lost': True, 'manual_control_signal_lost': True, 'offboard_control_signal_lost': True}"
sensor_combined,2026-08-07T15:00:49.369+08:00,151.922,745.080094000059,1012.699,1188566971,1667,0,active,1.51,,,,,0,,
vehicle_status,2026-08-07T15:00:49.402+08:00,151.953,,,1188357103,1667,0,active,1.51,,,,,0,"{'arming_state': 1, 'nav_state': 4, 'failsafe': True}",
sensor_combined,2026-08-07T15:00:49.433+08:00,151.987,64.57585299995117,40.516,1188607487,1667,0,active,1.51,,,,,0,,
sensor_combined,2026-08-07T15:00:49.464+08:00,152.017,30.40157400005228,4.493,1188611980,1667,0,active,1.51,,,,,0,,
sensor_combined,2026-08-07T15:00:49.497+08:00,152.049,31.92215099988971,4.501,1188616481,1667,0,active,1.51,,,,,0,,
sensor_combined,2026-08-07T15:00:49.526+08:00,152.081,31.51685200009524,9.001,1188625482,1667,0,active,1.51,,,,,0,,
sensor_combined,2026-08-07T15:00:49.555+08:00,152.110,28.993523000053756,13.503,1188638985,1667,0,active,1.51,,,,,0,,
sensor_combined,2026-08-07T15:00:49.585+08:00,152.139,29.10640000004605,27.053,1188666038,1667,0,active,1.51,,,,,0,,
sensor_combined,2026-08-07T15:00:49.614+08:00,152.169,30.110752999917167,22.504,1188688542,1667,0,active,1.51,,,,,0,,
sensor_combined,2026-08-07T15:00:49.644+08:00,152.198,29.43652299995847,8.955,1188697497,1667,0,active,1.51,,,,,0,,
sensor_combined,2026-08-07T15:00:49.673+08:00,152.228,29.72711999996136,9.001,1188706498,1667,0,active,1.51,,,,,0,,
sensor_combined,2026-08-07T15:00:49.702+08:00,152.257,28.687851000086084,58.513,1188765011,1667,0,active,1.51,,,,,0,,
vehicle_status,2026-08-07T15:00:49.729+08:00,152.284,,,1188865139,1667,0,active,1.51,,,,,0,"{'arming_state': 1, 'nav_state': 4, 'failsafe': True}",
sensor_combined,2026-08-07T15:00:49.758+08:00,152.312,55.58904300005452,31.505,1188796516,1667,0,active,1.51,,,,,0,,
sensor_combined,2026-08-07T15:00:49.787+08:00,152.342,29.663942999832216,81.016,1188877532,1667,0,active,1.51,,,,,0,,
sensor_combined,2026-08-07T15:00:49.816+08:00,152.371,28.753204000167898,9.002,1188886534,1667,0,active,1.51,,,,,0,,
sensor_combined,2026-08-07T15:00:49.846+08:00,152.400,29.382852000026105,9.001,1188895535,1667,0,active,1.51,,,,,0,,
sensor_combined,2026-08-07T15:00:49.876+08:00,152.430,29.723886999818205,49.511,1188945046,1667,0,active,1.51,,,,,0,,
sensor_combined,2026-08-07T15:00:49.907+08:00,152.461,30.70154800002456,13.549,1188958595,1667,0,active,1.51,,,,,0,,
sensor_combined,2026-08-07T15:00:49.936+08:00,152.490,29.9101509999673,8.955,1188967550,1667,0,active,1.51,,,,,0,,
sensor_combined,2026-08-07T15:00:49.965+08:00,152.520,29.452589000129592,90.018,1189057568,1667,0,active,1.51,,,,,0,,
sensor_combined,2026-08-07T15:00:49.993+08:00,152.548,28.1356529999357,9.001,1189066569,1667,0,active,1.51,,,,,0,,
sensor_combined,2026-08-07T15:00:50.022+08:00,152.577,29.203180999957112,22.505,1189089074,1667,0,active,1.51,,,,,0,,
sensor_combined,2026-08-07T15:00:50.051+08:00,152.606,28.65299900008722,27.053,1189116127,1667,0,active,1.51,,,,,0,,
failsafe_flags,2026-08-07T15:00:50.079+08:00,152.634,,,1189206773,1667,0,active,1.51,,,,,0,,"{'gcs_connection_lost': True, 'manual_control_signal_lost': True, 'offboard_control_signal_lost': True}"
sensor_combined,2026-08-07T15:00:50.108+08:00,152.663,57.4284130000251,8.954,1189125081,1667,0,active,1.51,,,,,0,,
sensor_combined,2026-08-07T15:00:50.139+08:00,152.692,28.384804999859625,13.55,1189138631,1667,0,active,1.51,,,,,0,,
sensor_combined,2026-08-07T15:00:50.168+08:00,152.723,31.007763000161503,58.464,1189197095,1667,0,active,1.51,,,,,0,,
sensor_combined,2026-08-07T15:00:50.198+08:00,152.752,29.33052499997757,18.003,1189215098,1667,0,active,1.51,,,,,0,,
sensor_combined,2026-08-07T15:00:50.227+08:00,152.782,30.24584199988567,63.013,1189278111,1667,0,active,1.51,,,,,0,,
sensor_combined,2026-08-07T15:00:50.258+08:00,152.812,29.534326999964833,9.002,1189287113,1667,0,active,1.51,,,,,0,,
sensor_combined,2026-08-07T15:00:50.287+08:00,152.841,29.577213000038682,31.553,1189318666,1667,0,active,1.51,,,,,0,,
sensor_combined,2026-08-07T15:00:50.317+08:00,152.871,29.371555000125227,8.955,1189327621,1667,0,active,1.51,,,,,0,,
sensor_combined,2026-08-07T15:00:50.346+08:00,152.901,29.82914799986247,90.017,1189417638,1667,0,active,1.51,,,,,0,,
sensor_combined,2026-08-07T15:00:50.375+08:00,152.930,28.90951200015479,27.006,1189444644,1667,0,active,1.51,,,,,0,,
sensor_combined,2026-08-07T15:00:50.403+08:00,152.958,28.549785999985033,13.502,1189458146,1667,0,active,1.51,,,,,0,,
sensor_combined,2026-08-07T15:00:50.434+08:00,152.989,30.861791999996058,18.052,1189476198,1667,0,active,1.51,,,,,0,,
sensor_combined,2026-08-07T15:00:50.463+08:00,153.018,28.92336900004011,8.954,1189485152,1667,0,active,1.51,,,,,0,,
sensor_combined,2026-08-07T15:00:50.493+08:00,153.047,29.037367999990238,31.506,1189516658,1667,0,active,1.51,,,,,0,,
sensor_combined,2026-08-07T15:00:50.525+08:00,153.077,30.4342499998711,9.002,1189525660,1667,0,active,1.51,,,,,0,,
sensor_combined,2026-08-07T15:00:50.554+08:00,153.109,31.373953999946025,94.518,1189620178,1667,0,active,1.51,,,,,0,,
failsafe_flags,2026-08-07T15:00:50.582+08:00,153.136,,,1189756489,1667,0,active,1.51,,,,,0,,"{'gcs_connection_lost': True, 'manual_control_signal_lost': True, 'offboard_control_signal_lost': True}"
sensor_combined,2026-08-07T15:00:50.614+08:00,153.168,58.923964000086926,27.006,1189647184,1667,0,active,1.51,,,,,0,,
sensor_combined,2026-08-07T15:00:50.643+08:00,153.198,30.03967199992985,58.511,1189705695,1667,0,active,1.51,,,,,0,,
sensor_combined,2026-08-07T15:00:50.670+08:00,153.226,28.234545000032085,31.506,1189737201,1667,0,active,1.51,,,,,0,,
sensor_combined,2026-08-07T15:00:50.702+08:00,153.254,28.38637300010305,9.05,1189746251,1667,0,active,1.51,,,,,0,,
sensor_combined,2026-08-07T15:00:50.731+08:00,153.286,31.677000999934535,49.462,1189795713,1667,0,active,1.51,,,,,0,,
sensor_combined,2026-08-07T15:00:50.759+08:00,153.314,28.34339099990757,9.001,1189804714,1667,0,active,1.51,,,,,0,,
sensor_combined,2026-08-07T15:00:50.791+08:00,153.344,29.67709700010346,13.503,1189818217,1667,0,active,1.51,,,,,0,,
sensor_combined,2026-08-07T15:00:50.819+08:00,153.374,30.19735599991691,58.512,1189876729,1667,0,active,1.51,,,,,0,,
sensor_combined,2026-08-07T15:00:50.847+08:00,153.402,28.13930199999959,18.003,1189894732,1667,0,active,1.51,,,,,0,,
sensor_combined,2026-08-07T15:00:50.879+08:00,153.431,28.406247000020812,13.503,1189908235,1667,0,active,1.51,,,,,0,,
sensor_combined,2026-08-07T15:00:50.908+08:00,153.462,31.260275000022375,58.511,1189966746,1667,0,active,1.51,,,,,0,,
sensor_combined,2026-08-07T15:00:50.936+08:00,153.492,29.609217000142962,31.507,1189998253,1667,0,active,1.51,,,,,0,,
sensor_combined,2026-08-07T15:00:50.966+08:00,153.520,27.970831999937218,9.002,1190007255,1667,0,active,1.51,,,,,0,,
sensor_combined,2026-08-07T15:00:50.995+08:00,153.549,29.595646999950986,31.553,1190038808,1667,0,active,1.51,,,,,0,,
sensor_combined,2026-08-07T15:00:51.024+08:00,153.578,28.990578000048117,26.958,1190065766,1667,0,active,1.51,,,,,0,,
sensor_combined,2026-08-07T15:00:51.054+08:00,153.607,28.93236199997773,9.002,1190074768,1667,0,active,1.51,,,,,0,,
sensor_combined,2026-08-07T15:00:51.083+08:00,153.637,30.283574999884877,63.012,1190137780,1667,0,active,1.51,,,,,0,,
sensor_combined,2026-08-07T15:00:51.112+08:00,153.667,30.00376300019525,18.004,1190155784,1667,0,active,1.51,,,,,0,,
sensor_combined,2026-08-07T15:00:51.141+08:00,153.696,28.44625299985637,13.503,1190169287,1667,0,active,1.51,,,,,0,,
sensor_combined,2026-08-07T15:00:51.171+08:00,153.725,29.586654000013368,49.557,1190218844,1667,0,active,1.51,,,,,0,,
sensor_combined,2026-08-07T15:00:51.199+08:00,153.754,28.57513200001449,8.954,1190227798,1667,0,active,1.51,,,,,0,,
sensor_combined,2026-08-07T15:00:51.228+08:00,153.783,28.700557000092886,27.005,1190254803,1667,0,active,1.51,,,,,0,,
sensor_combined,2026-08-07T15:00:51.258+08:00,153.812,29.77147799992963,81.016,1190335819,1667,0,active,1.51,,,,,0,,
sensor_combined,2026-08-07T15:00:51.289+08:00,153.842,29.085341999916636,22.505,1190358324,1667,0,active,1.51,,,,,0,,
sensor_combined,2026-08-07T15:00:51.324+08:00,153.874,31.945419000066977,9.002,1190367326,1667,0,active,1.51,,,,,0,,
sensor_combined,2026-08-07T15:00:51.352+08:00,153.907,33.69044100008978,40.507,1190407833,1667,0,active,1.51,,,,,0,,
sensor_combined,2026-08-07T15:00:51.380+08:00,153.936,28.30223399996612,9.002,1190416835,1667,0,active,1.51,,,,,0,,
sensor_combined,2026-08-07T15:00:51.410+08:00,153.964,28.31420400002571,9.002,1190425837,1667,0,active,1.51,,,,,0,,
sensor_combined,2026-08-07T15:00:51.438+08:00,153.993,29.339261999894006,31.506,1190457343,1667,0,active,1.51,,,,,0,,
sensor_combined,2026-08-07T15:00:51.466+08:00,154.021,28.308794999929887,4.501,1190461844,1667,0,active,1.51,,,,,0,,
sensor_combined,2026-08-07T15:00:51.496+08:00,154.050,28.411016000063682,9.002,1190470846,1667,0,active,1.51,,,,,0,,
sensor_combined,2026-08-07T15:00:51.525+08:00,154.080,29.938827000023593,18.051,1190488897,1667,0,active,1.51,,,,,0,,
sensor_combined,2026-08-07T15:00:51.554+08:00,154.108,28.534647000014957,26.958,1190515855,1667,0,active,1.51,,,,,0,,
sensor_combined,2026-08-07T15:00:51.583+08:00,154.138,29.329918000030375,9.001,1190524856,1667,0,active,1.51,,,,,0,,
sensor_combined,2026-08-07T15:00:51.613+08:00,154.168,29.815611000003628,31.554,1190556410,1667,0,active,1.51,,,,,0,,
failsafe_flags,2026-08-07T15:00:52.343+08:00,154.896,,,1191406302,1667,0,active,1.51,,,,,0,,"{'gcs_connection_lost': True, 'manual_control_signal_lost': True, 'offboard_control_signal_lost': True}"
sensor_combined,2026-08-07T15:00:52.376+08:00,154.929,761.8829410000671,1021.654,1191578064,1667,0,active,1.51,,,,,0,,
vehicle_status,2026-08-07T15:00:52.407+08:00,154.960,,,1191395664,1667,0,active,1.51,,,,,0,"{'arming_state': 1, 'nav_state': 4, 'failsafe': True}",
sensor_combined,2026-08-07T15:00:52.441+08:00,154.994,64.7545319998244,36.054,1191614118,1667,0,active,1.51,,,,,0,,
sensor_combined,2026-08-07T15:00:52.470+08:00,155.025,30.383588000177042,4.454,1191618572,1667,0,active,1.51,,,,,0,,
sensor_combined,2026-08-07T15:00:52.499+08:00,155.054,29.54856899987135,4.501,1191623073,1667,0,active,1.51,,,,,0,,
sensor_combined,2026-08-07T15:00:52.529+08:00,155.083,29.349407999916366,13.55,1191636623,1667,0,active,1.51,,,,,0,,
sensor_combined,2026-08-07T15:00:52.558+08:00,155.113,29.30053700015378,8.954,1191645577,1667,0,active,1.51,,,,,0,,
sensor_combined,2026-08-07T15:00:52.589+08:00,155.142,29.328924999845185,31.506,1191677083,1667,0,active,1.51,,,,,0,,
sensor_combined,2026-08-07T15:00:52.617+08:00,155.172,30.435018000162017,9.002,1191686085,1667,0,active,1.51,,,,,0,,
sensor_combined,2026-08-07T15:00:52.645+08:00,155.201,28.35232100005669,22.505,1191708590,1667,0,active,1.51,,,,,0,,
sensor_combined,2026-08-07T15:00:52.674+08:00,155.230,28.83814199981316,9.001,1191717591,1667,0,active,1.51,,,,,0,,
sensor_combined,2026-08-07T15:00:52.704+08:00,155.259,29.161224000063157,27.006,1191744597,1667,0,active,1.51,,,,,0,,
sensor_combined,2026-08-07T15:00:52.732+08:00,155.287,28.24801900010243,40.508,1191785105,1667,0,active,1.51,,,,,0,,
vehicle_status,2026-08-07T15:00:52.760+08:00,155.315,,,1191903108,1667,0,active,1.51,,,,,0,"{'arming_state': 1, 'nav_state': 4, 'failsafe': True}",
sensor_combined,2026-08-07T15:00:52.792+08:00,155.344,57.34936299995752,22.504,1191807609,1667,0,active,1.51,,,,,0,,
sensor_combined,2026-08-07T15:00:52.822+08:00,155.376,31.561529999862614,67.513,1191875122,1667,0,active,1.51,,,,,0,,
failsafe_flags,2026-08-07T15:00:52.849+08:00,155.404,,,1191947487,1667,0,active,1.51,,,,,0,,"{'gcs_connection_lost': True, 'manual_control_signal_lost': True, 'offboard_control_signal_lost': True}"
sensor_combined,2026-08-07T15:00:52.881+08:00,155.433,57.02192900002956,31.554,1191906676,1667,0,active,1.51,,,,,0,,
sensor_combined,2026-08-07T15:00:52.911+08:00,155.465,31.735887999957413,58.464,1191965140,1667,0,active,1.51,,,,,0,,
sensor_combined,2026-08-07T15:00:52.940+08:00,155.494,29.751379000117595,13.503,1191978643,1667,0,active,1.51,,,,,0,,
sensor_combined,2026-08-07T15:00:52.973+08:00,155.525,30.265140999972573,9.002,1191987645,1667,0,active,1.51,,,,,0,,
sensor_combined,2026-08-07T15:00:53.002+08:00,155.557,31.992880999951012,58.511,1192046156,1667,0,active,1.51,,,,,0,,
sensor_combined,2026-08-07T15:00:53.032+08:00,155.587,30.226447000131884,22.505,1192068661,1667,0,active,1.51,,,,,0,,
sensor_combined,2026-08-07T15:00:53.062+08:00,155.616,29.239025999913792,76.515,1192145176,1667,0,active,1.51,,,,,0,,
sensor_combined,2026-08-07T15:00:53.092+08:00,155.646,29.829500999994707,22.504,1192167680,1667,0,active,1.51,,,,,0,,
sensor_combined,2026-08-07T15:00:53.121+08:00,155.676,29.52232500001628,9.049,1192176729,1667,0,active,1.51,,,,,0,,
sensor_combined,2026-08-07T15:00:53.150+08:00,155.705,29.500146999907884,58.464,1192235193,1667,0,active,1.51,,,,,0,,
sensor_combined,2026-08-07T15:00:53.180+08:00,155.734,29.15639100001499,31.554,1192266747,1667,0,active,1.51,,,,,0,,
sensor_combined,2026-08-07T15:00:53.211+08:00,155.765,30.465133999996397,8.954,1192275701,1667,0,active,1.51,,,,,0,,
sensor_combined,2026-08-07T15:00:53.241+08:00,155.795,30.28184700019665,49.51,1192325211,1667,0,active,1.51,,,,,0,,
sensor_combined,2026-08-07T15:00:53.270+08:00,155.825,29.645188999893435,13.503,1192338714,1667,0,active,1.51,,,,,0,,
sensor_combined,2026-08-07T15:00:53.299+08:00,155.854,28.870755000070858,9.001,1192347715,1667,0,active,1.51,,,,,0,,
sensor_combined,2026-08-07T15:00:53.328+08:00,155.883,29.375170999855982,58.512,1192406227,1667,0,active,1.51,,,,,0,,
failsafe_flags,2026-08-07T15:00:53.356+08:00,155.911,,,1192497246,1667,0,active,1.51,,,,,0,,"{'gcs_connection_lost': True, 'manual_control_signal_lost': True, 'offboard_control_signal_lost': True}"
sensor_combined,2026-08-07T15:00:53.386+08:00,155.940,56.75267900005565,31.507,1192437734,1667,0,active,1.51,,,,,0,,
sensor_combined,2026-08-07T15:00:53.416+08:00,155.970,30.740944999934072,18.003,1192455737,1667,0,active,1.51,,,,,0,,
sensor_combined,2026-08-07T15:00:53.447+08:00,156.000,29.516661000116073,9.002,1192464739,1667,0,active,1.51,,,,,0,,
sensor_combined,2026-08-07T15:00:53.476+08:00,156.030,30.384259999891583,31.506,1192496245,1667,0,active,1.51,,,,,0,,
sensor_combined,2026-08-07T15:00:53.504+08:00,156.059,28.69754800008195,31.506,1192527751,1667,0,active,1.51,,,,,0,,
sensor_combined,2026-08-07T15:00:53.536+08:00,156.088,29.25217999995766,9.049,1192536800,1667,0,active,1.51,,,,,0,,
sensor_combined,2026-08-07T15:00:53.564+08:00,156.120,31.467405000057624,94.472,1192631272,1667,0,active,1.51,,,,,0,,
sensor_combined,2026-08-07T15:00:53.593+08:00,156.148,28.24331500005428,9.001,1192640273,1667,0,active,1.51,,,,,0,,
sensor_combined,2026-08-07T15:00:53.622+08:00,156.177,29.21684699981597,13.503,1192653776,1667,0,active,1.51,,,,,0,,
sensor_combined,2026-08-07T15:00:53.651+08:00,156.206,28.718191000052684,67.513,1192721289,1667,0,active,1.51,,,,,0,,
sensor_combined,2026-08-07T15:00:53.680+08:00,156.234,28.41280799998458,9.002,1192730291,1667,0,active,1.51,,,,,0,,
sensor_combined,2026-08-07T15:00:53.708+08:00,156.263,28.63347600009547,13.502,1192743793,1667,0,active,1.51,,,,,0,,
sensor_combined,2026-08-07T15:00:53.738+08:00,156.292,29.16749699988941,45.01,1192788803,1667,0,active,1.51,,,,,0,,
vehicle_status,2026-08-07T15:00:53.765+08:00,156.320,,,1192916086,1667,0,active,1.51,,,,,0,"{'arming_state': 1, 'nav_state': 4, 'failsafe': True}",
sensor_combined,2026-08-07T15:00:53.794+08:00,156.349,56.53479500006142,13.502,1192802305,1667,0,active,1.51,,,,,0,,
sensor_combined,2026-08-07T15:00:53.823+08:00,156.378,29.198349000125745,90.018,1192892323,1667,0,active,1.51,,,,,0,,
sensor_combined,2026-08-07T15:00:53.851+08:00,156.406,28.32950099991649,9.002,1192901325,1667,0,active,1.51,,,,,0,,
sensor_combined,2026-08-07T15:00:53.881+08:00,156.435,28.582173999893712,22.504,1192923829,1667,0,active,1.51,,,,,0,,
sensor_combined,2026-08-07T15:00:53.910+08:00,156.464,29.531383000175992,27.005,1192950834,1667,0,active,1.51,,,,,0,,
sensor_combined,2026-08-07T15:00:53.939+08:00,156.493,29.23400099984974,9.002,1192959836,1667,0,active,1.51,,,,,0,,
sensor_combined,2026-08-07T15:00:53.969+08:00,156.523,29.09292699996513,31.506,1192991342,1667,0,active,1.51,,,,,0,,
sensor_combined,2026-08-07T15:00:53.998+08:00,156.552,29.8578560000351,58.512,1193049854,1667,0,active,1.51,,,,,0,,
sensor_combined,2026-08-07T15:00:54.028+08:00,156.582,29.996338000046308,9.002,1193058856,1667,0,active,1.51,,,,,0,,
sensor_combined,2026-08-07T15:00:54.058+08:00,156.611,28.840895000030287,22.504,1193081360,1667,0,active,1.51,,,,,0,,
sensor_combined,2026-08-07T15:00:54.086+08:00,156.641,30.003283000041847,72.014,1193153374,1667,0,active,1.51,,,,,0,,
sensor_combined,2026-08-07T15:00:54.116+08:00,156.670,28.844863999893278,9.002,1193162376,1667,0,active,1.51,,,,,0,,
sensor_combined,2026-08-07T15:00:54.146+08:00,156.700,30.00840300001073,18.004,1193180380,1667,0,active,1.51,,,,,0,,
sensor_combined,2026-08-07T15:00:54.174+08:00,156.729,29.082590000143682,72.014,1193252394,1667,0,active,1.51,,,,,0,,
sensor_combined,2026-08-07T15:00:54.204+08:00,156.758,29.007955999986734,9.002,1193261396,1667,0,active,1.51,,,,,0,,
sensor_combined,2026-08-07T15:00:54.233+08:00,156.787,29.254132000005484,22.504,1193283900,1667,0,active,1.51,,,,,0,,
sensor_combined,2026-08-07T15:00:54.261+08:00,156.817,29.06924299986713,58.512,1193342412,1667,0,active,1.51,,,,,0,,
sensor_combined,2026-08-07T15:00:54.290+08:00,156.845,28.19089200011149,9.001,1193351413,1667,0,active,1.51,,,,,0,,
sensor_combined,2026-08-07T15:00:54.321+08:00,156.874,29.295993000005183,31.507,1193382920,1667,0,active,1.51,,,,,0,,
sensor_combined,2026-08-07T15:00:54.350+08:00,156.905,31.06917899981454,36.007,1193418927,1667,0,active,1.55,,,,,0,,
sensor_combined,2026-08-07T15:00:54.380+08:00,156.934,29.274422000071354,22.504,1193441431,1667,0,active,1.55,,,,,0,,
failsafe_flags,2026-08-07T15:00:54.408+08:00,156.962,,,1193578248,1667,0,active,1.55,,,,,0,,"{'gcs_connection_lost': True, 'manual_control_signal_lost': True, 'offboard_control_signal_lost': True}"
sensor_combined,2026-08-07T15:00:54.437+08:00,156.992,57.65932300005261,9.002,1193450433,1667,0,active,1.55,,,,,0,,
sensor_combined,2026-08-07T15:00:54.466+08:00,157.020,28.18401099989387,13.503,1193463936,1667,0,active,1.55,,,,,0,,
sensor_combined,2026-08-07T15:00:54.496+08:00,157.050,29.3266210001093,9.001,1193472937,1667,0,active,1.55,,,,,0,,
sensor_combined,2026-08-07T15:00:54.525+08:00,157.079,29.62294600001769,9.05,1193481987,1667,0,active,1.55,,,,,0,,
sensor_combined,2026-08-07T15:00:54.553+08:00,157.108,28.94516499986821,31.459,1193513446,1667,0,active,1.55,,,,,0,,
sensor_combined,2026-08-07T15:00:54.582+08:00,157.137,28.7854310001876,9.001,1193522447,1667,0,active,1.55,,,,,0,,
sensor_combined,2026-08-07T15:00:54.612+08:00,157.166,29.44349999984297,18.004,1193540451,1667,0,active,1.55,,,,,0,,
sensor_combined,2026-08-07T15:00:54.640+08:00,157.195,28.913544000033653,13.502,1193553953,1667,0,active,1.55,,,,,0,,
sensor_combined,2026-08-07T15:00:54.669+08:00,157.224,28.415849000111848,27.006,1193580959,1667,0,active,1.55,,,,,0,,
sensor_combined,2026-08-07T15:00:55.357+08:00,157.910,686.5894019999814,1008.199,1194589158,1667,0,active,1.55,,,,,0,,
failsafe_flags,2026-08-07T15:00:55.388+08:00,157.941,,,1194118315,1667,0,active,1.55,,,,,0,,"{'gcs_connection_lost': True, 'manual_control_signal_lost': True, 'offboard_control_signal_lost': True}"
vehicle_status,2026-08-07T15:00:55.423+08:00,157.975,,,1194437245,1667,0,active,1.55,,,,,0,"{'arming_state': 1, 'nav_state': 4, 'failsafe': True}",
sensor_combined,2026-08-07T15:00:55.455+08:00,158.008,97.87488400002076,40.555,1194629713,1667,0,active,1.55,,,,,0,,
failsafe_flags,2026-08-07T15:00:55.485+08:00,158.038,,,1194668213,1667,0,active,1.55,,,,,0,,"{'gcs_connection_lost': True, 'manual_control_signal_lost': True, 'offboard_control_signal_lost': True}"
sensor_combined,2026-08-07T15:00:55.514+08:00,158.069,60.577838999961386,4.453,1194634166,1667,0,active,1.55,,,,,0,,
sensor_combined,2026-08-07T15:00:55.544+08:00,158.098,29.609760999846912,9.002,1194643168,1667,0,active,1.55,,,,,0,,
sensor_combined,2026-08-07T15:00:55.573+08:00,158.128,29.44826800012379,9.05,1194652218,1667,0,active,1.55,,,,,0,,
sensor_combined,2026-08-07T15:00:55.603+08:00,158.157,28.788089000045147,8.954,1194661172,1667,0,active,1.55,,,,,0,,
sensor_combined,2026-08-07T15:00:55.631+08:00,158.186,29.8688329999095,63.012,1194724184,1667,0,active,1.55,,,,,0,,
sensor_combined,2026-08-07T15:00:55.660+08:00,158.215,28.538840999999593,9.002,1194733186,1667,0,active,1.55,,,,,0,,
sensor_combined,2026-08-07T15:00:55.689+08:00,158.243,28.453164999973524,18.004,1194751190,1667,0,active,1.55,,,,,0,,
sensor_combined,2026-08-07T15:00:55.718+08:00,158.272,29.05173800013472,31.506,1194782696,1667,0,active,1.55,,,,,0,,
sensor_combined,2026-08-07T15:00:55.747+08:00,158.302,29.74049699992065,9.002,1194791698,1667,0,active,1.55,,,,,0,,
sensor_combined,2026-08-07T15:00:55.775+08:00,158.330,28.03426400009812,31.506,1194823204,1667,0,active,1.55,,,,,0,,
sensor_combined,2026-08-07T15:00:55.807+08:00,158.361,30.364512999994986,9.049,1194832253,1667,0,active,1.55,,,,,0,,
sensor_combined,2026-08-07T15:00:55.835+08:00,158.390,29.439339999953518,49.462,1194881715,1667,0,active,1.55,,,,,0,,
sensor_combined,2026-08-07T15:00:55.863+08:00,158.418,28.331388999959017,9.002,1194890717,1667,0,active,1.55,,,,,0,,
sensor_combined,2026-08-07T15:00:55.893+08:00,158.447,28.978321000067808,31.554,1194922271,1667,0,active,1.55,,,,,0,,
sensor_combined,2026-08-07T15:00:55.923+08:00,158.477,29.749553999863565,71.967,1194994238,1667,0,active,1.55,,,,,0,,
sensor_combined,2026-08-07T15:00:55.951+08:00,158.506,29.013301000077263,18.051,1195012289,1667,0,active,1.55,,,,,0,,
sensor_combined,2026-08-07T15:00:55.983+08:00,158.535,28.471216000070854,8.954,1195021243,1667,0,active,1.55,,,,,0,,
sensor_combined,2026-08-07T15:00:56.012+08:00,158.567,32.2633149999092,31.506,1195052749,1667,0,active,1.55,,,,,0,,
sensor_combined,2026-08-07T15:00:56.040+08:00,158.595,28.402278999919872,31.506,1195084255,1667,0,active,1.55,,,,,0,,
sensor_combined,2026-08-07T15:00:56.071+08:00,158.624,28.530231000104322,9.002,1195093257,1667,0,active,1.55,,,,,0,,
sensor_combined,2026-08-07T15:00:56.100+08:00,158.655,30.976303999977972,58.512,1195151769,1667,0,active,1.55,,,,,0,,
sensor_combined,2026-08-07T15:00:56.128+08:00,158.684,28.96756700010883,9.001,1195160770,1667,0,active,1.55,,,,,0,,
sensor_combined,2026-08-07T15:00:56.160+08:00,158.712,28.192491999789127,13.503,1195174273,1667,0,active,1.55,,,,,0,,
sensor_combined,2026-08-07T15:00:56.188+08:00,158.744,31.75758600013978,67.513,1195241786,1667,0,active,1.55,,,,,0,,
sensor_combined,2026-08-07T15:00:56.217+08:00,158.772,28.167944999950123,9.002,1195250788,1667,0,active,1.55,,,,,0,,
sensor_combined,2026-08-07T15:00:56.247+08:00,158.801,29.032824000069013,31.554,1195282342,1667,0,active,1.55,,,,,0,,
sensor_combined,2026-08-07T15:00:56.276+08:00,158.831,29.946443999961048,40.46,1195322802,1667,0,active,1.55,,,,,0,,
sensor_combined,2026-08-07T15:00:56.304+08:00,158.859,28.19870100006483,18.004,1195340806,1667,0,active,1.55,,,,,0,,
sensor_combined,2026-08-07T15:00:56.334+08:00,158.888,28.78498299992316,13.503,1195354309,1667,0,active,1.55,,,,,0,,
sensor_combined,2026-08-07T15:00:56.364+08:00,158.919,31.053240999881382,90.018,1195444327,1667,0,active,1.55,,,,,0,,
sensor_combined,2026-08-07T15:00:56.392+08:00,158.948,28.850688000147784,27.005,1195471332,1667,0,active,1.55,,,,,0,,
sensor_combined,2026-08-07T15:00:56.422+08:00,158.976,28.6871149999115,9.002,1195480334,1667,0,active,1.55,,,,,0,,
sensor_combined,2026-08-07T15:00:56.451+08:00,159.005,28.983601000163617,13.502,1195493836,1667,0,active,1.55,,,,,0,,
sensor_combined,2026-08-07T15:00:56.480+08:00,159.035,29.607872999804385,9.002,1195502838,1667,0,active,1.55,,,,,0,,
sensor_combined,2026-08-07T15:00:56.509+08:00,159.063,28.44900500008407,9.002,1195511840,1667,0,active,1.55,,,,,0,,
sensor_combined,2026-08-07T15:00:56.537+08:00,159.093,29.144966000103523,31.506,1195543346,1667,0,active,1.55,,,,,0,,
sensor_combined,2026-08-07T15:00:56.566+08:00,159.121,28.522229999907722,9.05,1195552396,1667,0,active,1.55,,,,,0,,
sensor_combined,2026-08-07T15:00:56.596+08:00,159.150,28.906791000054,22.504,1195574900,1667,0,active,1.55,,,,,0,,
sensor_combined,2026-08-07T15:00:56.625+08:00,159.180,29.57023599992681,8.954,1195583854,1667,0,active,1.55,,,,,0,,
sensor_combined,2026-08-07T15:00:57.361+08:00,159.912,732.747161999896,1008.199,1196592053,1667,0,active,1.55,,,,,0,,
failsafe_flags,2026-08-07T15:00:57.393+08:00,159.946,,,1196308213,1667,0,active,1.55,,,,,0,,"{'gcs_connection_lost': True, 'manual_control_signal_lost': True, 'offboard_control_signal_lost': True}"
vehicle_status,2026-08-07T15:00:57.425+08:00,159.979,,,1196462802,1667,0,active,1.55,,,,,0,"{'arming_state': 1, 'nav_state': 4, 'failsafe': True}",
sensor_combined,2026-08-07T15:00:57.456+08:00,160.010,97.58390300021347,36.007,1196628060,1667,0,active,1.55,,,,,0,,
sensor_combined,2026-08-07T15:00:57.485+08:00,160.039,29.48782599992228,4.549,1196632609,1667,0,active,1.55,,,,,0,,
sensor_combined,2026-08-07T15:00:57.517+08:00,160.069,29.301561000011134,8.954,1196641563,1667,0,active,1.55,,,,,0,,
sensor_combined,2026-08-07T15:00:57.547+08:00,160.101,32.377441999869916,13.55,1196655113,1667,0,active,1.55,,,,,0,,
sensor_combined,2026-08-07T15:00:57.578+08:00,160.132,30.640196000149444,8.954,1196664067,1667,0,active,1.55,,,,,0,,
sensor_combined,2026-08-07T15:00:57.608+08:00,160.162,29.917608999994627,22.505,1196686572,1667,0,active,1.55,,,,,0,,
sensor_combined,2026-08-07T15:00:57.637+08:00,160.192,30.593949999911274,36.055,1196722627,1667,0,active,1.55,,,,,0,,
sensor_combined,2026-08-07T15:00:57.667+08:00,160.222,29.306745999974737,13.455,1196736082,1667,0,active,1.55,,,,,0,,
sensor_combined,2026-08-07T15:00:57.697+08:00,160.251,29.25099499998396,18.003,1196754085,1667,0,active,1.55,,,,,0,,
sensor_combined,2026-08-07T15:00:57.726+08:00,160.281,29.70907000008083,67.513,1196821598,1667,0,active,1.55,,,,,0,,
failsafe_flags,2026-08-07T15:00:57.753+08:00,160.308,,,1196859328,1667,0,active,1.55,,,,,0,,"{'gcs_connection_lost': True, 'manual_control_signal_lost': True, 'offboard_control_signal_lost': True}"
sensor_combined,2026-08-07T15:00:57.784+08:00,160.337,56.738244999905874,13.551,1196835149,1667,0,active,1.55,,,,,0,,
sensor_combined,2026-08-07T15:00:57.814+08:00,160.367,30.15971900003933,58.464,1196893613,1667,0,active,1.55,,,,,0,,
sensor_combined,2026-08-07T15:00:57.842+08:00,160.397,29.77807100000973,9.049,1196902662,1667,0,active,1.55,,,,,0,,
sensor_combined,2026-08-07T15:00:57.872+08:00,160.426,28.994034000106694,13.456,1196916118,1667,0,active,1.55,,,,,0,,
sensor_combined,2026-08-07T15:00:57.902+08:00,160.456,29.893348999848968,76.562,1196992680,1667,0,active,1.55,,,,,0,,
sensor_combined,2026-08-07T15:00:57.931+08:00,160.486,29.795385000170427,22.505,1197015185,1667,0,active,1.55,,,,,0,,
sensor_combined,2026-08-07T15:00:57.959+08:00,160.514,28.294264999885854,4.453,1197019638,1667,0,active,1.55,,,,,0,,
sensor_combined,2026-08-07T15:00:57.988+08:00,160.543,28.897862000121677,36.007,1197055645,1667,0,active,1.55,,,,,0,,
sensor_combined,2026-08-07T15:00:58.018+08:00,160.572,28.749074999950608,27.053,1197082698,1667,0,active,1.55,,,,,0,,
sensor_combined,2026-08-07T15:00:58.047+08:00,160.601,29.515988999946785,13.455,1197096153,1667,0,active,1.55,,,,,0,,
sensor_combined,2026-08-07T15:00:58.076+08:00,160.631,29.550553000035507,90.019,1197186172,1667,0,active,1.55,,,,,0,,
sensor_combined,2026-08-07T15:00:58.104+08:00,160.659,28.31622000007883,9.048,1197195220,1667,0,active,1.55,,,,,0,,
sensor_combined,2026-08-07T15:00:58.133+08:00,160.688,28.71729499997855,17.956,1197213176,1667,0,active,1.55,,,,,0,,
sensor_combined,2026-08-07T15:00:58.162+08:00,160.716,28.48846599999888,13.503,1197226679,1667,0,active,1.55,,,,,0,,
sensor_combined,2026-08-07T15:00:58.191+08:00,160.746,29.50193899982878,36.054,1197262733,1667,0,active,1.55,,,,,0,,
sensor_combined,2026-08-07T15:00:58.220+08:00,160.774,28.21588699998756,13.455,1197276188,1667,0,active,1.55,,,,,0,,
sensor_combined,2026-08-07T15:00:58.250+08:00,160.804,30.2063490000819,9.05,1197285238,1667,0,active,1.55,,,,,0,,
sensor_combined,2026-08-07T15:00:58.279+08:00,160.834,29.369859000098586,40.46,1197325698,1667,0,active,1.55,,,,,0,,
failsafe_flags,2026-08-07T15:00:58.307+08:00,160.861,,,1197409212,1667,0,active,1.55,,,,,0,,"{'gcs_connection_lost': True, 'manual_control_signal_lost': True, 'offboard_control_signal_lost': True}"
sensor_combined,2026-08-07T15:00:58.337+08:00,160.890,56.71625799982394,18.003,1197343701,1667,0,active,1.55,,,,,0,,
sensor_combined,2026-08-07T15:00:58.366+08:00,160.921,30.22481500011054,112.523,1197456224,1667,0,active,1.55,,,,,0,,
vehicle_status,2026-08-07T15:00:58.394+08:00,160.948,,,1197475086,1667,0,active,1.55,,,,,0,"{'arming_state': 1, 'nav_state': 4, 'failsafe': True}",
sensor_combined,2026-08-07T15:00:58.423+08:00,160.978,57.05918300009216,18.004,1197474228,1667,0,active,1.55,,,,,0,,
sensor_combined,2026-08-07T15:00:58.452+08:00,161.007,29.174760999922,9.001,1197483229,1667,0,active,1.55,,,,,0,,
sensor_combined,2026-08-07T15:00:58.481+08:00,161.036,28.754036000009364,22.505,1197505734,1667,0,active,1.55,,,,,0,,
sensor_combined,2026-08-07T15:00:58.509+08:00,161.064,28.50206699986302,9.001,1197514735,1667,0,active,1.55,,,,,0,,
sensor_combined,2026-08-07T15:00:58.538+08:00,161.093,28.902855000069394,9.002,1197523737,1667,0,active,1.55,,,,,0,,
sensor_combined,2026-08-07T15:00:58.566+08:00,161.121,28.32575699994777,22.505,1197546242,1667,0,active,1.55,,,,,0,,
sensor_combined,2026-08-07T15:00:58.595+08:00,161.150,28.350529000135793,9.049,1197555291,1667,0,active,1.55,,,,,0,,
sensor_combined,2026-08-07T15:00:58.624+08:00,161.178,28.677289999905042,17.956,1197573247,1667,0,active,1.55,,,,,0,,
sensor_combined,2026-08-07T15:00:58.652+08:00,161.208,29.427369000131876,13.503,1197586750,1667,0,active,1.55,,,,,0,,
failsafe_flags,2026-08-07T15:00:59.364+08:00,161.917,,,1198509265,1667,0,active,1.5,,,,,0,,"{'gcs_connection_lost': True, 'manual_control_signal_lost': True, 'offboard_control_signal_lost': True}"
sensor_combined,2026-08-07T15:00:59.396+08:00,161.949,740.7675779998044,1008.199,1198594949,1667,0,active,1.5,,,,,0,,
vehicle_status,2026-08-07T15:00:59.427+08:00,161.980,,,1198487625,1667,0,active,1.5,,,,,0,"{'arming_state': 1, 'nav_state': 4, 'failsafe': True}",
sensor_combined,2026-08-07T15:00:59.458+08:00,162.012,63.67176900016602,40.555,1198635504,1667,0,active,1.5,,,,,0,,
sensor_combined,2026-08-07T15:00:59.488+08:00,162.043,30.305241999940336,4.454,1198639958,1667,0,active,1.5,,,,,0,,
sensor_combined,2026-08-07T15:00:59.518+08:00,162.072,29.75768400006018,9.002,1198648960,1667,0,active,1.5,,,,,0,,
sensor_combined,2026-08-07T15:00:59.549+08:00,162.102,30.1763929999197,9.049,1198658009,1667,0,active,1.5,,,,,0,,
sensor_combined,2026-08-07T15:00:59.578+08:00,162.132,29.729008000003887,8.954,1198666963,1667,0,active,1.5,,,,,0,,
sensor_combined,2026-08-07T15:00:59.607+08:00,162.161,29.219247000128235,31.506,1198698469,1667,0,active,1.5,,,,,0,,
sensor_combined,2026-08-07T15:00:59.637+08:00,162.192,30.106111999884888,27.053,1198725522,1667,0,active,1.5,,,,,0,,
sensor_combined,2026-08-07T15:00:59.665+08:00,162.220,28.495026999962647,8.955,1198734477,1667,0,active,1.5,,,,,0,,
sensor_combined,2026-08-07T15:00:59.693+08:00,162.248,28.358432999993965,22.504,1198756981,1667,0,active,1.5,,,,,0,,
sensor_combined,2026-08-07T15:00:59.724+08:00,162.278,29.196556999977474,9.002,1198765983,1667,0,active,1.5,,,,,0,,
sensor_combined,2026-08-07T15:00:59.752+08:00,162.307,29.67399299996032,31.506,1198797489,1667,0,active,1.5,,,,,0,,
sensor_combined,2026-08-07T15:00:59.781+08:00,162.336,28.638661000059074,27.006,1198824495,1667,0,active,1.5,,,,,0,,
sensor_combined,2026-08-07T15:00:59.812+08:00,162.365,28.850400000010268,13.551,1198838046,1667,0,active,1.5,,,,,0,,
sensor_combined,2026-08-07T15:00:59.840+08:00,162.395,30.544984000016484,49.461,1198887507,1667,0,active,1.5,,,,,0,,
sensor_combined,2026-08-07T15:00:59.869+08:00,162.424,28.25938099999803,9.004,1198896511,1667,0,active,1.5,,,,,0,,
sensor_combined,2026-08-07T15:00:59.898+08:00,162.452,28.690186999938305,22.502,1198919013,1667,0,active,1.5,,,,,0,,
sensor_combined,2026-08-07T15:00:59.926+08:00,162.481,28.876452000076824,49.51,1198968523,1667,0,active,1.5,,,,,0,,
failsafe_flags,2026-08-07T15:00:59.954+08:00,162.509,,,1199050232,1667,0,active,1.5,,,,,0,,"{'gcs_connection_lost': True, 'manual_control_signal_lost': True, 'offboard_control_signal_lost': True}"
sensor_combined,2026-08-07T15:00:59.984+08:00,162.538,56.9561929999054,9.002,1198977525,1667,0,active,1.5,,,,,0,,
sensor_combined,2026-08-07T15:01:00.015+08:00,162.568,30.012372000101095,108.071,1199085596,1667,0,active,1.5,,,,,0,,
sensor_combined,2026-08-07T15:01:00.043+08:00,162.598,30.0510330000634,8.952,1199094548,1667,0,active,1.5,,,,,0,,
sensor_combined,2026-08-07T15:01:00.073+08:00,162.627,28.747539000050892,22.504,1199117052,1667,0,active,1.5,,,,,0,,
sensor_combined,2026-08-07T15:01:00.101+08:00,162.656,29.436746999863317,40.511,1199157563,1667,0,active,1.5,,,,,0,,
sensor_combined,2026-08-07T15:01:00.131+08:00,162.686,29.63920499996675,8.999,1199166562,1667,0,active,1.5,,,,,0,,
sensor_combined,2026-08-07T15:01:00.160+08:00,162.715,28.762132000110796,9.049,1199175611,1667,0,active,1.5,,,,,0,,
sensor_combined,2026-08-07T15:01:00.189+08:00,162.744,28.928009999845017,71.967,1199247578,1667,0,active,1.5,,,,,0,,
sensor_combined,2026-08-07T15:01:00.218+08:00,162.772,28.83679900014613,9.002,1199256580,1667,0,active,1.5,,,,,0,,
sensor_combined,2026-08-07T15:01:00.247+08:00,162.802,29.46987099994658,31.554,1199288134,1667,0,active,1.5,,,,,0,,
sensor_combined,2026-08-07T15:01:00.276+08:00,162.831,28.545880999899964,58.464,1199346598,1667,0,active,1.5,,,,,0,,
sensor_combined,2026-08-07T15:01:00.305+08:00,162.860,29.462926000178413,9.049,1199355647,1667,0,active,1.5,,,,,0,,
sensor_combined,2026-08-07T15:01:00.335+08:00,162.890,29.66221599990604,22.505,1199378152,1667,0,active,1.5,,,,,0,,
sensor_combined,2026-08-07T15:01:00.365+08:00,162.919,29.295993000005183,58.463,1199436615,1667,0,active,1.5,,,,,0,,
sensor_combined,2026-08-07T15:01:00.395+08:00,162.948,29.310778000080973,9.05,1199445665,1667,0,active,1.5,,,,,0,,
sensor_combined,2026-08-07T15:01:00.427+08:00,162.979,31.028789999936635,8.954,1199454619,1667,0,active,1.5,,,,,0,,
sensor_combined,2026-08-07T15:01:00.457+08:00,163.011,31.720078000034846,22.504,1199477123,1667,0,active,1.5,,,,,0,,
sensor_combined,2026-08-07T15:01:00.486+08:00,163.040,29.307290999895486,9.002,1199486125,1667,0,active,1.5,,,,,0,,
sensor_combined,2026-08-07T15:01:00.516+08:00,163.070,29.487537000022712,22.505,1199508630,1667,0,active,1.5,,,,,0,,
sensor_combined,2026-08-07T15:01:00.546+08:00,163.100,29.72260699993967,9.001,1199517631,1667,0,active,1.5,,,,,0,,
sensor_combined,2026-08-07T15:01:00.575+08:00,163.130,30.291896000107954,27.006,1199544637,1667,0,active,1.5,,,,,0,,
sensor_combined,2026-08-07T15:01:00.604+08:00,163.159,28.898342000047705,13.55,1199558187,1667,0,active,1.5,,,,,0,,
sensor_combined,2026-08-07T15:01:00.634+08:00,163.189,29.998610999882658,17.956,1199576143,1667,0,active,1.5,,,,,0,,
sensor_combined,2026-08-07T15:01:00.663+08:00,163.217,28.740658000060648,9.002,1199585145,1667,0,active,1.5,,,,,0,,
sensor_combined,2026-08-07T15:01:01.365+08:00,163.918,700.6495000000541,1012.7,1200597845,1667,0,active,1.5,,,,,0,,
failsafe_flags,2026-08-07T15:01:01.395+08:00,163.948,,,1200151297,1667,0,active,1.5,,,,,0,,"{'gcs_connection_lost': True, 'manual_control_signal_lost': True, 'offboard_control_signal_lost': True}"
vehicle_status,2026-08-07T15:01:01.430+08:00,163.981,,,1200514084,1667,0,active,1.5,,,,,0,"{'arming_state': 1, 'nav_state': 4, 'failsafe': True}",
sensor_combined,2026-08-07T15:01:01.463+08:00,164.015,97.33600000004117,36.007,1200633852,1667,0,active,1.5,,,,,0,,
sensor_combined,2026-08-07T15:01:01.492+08:00,164.047,31.656773999884535,4.549,1200638401,1667,0,active,1.5,,,,,0,,
sensor_combined,2026-08-07T15:01:01.524+08:00,164.076,29.338206000147693,8.954,1200647355,1667,0,active,1.5,,,,,0,,
sensor_combined,2026-08-07T15:01:01.554+08:00,164.107,31.037078999816003,9.002,1200656357,1667,0,active,1.5,,,,,0,,
sensor_combined,2026-08-07T15:01:01.584+08:00,164.138,30.988785000090502,9.002,1200665359,1667,0,active,1.5,,,,,0,,
sensor_combined,2026-08-07T15:01:01.615+08:00,164.168,30.03231100001358,40.555,1200705914,1667,0,active,1.5,,,,,0,,
sensor_combined,2026-08-07T15:01:01.645+08:00,164.199,30.279093999979523,8.954,1200714868,1667,0,active,1.5,,,,,0,,
sensor_combined,2026-08-07T15:01:01.674+08:00,164.228,29.507892000083302,13.551,1200728419,1667,0,active,1.5,,,,,0,,
sensor_combined,2026-08-07T15:01:01.704+08:00,164.258,29.775029999882463,8.954,1200737373,1667,0,active,1.5,,,,,0,,
sensor_combined,2026-08-07T15:01:01.733+08:00,164.287,29.05106599996543,67.513,1200804886,1667,0,active,1.5,,,,,0,,
sensor_combined,2026-08-07T15:01:01.761+08:00,164.316,29.06559500002004,31.506,1200836392,1667,0,active,1.5,,,,,0,,
sensor_combined,2026-08-07T15:01:01.792+08:00,164.345,28.732081000043763,9.002,1200845394,1667,0,active,1.5,,,,,0,,
sensor_combined,2026-08-07T15:01:01.821+08:00,164.376,30.831292999891957,49.51,1200894904,1667,0,active,1.5,,,,,0,,
sensor_combined,2026-08-07T15:01:01.851+08:00,164.406,30.034551000198917,13.55,1200908454,1667,0,active,1.5,,,,,0,,
sensor_combined,2026-08-07T15:01:01.879+08:00,164.435,28.849311999920246,17.956,1200926410,1667,0,active,1.5,,,,,0,,
sensor_combined,2026-08-07T15:01:01.909+08:00,164.463,28.592735000074754,40.508,1200966918,1667,0,active,1.5,,,,,0,,
sensor_combined,2026-08-07T15:01:01.938+08:00,164.493,29.685098999834736,18.004,1200984922,1667,0,active,1.5,,,,,0,,
sensor_combined,2026-08-07T15:01:01.969+08:00,164.522,28.960238000081517,13.55,1200998472,1667,0,active,1.5,,,,,0,,
sensor_combined,2026-08-07T15:01:01.997+08:00,164.552,30.413606999900367,58.464,1201056936,1667,0,active,1.5,,,,,0,,
sensor_combined,2026-08-07T15:01:02.029+08:00,164.582,29.76997400014625,9.05,1201065986,1667,0,active,1.5,,,,,0,,
sensor_combined,2026-08-07T15:01:02.059+08:00,164.613,31.243280999888157,22.504,1201088490,1667,0,active,1.5,,,,,0,,
sensor_combined,2026-08-07T15:01:02.089+08:00,164.643,29.950412000061988,49.462,1201137952,1667,0,active,1.5,,,,,0,,
failsafe_flags,2026-08-07T15:01:02.118+08:00,164.672,,,1201251324,1667,0,active,1.5,,,,,0,,"{'gcs_connection_lost': True, 'manual_control_signal_lost': True, 'offboard_control_signal_lost': True}"
sensor_combined,2026-08-07T15:01:02.148+08:00,164.702,58.729732000074364,18.051,1201156003,1667,0,active,1.5,,,,,0,,
sensor_combined,2026-08-07T15:01:02.177+08:00,164.732,29.587997999897198,71.967,1201227970,1667,0,active,1.5,,,,,0,,
sensor_combined,2026-08-07T15:01:02.206+08:00,164.761,29.09462299999177,27.005,1201254975,1667,0,active,1.5,,,,,0,,
sensor_combined,2026-08-07T15:01:02.237+08:00,164.790,29.256948000011107,13.551,1201268526,1667,0,active,1.5,,,,,0,,
sensor_combined,2026-08-07T15:01:02.266+08:00,164.822,31.64000400010991,58.463,1201326989,1667,0,active,1.5,,,,,0,,
sensor_combined,2026-08-07T15:01:02.296+08:00,164.850,28.589246999899842,31.555,1201358544,1667,0,active,1.5,,,,,0,,
sensor_combined,2026-08-07T15:01:02.324+08:00,164.879,28.971726999998282,8.954,1201367498,1667,0,active,1.5,,,,,0,,
sensor_combined,2026-08-07T15:01:02.353+08:00,164.908,29.138149000118574,49.509,1201417007,1667,0,active,1.5,,,,,0,,
vehicle_status,2026-08-07T15:01:02.380+08:00,164.935,,,1201526100,1667,0,active,1.5,,,,,0,"{'arming_state': 1, 'nav_state': 4, 'failsafe': True}",
sensor_combined,2026-08-07T15:01:02.409+08:00,164.964,55.49421499995333,31.554,1201448561,1667,0,active,1.5,,,,,0,,
sensor_combined,2026-08-07T15:01:02.438+08:00,164.993,29.17533699996966,8.955,1201457516,1667,0,active,1.5,,,,,0,,
sensor_combined,2026-08-07T15:01:02.466+08:00,165.021,28.56066699996518,27.005,1201484521,1667,0,active,1.5,,,,,0,,
sensor_combined,2026-08-07T15:01:02.495+08:00,165.050,28.074652999976024,13.502,1201498023,1667,0,active,1.5,,,,,0,,
sensor_combined,2026-08-07T15:01:02.524+08:00,165.078,28.540505000137273,9.002,1201507025,1667,0,active,1.5,,,,,0,,
sensor_combined,2026-08-07T15:01:02.553+08:00,165.108,29.662535999932516,9.05,1201516075,1667,0,active,1.5,,,,,0,,
sensor_combined,2026-08-07T15:01:02.581+08:00,165.137,28.783926999949472,31.458,1201547533,1667,0,active,1.5,,,,,0,,
sensor_combined,2026-08-07T15:01:02.610+08:00,165.165,28.135588999930405,9.002,1201556535,1667,0,active,1.5,,,,,0,,
sensor_combined,2026-08-07T15:01:02.639+08:00,165.194,29.52527000002192,18.004,1201574539,1667,0,active,1.5,,,,,0,,
sensor_combined,2026-08-07T15:01:02.668+08:00,165.223,28.669736999972883,13.502,1201588041,1667,0,active,1.5,,,,,0,,
sensor_combined,2026-08-07T15:01:03.378+08:00,165.928,705.4255340001419,1017.202,1202605243,1667,0,active,1.5,,,,,0,,
failsafe_flags,2026-08-07T15:01:03.409+08:00,165.962,,,1202341404,1667,0,active,1.5,,,,,0,,"{'gcs_connection_lost': True, 'manual_control_signal_lost': True, 'offboard_control_signal_lost': True}"
vehicle_status,2026-08-07T15:01:03.442+08:00,165.995,,,1202540083,1667,0,active,1.5,,,,,0,"{'arming_state': 1, 'nav_state': 4, 'failsafe': True}",
sensor_combined,2026-08-07T15:01:03.475+08:00,166.028,100.11452999992798,40.508,1202645751,1667,0,active,1.5,,,,,0,,
sensor_combined,2026-08-07T15:01:03.504+08:00,166.059,30.336893999901804,4.501,1202650252,1667,0,active,1.5,,,,,0,,
sensor_combined,2026-08-07T15:01:03.537+08:00,166.088,29.232529000182694,4.5,1202654752,1667,0,active,1.5,,,,,0,,
sensor_combined,2026-08-07T15:01:03.566+08:00,166.120,32.50497799990626,13.503,1202668255,1667,0,active,1.5,,,,,0,,
sensor_combined,2026-08-07T15:01:03.597+08:00,166.150,29.733969000062643,9.002,1202677257,1667,0,active,1.5,,,,,0,,
sensor_combined,2026-08-07T15:01:03.629+08:00,166.181,30.375585999991017,31.554,1202708811,1667,0,active,1.5,,,,,0,,
sensor_combined,2026-08-07T15:01:03.658+08:00,166.213,32.02744600002916,8.954,1202717765,1667,0,active,1.5,,,,,0,,
sensor_combined,2026-08-07T15:01:03.687+08:00,166.242,29.19911599997249,18.004,1202735769,1667,0,active,1.5,,,,,0,,
sensor_combined,2026-08-07T15:01:03.716+08:00,166.270,28.576860999919518,9.002,1202744771,1667,0,active,1.5,,,,,0,,
sensor_combined,2026-08-07T15:01:03.744+08:00,166.300,29.31535600009738,72.014,1202816785,1667,0,active,1.5,,,,,0,,
sensor_combined,2026-08-07T15:01:03.773+08:00,166.328,28.415335999852687,31.506,1202848291,1667,0,active,1.5,,,,,0,,
sensor_combined,2026-08-07T15:01:03.803+08:00,166.357,28.97064000012506,9.002,1202857293,1667,0,active,1.5,,,,,0,,
sensor_combined,2026-08-07T15:01:03.832+08:00,166.387,29.631010999992213,49.51,1202906803,1667,0,active,1.5,,,,,0,,
sensor_combined,2026-08-07T15:01:03.861+08:00,166.415,28.311291999898458,9.001,1202915804,1667,0,active,1.5,,,,,0,,
sensor_combined,2026-08-07T15:01:03.890+08:00,166.445,29.695244000095045,9.002,1202924806,1667,0,active,1.5,,,,,0,,
sensor_combined,2026-08-07T15:01:03.919+08:00,166.474,29.365856999902462,63.013,1202987819,1667,0,active,1.5,,,,,0,,
vehicle_status,2026-08-07T15:01:03.947+08:00,166.502,,,1203046105,1667,0,active,1.5,,,,,0,"{'arming_state': 1, 'nav_state': 4, 'failsafe': True}",
sensor_combined,2026-08-07T15:01:03.977+08:00,166.531,57.35515600008512,18.003,1203005822,1667,0,active,1.5,,,,,0,,
sensor_combined,2026-08-07T15:01:04.006+08:00,166.561,29.754068000102052,112.523,1203118345,1667,0,active,1.5,,,,,0,,
sensor_combined,2026-08-07T15:01:04.036+08:00,166.591,29.37974699989354,9.002,1203127347,1667,0,active,1.5,,,,,0,,
sensor_combined,2026-08-07T15:01:04.065+08:00,166.620,29.330878000109806,9.049,1203136396,1667,0,active,1.5,,,,,0,,
sensor_combined,2026-08-07T15:01:04.095+08:00,166.649,29.316186999949423,31.458,1203167854,1667,0,active,1.5,,,,,0,,
sensor_combined,2026-08-07T15:01:04.124+08:00,166.679,29.64282099992488,9.002,1203176856,1667,0,active,1.5,,,,,0,,
sensor_combined,2026-08-07T15:01:04.153+08:00,166.708,28.85872100000597,9.002,1203185858,1667,0,active,1.5,,,,,0,,
sensor_combined,2026-08-07T15:01:04.182+08:00,166.737,29.295961000116222,63.063,1203248921,1667,0,active,1.5,,,,,0,,
sensor_combined,2026-08-07T15:01:04.211+08:00,166.766,28.760276999946655,26.955,1203275876,1667,0,active,1.5,,,,,0,,
sensor_combined,2026-08-07T15:01:04.240+08:00,166.795,29.174952999937886,22.504,1203298380,1667,0,active,1.5,,,,,0,,
sensor_combined,2026-08-07T15:01:04.269+08:00,166.824,28.923114000008354,27.006,1203325386,1667,0,active,1.5,,,,,0,,
failsafe_flags,2026-08-07T15:01:04.296+08:00,166.852,,,1203443247,1667,0,active,1.5,,,,,0,,"{'gcs_connection_lost': True, 'manual_control_signal_lost': True, 'offboard_control_signal_lost': True}"
sensor_combined,2026-08-07T15:01:04.326+08:00,166.880,56.06644699992103,13.55,1203338936,1667,0,active,1.5,,,,,0,,
sensor_combined,2026-08-07T15:01:04.355+08:00,166.910,29.76632500008236,26.958,1203365894,1667,0,active,1.46,,,,,0,,
sensor_combined,2026-08-07T15:01:04.385+08:00,166.939,29.511988999956884,99.019,1203464913,1667,0,active,1.46,,,,,0,,
sensor_combined,2026-08-07T15:01:04.413+08:00,166.968,28.804378000131692,31.554,1203496467,1667,0,active,1.46,,,,,0,,
sensor_combined,2026-08-07T15:01:04.442+08:00,166.997,28.80783499995232,8.954,1203505421,1667,0,active,1.46,,,,,0,,
sensor_combined,2026-08-07T15:01:04.471+08:00,167.026,29.101919999902748,22.505,1203527926,1667,0,active,1.46,,,,,0,,
sensor_combined,2026-08-07T15:01:04.500+08:00,167.055,28.863584999953673,9.004,1203536930,1667,0,active,1.46,,,,,0,,
sensor_combined,2026-08-07T15:01:04.529+08:00,167.084,28.739634000203296,18.002,1203554932,1667,0,active,1.46,,,,,0,,
sensor_combined,2026-08-07T15:01:04.559+08:00,167.113,29.608800999994855,13.502,1203568434,1667,0,active,1.46,,,,,0,,
sensor_combined,2026-08-07T15:01:04.588+08:00,167.142,29.123362999825986,9.002,1203577436,1667,0,active,1.46,,,,,0,,
sensor_combined,2026-08-07T15:01:04.617+08:00,167.171,28.99576300001172,9.049,1203586485,1667,0,active,1.46,,,,,0,,
sensor_combined,2026-08-07T15:01:04.647+08:00,167.202,30.272981000052823,8.955,1203595440,1667,0,active,1.46,,,,,0,,
failsafe_flags,2026-08-07T15:01:05.377+08:00,167.930,,,1204534231,1667,0,active,1.46,,,,,0,,"{'gcs_connection_lost': True, 'manual_control_signal_lost': True, 'offboard_control_signal_lost': True}"
sensor_combined,2026-08-07T15:01:05.410+08:00,167.963,761.65421099995,1012.7,1204608140,1667,0,active,1.46,,,,,0,,
vehicle_status,2026-08-07T15:01:05.441+08:00,167.994,,,1204567102,1667,0,active,1.46,,,,,0,"{'arming_state': 1, 'nav_state': 4, 'failsafe': True}",
sensor_combined,2026-08-07T15:01:05.474+08:00,168.027,63.68421900015164,40.508,1204648648,1667,0,active,1.46,,,,,0,,
sensor_combined,2026-08-07T15:01:05.507+08:00,168.059,32.00475399989955,4.501,1204653149,1667,0,active,1.46,,,,,0,,
sensor_combined,2026-08-07T15:01:05.537+08:00,168.091,31.959340999947017,9.002,1204662151,1667,0,active,1.46,,,,,0,,
sensor_combined,2026-08-07T15:01:05.566+08:00,168.121,30.647557000065717,9.002,1204671153,1667,0,active,1.46,,,,,0,,
sensor_combined,2026-08-07T15:01:05.596+08:00,168.150,28.77218300000095,9.002,1204680155,1667,0,active,1.46,,,,,0,,
sensor_combined,2026-08-07T15:01:05.625+08:00,168.179,29.083292999985133,40.507,1204720662,1667,0,active,1.46,,,,,0,,
sensor_combined,2026-08-07T15:01:05.656+08:00,168.210,30.720046999931583,9.002,1204729664,1667,0,active,1.46,,,,,0,,
sensor_combined,2026-08-07T15:01:05.685+08:00,168.239,29.370018000008713,13.503,1204743167,1667,0,active,1.46,,,,,0,,
sensor_combined,2026-08-07T15:01:05.714+08:00,168.269,29.29544900007386,9.002,1204752169,1667,0,active,1.46,,,,,0,,
sensor_combined,2026-08-07T15:01:05.742+08:00,168.298,28.93543499999396,67.513,1204819682,1667,0,active,1.46,,,,,0,,
sensor_combined,2026-08-07T15:01:05.771+08:00,168.326,28.17520999997214,31.506,1204851188,1667,0,active,1.46,,,,,0,,
sensor_combined,2026-08-07T15:01:05.801+08:00,168.354,28.454925999994884,9.002,1204860190,1667,0,active,1.46,,,,,0,,
sensor_combined,2026-08-07T15:01:05.830+08:00,168.384,30.050136999989263,72.015,1204932205,1667,0,active,1.46,,,,,0,,
sensor_combined,2026-08-07T15:01:05.858+08:00,168.413,28.883204000067053,9.001,1204941206,1667,0,active,1.46,,,,,0,,
sensor_combined,2026-08-07T15:01:05.886+08:00,168.441,28.262581000035425,9.002,1204950208,1667,0,active,1.46,,,,,0,,
sensor_combined,2026-08-07T15:01:05.915+08:00,168.470,28.849919999856866,40.508,1204990716,1667,0,active,1.46,,,,,0,,
sensor_combined,2026-08-07T15:01:05.944+08:00,168.499,29.019414000003962,18.004,1205008720,1667,0,active,1.46,,,,,0,,
sensor_combined,2026-08-07T15:01:05.973+08:00,168.527,27.88496500011206,9.002,1205017722,1667,0,active,1.46,,,,,0,,
sensor_combined,2026-08-07T15:01:06.002+08:00,168.557,29.435178000085216,18.003,1205035725,1667,0,active,1.46,,,,,0,,
sensor_combined,2026-08-07T15:01:06.031+08:00,168.586,28.918600999986666,67.513,1205103238,1667,0,active,1.46,,,,,0,,
sensor_combined,2026-08-07T15:01:06.059+08:00,168.614,28.622530999882656,9.002,1205112240,1667,0,active,1.46,,,,,0,,
sensor_combined,2026-08-07T15:01:06.091+08:00,168.642,28.033240000013393,9.002,1205121242,1667,0,active,1.46,,,,,0,,
sensor_combined,2026-08-07T15:01:06.120+08:00,168.674,32.11100799990163,81.016,1205202258,1667,0,active,1.46,,,,,0,,
sensor_combined,2026-08-07T15:01:06.148+08:00,168.703,29.078205000132584,9.002,1205211260,1667,0,active,1.46,,,,,0,,
sensor_combined,2026-08-07T15:01:06.178+08:00,168.731,28.041464999887467,27.005,1205238265,1667,0,active,1.46,,,,,0,,
sensor_combined,2026-08-07T15:01:06.208+08:00,168.762,30.662887000062256,45.009,1205283274,1667,0,active,1.46,,,,,0,,
sensor_combined,2026-08-07T15:01:06.237+08:00,168.791,29.282487000045876,18.004,1205301278,1667,0,active,1.46,,,,,0,,
sensor_combined,2026-08-07T15:01:06.266+08:00,168.820,29.055258999960643,9.002,1205310280,1667,0,active,1.46,,,,,0,,
sensor_combined,2026-08-07T15:01:06.295+08:00,168.850,29.320988000108628,63.012,1205373292,1667,0,active,1.46,,,,,0,,
sensor_combined,2026-08-07T15:01:06.324+08:00,168.878,28.529207000019596,9.002,1205382294,1667,0,active,1.46,,,,,0,,
sensor_combined,2026-08-07T15:01:06.353+08:00,168.908,29.453484999976354,18.004,1205400298,1667,0,active,1.46,,,,,0,,
sensor_combined,2026-08-07T15:01:06.383+08:00,168.937,28.916423999817198,63.012,1205463310,1667,0,active,1.46,,,,,0,,
sensor_combined,2026-08-07T15:01:06.411+08:00,168.966,29.646566000110397,9.002,1205472312,1667,0,active,1.46,,,,,0,,
sensor_combined,2026-08-07T15:01:06.441+08:00,168.995,28.618305999998483,27.053,1205499365,1667,0,active,1.46,,,,,0,,
sensor_combined,2026-08-07T15:01:06.469+08:00,169.024,29.04408900008093,13.455,1205512820,1667,0,active,1.46,,,,,0,,
sensor_combined,2026-08-07T15:01:06.498+08:00,169.052,28.258261000019047,9.049,1205521869,1667,0,active,1.46,,,,,0,,
sensor_combined,2026-08-07T15:01:06.527+08:00,169.081,29.158982999888394,8.954,1205530823,1667,0,active,1.46,,,,,0,,
sensor_combined,2026-08-07T15:01:06.555+08:00,169.110,28.88490100008312,9.002,1205539825,1667,0,active,1.46,,,,,0,,
sensor_combined,2026-08-07T15:01:06.584+08:00,169.138,27.953453000009176,22.504,1205562329,1667,0,active,1.46,,,,,0,,
sensor_combined,2026-08-07T15:01:06.613+08:00,169.168,29.82434899990949,9.003,1205571332,1667,0,active,1.46,,,,,0,,
sensor_combined,2026-08-07T15:01:06.643+08:00,169.197,28.911496000091574,18.05,1205589382,1667,0,active,1.46,,,,,0,,
sensor_combined,2026-08-07T15:01:06.672+08:00,169.226,29.35849599998619,8.955,1205598337,1667,0,active,1.46,,,,,0,,
sensor_combined,2026-08-07T15:01:07.382+08:00,169.933,707.0991880000292,1012.701,1206611038,1667,0,active,1.46,,,,,0,,
failsafe_flags,2026-08-07T15:01:07.414+08:00,169.966,,,1206184829,1667,0,active,1.46,,,,,0,,"{'gcs_connection_lost': True, 'manual_control_signal_lost': True, 'offboard_control_signal_lost': True}"
vehicle_status,2026-08-07T15:01:07.446+08:00,169.999,,,1206591773,1667,0,active,1.46,,,,,0,"{'arming_state': 1, 'nav_state': 4, 'failsafe': True}",
sensor_combined,2026-08-07T15:01:07.479+08:00,170.033,99.1407099998014,36.055,1206647093,1667,0,active,1.46,,,,,0,,
sensor_combined,2026-08-07T15:01:07.507+08:00,170.063,29.99300999999832,4.453,1206651546,1667,0,active,1.46,,,,,0,,
sensor_combined,2026-08-07T15:01:07.536+08:00,170.091,28.299834000108604,13.503,1206665049,1667,0,active,1.46,,,,,0,,
sensor_combined,2026-08-07T15:01:07.566+08:00,170.121,30.210637999971368,9.001,1206674050,1667,0,active,1.46,,,,,0,,
failsafe_flags,2026-08-07T15:01:07.595+08:00,170.150,,,1206734469,1667,0,active,1.46,,,,,0,,"{'gcs_connection_lost': True, 'manual_control_signal_lost': True, 'offboard_control_signal_lost': True}"
sensor_combined,2026-08-07T15:01:07.624+08:00,170.179,57.80753299995922,9.002,1206683052,1667,0,active,1.46,,,,,0,,
sensor_combined,2026-08-07T15:01:07.654+08:00,170.209,29.7851120001269,49.51,1206732562,1667,0,active,1.46,,,,,0,,
sensor_combined,2026-08-07T15:01:07.683+08:00,170.238,29.257811999968908,9.002,1206741564,1667,0,active,1.46,,,,,0,,
sensor_combined,2026-08-07T15:01:07.712+08:00,170.267,28.9740640000673,13.503,1206755067,1667,0,active,1.46,,,,,0,,
sensor_combined,2026-08-07T15:01:07.743+08:00,170.296,28.9221529999395,63.013,1206818080,1667,0,active,1.46,,,,,0,,
sensor_combined,2026-08-07T15:01:07.772+08:00,170.327,31.595742000035898,36.006,1206854086,1667,0,active,1.46,,,,,0,,
sensor_combined,2026-08-07T15:01:07.806+08:00,170.356,28.448268999909487,9.002,1206863088,1667,0,active,1.46,,,,,0,,
sensor_combined,2026-08-07T15:01:07.834+08:00,170.389,33.40371700005562,58.512,1206921600,1667,0,active,1.46,,,,,0,,
sensor_combined,2026-08-07T15:01:07.863+08:00,170.418,28.725903999884395,13.502,1206935102,1667,0,active,1.46,,,,,0,,
sensor_combined,2026-08-07T15:01:07.892+08:00,170.446,28.345056000034674,9.002,1206944104,1667,0,active,1.46,,,,,0,,
sensor_combined,2026-08-07T15:01:07.920+08:00,170.476,29.462733999935153,58.512,1207002616,1667,0,active,1.46,,,,,0,,
sensor_combined,2026-08-07T15:01:07.950+08:00,170.504,28.578525000057198,9.001,1207011617,1667,0,active,1.46,,,,,0,,
sensor_combined,2026-08-07T15:01:07.978+08:00,170.534,29.158024000025762,31.507,1207043124,1667,0,active,1.46,,,,,0,,
sensor_combined,2026-08-07T15:01:08.008+08:00,170.562,28.8403819999985,40.508,1207083632,1667,0,active,1.46,,,,,0,,
sensor_combined,2026-08-07T15:01:08.037+08:00,170.592,29.29730500000005,31.506,1207115138,1667,0,active,1.46,,,,,0,,
sensor_combined,2026-08-07T15:01:08.066+08:00,170.621,29.24363500005711,9.002,1207124140,1667,0,active,1.46,,,,,0,,
sensor_combined,2026-08-07T15:01:08.095+08:00,170.650,28.600095999991026,9.001,1207133141,1667,0,active,1.46,,,,,0,,
sensor_combined,2026-08-07T15:01:08.125+08:00,170.679,29.394660999969346,40.509,1207173650,1667,0,active,1.46,,,,,0,,
sensor_combined,2026-08-07T15:01:08.153+08:00,170.708,29.191756000045643,9.001,1207182651,1667,0,active,1.46,,,,,0,,
sensor_combined,2026-08-07T15:01:08.182+08:00,170.737,28.395558000056553,18.004,1207200655,1667,0,active,1.46,,,,,0,,
sensor_combined,2026-08-07T15:01:08.211+08:00,170.766,28.97470399989288,54.059,1207254714,1667,0,active,1.46,,,,,0,,
sensor_combined,2026-08-07T15:01:08.240+08:00,170.794,28.6247070000627,8.953,1207263667,1667,0,active,1.46,,,,,0,,
sensor_combined,2026-08-07T15:01:08.269+08:00,170.823,29.122338999968633,9.002,1207272669,1667,0,active,1.46,,,,,0,,
sensor_combined,2026-08-07T15:01:08.298+08:00,170.853,29.68439500000386,72.062,1207344731,1667,0,active,1.46,,,,,0,,
sensor_combined,2026-08-07T15:01:08.328+08:00,170.882,28.92752999991899,26.958,1207371689,1667,0,active,1.46,,,,,0,,
sensor_combined,2026-08-07T15:01:08.358+08:00,170.912,30.494929000042248,9.002,1207380691,1667,0,active,1.46,,,,,0,,
sensor_combined,2026-08-07T15:01:08.386+08:00,170.941,29.055899000013596,90.018,1207470709,1667,0,active,1.46,,,,,0,,
sensor_combined,2026-08-07T15:01:08.414+08:00,170.970,28.322972000069058,31.554,1207502263,1667,0,active,1.46,,,,,0,,
sensor_combined,2026-08-07T15:01:08.443+08:00,170.998,28.23672199997418,8.954,1207511217,1667,0,active,1.46,,,,,0,,
sensor_combined,2026-08-07T15:01:08.472+08:00,171.027,29.108096999834743,22.504,1207533721,1667,0,active,1.46,,,,,0,,
sensor_combined,2026-08-07T15:01:08.500+08:00,171.055,27.906568000162224,9.002,1207542723,1667,0,active,1.46,,,,,0,,
sensor_combined,2026-08-07T15:01:08.530+08:00,171.083,28.50337999984731,18.004,1207560727,1667,0,active,1.46,,,,,0,,
sensor_combined,2026-08-07T15:01:08.559+08:00,171.114,30.438506000109555,13.502,1207574229,1667,0,active,1.46,,,,,0,,
sensor_combined,2026-08-07T15:01:08.588+08:00,171.142,28.55605900003866,9.002,1207583231,1667,0,active,1.46,,,,,0,,
sensor_combined,2026-08-07T15:01:08.618+08:00,171.171,28.533464000020103,9.049,1207592280,1667,0,active,1.46,,,,,0,,
sensor_combined,2026-08-07T15:01:08.647+08:00,171.201,30.456716999879063,8.955,1207601235,1667,0,active,1.46,,,,,0,,
failsafe_flags,2026-08-07T15:01:09.387+08:00,171.938,,,1208388213,1667,0,active,1.35,,,,,0,,"{'gcs_connection_lost': True, 'manual_control_signal_lost': True, 'offboard_control_signal_lost': True}"
sensor_combined,2026-08-07T15:01:09.423+08:00,171.974,772.0824210000501,1012.701,1208613936,1667,0,active,1.35,,,,,0,,
vehicle_status,2026-08-07T15:01:09.462+08:00,172.008,,,1208112084,1667,0,active,1.35,,,,,0,"{'arming_state': 1, 'nav_state': 4, 'failsafe': True}",
sensor_combined,2026-08-07T15:01:09.492+08:00,172.046,72.41525299991736,40.508,1208654444,1667,0,active,1.35,,,,,0,,
vehicle_status,2026-08-07T15:01:09.522+08:00,172.075,,,1208620130,1667,0,active,1.35,,,,,0,"{'arming_state': 1, 'nav_state': 4, 'failsafe': True}",
sensor_combined,2026-08-07T15:01:09.554+08:00,172.107,60.901624000052834,4.501,1208658945,1667,0,active,1.35,,,,,0,,
sensor_combined,2026-08-07T15:01:09.588+08:00,172.139,31.856672000003528,18.003,1208676948,1667,0,active,1.35,,,,,0,,
sensor_combined,2026-08-07T15:01:09.617+08:00,172.172,32.958731999997326,9.002,1208685950,1667,0,active,1.35,,,,,0,,
sensor_combined,2026-08-07T15:01:09.648+08:00,172.201,29.37353900006201,9.05,1208695000,1667,0,active,1.35,,,,,0,,
sensor_combined,2026-08-07T15:01:09.677+08:00,172.231,30.44013899989295,62.965,1208757965,1667,0,active,1.35,,,,,0,,
sensor_combined,2026-08-07T15:01:09.707+08:00,172.261,29.087870000012117,9.001,1208766966,1667,0,active,1.35,,,,,0,,
sensor_combined,2026-08-07T15:01:09.749+08:00,172.291,30.129027000157294,18.051,1208785017,1667,0,active,1.35,,,,,0,,
sensor_combined,2026-08-07T15:01:09.782+08:00,172.333,42.307796999921266,31.459,1208816476,1667,0,active,1.35,,,,,0,,
failsafe_flags,2026-08-07T15:01:09.817+08:00,172.366,,,1208928252,1667,0,active,1.35,,,,,0,,"{'gcs_connection_lost': True, 'manual_control_signal_lost': True, 'offboard_control_signal_lost': True}"
sensor_combined,2026-08-07T15:01:09.851+08:00,172.401,68.43564099995092,108.022,1208924498,1667,0,active,1.35,,,,,0,,
sensor_combined,2026-08-07T15:01:09.889+08:00,172.437,35.04312600011872,22.504,1208947002,1667,0,active,1.35,,,,,0,,
sensor_combined,2026-08-07T15:01:09.927+08:00,172.476,39.59413899997344,9.002,1208956004,1667,0,active,1.35,,,,,0,,
sensor_combined,2026-08-07T15:01:09.963+08:00,172.512,35.61801499995454,49.51,1209005514,1667,0,active,1.35,,,,,0,,
sensor_combined,2026-08-07T15:01:09.995+08:00,172.547,35.523891999901025,9.001,1209014515,1667,0,active,1.35,,,,,0,,
sensor_combined,2026-08-07T15:01:10.030+08:00,172.579,31.93581699997594,72.015,1209086530,1667,0,active,1.35,,,,,0,,
sensor_combined,2026-08-07T15:01:10.063+08:00,172.615,35.460396000189576,31.506,1209118036,1667,0,active,1.35,,,,,0,,
sensor_combined,2026-08-07T15:01:10.109+08:00,172.648,33.47114899997905,9.002,1209127038,1667,0,active,1.35,,,,,0,,
sensor_combined,2026-08-07T15:01:10.143+08:00,172.693,45.01911900001687,67.513,1209194551,1667,0,active,1.35,,,,,0,,
sensor_combined,2026-08-07T15:01:10.181+08:00,172.728,34.52315499998804,13.503,1209208054,1667,0,active,1.35,,,,,0,,
sensor_combined,2026-08-07T15:01:10.217+08:00,172.767,39.55746199994792,49.558,1209257612,1667,0,active,1.35,,,,,0,,
sensor_combined,2026-08-07T15:01:10.248+08:00,172.801,33.83237999992161,8.953,1209266565,1667,0,active,1.35,,,,,0,,
sensor_combined,2026-08-07T15:01:10.278+08:00,172.833,32.11568000006082,49.512,1209316077,1667,0,active,1.35,,,,,0,,
sensor_combined,2026-08-07T15:01:10.307+08:00,172.861,28.208591000066008,22.503,1209338580,1667,0,active,1.35,,,,,0,,
failsafe_flags,2026-08-07T15:01:10.334+08:00,172.889,,,1209469820,1667,0,active,1.35,,,,,0,,"{'gcs_connection_lost': True, 'manual_control_signal_lost': True, 'offboard_control_signal_lost': True}"
sensor_combined,2026-08-07T15:01:10.368+08:00,172.918,56.91817199999605,9.049,1209347629,1667,0,active,1.35,,,,,0,,
sensor_combined,2026-08-07T15:01:10.397+08:00,172.952,33.74824100001206,130.479,1209478108,1667,0,active,1.35,,,,,0,,
sensor_combined,2026-08-07T15:01:10.426+08:00,172.980,28.232464999973672,27.053,1209505161,1667,0,active,1.35,,,,,0,,
sensor_combined,2026-08-07T15:01:10.457+08:00,173.010,29.708174000006693,13.455,1209518616,1667,0,active,1.35,,,,,0,,
sensor_combined,2026-08-07T15:01:10.485+08:00,173.040,30.194954999842594,49.51,1209568126,1667,0,active,1.35,,,,,0,,
vehicle_status,2026-08-07T15:01:10.512+08:00,173.067,,,1209634083,1667,0,active,1.35,,,,,0,"{'arming_state': 1, 'nav_state': 4, 'failsafe': True}",
sensor_combined,2026-08-07T15:01:10.543+08:00,173.096,55.8084310000595,9.002,1209577128,1667,0,active,1.35,,,,,0,,
sensor_combined,2026-08-07T15:01:10.571+08:00,173.126,30.200555999954304,90.017,1209667145,1667,0,active,1.35,,,,,0,,
sensor_combined,2026-08-07T15:01:10.600+08:00,173.155,29.079486000000543,9.002,1209676147,1667,0,active,1.35,,,,,0,,
sensor_combined,2026-08-07T15:01:10.632+08:00,173.184,28.69729200006077,9.05,1209685197,1667,0,active,1.35,,,,,0,,
sensor_combined,2026-08-07T15:01:10.661+08:00,173.216,31.59702300013123,71.966,1209757163,1667,0,active,1.35,,,,,0,,
sensor_combined,2026-08-07T15:01:10.690+08:00,173.244,28.89821399980974,9.002,1209766165,1667,0,active,1.35,,,,,0,,
sensor_combined,2026-08-07T15:01:10.719+08:00,173.274,29.100160000098185,18.004,1209784169,1667,0,active,1.35,,,,,0,,
sensor_combined,2026-08-07T15:01:10.748+08:00,173.302,28.952173000106995,36.054,1209820223,1667,0,active,1.35,,,,,0,,
sensor_combined,2026-08-07T15:01:10.778+08:00,173.332,29.06479499984016,35.96,1209856183,1667,0,active,1.35,,,,,0,,
sensor_combined,2026-08-07T15:01:10.808+08:00,173.362,30.180330000121103,9.049,1209865232,1667,0,active,1.35,,,,,0,,
sensor_combined,2026-08-07T15:01:10.837+08:00,173.391,29.289655999946262,71.967,1209937199,1667,0,active,1.35,,,,,0,,
failsafe_flags,2026-08-07T15:01:10.865+08:00,173.420,,,1210019869,1667,0,active,1.35,,,,,0,,"{'gcs_connection_lost': True, 'manual_control_signal_lost': True, 'offboard_control_signal_lost': True}"
sensor_combined,2026-08-07T15:01:10.893+08:00,173.448,57.14162499998565,9.002,1209946201,1667,0,active,1.35,,,,,0,,
sensor_combined,2026-08-07T15:01:10.923+08:00,173.478,29.72075100001348,58.512,1210004713,1667,0,active,1.35,,,,,0,,
vehicle_status,2026-08-07T15:01:10.952+08:00,173.505,,,1210140212,1667,0,active,1.35,,,,,0,"{'arming_state': 1, 'nav_state': 4, 'failsafe': True}",
sensor_combined,2026-08-07T15:01:10.980+08:00,173.535,57.264456999973845,9.004,1210013717,1667,0,active,1.35,,,,,0,,
sensor_combined,2026-08-07T15:01:11.012+08:00,173.564,28.8773150000452,49.507,1210063224,1667,0,active,1.35,,,,,0,,
sensor_combined,2026-08-07T15:01:11.045+08:00,173.597,32.98516799986828,22.505,1210085729,1667,0,active,1.35,,,,,0,,
sensor_combined,2026-08-07T15:01:11.077+08:00,173.630,32.48596800017367,31.506,1210117235,1667,0,active,1.35,,,,,0,,
sensor_combined,2026-08-07T15:01:11.106+08:00,173.660,30.724302999942665,67.513,1210184748,1667,0,active,1.35,,,,,0,,
sensor_combined,2026-08-07T15:01:11.138+08:00,173.690,30.126786999971955,9.002,1210193750,1667,0,active,1.35,,,,,0,,
sensor_combined,2026-08-07T15:01:11.171+08:00,173.722,31.795031000001472,13.503,1210207253,1667,0,active,1.35,,,,,0,,
sensor_combined,2026-08-07T15:01:11.202+08:00,173.755,33.21287700009634,76.515,1210283768,1667,0,active,1.35,,,,,0,,
sensor_combined,2026-08-07T15:01:11.232+08:00,173.786,30.682409999826632,22.505,1210306273,1667,0,active,1.35,,,,,0,,
sensor_combined,2026-08-07T15:01:11.262+08:00,173.816,30.061722000027657,9.049,1210315322,1667,0,active,1.35,,,,,0,,
sensor_combined,2026-08-07T15:01:11.291+08:00,173.845,29.371330999993006,40.46,1210355782,1667,0,active,1.35,,,,,0,,
sensor_combined,2026-08-07T15:01:11.323+08:00,173.875,29.66035899999042,18.004,1210373786,1667,0,active,1.35,,,,,0,,
sensor_combined,2026-08-07T15:01:11.355+08:00,173.908,32.768371999964074,13.503,1210387289,1667,0,active,1.35,,,,,0,,
sensor_combined,2026-08-07T15:01:11.387+08:00,173.939,31.161255000142773,90.018,1210477307,1667,0,active,1.35,,,,,0,,
failsafe_flags,2026-08-07T15:01:11.417+08:00,173.971,,,1210569296,1667,0,active,1.35,,,,,0,,"{'gcs_connection_lost': True, 'manual_control_signal_lost': True, 'offboard_control_signal_lost': True}"
sensor_combined,2026-08-07T15:01:11.449+08:00,174.001,62.35275399990314,27.005,1210504312,1667,0,active,1.35,,,,,0,,
sensor_combined,2026-08-07T15:01:11.482+08:00,174.033,31.834396000022025,9.002,1210513314,1667,0,active,1.35,,,,,0,,
sensor_combined,2026-08-07T15:01:11.513+08:00,174.066,32.85443100003249,13.502,1210526816,1667,0,active,1.35,,,,,0,,
sensor_combined,2026-08-07T15:01:11.543+08:00,174.096,30.072347999976046,9.002,1210535818,1667,0,active,1.35,,,,,0,,
sensor_combined,2026-08-07T15:01:11.574+08:00,174.127,30.525813999929596,9.002,1210544820,1667,0,active,1.35,,,,,0,,
sensor_combined,2026-08-07T15:01:11.604+08:00,174.158,31.143781000082527,22.504,1210567324,1667,0,active,1.35,,,,,0,,
sensor_combined,2026-08-07T15:01:11.633+08:00,174.187,29.17063299992151,9.002,1210576326,1667,0,active,1.35,,,,,0,,
sensor_combined,2026-08-07T15:01:11.662+08:00,174.217,29.54591299999265,9.05,1210585376,1667,0,active,1.35,,,,,0,,
sensor_combined,2026-08-07T15:01:11.692+08:00,174.247,30.485552000072857,17.956,1210603332,1667,0,active,1.35,,,,,0,,
sensor_combined,2026-08-07T15:01:11.720+08:00,174.275,27.84905700013951,13.502,1210616834,1667,0,active,1.35,,,,,0,,
failsafe_flags,2026-08-07T15:01:12.388+08:00,174.941,,,1211119771,1667,0,active,1.35,,,,,0,,"{'gcs_connection_lost': True, 'manual_control_signal_lost': True, 'offboard_control_signal_lost': True}"
sensor_combined,2026-08-07T15:01:12.421+08:00,174.974,698.9313939998283,999.199,1211616033,1667,0,active,1.35,,,,,0,,
vehicle_status,2026-08-07T15:01:12.453+08:00,175.005,,,1211152084,1667,0,active,1.35,,,,,0,"{'arming_state': 1, 'nav_state': 4, 'failsafe': True}",
sensor_combined,2026-08-07T15:01:12.487+08:00,175.040,65.7187829999657,40.508,1211656541,1667,0,active,1.35,,,,,0,,
vehicle_status,2026-08-07T15:01:12.515+08:00,175.070,,,1211659086,1667,0,active,1.35,,,,,0,"{'arming_state': 1, 'nav_state': 4, 'failsafe': True}",
sensor_combined,2026-08-07T15:01:12.547+08:00,175.099,59.89413600013904,4.501,1211661042,1667,0,active,1.35,,,,,0,,
failsafe_flags,2026-08-07T15:01:12.575+08:00,175.130,,,1211670530,1667,0,active,1.35,,,,,0,,"{'gcs_connection_lost': True, 'manual_control_signal_lost': True, 'offboard_control_signal_lost': True}"
sensor_combined,2026-08-07T15:01:12.604+08:00,175.159,59.426747999850704,4.549,1211665591,1667,0,active,1.35,,,,,0,,
sensor_combined,2026-08-07T15:01:12.633+08:00,175.188,28.782040000123743,22.504,1211688095,1667,0,active,1.35,,,,,0,,
sensor_combined,2026-08-07T15:01:12.665+08:00,175.218,30.51096400008646,49.463,1211737558,1667,0,active,1.35,,,,,0,,
sensor_combined,2026-08-07T15:01:12.693+08:00,175.248,30.130946999861408,9.002,1211746560,1667,0,active,1.35,,,,,0,,
sensor_combined,2026-08-07T15:01:12.723+08:00,175.276,27.805499000123746,9.049,1211755609,1667,0,active,1.35,,,,,0,,
sensor_combined,2026-08-07T15:01:12.752+08:00,175.306,30.108703999985664,71.966,1211827575,1667,0,active,1.35,,,,,0,,
sensor_combined,2026-08-07T15:01:12.781+08:00,175.336,29.882275999852936,18.051,1211845626,1667,0,active,1.35,,,,,0,,
sensor_combined,2026-08-07T15:01:12.811+08:00,175.365,28.78005499997016,8.955,1211854581,1667,0,active,1.35,,,,,0,,
sensor_combined,2026-08-07T15:01:12.840+08:00,175.395,29.79628100001719,54.01,1211908591,1667,0,active,1.35,,,,,0,,
sensor_combined,2026-08-07T15:01:12.869+08:00,175.424,29.078941000079794,9.002,1211917593,1667,0,active,1.35,,,,,0,,
sensor_combined,2026-08-07T15:01:12.898+08:00,175.453,28.77365499989537,27.006,1211944599,1667,0,active,1.35,,,,,0,,
sensor_combined,2026-08-07T15:01:12.927+08:00,175.482,29.325436000135596,13.55,1211958149,1667,0,active,1.35,,,,,0,,
sensor_combined,2026-08-07T15:01:12.956+08:00,175.511,28.671497999994244,49.462,1212007611,1667,0,active,1.35,,,,,0,,
sensor_combined,2026-08-07T15:01:12.984+08:00,175.539,28.73288099999627,9.002,1212016613,1667,0,active,1.35,,,,,0,,
sensor_combined,2026-08-07T15:01:13.015+08:00,175.568,28.916232000028685,31.554,1212048167,1667,0,active,1.35,,,,,0,,
sensor_combined,2026-08-07T15:01:13.045+08:00,175.600,31.531734000054712,40.46,1212088627,1667,0,active,1.35,,,,,0,,
sensor_combined,2026-08-07T15:01:13.073+08:00,175.628,28.62640399985139,18.004,1212106631,1667,0,active,1.35,,,,,0,,
sensor_combined,2026-08-07T15:01:13.103+08:00,175.657,28.61849800001437,9.049,1212115680,1667,0,active,1.35,,,,,0,,
sensor_combined,2026-08-07T15:01:13.132+08:00,175.686,29.522550000137926,62.965,1212178645,1667,0,active,1.35,,,,,0,,
sensor_combined,2026-08-07T15:01:13.162+08:00,175.716,29.155014999787454,9.002,1212187647,1667,0,active,1.35,,,,,0,,
sensor_combined,2026-08-07T15:01:13.191+08:00,175.746,30.04815300005248,18.051,1212205698,1667,0,active,1.35,,,,,0,,
sensor_combined,2026-08-07T15:01:13.221+08:00,175.775,29.178345999980593,62.965,1212268663,1667,0,active,1.35,,,,,0,,
sensor_combined,2026-08-07T15:01:13.250+08:00,175.804,29.228624000097625,9.002,1212277665,1667,0,active,1.35,,,,,0,,
sensor_combined,2026-08-07T15:01:13.281+08:00,175.834,29.55967499997314,27.005,1212304670,1667,0,active,1.35,,,,,0,,
sensor_combined,2026-08-07T15:01:13.309+08:00,175.864,30.435401999966416,63.013,1212367683,1667,0,active,1.35,,,,,0,,
sensor_combined,2026-08-07T15:01:13.338+08:00,175.892,28.319101000079172,9.002,1212376685,1667,0,active,1.35,,,,,0,,
sensor_combined,2026-08-07T15:01:13.369+08:00,175.922,29.317434999938996,18.004,1212394689,1667,0,active,1.35,,,,,0,,
sensor_combined,2026-08-07T15:01:13.397+08:00,175.952,30.68871499999659,72.014,1212466703,1667,0,active,1.35,,,,,0,,
sensor_combined,2026-08-07T15:01:13.425+08:00,175.981,28.829052999981286,9.049,1212475752,1667,0,active,1.35,,,,,0,,
sensor_combined,2026-08-07T15:01:13.454+08:00,176.009,27.762806000055207,22.505,1212498257,1667,0,active,1.35,,,,,0,,
sensor_combined,2026-08-07T15:01:13.483+08:00,176.038,28.86796999996477,8.954,1212507211,1667,0,active,1.35,,,,,0,,
sensor_combined,2026-08-07T15:01:13.511+08:00,176.066,28.324828999984675,18.004,1212525215,1667,0,active,1.35,,,,,0,,
sensor_combined,2026-08-07T15:01:13.541+08:00,176.095,28.78600799999731,13.502,1212538717,1667,0,active,1.35,,,,,0,,
sensor_combined,2026-08-07T15:01:13.569+08:00,176.125,29.76248499999201,27.053,1212565770,1667,0,active,1.35,,,,,0,,
sensor_combined,2026-08-07T15:01:13.597+08:00,176.153,28.10988900000666,8.954,1212574724,1667,0,active,1.35,,,,,0,,
sensor_combined,2026-08-07T15:01:13.626+08:00,176.181,28.145413999936864,22.505,1212597229,1667,0,active,1.35,,,,,0,,
sensor_combined,2026-08-07T15:01:13.656+08:00,176.210,29.144902000098227,9.002,1212606231,1667,0,active,1.35,,,,,0,,
failsafe_flags,2026-08-07T15:01:14.389+08:00,176.942,,,1213312230,1667,0,active,1.24,,,,,0,,"{'gcs_connection_lost': True, 'manual_control_signal_lost': True, 'offboard_control_signal_lost': True}"
sensor_combined,2026-08-07T15:01:14.421+08:00,176.975,764.6745970000666,1012.701,1213618932,1667,0,active,1.24,,,,,0,,
vehicle_status,2026-08-07T15:01:14.454+08:00,177.006,,,1213179105,1667,0,active,1.24,,,,,0,"{'arming_state': 1, 'nav_state': 4, 'failsafe': True}",
sensor_combined,2026-08-07T15:01:14.487+08:00,177.041,65.71398200003387,36.008,1213654940,1667,0,active,1.24,,,,,0,,
vehicle_status,2026-08-07T15:01:14.516+08:00,177.071,,,1213686110,1667,0,active,1.24,,,,,0,"{'arming_state': 1, 'nav_state': 4, 'failsafe': True}",
sensor_combined,2026-08-07T15:01:14.547+08:00,177.099,58.84548999983963,4.5,1213659440,1667,0,active,1.24,,,,,0,,
sensor_combined,2026-08-07T15:01:14.576+08:00,177.131,31.294040000148016,13.503,1213672943,1667,0,active,1.24,,,,,0,,
sensor_combined,2026-08-07T15:01:14.605+08:00,177.160,29.317947999970784,9.002,1213681945,1667,0,active,1.24,,,,,0,,
sensor_combined,2026-08-07T15:01:14.635+08:00,177.189,28.68455499992706,9.049,1213690994,1667,0,active,1.24,,,,,0,,
sensor_combined,2026-08-07T15:01:14.665+08:00,177.220,30.819899000107398,58.465,1213749459,1667,0,active,1.24,,,,,0,,
failsafe_flags,2026-08-07T15:01:14.692+08:00,177.247,,,1213852230,1667,0,active,1.24,,,,,0,,"{'gcs_connection_lost': True, 'manual_control_signal_lost': True, 'offboard_control_signal_lost': True}"
sensor_combined,2026-08-07T15:01:14.721+08:00,177.276,56.098035999866624,13.502,1213762961,1667,0,active,1.24,,,,,0,,
sensor_combined,2026-08-07T15:01:14.752+08:00,177.305,29.68679500008875,58.512,1213821473,1667,0,active,1.24,,,,,0,,
sensor_combined,2026-08-07T15:01:14.781+08:00,177.335,30.160647000002427,9.002,1213830475,1667,0,active,1.24,,,,,0,,
sensor_combined,2026-08-07T15:01:14.810+08:00,177.365,29.097632000002704,18.051,1213848526,1667,0,active,1.24,,,,,0,,
sensor_combined,2026-08-07T15:01:14.840+08:00,177.395,30.286871000043902,62.965,1213911491,1667,0,active,1.24,,,,,0,,
sensor_combined,2026-08-07T15:01:14.869+08:00,177.424,29.1615119999733,9.002,1213920493,1667,0,active,1.24,,,,,0,,
sensor_combined,2026-08-07T15:01:14.898+08:00,177.452,28.092222999930527,22.504,1213942997,1667,0,active,1.24,,,,,0,,
sensor_combined,2026-08-07T15:01:14.927+08:00,177.482,29.538040000034016,9.002,1213951999,1667,0,active,1.24,,,,,0,,
sensor_combined,2026-08-07T15:01:14.956+08:00,177.511,29.054745999928855,40.508,1213992507,1667,0,active,1.24,,,,,0,,
sensor_combined,2026-08-07T15:01:14.985+08:00,177.540,28.930635000051552,18.003,1214010510,1667,0,active,1.24,,,,,0,,
sensor_combined,2026-08-07T15:01:15.016+08:00,177.569,29.2596679998951,9.002,1214019512,1667,0,active,1.24,,,,,0,,
sensor_combined,2026-08-07T15:01:15.045+08:00,177.600,30.84649500010528,72.015,1214091527,1667,0,active,1.24,,,,,0,,
sensor_combined,2026-08-07T15:01:15.074+08:00,177.629,29.446508000091853,18.003,1214109530,1667,0,active,1.24,,,,,0,,
sensor_combined,2026-08-07T15:01:15.103+08:00,177.658,28.806970000005094,13.503,1214123033,1667,0,active,1.24,,,,,0,,
sensor_combined,2026-08-07T15:01:15.131+08:00,177.686,28.4723039999335,27.005,1214150038,1667,0,active,1.24,,,,,0,,
sensor_combined,2026-08-07T15:01:15.160+08:00,177.715,28.45876599985786,22.505,1214172543,1667,0,active,1.24,,,,,0,,
sensor_combined,2026-08-07T15:01:15.189+08:00,177.743,28.38262900013433,9.001,1214181544,1667,0,active,1.24,,,,,0,,
sensor_combined,2026-08-07T15:01:15.217+08:00,177.772,29.010484000082215,90.018,1214271562,1667,0,active,1.24,,,,,0,,
sensor_combined,2026-08-07T15:01:15.246+08:00,177.801,28.448492999814334,9.002,1214280564,1667,0,active,1.24,,,,,0,,
sensor_combined,2026-08-07T15:01:15.275+08:00,177.830,28.8548170001377,22.505,1214303069,1667,0,active,1.24,,,,,0,,
sensor_combined,2026-08-07T15:01:15.303+08:00,177.858,28.700812999886693,67.513,1214370582,1667,0,active,1.24,,,,,0,,
sensor_combined,2026-08-07T15:01:15.331+08:00,177.887,28.44644500009963,9.002,1214379584,1667,0,active,1.24,,,,,0,,
sensor_combined,2026-08-07T15:01:15.361+08:00,177.915,28.195083999889903,22.505,1214402089,1667,0,active,1.24,,,,,0,,
sensor_combined,2026-08-07T15:01:15.390+08:00,177.945,29.68810700008362,40.508,1214442597,1667,0,active,1.24,,,,,0,,
sensor_combined,2026-08-07T15:01:15.419+08:00,177.974,28.960718000007546,27.005,1214469602,1667,0,active,1.24,,,,,0,,
sensor_combined,2026-08-07T15:01:15.448+08:00,178.003,29.200044999925012,13.503,1214483105,1667,0,active,1.24,,,,,0,,
sensor_combined,2026-08-07T15:01:15.477+08:00,178.032,28.87952400010363,18.051,1214501156,1667,0,active,1.24,,,,,0,,
sensor_combined,2026-08-07T15:01:15.505+08:00,178.060,28.575261000014507,8.954,1214510110,1667,0,active,1.24,,,,,0,,
sensor_combined,2026-08-07T15:01:15.534+08:00,178.089,28.74328199982301,22.505,1214532615,1667,0,active,1.24,,,,,0,,
sensor_combined,2026-08-07T15:01:15.562+08:00,178.117,28.166249000150856,9.001,1214541616,1667,0,active,1.24,,,,,0,,
sensor_combined,2026-08-07T15:01:15.591+08:00,178.146,28.805145999967863,18.004,1214559620,1667,0,active,1.24,,,,,0,,
sensor_combined,2026-08-07T15:01:15.620+08:00,178.174,28.472687999965274,13.503,1214573123,1667,0,active,1.24,,,,,0,,
sensor_combined,2026-08-07T15:01:15.649+08:00,178.203,28.92378599995027,27.005,1214600128,1667,0,active,1.24,,,,,0,,
sensor_combined,2026-08-07T15:01:15.678+08:00,178.233,29.555450000088967,9.005,1214609133,1667,0,active,1.24,,,,,0,,
sensor_combined,2026-08-07T15:01:16.392+08:00,178.945,711.847089999992,1012.699,1215621832,1667,0,active,1.24,,,,,0,,
failsafe_flags,2026-08-07T15:01:16.424+08:00,178.976,,,1215493234,1667,0,active,1.24,,,,,0,,"{'gcs_connection_lost': True, 'manual_control_signal_lost': True, 'offboard_control_signal_lost': True}"
vehicle_status,2026-08-07T15:01:16.457+08:00,179.010,,,1215207083,1667,0,active,1.24,,,,,0,"{'arming_state': 1, 'nav_state': 4, 'failsafe': True}",
sensor_combined,2026-08-07T15:01:16.490+08:00,179.043,98.31506899990927,36.007,1215657839,1667,0,active,1.24,,,,,0,,
sensor_combined,2026-08-07T15:01:16.521+08:00,179.075,31.746066000096107,4.501,1215662340,1667,0,active,1.24,,,,,0,,
sensor_combined,2026-08-07T15:01:16.552+08:00,179.105,30.25544299998728,9.049,1215671389,1667,0,active,1.24,,,,,0,,
sensor_combined,2026-08-07T15:01:16.582+08:00,179.137,31.615457000043534,13.455,1215684844,1667,0,active,1.24,,,,,0,,
vehicle_status,2026-08-07T15:01:16.610+08:00,179.165,,,1215713223,1667,0,active,1.24,,,,,0,"{'arming_state': 1, 'nav_state': 4, 'failsafe': True}",
sensor_combined,2026-08-07T15:01:16.639+08:00,179.194,57.098258999985774,9.05,1215693894,1667,0,active,1.24,,,,,0,,
sensor_combined,2026-08-07T15:01:16.669+08:00,179.223,29.38672499999484,58.464,1215752358,1667,0,active,1.24,,,,,0,,
sensor_combined,2026-08-07T15:01:16.697+08:00,179.252,28.929577999861067,9.05,1215761408,1667,0,active,1.24,,,,,0,,
sensor_combined,2026-08-07T15:01:16.727+08:00,179.281,28.4468290001314,22.504,1215783912,1667,0,active,1.24,,,,,0,,
sensor_combined,2026-08-07T15:01:16.756+08:00,179.310,29.64355699987209,58.464,1215842376,1667,0,active,1.24,,,,,0,,
sensor_combined,2026-08-07T15:01:16.784+08:00,179.339,28.93709900013164,9.049,1215851425,1667,0,active,1.24,,,,,0,,
sensor_combined,2026-08-07T15:01:16.812+08:00,179.368,28.43236299986529,22.505,1215873930,1667,0,active,1.24,,,,,0,,
sensor_combined,2026-08-07T15:01:16.843+08:00,179.396,28.885669000146663,31.458,1215905388,1667,0,active,1.24,,,,,0,,
failsafe_flags,2026-08-07T15:01:16.870+08:00,179.426,,,1216043374,1667,0,active,1.24,,,,,0,,"{'gcs_connection_lost': True, 'manual_control_signal_lost': True, 'offboard_control_signal_lost': True}"
sensor_combined,2026-08-07T15:01:16.900+08:00,179.454,57.63045499998043,9.002,1215914390,1667,0,active,1.24,,,,,0,,
sensor_combined,2026-08-07T15:01:16.930+08:00,179.484,29.85545599995021,90.021,1216004411,1667,0,active,1.24,,,,,0,,
sensor_combined,2026-08-07T15:01:16.958+08:00,179.513,29.466415000115376,8.999,1216013410,1667,0,active,1.24,,,,,0,,
sensor_combined,2026-08-07T15:01:16.987+08:00,179.542,28.417736999927,27.005,1216040415,1667,0,active,1.24,,,,,0,,
sensor_combined,2026-08-07T15:01:17.016+08:00,179.571,28.921737000018766,13.551,1216053966,1667,0,active,1.24,,,,,0,,
sensor_combined,2026-08-07T15:01:17.045+08:00,179.600,29.146086000082505,58.464,1216112430,1667,0,active,1.24,,,,,0,,
sensor_combined,2026-08-07T15:01:17.074+08:00,179.629,28.75861199981955,22.504,1216134934,1667,0,active,1.24,,,,,0,,
sensor_combined,2026-08-07T15:01:17.103+08:00,179.657,28.788793000103396,9.05,1216143984,1667,0,active,1.24,,,,,0,,
sensor_combined,2026-08-07T15:01:17.131+08:00,179.686,28.879714999902717,58.464,1216202448,1667,0,active,1.24,,,,,0,,
sensor_combined,2026-08-07T15:01:17.160+08:00,179.715,28.334943000118074,9.049,1216211497,1667,0,active,1.24,,,,,0,,
sensor_combined,2026-08-07T15:01:17.189+08:00,179.744,28.925897999897643,22.505,1216234002,1667,0,active,1.24,,,,,0,,
sensor_combined,2026-08-07T15:01:17.217+08:00,179.772,28.70254100002967,40.46,1216274462,1667,0,active,1.24,,,,,0,,
sensor_combined,2026-08-07T15:01:17.246+08:00,179.801,28.283447999911004,27.053,1216301515,1667,0,active,1.24,,,,,0,,
sensor_combined,2026-08-07T15:01:17.275+08:00,179.829,28.63955700013321,13.455,1216314970,1667,0,active,1.24,,,,,0,,
sensor_combined,2026-08-07T15:01:17.304+08:00,179.859,29.39085299999533,49.51,1216364480,1667,0,active,1.24,,,,,0,,
sensor_combined,2026-08-07T15:01:17.333+08:00,179.888,29.280086999960986,9.002,1216373482,1667,0,active,1.24,,,,,0,,
sensor_combined,2026-08-07T15:01:17.363+08:00,179.916,28.373603000090952,31.506,1216404988,1667,0,active,1.24,,,,,0,,
sensor_combined,2026-08-07T15:01:17.391+08:00,179.946,30.209069999955318,36.007,1216440995,1667,0,active,1.24,,,,,0,,
failsafe_flags,2026-08-07T15:01:17.420+08:00,179.975,,,1216593213,1667,0,active,1.24,,,,,0,,"{'gcs_connection_lost': True, 'manual_control_signal_lost': True, 'offboard_control_signal_lost': True}"
sensor_combined,2026-08-07T15:01:17.450+08:00,180.004,58.00544699991406,22.505,1216463500,1667,0,active,1.24,,,,,0,,
sensor_combined,2026-08-07T15:01:17.480+08:00,180.033,29.029910999952335,9.002,1216472502,1667,0,active,1.24,,,,,0,,
sensor_combined,2026-08-07T15:01:17.509+08:00,180.063,29.875011000058294,72.014,1216544516,1667,0,active,1.24,,,,,0,,
sensor_combined,2026-08-07T15:01:17.537+08:00,180.092,28.674920999947062,18.005,1216562521,1667,0,active,1.24,,,,,0,,
sensor_combined,2026-08-07T15:01:17.568+08:00,180.121,29.13437300003352,9.048,1216571569,1667,0,active,1.24,,,,,0,,
sensor_combined,2026-08-07T15:01:17.596+08:00,180.151,30.08063700008279,94.471,1216666040,1667,0,active,1.24,,,,,0,,
sensor_combined,2026-08-07T15:01:17.626+08:00,180.180,28.350847999945472,9.002,1216675042,1667,0,active,1.24,,,,,0,,
sensor_combined,2026-08-07T15:01:17.655+08:00,180.209,29.902374000130294,13.503,1216688545,1667,0,active,1.24,,,,,0,,
sensor_combined,2026-08-07T15:01:17.683+08:00,180.239,29.380579999951806,67.515,1216756060,1667,0,active,1.24,,,,,0,,
sensor_combined,2026-08-07T15:01:17.711+08:00,180.267,27.726896999865858,9.0,1216765060,1667,0,active,1.24,,,,,0,,
sensor_combined,2026-08-07T15:01:17.740+08:00,180.294,27.837438999995356,13.503,1216778563,1667,0,active,1.24,,,,,0,,
sensor_combined,2026-08-07T15:01:17.769+08:00,180.323,28.995955000027607,67.513,1216846076,1667,0,active,1.24,,,,,0,,
sensor_combined,2026-08-07T15:01:17.799+08:00,180.353,29.769428999998127,9.002,1216855078,1667,0,active,1.24,,,,,0,,
sensor_combined,2026-08-07T15:01:17.827+08:00,180.382,29.064795000067534,22.505,1216877583,1667,0,active,1.24,,,,,0,,
sensor_combined,2026-08-07T15:01:17.856+08:00,180.411,28.747475000045597,67.513,1216945096,1667,0,active,1.24,,,,,0,,
sensor_combined,2026-08-07T15:01:17.885+08:00,180.440,28.862625999863667,13.503,1216958599,1667,0,active,1.24,,,,,0,,
sensor_combined,2026-08-07T15:01:17.915+08:00,180.468,28.324541000074532,9.002,1216967601,1667,0,active,1.24,,,,,0,,
sensor_combined,2026-08-07T15:01:17.944+08:00,180.499,30.416040000091016,40.508,1217008109,1667,0,active,1.24,,,,,0,,
failsafe_flags,2026-08-07T15:01:17.972+08:00,180.527,,,1217144540,1667,0,active,1.24,,,,,0,,"{'gcs_connection_lost': True, 'manual_control_signal_lost': True, 'offboard_control_signal_lost': True}"
sensor_combined,2026-08-07T15:01:18.001+08:00,180.556,57.416443999954936,9.001,1217017110,1667,0,active,1.24,,,,,0,,
sensor_combined,2026-08-07T15:01:18.030+08:00,180.585,28.883235999956014,90.019,1217107129,1667,0,active,1.24,,,,,0,,
vehicle_status,2026-08-07T15:01:18.057+08:00,180.612,,,1217232113,1667,0,active,1.24,,,,,0,"{'arming_state': 1, 'nav_state': 4, 'failsafe': True}",
sensor_combined,2026-08-07T15:01:18.088+08:00,180.641,56.429757999922,9.002,1217116131,1667,0,active,1.24,,,,,0,,
sensor_combined,2026-08-07T15:01:18.117+08:00,180.672,30.578621000131534,49.509,1217165640,1667,0,active,1.24,,,,,0,,
sensor_combined,2026-08-07T15:01:18.146+08:00,180.701,28.58274999994137,9.002,1217174642,1667,0,active,1.24,,,,,0,,
sensor_combined,2026-08-07T15:01:18.177+08:00,180.730,29.802169000049616,31.506,1217206148,1667,0,active,1.24,,,,,0,,
sensor_combined,2026-08-07T15:01:18.206+08:00,180.761,30.42004100007034,72.015,1217278163,1667,0,active,1.24,,,,,0,,
sensor_combined,2026-08-07T15:01:18.234+08:00,180.789,28.655398999944737,9.001,1217287164,1667,0,active,1.24,,,,,0,,
sensor_combined,2026-08-07T15:01:18.266+08:00,180.818,28.6412539999219,18.004,1217305168,1667,0,active,1.24,,,,,0,,
sensor_combined,2026-08-07T15:01:18.294+08:00,180.849,31.267348000028505,72.014,1217377182,1667,0,active,1.24,,,,,0,,
sensor_combined,2026-08-07T15:01:18.322+08:00,180.878,28.35984200009989,31.507,1217408689,1667,0,active,1.24,,,,,0,,
sensor_combined,2026-08-07T15:01:18.353+08:00,180.906,28.28824799985341,9.001,1217417690,1667,0,active,1.24,,,,,0,,
sensor_combined,2026-08-07T15:01:18.383+08:00,180.938,31.583325000156037,58.512,1217476202,1667,0,active,1.24,,,,,0,,
sensor_combined,2026-08-07T15:01:18.412+08:00,180.967,29.1646480000054,9.002,1217485204,1667,0,active,1.24,,,,,0,,
sensor_combined,2026-08-07T15:01:18.441+08:00,180.996,28.90512699991632,13.503,1217498707,1667,0,active,1.24,,,,,0,,
sensor_combined,2026-08-07T15:01:18.470+08:00,181.024,28.593599000032555,9.002,1217507709,1667,0,active,1.24,,,,,0,,
sensor_combined,2026-08-07T15:01:18.499+08:00,181.053,29.276471000002857,27.005,1217534714,1667,0,active,1.24,,,,,0,,
sensor_combined,2026-08-07T15:01:18.528+08:00,181.082,29.011636999939583,40.508,1217575222,1667,0,active,1.24,,,,,0,,
failsafe_flags,2026-08-07T15:01:18.556+08:00,181.111,,,1217684594,1667,0,active,1.24,,,,,0,,"{'gcs_connection_lost': True, 'manual_control_signal_lost': True, 'offboard_control_signal_lost': True}"
sensor_combined,2026-08-07T15:01:18.585+08:00,181.140,57.25104599991937,22.505,1217597727,1667,0,active,1.24,,,,,0,,
sensor_combined,2026-08-07T15:01:18.613+08:00,181.168,28.76117300002079,90.018,1217687745,1667,0,active,1.24,,,,,0,,
vehicle_status,2026-08-07T15:01:18.641+08:00,181.196,,,1217739086,1667,0,active,1.24,,,,,0,"{'arming_state': 1, 'nav_state': 4, 'failsafe': True}",
sensor_combined,2026-08-07T15:01:18.671+08:00,181.225,56.17907000009836,9.049,1217696794,1667,0,active,1.24,,,,,0,,
sensor_combined,2026-08-07T15:01:18.699+08:00,181.255,29.886756999985664,71.967,1217768761,1667,0,active,1.24,,,,,0,,
sensor_combined,2026-08-07T15:01:18.728+08:00,181.283,28.29855300001327,9.002,1217777763,1667,0,active,1.24,,,,,0,,
sensor_combined,2026-08-07T15:01:18.760+08:00,181.311,28.639205999979822,27.005,1217804768,1667,0,active,1.24,,,,,0,,
sensor_combined,2026-08-07T15:01:18.788+08:00,181.343,31.770099999903323,31.506,1217836274,1667,0,active,1.24,,,,,0,,
sensor_combined,2026-08-07T15:01:18.817+08:00,181.372,28.48446600000898,9.002,1217845276,1667,0,active,1.24,,,,,0,,
sensor_combined,2026-08-07T15:01:18.846+08:00,181.400,28.511605000176132,31.554,1217876830,1667,0,active,1.24,,,,,0,,
sensor_combined,2026-08-07T15:01:18.875+08:00,181.430,29.5541369998773,71.967,1217948797,1667,0,active,1.24,,,,,0,,
sensor_combined,2026-08-07T15:01:18.903+08:00,181.458,28.309019000062108,18.051,1217966848,1667,0,active,1.24,,,,,0,,
sensor_combined,2026-08-07T15:01:18.932+08:00,181.487,28.688683999916975,8.954,1217975802,1667,0,active,1.24,,,,,0,,
sensor_combined,2026-08-07T15:01:18.961+08:00,181.516,28.738898000028712,72.014,1218047816,1667,0,active,1.24,,,,,0,,
sensor_combined,2026-08-07T15:01:18.989+08:00,181.544,28.82351700009167,18.004,1218065820,1667,0,active,1.24,,,,,0,,
sensor_combined,2026-08-07T15:01:19.018+08:00,181.573,28.284919999805425,9.002,1218074822,1667,0,active,1.24,,,,,0,,
sensor_combined,2026-08-07T15:01:19.047+08:00,181.602,29.07122800002071,63.012,1218137834,1667,0,active,1.24,,,,,0,,
failsafe_flags,2026-08-07T15:01:19.075+08:00,181.630,,,1218235271,1667,0,active,1.24,,,,,0,,"{'gcs_connection_lost': True, 'manual_control_signal_lost': True, 'offboard_control_signal_lost': True}"
sensor_combined,2026-08-07T15:01:19.104+08:00,181.659,56.91830000000664,9.05,1218146884,1667,0,active,1.24,,,,,0,,
sensor_combined,2026-08-07T15:01:19.134+08:00,181.688,29.83779000010145,80.968,1218227852,1667,0,active,1.24,,,,,0,,
sensor_combined,2026-08-07T15:01:19.162+08:00,181.717,28.854688999899736,9.05,1218236902,1667,0,active,1.24,,,,,0,,
sensor_combined,2026-08-07T15:01:19.191+08:00,181.746,28.60608100013451,31.459,1218268361,1667,0,active,1.24,,,,,0,,
sensor_combined,2026-08-07T15:01:19.221+08:00,181.775,29.201772999840614,9.001,1218277362,1667,0,active,1.24,,,,,0,,
sensor_combined,2026-08-07T15:01:19.250+08:00,181.804,29.018614000051457,31.507,1218308869,1667,0,active,1.24,,,,,0,,
sensor_combined,2026-08-07T15:01:19.278+08:00,181.833,29.232048000039867,18.052,1218326921,1667,0,active,1.24,,,,,0,,
sensor_combined,2026-08-07T15:01:19.308+08:00,181.862,28.535575999967477,8.953,1218335874,1667,0,active,1.24,,,,,0,,
sensor_combined,2026-08-07T15:01:19.337+08:00,181.892,29.964815000084855,72.014,1218407888,1667,0,active,1.24,,,,,0,,
sensor_combined,2026-08-07T15:01:19.366+08:00,181.920,28.172905000019455,9.05,1218416938,1667,0,active,1.3,,,,,0,,
sensor_combined,2026-08-07T15:01:19.395+08:00,181.949,29.118882999910056,8.954,1218425892,1667,0,active,1.3,,,,,0,,
sensor_combined,2026-08-07T15:01:19.423+08:00,181.978,29.05407399998694,63.013,1218488905,1667,0,active,1.3,,,,,0,,
sensor_combined,2026-08-07T15:01:19.452+08:00,182.007,28.378180000117936,9.001,1218497906,1667,0,active,1.3,,,,,0,,
sensor_combined,2026-08-07T15:01:19.481+08:00,182.036,28.963981999822863,27.006,1218524912,1667,0,active,1.3,,,,,0,,
sensor_combined,2026-08-07T15:01:19.509+08:00,182.064,28.901511000185565,13.502,1218538414,1667,0,active,1.3,,,,,0,,
sensor_combined,2026-08-07T15:01:19.538+08:00,182.093,28.09081499981403,18.004,1218556418,1667,0,active,1.3,,,,,0,,
sensor_combined,2026-08-07T15:01:19.567+08:00,182.122,28.928330000098867,9.002,1218565420,1667,0,active,1.3,,,,,0,,
sensor_combined,2026-08-07T15:01:19.596+08:00,182.151,29.38025999992533,22.505,1218587925,1667,0,active,1.3,,,,,0,,
sensor_combined,2026-08-07T15:01:19.624+08:00,182.179,28.24158700013868,9.049,1218596974,1667,0,active,1.3,,,,,0,,
sensor_combined,2026-08-07T15:01:19.653+08:00,182.208,28.464493999990736,17.956,1218614930,1667,0,active,1.3,,,,,0,,
sensor_combined,2026-08-07T15:01:19.681+08:00,182.236,28.594015999942712,13.502,1218628432,1667,0,active,1.3,,,,,0,,
failsafe_flags,2026-08-07T15:01:20.407+08:00,182.960,,,1219326908,1667,0,active,1.3,,,,,0,,"{'gcs_connection_lost': True, 'manual_control_signal_lost': True, 'offboard_control_signal_lost': True}"
sensor_combined,2026-08-07T15:01:20.439+08:00,182.992,755.5023869999786,1008.202,1219636634,1667,0,active,1.3,,,,,0,,
vehicle_status,2026-08-07T15:01:20.470+08:00,183.023,,,1219260216,1667,0,active,1.3,,,,,0,"{'arming_state': 1, 'nav_state': 4, 'failsafe': True}",
sensor_combined,2026-08-07T15:01:20.500+08:00,183.054,62.584463000121104,36.007,1219672641,1667,0,active,1.3,,,,,0,,
sensor_combined,2026-08-07T15:01:20.530+08:00,183.085,30.416071999979977,4.549,1219677190,1667,0,active,1.3,,,,,0,,
sensor_combined,2026-08-07T15:01:20.559+08:00,183.114,29.051289999870278,8.954,1219686144,1667,0,active,1.3,,,,,0,,
sensor_combined,2026-08-07T15:01:20.590+08:00,183.143,29.635331999998016,9.002,1219695146,1667,0,active,1.3,,,,,0,,
vehicle_status,2026-08-07T15:01:20.617+08:00,183.172,,,1219766242,1667,0,active,1.3,,,,,0,"{'arming_state': 1, 'nav_state': 4, 'failsafe': True}",
sensor_combined,2026-08-07T15:01:20.646+08:00,183.201,57.85134799998559,13.502,1219708648,1667,0,active,1.3,,,,,0,,
sensor_combined,2026-08-07T15:01:20.677+08:00,183.231,30.024981999986267,18.004,1219726652,1667,0,active,1.3,,,,,0,,
sensor_combined,2026-08-07T15:01:20.705+08:00,183.261,29.496946000108437,49.51,1219776162,1667,0,active,1.3,,,,,0,,
sensor_combined,2026-08-07T15:01:20.734+08:00,183.289,28.254324000045017,22.504,1219798666,1667,0,active,1.3,,,,,0,,
sensor_combined,2026-08-07T15:01:20.767+08:00,183.319,30.360256999983903,9.002,1219807668,1667,0,active,1.3,,,,,0,,
sensor_combined,2026-08-07T15:01:20.796+08:00,183.350,31.064987000036126,40.508,1219848176,1667,0,active,1.3,,,,,0,,
sensor_combined,2026-08-07T15:01:20.824+08:00,183.380,29.076572999883865,9.05,1219857226,1667,0,active,1.3,,,,,0,,
sensor_combined,2026-08-07T15:01:20.854+08:00,183.407,27.849088000039046,8.954,1219866180,1667,0,active,1.3,,,,,0,,
sensor_combined,2026-08-07T15:01:20.883+08:00,183.438,30.36534600005325,72.014,1219938194,1667,0,active,1.3,,,,,0,,
sensor_combined,2026-08-07T15:01:20.911+08:00,183.466,28.393252999876495,27.006,1219965200,1667,0,active,1.3,,,,,0,,
sensor_combined,2026-08-07T15:01:20.940+08:00,183.494,28.236529999958293,13.503,1219978703,1667,0,active,1.3,,,,,0,,
sensor_combined,2026-08-07T15:01:20.969+08:00,183.524,29.789176000122097,58.559,1220037262,1667,0,active,1.3,,,,,0,,
sensor_combined,2026-08-07T15:01:20.998+08:00,183.553,28.819324000096458,8.954,1220046216,1667,0,active,1.3,,,,,0,,
sensor_combined,2026-08-07T15:01:21.026+08:00,183.581,28.180298999814113,9.002,1220055218,1667,0,active,1.3,,,,,0,,
sensor_combined,2026-08-07T15:01:21.056+08:00,183.610,28.60825700008718,49.557,1220104775,1667,0,active,1.3,,,,,0,,
sensor_combined,2026-08-07T15:01:21.084+08:00,183.639,29.161096000052567,13.455,1220118230,1667,0,active,1.3,,,,,0,,
sensor_combined,2026-08-07T15:01:21.112+08:00,183.667,28.307067000014285,9.05,1220127280,1667,0,active,1.3,,,,,0,,
sensor_combined,2026-08-07T15:01:21.141+08:00,183.695,28.190443999847048,58.464,1220185744,1667,0,active,1.3,,,,,0,,
sensor_combined,2026-08-07T15:01:21.171+08:00,183.724,28.969775000177833,9.049,1220194793,1667,0,active,1.3,,,,,0,,
sensor_combined,2026-08-07T15:01:21.200+08:00,183.755,30.13657999986208,22.505,1220217298,1667,0,active,1.3,,,,,0,,
sensor_combined,2026-08-07T15:01:21.228+08:00,183.783,28.821885000070324,67.513,1220284811,1667,0,active,1.3,,,,,0,,
failsafe_flags,2026-08-07T15:01:21.256+08:00,183.811,,,1220426249,1667,0,active,1.3,,,,,0,,"{'gcs_connection_lost': True, 'manual_control_signal_lost': True, 'offboard_control_signal_lost': True}"
sensor_combined,2026-08-07T15:01:21.286+08:00,183.840,56.72400399998878,13.456,1220298267,1667,0,active,1.3,,,,,0,,
sensor_combined,2026-08-07T15:01:21.316+08:00,183.870,30.40058099986709,99.067,1220397334,1667,0,active,1.3,,,,,0,,
sensor_combined,2026-08-07T15:01:21.347+08:00,183.900,29.83091000010063,8.954,1220406288,1667,0,active,1.3,,,,,0,,
sensor_combined,2026-08-07T15:01:21.377+08:00,183.931,30.253810999965935,9.002,1220415290,1667,0,active,1.3,,,,,0,,
sensor_combined,2026-08-07T15:01:21.406+08:00,183.961,30.777621999959592,63.012,1220478302,1667,0,active,1.3,,,,,0,,
sensor_combined,2026-08-07T15:01:21.435+08:00,183.990,28.49038600015774,9.05,1220487352,1667,0,active,1.3,,,,,0,,
sensor_combined,2026-08-07T15:01:21.463+08:00,184.018,28.465166999922076,31.46,1220518812,1667,0,active,1.3,,,,,0,,
sensor_combined,2026-08-07T15:01:21.492+08:00,184.046,28.09993599998961,9.0,1220527812,1667,0,active,1.3,,,,,0,,
sensor_combined,2026-08-07T15:01:21.521+08:00,184.076,29.304410000122516,18.004,1220545816,1667,0,active,1.3,,,,,0,,
sensor_combined,2026-08-07T15:01:21.549+08:00,184.104,28.690411999832577,9.049,1220554865,1667,0,active,1.3,,,,,0,,
sensor_combined,2026-08-07T15:01:21.579+08:00,184.134,29.16087200014772,22.505,1220577370,1667,0,active,1.3,,,,,0,,
sensor_combined,2026-08-07T15:01:21.607+08:00,184.162,28.822332999880018,8.954,1220586324,1667,0,active,1.3,,,,,0,,
sensor_combined,2026-08-07T15:01:21.636+08:00,184.191,28.756788000009692,22.505,1220608829,1667,0,active,1.3,,,,,0,,
sensor_combined,2026-08-07T15:01:21.665+08:00,184.220,28.604768999912267,9.001,1220617830,1667,0,active,1.3,,,,,0,,
failsafe_flags,2026-08-07T15:01:22.412+08:00,184.963,,,1221526253,1667,0,active,1.3,,,,,0,,"{'gcs_connection_lost': True, 'manual_control_signal_lost': True, 'offboard_control_signal_lost': True}"
sensor_combined,2026-08-07T15:01:22.445+08:00,184.998,778.1224880000082,1021.705,1221639535,1667,0,active,1.3,,,,,0,,
vehicle_status,2026-08-07T15:01:22.478+08:00,185.029,,,1221284320,1667,0,active,1.3,,,,,0,"{'arming_state': 1, 'nav_state': 4, 'failsafe': True}",
sensor_combined,2026-08-07T15:01:22.510+08:00,185.064,66.15288700004385,36.007,1221675542,1667,0,active,1.3,,,,,0,,
sensor_combined,2026-08-07T15:01:22.540+08:00,185.094,30.429640999955154,4.549,1221680091,1667,0,active,1.3,,,,,0,,
sensor_combined,2026-08-07T15:01:22.570+08:00,185.124,29.193068000040512,8.954,1221689045,1667,0,active,1.3,,,,,0,,
sensor_combined,2026-08-07T15:01:22.598+08:00,185.154,29.904039000030025,9.002,1221698047,1667,0,active,1.3,,,,,0,,
vehicle_status,2026-08-07T15:01:22.626+08:00,185.181,,,1221791351,1667,0,active,1.3,,,,,0,"{'arming_state': 1, 'nav_state': 4, 'failsafe': True}",
sensor_combined,2026-08-07T15:01:22.657+08:00,185.210,56.69075100013288,13.503,1221711550,1667,0,active,1.3,,,,,0,,
sensor_combined,2026-08-07T15:01:22.687+08:00,185.242,31.348286999900665,49.509,1221761059,1667,0,active,1.3,,,,,0,,
sensor_combined,2026-08-07T15:01:22.717+08:00,185.271,29.19207600007212,4.501,1221765560,1667,0,active,1.3,,,,,0,,
sensor_combined,2026-08-07T15:01:22.748+08:00,185.301,30.693354999812072,13.503,1221779063,1667,0,active,1.3,,,,,0,,
sensor_combined,2026-08-07T15:01:22.778+08:00,185.332,30.721967000090444,58.559,1221837622,1667,0,active,1.3,,,,,0,,
sensor_combined,2026-08-07T15:01:22.807+08:00,185.362,29.889893000017764,8.954,1221846576,1667,0,active,1.3,,,,,0,,
sensor_combined,2026-08-07T15:01:22.837+08:00,185.390,28.233200999920882,13.551,1221860127,1667,0,active,1.3,,,,,0,,
sensor_combined,2026-08-07T15:01:22.866+08:00,185.421,30.325020000191216,71.967,1221932094,1667,0,active,1.3,,,,,0,,
sensor_combined,2026-08-07T15:01:22.895+08:00,185.450,29.119010999920647,27.005,1221959099,1667,0,active,1.3,,,,,0,,
sensor_combined,2026-08-07T15:01:22.924+08:00,185.478,28.625763000036386,13.55,1221972649,1667,0,active,1.3,,,,,0,,
sensor_combined,2026-08-07T15:01:22.954+08:00,185.508,29.159239999899,45.01,1222017659,1667,0,active,1.3,,,,,0,,
sensor_combined,2026-08-07T15:01:22.984+08:00,185.538,30.368097000064154,13.455,1222031114,1667,0,active,1.3,,,,,0,,
sensor_combined,2026-08-07T15:01:23.013+08:00,185.567,29.43649100006951,18.003,1222049117,1667,0,active,1.3,,,,,0,,
sensor_combined,2026-08-07T15:01:23.041+08:00,185.596,28.982064999809154,40.508,1222089625,1667,0,active,1.3,,,,,0,,
sensor_combined,2026-08-07T15:01:23.071+08:00,185.625,29.160072000195214,22.505,1222112130,1667,0,active,1.3,,,,,0,,
sensor_combined,2026-08-07T15:01:23.100+08:00,185.654,28.94340399984685,9.002,1222121132,1667,0,active,1.3,,,,,0,,
sensor_combined,2026-08-07T15:01:23.128+08:00,185.683,28.90855200007536,54.058,1222175190,1667,0,active,1.3,,,,,0,,
sensor_combined,2026-08-07T15:01:23.157+08:00,185.712,28.48452900002485,35.96,1222211150,1667,0,active,1.3,,,,,0,,
sensor_combined,2026-08-07T15:01:23.186+08:00,185.741,29.41853699985586,9.049,1222220199,1667,0,active,1.3,,,,,0,,
sensor_combined,2026-08-07T15:01:23.216+08:00,185.770,29.189291000193407,58.464,1222278663,1667,0,active,1.3,,,,,0,,
sensor_combined,2026-08-07T15:01:23.244+08:00,185.799,28.633668999873407,13.503,1222292166,1667,0,active,1.3,,,,,0,,
sensor_combined,2026-08-07T15:01:23.274+08:00,185.828,28.693868000118528,13.503,1222305669,1667,0,active,1.3,,,,,0,,
sensor_combined,2026-08-07T15:01:23.303+08:00,185.858,30.049432999931014,36.007,1222341676,1667,0,active,1.3,,,,,0,,
sensor_combined,2026-08-07T15:01:23.332+08:00,185.887,29.005203999986406,45.009,1222386685,1667,0,active,1.3,,,,,0,,
sensor_combined,2026-08-07T15:01:23.362+08:00,185.916,28.90704700007518,22.504,1222409189,1667,0,active,1.3,,,,,0,,
sensor_combined,2026-08-07T15:01:23.392+08:00,185.946,30.211853999844607,9.002,1222418191,1667,0,active,1.3,,,,,0,,
sensor_combined,2026-08-07T15:01:23.421+08:00,185.976,29.995697999993354,54.011,1222472202,1667,0,active,1.3,,,,,0,,
sensor_combined,2026-08-07T15:01:23.449+08:00,186.005,28.655591000187997,4.501,1222476703,1667,0,active,1.3,,,,,0,,
sensor_combined,2026-08-07T15:01:23.478+08:00,186.033,28.111649999800647,9.002,1222485705,1667,0,active,1.3,,,,,0,,
sensor_combined,2026-08-07T15:01:23.507+08:00,186.062,29.35123200018097,22.504,1222508209,1667,0,active,1.3,,,,,0,,
sensor_combined,2026-08-07T15:01:23.536+08:00,186.091,28.851136999946903,67.514,1222575723,1667,0,active,1.3,,,,,0,,
sensor_combined,2026-08-07T15:01:23.564+08:00,186.119,28.11827400000766,27.053,1222602776,1667,0,active,1.3,,,,,0,,
sensor_combined,2026-08-07T15:01:23.592+08:00,186.147,28.463982999937798,4.453,1222607229,1667,0,active,1.3,,,,,0,,
sensor_combined,2026-08-07T15:01:23.621+08:00,186.176,28.372899000032703,99.02,1222706249,1667,0,active,1.3,,,,,0,,
vehicle_status,2026-08-07T15:01:23.648+08:00,186.203,,,1222805136,1667,0,active,1.3,,,,,0,"{'arming_state': 1, 'nav_state': 4, 'failsafe': True}",
sensor_combined,2026-08-07T15:01:23.678+08:00,186.231,55.56881699999394,9.049,1222715298,1667,0,active,1.3,,,,,0,,
sensor_combined,2026-08-07T15:01:23.707+08:00,186.262,30.636835999985124,58.464,1222773762,1667,0,active,1.3,,,,,0,,
sensor_combined,2026-08-07T15:01:23.736+08:00,186.291,29.05468199992356,9.05,1222782812,1667,0,active,1.3,,,,,0,,
sensor_combined,2026-08-07T15:01:23.767+08:00,186.320,28.764660999968328,13.455,1222796267,1667,0,active,1.3,,,,,0,,
sensor_combined,2026-08-07T15:01:23.795+08:00,186.350,30.157671000097253,81.016,1222877283,1667,0,active,1.3,,,,,0,,
sensor_combined,2026-08-07T15:01:23.824+08:00,186.378,28.325564999931885,27.006,1222904289,1667,0,active,1.3,,,,,0,,
sensor_combined,2026-08-07T15:01:23.854+08:00,186.408,29.212687000153892,13.55,1222917839,1667,0,active,1.3,,,,,0,,
sensor_combined,2026-08-07T15:01:23.883+08:00,186.437,29.842013999996198,26.958,1222944797,1667,0,active,1.3,,,,,0,,
sensor_combined,2026-08-07T15:01:23.912+08:00,186.467,29.749394999953438,31.506,1222976303,1667,0,active,1.3,,,,,0,,
sensor_combined,2026-08-07T15:01:23.945+08:00,186.496,29.311130999985835,9.049,1222985352,1667,0,active,1.3,,,,,0,,
sensor_combined,2026-08-07T15:01:23.974+08:00,186.529,32.69181800010301,76.468,1223061820,1667,0,active,1.3,,,,,0,,
failsafe_flags,2026-08-07T15:01:24.002+08:00,186.557,,,1223158256,1667,0,active,1.3,,,,,0,,"{'gcs_connection_lost': True, 'manual_control_signal_lost': True, 'offboard_control_signal_lost': True}"
sensor_combined,2026-08-07T15:01:24.032+08:00,186.586,56.69091199979448,13.55,1223075370,1667,0,active,1.3,,,,,0,,
sensor_combined,2026-08-07T15:01:24.061+08:00,186.615,29.431337999994867,58.465,1223133835,1667,0,active,1.3,,,,,0,,
sensor_combined,2026-08-07T15:01:24.091+08:00,186.644,29.121282999994946,13.502,1223147337,1667,0,active,1.3,,,,,0,,
sensor_combined,2026-08-07T15:01:24.120+08:00,186.674,29.689483000083783,9.002,1223156339,1667,0,active,1.3,,,,,0,,
sensor_combined,2026-08-07T15:01:24.149+08:00,186.703,29.00251500000195,67.513,1223223852,1667,0,active,1.3,,,,,0,,
sensor_combined,2026-08-07T15:01:24.177+08:00,186.732,28.88275700001941,13.503,1223237355,1667,0,active,1.3,,,,,0,,
sensor_combined,2026-08-07T15:01:24.207+08:00,186.760,28.347039999971457,18.051,1223255406,1667,0,active,1.3,,,,,0,,
sensor_combined,2026-08-07T15:01:24.235+08:00,186.790,29.765525000129855,80.969,1223336375,1667,0,active,1.3,,,,,0,,
sensor_combined,2026-08-07T15:01:24.264+08:00,186.819,28.604223999991518,9.049,1223345424,1667,0,active,1.3,,,,,0,,
sensor_combined,2026-08-07T15:01:24.294+08:00,186.848,29.06655599986152,8.955,1223354379,1667,0,active,1.3,,,,,0,,
sensor_combined,2026-08-07T15:01:24.323+08:00,186.878,30.205324999997174,40.508,1223394887,1667,0,active,1.3,,,,,0,,
sensor_combined,2026-08-07T15:01:24.352+08:00,186.906,28.47428800009766,9.002,1223403889,1667,0,active,1.27,,,,,0,,
sensor_combined,2026-08-07T15:01:24.381+08:00,186.936,29.165256999931444,22.504,1223426393,1667,0,active,1.27,,,,,0,,
sensor_combined,2026-08-07T15:01:24.411+08:00,186.965,29.54075999991801,58.512,1223484905,1667,0,active,1.27,,,,,0,,
sensor_combined,2026-08-07T15:01:24.440+08:00,186.995,29.917672000010498,40.555,1223525460,1667,0,active,1.27,,,,,0,,
sensor_combined,2026-08-07T15:01:24.469+08:00,187.024,28.654215000187833,8.955,1223534415,1667,0,active,1.27,,,,,0,,
sensor_combined,2026-08-07T15:01:24.498+08:00,187.052,28.627651999840964,13.55,1223547965,1667,0,active,1.27,,,,,0,,
sensor_combined,2026-08-07T15:01:24.528+08:00,187.082,29.95476499995675,49.466,1223597431,1667,0,active,1.27,,,,,0,,
failsafe_flags,2026-08-07T15:01:24.556+08:00,187.110,,,1223698287,1667,0,active,1.27,,,,,0,,"{'gcs_connection_lost': True, 'manual_control_signal_lost': True, 'offboard_control_signal_lost': True}"
sensor_combined,2026-08-07T15:01:24.586+08:00,187.139,57.10162000013952,8.999,1223606430,1667,0,active,1.27,,,,,0,,
sensor_combined,2026-08-07T15:01:24.617+08:00,187.171,31.545880000066973,90.017,1223696447,1667,0,active,1.27,,,,,0,,
sensor_combined,2026-08-07T15:01:24.646+08:00,187.200,29.18781899984424,4.501,1223700948,1667,0,active,1.27,,,,,0,,
sensor_combined,2026-08-07T15:01:24.675+08:00,187.230,29.382852000026105,4.549,1223705497,1667,0,active,1.27,,,,,0,,
sensor_combined,2026-08-07T15:01:24.705+08:00,187.259,29.86499400003595,62.965,1223768462,1667,0,active,1.27,,,,,0,,
vehicle_status,2026-08-07T15:01:24.732+08:00,187.287,,,1223820143,1667,0,active,1.27,,,,,0,"{'arming_state': 1, 'nav_state': 4, 'failsafe': True}",
sensor_combined,2026-08-07T15:01:24.762+08:00,187.316,56.640473000015845,18.003,1223786465,1667,0,active,1.27,,,,,0,,
sensor_combined,2026-08-07T15:01:24.791+08:00,187.346,29.902406000019255,99.068,1223885533,1667,0,active,1.27,,,,,0,,
sensor_combined,2026-08-07T15:01:24.819+08:00,187.374,28.521493999960512,8.954,1223894487,1667,0,active,1.27,,,,,0,,
sensor_combined,2026-08-07T15:01:24.848+08:00,187.403,28.451276999930997,22.505,1223916992,1667,0,active,1.27,,,,,0,,
sensor_combined,2026-08-07T15:01:24.877+08:00,187.432,28.945677000137948,40.508,1223957500,1667,0,active,1.27,,,,,0,,
sensor_combined,2026-08-07T15:01:24.906+08:00,187.461,29.271317999928215,18.051,1223975551,1667,0,active,1.27,,,,,0,,
sensor_combined,2026-08-07T15:01:24.934+08:00,187.489,28.373859000112134,8.954,1223984505,1667,0,active,1.27,,,,,0,,
sensor_combined,2026-08-07T15:01:24.965+08:00,187.518,28.73636999993323,13.55,1223998055,1667,0,active,1.27,,,,,0,,
sensor_combined,2026-08-07T15:01:24.994+08:00,187.549,30.656581999892296,58.465,1224056520,1667,0,active,1.27,,,,,0,,
sensor_combined,2026-08-07T15:01:25.023+08:00,187.578,29.098464000071544,22.504,1224079024,1667,0,active,1.27,,,,,0,,
sensor_combined,2026-08-07T15:01:25.054+08:00,187.607,29.259572000000844,9.05,1224088074,1667,0,active,1.27,,,,,0,,
sensor_combined,2026-08-07T15:01:25.083+08:00,187.637,30.08630199997242,40.46,1224128534,1667,0,active,1.27,,,,,0,,
sensor_combined,2026-08-07T15:01:25.112+08:00,187.666,28.813338999952975,18.004,1224146538,1667,0,active,1.27,,,,,0,,
sensor_combined,2026-08-07T15:01:25.141+08:00,187.696,29.924522000101206,9.049,1224155587,1667,0,active,1.27,,,,,0,,
sensor_combined,2026-08-07T15:01:25.170+08:00,187.725,28.803737999851364,45.009,1224200596,1667,0,active,1.27,,,,,0,,
sensor_combined,2026-08-07T15:01:25.199+08:00,187.754,28.867714000170963,17.956,1224218552,1667,0,active,1.27,,,,,0,,
sensor_combined,2026-08-07T15:01:25.228+08:00,187.782,28.71719899985692,27.053,1224245605,1667,0,active,1.27,,,,,0,,
sensor_combined,2026-08-07T15:01:25.256+08:00,187.812,29.125796000016635,62.966,1224308571,1667,0,active,1.27,,,,,0,,
sensor_combined,2026-08-07T15:01:25.286+08:00,187.840,28.293976999975712,9.001,1224317572,1667,0,active,1.27,,,,,0,,
sensor_combined,2026-08-07T15:01:25.316+08:00,187.870,29.635588000019197,18.051,1224335623,1667,0,active,1.27,,,,,0,,
sensor_combined,2026-08-07T15:01:25.345+08:00,187.900,30.303738000156955,80.969,1224416592,1667,0,active,1.27,,,,,0,,
sensor_combined,2026-08-07T15:01:25.374+08:00,187.929,28.893092999851433,18.003,1224434595,1667,0,active,1.27,,,,,0,,
sensor_combined,2026-08-07T15:01:25.402+08:00,187.958,28.91095200016025,13.551,1224448146,1667,0,active,1.27,,,,,0,,
sensor_combined,2026-08-07T15:01:25.431+08:00,187.986,28.475247999949715,58.464,1224506610,1667,0,active,1.27,,,,,0,,
sensor_combined,2026-08-07T15:01:25.459+08:00,188.014,28.277815999899758,9.049,1224515659,1667,0,active,1.27,,,,,0,,
sensor_combined,2026-08-07T15:01:25.488+08:00,188.043,28.704460999961157,22.505,1224538164,1667,0,active,1.27,,,,,0,,
sensor_combined,2026-08-07T15:01:25.520+08:00,188.073,29.489938000097027,8.954,1224547118,1667,0,active,1.27,,,,,0,,
sensor_combined,2026-08-07T15:01:25.549+08:00,188.103,30.898789000048055,58.559,1224605677,1667,0,active,1.27,,,,,0,,
sensor_combined,2026-08-07T15:01:25.578+08:00,188.132,28.834270000061224,8.954,1224614631,1667,0,active,1.27,,,,,0,,
sensor_combined,2026-08-07T15:01:25.609+08:00,188.161,28.905863999852954,22.505,1224637136,1667,0,active,1.27,,,,,0,,
sensor_combined,2026-08-07T15:01:25.638+08:00,188.193,31.528084999990824,58.559,1224695695,1667,0,active,1.27,,,,,0,,
sensor_combined,2026-08-07T15:01:25.667+08:00,188.222,28.933163000147033,4.454,1224700149,1667,0,active,1.27,,,,,0,,
sensor_combined,2026-08-07T15:01:25.697+08:00,188.251,29.019253999877037,13.502,1224713651,1667,0,active,1.27,,,,,0,,
sensor_combined,2026-08-07T15:01:25.727+08:00,188.281,30.56684300008783,49.558,1224763209,1667,0,active,1.27,,,,,0,,
sensor_combined,2026-08-07T15:01:25.755+08:00,188.310,28.94564400003219,26.958,1224790167,1667,0,active,1.27,,,,,0,,
sensor_combined,2026-08-07T15:01:25.784+08:00,188.338,28.215278999823568,13.503,1224803670,1667,0,active,1.27,,,,,0,,
sensor_combined,2026-08-07T15:01:25.812+08:00,188.367,28.86505800006489,67.513,1224871183,1667,0,active,1.27,,,,,0,,
sensor_combined,2026-08-07T15:01:25.841+08:00,188.396,28.490611000052013,18.004,1224889187,1667,0,active,1.27,,,,,0,,
sensor_combined,2026-08-07T15:01:25.871+08:00,188.425,29.32213999997657,13.502,1224902689,1667,0,active,1.27,,,,,0,,
sensor_combined,2026-08-07T15:01:25.899+08:00,188.455,29.491441999880408,27.006,1224929695,1667,0,active,1.27,,,,,0,,
sensor_combined,2026-08-07T15:01:25.928+08:00,188.483,28.32425300016439,22.504,1224952199,1667,0,active,1.27,,,,,0,,
sensor_combined,2026-08-07T15:01:25.957+08:00,188.511,28.49470699993617,9.002,1224961201,1667,0,active,1.27,,,,,0,,
sensor_combined,2026-08-07T15:01:25.985+08:00,188.540,28.89254899992011,58.512,1225019713,1667,0,active,1.27,,,,,0,,
sensor_combined,2026-08-07T15:01:26.014+08:00,188.569,28.784760000007736,31.506,1225051219,1667,0,active,1.27,,,,,0,,
sensor_combined,2026-08-07T15:01:26.043+08:00,188.598,28.745971000034842,9.002,1225060221,1667,0,active,1.27,,,,,0,,
sensor_combined,2026-08-07T15:01:26.072+08:00,188.627,29.199917000141795,72.014,1225132235,1667,0,active,1.27,,,,,0,,
sensor_combined,2026-08-07T15:01:26.100+08:00,188.655,28.286039999784407,18.004,1225150239,1667,0,active,1.27,,,,,0,,
sensor_combined,2026-08-07T15:01:26.130+08:00,188.683,27.83878300010656,13.504,1225163743,1667,0,active,1.27,,,,,0,,
sensor_combined,2026-08-07T15:01:26.159+08:00,188.714,30.662790999940626,90.017,1225253760,1667,0,active,1.27,,,,,0,,
sensor_combined,2026-08-07T15:01:26.188+08:00,188.743,28.705486000035307,9.002,1225262762,1667,0,active,1.27,,,,,0,,
sensor_combined,2026-08-07T15:01:26.217+08:00,188.772,29.291000000057466,18.051,1225280813,1667,0,active,1.27,,,,,0,,
sensor_combined,2026-08-07T15:01:26.246+08:00,188.801,29.544024999950125,31.459,1225312272,1667,0,active,1.27,,,,,0,,
sensor_combined,2026-08-07T15:01:26.276+08:00,188.830,28.75739599994631,9.001,1225321273,1667,0,active,1.27,,,,,0,,
sensor_combined,2026-08-07T15:01:26.305+08:00,188.859,29.231825000124445,9.002,1225330275,1667,0,active,1.27,,,,,0,,
sensor_combined,2026-08-07T15:01:26.333+08:00,188.888,28.855136999936803,63.06,1225393335,1667,0,active,1.27,,,,,0,,
sensor_combined,2026-08-07T15:01:26.362+08:00,188.916,28.288504000101966,17.957,1225411292,1667,0,active,1.27,,,,,0,,
sensor_combined,2026-08-07T15:01:26.392+08:00,188.946,29.89277299980131,9.001,1225420293,1667,0,active,1.27,,,,,0,,
sensor_combined,2026-08-07T15:01:26.421+08:00,188.975,28.861122000080286,63.061,1225483354,1667,0,active,1.27,,,,,0,,
sensor_combined,2026-08-07T15:01:26.450+08:00,189.005,30.23239999993166,26.957,1225510311,1667,0,active,1.27,,,,,0,,
sensor_combined,2026-08-07T15:01:26.481+08:00,189.034,28.769590000138123,13.503,1225523814,1667,0,active,1.27,,,,,0,,
sensor_combined,2026-08-07T15:01:26.510+08:00,189.064,30.050969000058103,18.004,1225541818,1667,0,active,1.27,,,,,0,,
sensor_combined,2026-08-07T15:01:26.538+08:00,189.094,29.432586999973864,40.508,1225582326,1667,0,active,1.27,,,,,0,,
sensor_combined,2026-08-07T15:01:26.568+08:00,189.122,28.50261200001114,18.003,1225600329,1667,0,active,1.27,,,,,0,,
sensor_combined,2026-08-07T15:01:26.597+08:00,189.152,29.403622000018004,13.503,1225613832,1667,0,active,1.27,,,,,0,,
sensor_combined,2026-08-07T15:01:26.626+08:00,189.181,29.560123000010208,85.517,1225699349,1667,0,active,1.27,,,,,0,,
sensor_combined,2026-08-07T15:01:26.655+08:00,189.210,28.48980999988271,9.05,1225708399,1667,0,active,1.27,,,,,0,,
sensor_combined,2026-08-07T15:01:26.686+08:00,189.239,29.770421999955943,8.954,1225717353,1667,0,active,1.27,,,,,0,,
sensor_combined,2026-08-07T15:01:26.715+08:00,189.270,30.122370000071896,49.51,1225766863,1667,0,active,1.27,,,,,0,,
failsafe_flags,2026-08-07T15:01:26.743+08:00,189.298,,,1225888231,1667,0,active,1.27,,,,,0,,"{'gcs_connection_lost': True, 'manual_control_signal_lost': True, 'offboard_control_signal_lost': True}"
sensor_combined,2026-08-07T15:01:26.774+08:00,189.327,57.67817399987507,18.004,1225784867,1667,0,active,1.27,,,,,0,,
sensor_combined,2026-08-07T15:01:26.803+08:00,189.358,30.35516800014193,81.065,1225865932,1667,0,active,1.27,,,,,0,,
sensor_combined,2026-08-07T15:01:26.833+08:00,189.387,29.056313999944905,17.954,1225883886,1667,0,active,1.27,,,,,0,,
sensor_combined,2026-08-07T15:01:26.862+08:00,189.416,29.344863000005716,13.503,1225897389,1667,0,active,1.27,,,,,0,,
sensor_combined,2026-08-07T15:01:26.892+08:00,189.446,30.02296599993315,49.51,1225946899,1667,0,active,1.27,,,,,0,,
sensor_combined,2026-08-07T15:01:26.920+08:00,189.476,29.522806000159107,9.049,1225955948,1667,0,active,1.27,,,,,0,,
sensor_combined,2026-08-07T15:01:26.950+08:00,189.504,28.458797999974195,31.459,1225987407,1667,0,active,1.27,,,,,0,,
sensor_combined,2026-08-07T15:01:26.979+08:00,189.534,29.59683199992469,58.559,1226045966,1667,0,active,1.27,,,,,0,,
sensor_combined,2026-08-07T15:01:27.008+08:00,189.563,29.52296600005866,8.955,1226054921,1667,0,active,1.27,,,,,0,,
sensor_combined,2026-08-07T15:01:27.037+08:00,189.592,28.577756999993653,22.504,1226077425,1667,0,active,1.27,,,,,0,,
sensor_combined,2026-08-07T15:01:27.065+08:00,189.620,28.43172300003971,49.51,1226126935,1667,0,active,1.27,,,,,0,,
sensor_combined,2026-08-07T15:01:27.094+08:00,189.649,29.19703599991408,18.004,1226144939,1667,0,active,1.27,,,,,0,,
sensor_combined,2026-08-07T15:01:27.122+08:00,189.677,27.757396999959383,13.55,1226158489,1667,0,active,1.27,,,,,0,,
sensor_combined,2026-08-07T15:01:27.151+08:00,189.706,28.638469000043187,58.464,1226216953,1667,0,active,1.27,,,,,0,,
sensor_combined,2026-08-07T15:01:27.181+08:00,189.735,29.460942000014256,31.555,1226248508,1667,0,active,1.27,,,,,0,,
sensor_combined,2026-08-07T15:01:27.210+08:00,189.764,29.25771600007465,8.954,1226257462,1667,0,active,1.27,,,,,0,,
sensor_combined,2026-08-07T15:01:27.239+08:00,189.794,29.555257999845708,49.509,1226306971,1667,0,active,1.27,,,,,0,,
failsafe_flags,2026-08-07T15:01:27.266+08:00,189.821,,,1226439236,1667,0,active,1.27,,,,,0,,"{'gcs_connection_lost': True, 'manual_control_signal_lost': True, 'offboard_control_signal_lost': True}"
sensor_combined,2026-08-07T15:01:27.296+08:00,189.851,56.80289400015681,9.05,1226316021,1667,0,active,1.27,,,,,0,,
sensor_combined,2026-08-07T15:01:27.326+08:00,189.881,29.85487999990255,71.966,1226387987,1667,0,active,1.27,,,,,0,,
sensor_combined,2026-08-07T15:01:27.354+08:00,189.909,28.835678999939773,18.052,1226406039,1667,0,active,1.27,,,,,0,,
sensor_combined,2026-08-07T15:01:27.383+08:00,189.938,28.201037000144424,8.954,1226414993,1667,0,active,1.27,,,,,0,,
sensor_combined,2026-08-07T15:01:27.413+08:00,189.967,29.510355999946114,22.505,1226437498,1667,0,active,1.27,,,,,0,,
sensor_combined,2026-08-07T15:01:27.442+08:00,189.996,29.014644999961092,67.513,1226505011,1667,0,active,1.27,,,,,0,,
sensor_combined,2026-08-07T15:01:27.470+08:00,190.025,28.799001999914253,13.55,1226518561,1667,0,active,1.27,,,,,0,,
sensor_combined,2026-08-07T15:01:27.499+08:00,190.054,29.193708000093466,17.956,1226536517,1667,0,active,1.27,,,,,0,,
sensor_combined,2026-08-07T15:01:27.528+08:00,190.083,28.37715600003321,9.002,1226545519,1667,0,active,1.27,,,,,0,,
sensor_combined,2026-08-07T15:01:27.557+08:00,190.111,28.772469999921668,31.507,1226577026,1667,0,active,1.27,,,,,0,,
sensor_combined,2026-08-07T15:01:27.586+08:00,190.141,29.53976800017699,9.049,1226586075,1667,0,active,1.27,,,,,0,,
sensor_combined,2026-08-07T15:01:27.615+08:00,190.170,28.914279999980863,22.504,1226608579,1667,0,active,1.27,,,,,0,,
sensor_combined,2026-08-07T15:01:27.644+08:00,190.199,29.26488499997504,8.955,1226617534,1667,0,active,1.27,,,,,0,,
sensor_combined,2026-08-07T15:01:27.674+08:00,190.228,29.035575999841967,18.003,1226635537,1667,0,active,1.27,,,,,0,,
sensor_combined,2026-08-07T15:01:27.703+08:00,190.258,29.975504000049114,13.503,1226649040,1667,0,active,1.27,,,,,0,,
sensor_combined,2026-08-07T15:01:28.425+08:00,190.978,720.0131250001505,1003.702,1227652742,1667,0,active,1.27,,,,,0,,
failsafe_flags,2026-08-07T15:01:28.457+08:00,191.009,,,1227519212,1667,0,active,1.27,,,,,0,,"{'gcs_connection_lost': True, 'manual_control_signal_lost': True, 'offboard_control_signal_lost': True}"
vehicle_status,2026-08-07T15:01:28.486+08:00,191.042,,,1227365329,1667,0,active,1.27,,,,,0,"{'arming_state': 1, 'nav_state': 4, 'failsafe': True}",
sensor_combined,2026-08-07T15:01:28.523+08:00,191.076,97.59987399979764,40.509,1227693251,1667,0,active,1.27,,,,,0,,
sensor_combined,2026-08-07T15:01:28.553+08:00,191.107,31.349535000117612,4.5,1227697751,1667,0,active,1.27,,,,,0,,
sensor_combined,2026-08-07T15:01:28.584+08:00,191.137,30.243505000044024,9.001,1227706752,1667,0,active,1.27,,,,,0,,
sensor_combined,2026-08-07T15:01:28.613+08:00,191.169,31.339293999963047,9.002,1227715754,1667,0,active,1.27,,,,,0,,
sensor_combined,2026-08-07T15:01:28.642+08:00,191.197,28.06220399997983,9.003,1227724757,1667,0,active,1.27,,,,,0,,
sensor_combined,2026-08-07T15:01:28.671+08:00,191.226,28.84143899996161,22.504,1227747261,1667,0,active,1.27,,,,,0,,
sensor_combined,2026-08-07T15:01:28.700+08:00,191.255,29.469647000041732,9.049,1227756310,1667,0,active,1.27,,,,,0,,
sensor_combined,2026-08-07T15:01:28.729+08:00,191.284,28.90112699992642,31.459,1227787769,1667,0,active,1.27,,,,,0,,
sensor_combined,2026-08-07T15:01:28.757+08:00,191.312,28.18087400009972,9.002,1227796771,1667,0,active,1.27,,,,,0,,
sensor_combined,2026-08-07T15:01:28.787+08:00,191.341,29.134788999954253,58.511,1227855282,1667,0,active,1.27,,,,,0,,
sensor_combined,2026-08-07T15:01:28.816+08:00,191.370,29.022614000041358,22.505,1227877787,1667,0,active,1.27,,,,,0,,
sensor_combined,2026-08-07T15:01:28.844+08:00,191.399,28.774326000075234,9.002,1227886789,1667,0,active,1.27,,,,,0,,
sensor_combined,2026-08-07T15:01:28.874+08:00,191.428,29.17626599992218,27.053,1227913842,1667,0,active,1.27,,,,,0,,
sensor_combined,2026-08-07T15:01:28.903+08:00,191.457,29.28613599988239,40.46,1227954302,1667,0,active,1.27,,,,,0,,
sensor_combined,2026-08-07T15:01:28.932+08:00,191.486,28.946060000180296,22.505,1227976807,1667,0,active,1.27,,,,,0,,
sensor_combined,2026-08-07T15:01:28.963+08:00,191.516,29.169544999831487,9.002,1227985809,1667,0,active,1.27,,,,,0,,
sensor_combined,2026-08-07T15:01:28.992+08:00,191.546,30.52283800002442,81.016,1228066825,1667,0,active,1.27,,,,,0,,
sensor_combined,2026-08-07T15:01:29.020+08:00,191.575,28.962126000124044,9.002,1228075827,1667,0,active,1.27,,,,,0,,
sensor_combined,2026-08-07T15:01:29.049+08:00,191.604,28.705230000014126,9.002,1228084829,1667,0,active,1.27,,,,,0,,
sensor_combined,2026-08-07T15:01:29.077+08:00,191.632,28.52949499992974,63.012,1228147841,1667,0,active,1.27,,,,,0,,
sensor_combined,2026-08-07T15:01:29.106+08:00,191.661,29.172969000001103,9.002,1228156843,1667,0,active,1.27,,,,,0,,
sensor_combined,2026-08-07T15:01:29.136+08:00,191.690,28.181483000025764,18.004,1228174847,1667,0,active,1.27,,,,,0,,
sensor_combined,2026-08-07T15:01:29.166+08:00,191.721,31.576891999975487,63.012,1228237859,1667,0,active,1.27,,,,,0,,
sensor_combined,2026-08-07T15:01:29.195+08:00,191.751,29.408263000050283,9.002,1228246861,1667,0,active,1.27,,,,,0,,
sensor_combined,2026-08-07T15:01:29.225+08:00,191.779,27.991379000013694,9.002,1228255863,1667,0,active,1.27,,,,,0,,
sensor_combined,2026-08-07T15:01:29.253+08:00,191.808,29.351295999958893,49.51,1228305373,1667,0,active,1.27,,,,,0,,
vehicle_status,2026-08-07T15:01:29.281+08:00,191.835,,,1228379128,1667,0,active,1.27,,,,,0,"{'arming_state': 1, 'nav_state': 4, 'failsafe': True}",
sensor_combined,2026-08-07T15:01:29.311+08:00,191.865,57.10882099992887,9.002,1228314375,1667,0,active,1.27,,,,,0,,
sensor_combined,2026-08-07T15:01:29.339+08:00,191.894,29.365313999960563,90.018,1228404393,1667,0,active,1.27,,,,,0,,
sensor_combined,2026-08-07T15:01:29.368+08:00,191.923,28.035768000108874,13.503,1228417896,1667,0,active,1.25,,,,,0,,
sensor_combined,2026-08-07T15:01:29.397+08:00,191.952,29.100896000045395,18.003,1228435899,1667,0,active,1.25,,,,,0,,
sensor_combined,2026-08-07T15:01:29.427+08:00,191.980,28.86240199995882,72.015,1228507914,1667,0,active,1.25,,,,,0,,
sensor_combined,2026-08-07T15:01:29.456+08:00,192.011,30.19745200003854,9.001,1228516915,1667,0,active,1.25,,,,,0,,
sensor_combined,2026-08-07T15:01:29.488+08:00,192.041,30.052344999830893,9.002,1228525917,1667,0,active,1.25,,,,,0,,
sensor_combined,2026-08-07T15:01:29.516+08:00,192.071,30.40551100002631,9.002,1228534919,1667,0,active,1.25,,,,,0,,
sensor_combined,2026-08-07T15:01:29.545+08:00,192.100,28.64663000013934,4.501,1228539420,1667,0,active,1.25,,,,,0,,
sensor_combined,2026-08-07T15:01:29.574+08:00,192.128,28.615201999855344,27.053,1228566473,1667,0,active,1.25,,,,,0,,
sensor_combined,2026-08-07T15:01:29.601+08:00,192.157,28.826236999975663,8.954,1228575427,1667,0,active,1.25,,,,,0,,
sensor_combined,2026-08-07T15:01:29.630+08:00,192.185,27.91492100004689,22.505,1228597932,1667,0,active,1.25,,,,,0,,
sensor_combined,2026-08-07T15:01:29.659+08:00,192.214,28.674410000121497,9.002,1228606934,1667,0,active,1.25,,,,,0,,
sensor_combined,2026-08-07T15:01:29.688+08:00,192.243,28.77672599993275,27.052,1228633986,1667,0,active,1.25,,,,,0,,
sensor_combined,2026-08-07T15:01:29.716+08:00,192.271,28.813052000032258,13.456,1228647442,1667,0,active,1.25,,,,,0,,
failsafe_flags,2026-08-07T15:01:30.429+08:00,192.981,,,1229162328,1667,0,active,1.25,,,,,0,,"{'gcs_connection_lost': True, 'manual_control_signal_lost': True, 'offboard_control_signal_lost': True}"
sensor_combined,2026-08-07T15:01:30.461+08:00,193.015,743.286365999893,1008.203,1229655645,1667,0,active,1.25,,,,,0,,
vehicle_status,2026-08-07T15:01:30.490+08:00,193.045,,,1229393120,1667,0,active,1.25,,,,,0,"{'arming_state': 1, 'nav_state': 4, 'failsafe': True}",
sensor_combined,2026-08-07T15:01:30.523+08:00,193.076,61.438684999984616,36.054,1229691699,1667,0,active,1.25,,,,,0,,
sensor_combined,2026-08-07T15:01:30.553+08:00,193.107,31.19652300006237,4.454,1229696153,1667,0,active,1.25,,,,,0,,
failsafe_flags,2026-08-07T15:01:30.585+08:00,193.137,,,1229712229,1667,0,active,1.25,,,,,0,,"{'gcs_connection_lost': True, 'manual_control_signal_lost': True, 'offboard_control_signal_lost': True}"
sensor_combined,2026-08-07T15:01:30.614+08:00,193.169,62.044650999951045,9.001,1229705154,1667,0,active,1.25,,,,,0,,
sensor_combined,2026-08-07T15:01:30.644+08:00,193.198,28.720784000142885,13.503,1229718657,1667,0,active,1.25,,,,,0,,
sensor_combined,2026-08-07T15:01:30.675+08:00,193.228,29.44257099989045,9.002,1229727659,1667,0,active,1.25,,,,,0,,
sensor_combined,2026-08-07T15:01:30.704+08:00,193.259,31.358464000049935,49.51,1229777169,1667,0,active,1.25,,,,,0,,
sensor_combined,2026-08-07T15:01:30.733+08:00,193.288,28.845439999940936,9.002,1229786171,1667,0,active,1.25,,,,,0,,
sensor_combined,2026-08-07T15:01:30.762+08:00,193.317,28.803610000068147,31.506,1229817677,1667,0,active,1.25,,,,,0,,
sensor_combined,2026-08-07T15:01:30.791+08:00,193.346,29.162759999962873,27.005,1229844682,1667,0,active,1.25,,,,,0,,
sensor_combined,2026-08-07T15:01:30.819+08:00,193.374,28.656295000018872,13.503,1229858185,1667,0,active,1.25,,,,,0,,
sensor_combined,2026-08-07T15:01:30.848+08:00,193.402,28.119522999986657,18.004,1229876189,1667,0,active,1.25,,,,,0,,
sensor_combined,2026-08-07T15:01:30.878+08:00,193.432,29.67559400008213,40.556,1229916745,1667,0,active,1.25,,,,,0,,
sensor_combined,2026-08-07T15:01:30.906+08:00,193.462,29.479088000016418,40.46,1229957205,1667,0,active,1.25,,,,,0,,
sensor_combined,2026-08-07T15:01:30.935+08:00,193.490,28.31797999988339,18.004,1229975209,1667,0,active,1.25,,,,,0,,
sensor_combined,2026-08-07T15:01:30.966+08:00,193.520,30.194316000006438,40.508,1230015717,1667,0,active,1.25,,,,,0,,
sensor_combined,2026-08-07T15:01:30.995+08:00,193.549,29.091294999943784,31.506,1230047223,1667,0,active,1.25,,,,,0,,
sensor_combined,2026-08-07T15:01:31.024+08:00,193.579,29.29932100005317,31.506,1230078729,1667,0,active,1.25,,,,,0,,
sensor_combined,2026-08-07T15:01:31.055+08:00,193.608,29.131236000011995,9.002,1230087731,1667,0,active,1.25,,,,,0,,
sensor_combined,2026-08-07T15:01:31.085+08:00,193.638,30.78184700007114,67.514,1230155245,1667,0,active,1.25,,,,,0,,
sensor_combined,2026-08-07T15:01:31.113+08:00,193.668,29.588477999823226,13.503,1230168748,1667,0,active,1.25,,,,,0,,
sensor_combined,2026-08-07T15:01:31.142+08:00,193.697,28.715887000089424,9.002,1230177750,1667,0,active,1.25,,,,,0,,
sensor_combined,2026-08-07T15:01:31.171+08:00,193.726,29.147429999966334,49.51,1230227260,1667,0,active,1.25,,,,,0,,
sensor_combined,2026-08-07T15:01:31.200+08:00,193.755,29.22372800003359,9.001,1230236261,1667,0,active,1.25,,,,,0,,
sensor_combined,2026-08-07T15:01:31.228+08:00,193.783,28.346655999939685,9.004,1230245265,1667,0,active,1.25,,,,,0,,
sensor_combined,2026-08-07T15:01:31.256+08:00,193.811,27.869187000078455,63.011,1230308276,1667,0,active,1.25,,,,,0,,
vehicle_status,2026-08-07T15:01:31.284+08:00,193.839,,,1230406087,1667,0,active,1.25,,,,,0,"{'arming_state': 1, 'nav_state': 4, 'failsafe': True}",
sensor_combined,2026-08-07T15:01:31.315+08:00,193.868,56.2458310000693,27.005,1230335281,1667,0,active,1.25,,,,,0,,
sensor_combined,2026-08-07T15:01:31.345+08:00,193.899,31.717390000039813,63.013,1230398294,1667,0,active,1.25,,,,,0,,
sensor_combined,2026-08-07T15:01:31.374+08:00,193.928,28.955404999805978,4.501,1230402795,1667,0,active,1.25,,,,,0,,
sensor_combined,2026-08-07T15:01:31.403+08:00,193.958,29.736081000010017,36.007,1230438802,1667,0,active,1.25,,,,,0,,
sensor_combined,2026-08-07T15:01:31.431+08:00,193.986,28.367587000047934,58.512,1230497314,1667,0,active,1.25,,,,,0,,
sensor_combined,2026-08-07T15:01:31.460+08:00,194.015,28.529047000120045,9.002,1230506316,1667,0,active,1.25,,,,,0,,
sensor_combined,2026-08-07T15:01:31.488+08:00,194.043,28.315483999904245,31.506,1230537822,1667,0,active,1.25,,,,,0,,
sensor_combined,2026-08-07T15:01:31.518+08:00,194.072,28.802970000015193,9.049,1230546871,1667,0,active,1.25,,,,,0,,
sensor_combined,2026-08-07T15:01:31.547+08:00,194.101,29.261205000011614,17.956,1230564827,1667,0,active,1.25,,,,,0,,
sensor_combined,2026-08-07T15:01:31.576+08:00,194.131,29.514901000084137,13.503,1230578330,1667,0,active,1.25,,,,,0,,
sensor_combined,2026-08-07T15:01:31.605+08:00,194.160,29.136547999996765,18.004,1230596334,1667,0,active,1.25,,,,,0,,
sensor_combined,2026-08-07T15:01:31.634+08:00,194.188,28.362369999967996,9.002,1230605336,1667,0,active,1.25,,,,,0,,
sensor_combined,2026-08-07T15:01:31.663+08:00,194.218,29.62621200003923,22.504,1230627840,1667,0,active,1.25,,,,,0,,
sensor_combined,2026-08-07T15:01:31.692+08:00,194.247,28.910118999874612,9.049,1230636889,1667,0,active,1.25,,,,,0,,
failsafe_flags,2026-08-07T15:01:32.432+08:00,194.984,,,1231352246,1667,0,active,1.25,,,,,0,,"{'gcs_connection_lost': True, 'manual_control_signal_lost': True, 'offboard_control_signal_lost': True}"
sensor_combined,2026-08-07T15:01:32.465+08:00,195.017,770.2617110001029,1021.659,1231658548,1667,0,active,1.25,,,,,0,,
vehicle_status,2026-08-07T15:01:32.497+08:00,195.049,,,1231418129,1667,0,active,1.25,,,,,0,"{'arming_state': 1, 'nav_state': 4, 'failsafe': True}",
sensor_combined,2026-08-07T15:01:32.530+08:00,195.082,64.95350199998029,36.055,1231694603,1667,0,active,1.25,,,,,0,,
sensor_combined,2026-08-07T15:01:32.559+08:00,195.114,31.995248999919568,4.453,1231699056,1667,0,active,1.25,,,,,0,,
sensor_combined,2026-08-07T15:01:32.589+08:00,195.143,29.1562630000044,9.004,1231708060,1667,0,active,1.25,,,,,0,,
sensor_combined,2026-08-07T15:01:32.617+08:00,195.172,29.253555999957825,9.047,1231717107,1667,0,active,1.25,,,,,0,,
sensor_combined,2026-08-07T15:01:32.646+08:00,195.201,28.99096200007989,8.954,1231726061,1667,0,active,1.25,,,,,0,,
sensor_combined,2026-08-07T15:01:32.675+08:00,195.230,28.773590999890075,22.505,1231748566,1667,0,active,1.25,,,,,0,,
sensor_combined,2026-08-07T15:01:32.709+08:00,195.262,31.7594430000554,9.002,1231757568,1667,0,active,1.25,,,,,0,,
sensor_combined,2026-08-07T15:01:32.737+08:00,195.292,30.23345600013272,27.053,1231784621,1667,0,active,1.25,,,,,0,,
sensor_combined,2026-08-07T15:01:32.766+08:00,195.321,29.013876999897548,13.455,1231798076,1667,0,active,1.25,,,,,0,,
sensor_combined,2026-08-07T15:01:32.796+08:00,195.351,29.71947099990757,58.512,1231856588,1667,0,active,1.25,,,,,0,,
vehicle_status,2026-08-07T15:01:32.825+08:00,195.379,,,1231925086,1667,0,active,1.25,,,,,0,"{'arming_state': 1, 'nav_state': 4, 'failsafe': True}",
sensor_combined,2026-08-07T15:01:32.854+08:00,195.409,57.64735399998244,9.001,1231865589,1667,0,active,1.25,,,,,0,,
sensor_combined,2026-08-07T15:01:32.884+08:00,195.438,29.835998000180552,90.018,1231955607,1667,0,active,1.25,,,,,0,,
sensor_combined,2026-08-07T15:01:32.914+08:00,195.468,29.602687999840782,31.557,1231987164,1667,0,active,1.25,,,,,0,,
sensor_combined,2026-08-07T15:01:32.942+08:00,195.497,29.035991999990074,8.952,1231996116,1667,0,active,1.25,,,,,0,,
sensor_combined,2026-08-07T15:01:32.971+08:00,195.526,28.641445000175736,49.51,1232045626,1667,0,active,1.25,,,,,0,,
sensor_combined,2026-08-07T15:01:33.000+08:00,195.554,28.705133999892496,9.049,1232054675,1667,0,active,1.25,,,,,0,,
sensor_combined,2026-08-07T15:01:33.028+08:00,195.583,28.646726000033595,13.455,1232068130,1667,0,active,1.25,,,,,0,,
sensor_combined,2026-08-07T15:01:33.058+08:00,195.612,29.24164999990353,18.004,1232086134,1667,0,active,1.25,,,,,0,,
sensor_combined,2026-08-07T15:01:33.088+08:00,195.643,30.627555000137363,31.506,1232117640,1667,0,active,1.25,,,,,0,,
sensor_combined,2026-08-07T15:01:33.117+08:00,195.672,28.804634999914924,9.002,1232126642,1667,0,active,1.25,,,,,0,,
sensor_combined,2026-08-07T15:01:33.146+08:00,195.701,28.85932899994259,49.51,1232176152,1667,0,active,1.25,,,,,0,,
sensor_combined,2026-08-07T15:01:33.175+08:00,195.730,29.179178000049433,9.002,1232185154,1667,0,active,1.25,,,,,0,,
sensor_combined,2026-08-07T15:01:33.204+08:00,195.759,29.546809000066787,22.504,1232207658,1667,0,active,1.25,,,,,0,,
sensor_combined,2026-08-07T15:01:33.234+08:00,195.788,28.834717999870918,9.002,1232216660,1667,0,active,1.25,,,,,0,,
sensor_combined,2026-08-07T15:01:33.263+08:00,195.818,29.886340000075506,90.018,1232306678,1667,0,active,1.25,,,,,0,,
sensor_combined,2026-08-07T15:01:33.292+08:00,195.847,28.670057999988785,9.002,1232315680,1667,0,active,1.25,,,,,0,,
sensor_combined,2026-08-07T15:01:33.321+08:00,195.876,28.89959000003728,22.504,1232338184,1667,0,active,1.25,,,,,0,,
sensor_combined,2026-08-07T15:01:33.350+08:00,195.905,29.634148000013738,40.509,1232378693,1667,0,active,1.25,,,,,0,,
failsafe_flags,2026-08-07T15:01:33.379+08:00,195.933,,,1232454232,1667,0,active,1.25,,,,,0,,"{'gcs_connection_lost': True, 'manual_control_signal_lost': True, 'offboard_control_signal_lost': True}"
sensor_combined,2026-08-07T15:01:33.409+08:00,195.963,57.79831699987881,9.002,1232387695,1667,0,active,1.25,,,,,0,,
sensor_combined,2026-08-07T15:01:33.438+08:00,195.993,30.043416000125944,81.016,1232468711,1667,0,active,1.25,,,,,0,,
sensor_combined,2026-08-07T15:01:33.467+08:00,196.021,28.35222499993506,36.055,1232504766,1667,0,active,1.25,,,,,0,,
sensor_combined,2026-08-07T15:01:33.495+08:00,196.050,28.918249000071228,13.455,1232518221,1667,0,active,1.25,,,,,0,,
sensor_combined,2026-08-07T15:01:33.524+08:00,196.079,28.55993100001797,18.003,1232536224,1667,0,active,1.25,,,,,0,,
sensor_combined,2026-08-07T15:01:33.553+08:00,196.107,28.44010800004071,58.56,1232594784,1667,0,active,1.25,,,,,0,,
sensor_combined,2026-08-07T15:01:33.583+08:00,196.136,29.151750999972137,13.455,1232608239,1667,0,active,1.25,,,,,0,,
sensor_combined,2026-08-07T15:01:33.613+08:00,196.166,29.808858000023974,27.006,1232635245,1667,0,active,1.25,,,,,0,,
sensor_combined,2026-08-07T15:01:33.642+08:00,196.196,30.010451999942234,72.062,1232707307,1667,0,active,1.25,,,,,0,,
sensor_combined,2026-08-07T15:01:33.671+08:00,196.225,29.16391200005819,4.453,1232711760,1667,0,active,1.25,,,,,0,,
sensor_combined,2026-08-07T15:01:33.700+08:00,196.255,29.031671999973696,9.002,1232720762,1667,0,active,1.25,,,,,0,,
sensor_combined,2026-08-07T15:01:33.729+08:00,196.284,29.410406999886618,49.51,1232770272,1667,0,active,1.25,,,,,0,,
sensor_combined,2026-08-07T15:01:33.757+08:00,196.312,28.21751999999833,31.506,1232801778,1667,0,active,1.25,,,,,0,,
sensor_combined,2026-08-07T15:01:33.787+08:00,196.341,28.998355000112497,9.002,1232810780,1667,0,active,1.25,,,,,0,,
sensor_combined,2026-08-07T15:01:33.816+08:00,196.371,29.72555199994531,63.013,1232873793,1667,0,active,1.25,,,,,0,,
vehicle_status,2026-08-07T15:01:33.843+08:00,196.398,,,1232939086,1667,0,active,1.25,,,,,0,"{'arming_state': 1, 'nav_state': 4, 'failsafe': True}",
failsafe_flags,2026-08-07T15:01:33.871+08:00,196.426,,,1233005214,1667,0,active,1.25,,,,,0,,"{'gcs_connection_lost': True, 'manual_control_signal_lost': True, 'offboard_control_signal_lost': True}"
sensor_combined,2026-08-07T15:01:33.900+08:00,196.455,84.14279699991312,90.018,1232963811,1667,0,active,1.25,,,,,0,,
sensor_combined,2026-08-07T15:01:33.929+08:00,196.484,28.80095400018945,9.001,1232972812,1667,0,active,1.25,,,,,0,,
sensor_combined,2026-08-07T15:01:33.958+08:00,196.512,28.532726999856095,27.054,1232999866,1667,0,active,1.25,,,,,0,,
sensor_combined,2026-08-07T15:01:33.987+08:00,196.542,29.314460000023246,40.46,1233040326,1667,0,active,1.25,,,,,0,,
sensor_combined,2026-08-07T15:01:34.016+08:00,196.571,29.61052900013783,22.505,1233062831,1667,0,active,1.25,,,,,0,,
sensor_combined,2026-08-07T15:01:34.044+08:00,196.599,28.187402999947153,9.002,1233071833,1667,0,active,1.25,,,,,0,,
sensor_combined,2026-08-07T15:01:34.075+08:00,196.630,30.522037999844542,72.014,1233143847,1667,0,active,1.25,,,,,0,,
sensor_combined,2026-08-07T15:01:34.104+08:00,196.659,28.554266000128337,9.002,1233152849,1667,0,active,1.25,,,,,0,,
sensor_combined,2026-08-07T15:01:34.132+08:00,196.687,28.830685999992056,4.548,1233157397,1667,0,active,1.25,,,,,0,,
sensor_combined,2026-08-07T15:01:34.161+08:00,196.716,28.54037699989931,76.468,1233233865,1667,0,active,1.25,,,,,0,,
sensor_combined,2026-08-07T15:01:34.191+08:00,196.745,28.809307000074114,27.008,1233260873,1667,0,active,1.25,,,,,0,,
sensor_combined,2026-08-07T15:01:34.219+08:00,196.774,29.464109999935317,9.048,1233269921,1667,0,active,1.25,,,,,0,,
sensor_combined,2026-08-07T15:01:34.249+08:00,196.803,29.25221100008457,22.503,1233292424,1667,0,active,1.25,,,,,0,,
sensor_combined,2026-08-07T15:01:34.278+08:00,196.832,28.554939000059676,31.459,1233323883,1667,0,active,1.25,,,,,0,,
sensor_combined,2026-08-07T15:01:34.306+08:00,196.861,29.21313399997416,9.002,1233332885,1667,0,active,1.25,,,,,0,,
sensor_combined,2026-08-07T15:01:34.336+08:00,196.890,29.01170099994488,27.053,1233359938,1667,0,active,1.25,,,,,0,,
sensor_combined,2026-08-07T15:01:34.365+08:00,196.920,29.497139000113748,53.963,1233413901,1667,0,active,1.23,,,,,0,,
sensor_combined,2026-08-07T15:01:34.394+08:00,196.948,28.57161199995062,4.501,1233418402,1667,0,active,1.23,,,,,0,,
sensor_combined,2026-08-07T15:01:34.424+08:00,196.978,29.895877999933873,31.554,1233449956,1667,0,active,1.23,,,,,0,,
sensor_combined,2026-08-07T15:01:34.452+08:00,197.007,29.102367999939815,71.967,1233521923,1667,0,active,1.23,,,,,0,,
failsafe_flags,2026-08-07T15:01:34.481+08:00,197.035,,,1233556239,1667,0,active,1.23,,,,,0,,"{'gcs_connection_lost': True, 'manual_control_signal_lost': True, 'offboard_control_signal_lost': True}"
sensor_combined,2026-08-07T15:01:34.509+08:00,197.065,57.37826400013546,9.002,1233530925,1667,0,active,1.23,,,,,0,,
sensor_combined,2026-08-07T15:01:34.538+08:00,197.093,28.502226999989944,18.005,1233548930,1667,0,active,1.23,,,,,0,,
sensor_combined,2026-08-07T15:01:34.567+08:00,197.122,29.105856999876778,9.002,1233557932,1667,0,active,1.23,,,,,0,,
sensor_combined,2026-08-07T15:01:34.596+08:00,197.151,28.36227400007374,22.504,1233580436,1667,0,active,1.23,,,,,0,,
sensor_combined,2026-08-07T15:01:34.625+08:00,197.180,29.073245000063253,13.502,1233593938,1667,0,active,1.23,,,,,0,,
sensor_combined,2026-08-07T15:01:34.653+08:00,197.208,28.32492499987893,18.004,1233611942,1667,0,active,1.23,,,,,0,,
sensor_combined,2026-08-07T15:01:34.682+08:00,197.237,28.828476999933628,9.001,1233620943,1667,0,active,1.23,,,,,0,,
sensor_combined,2026-08-07T15:01:34.710+08:00,197.266,28.709934000062276,31.554,1233652497,1667,0,active,1.23,,,,,0,,
sensor_combined,2026-08-07T15:01:34.739+08:00,197.294,28.696173000071212,8.955,1233661452,1667,0,active,1.23,,,,,0,,
failsafe_flags,2026-08-07T15:01:35.444+08:00,197.995,,,1234657380,1667,0,active,1.23,,,,,0,,"{'gcs_connection_lost': True, 'manual_control_signal_lost': True, 'offboard_control_signal_lost': True}"
sensor_combined,2026-08-07T15:01:35.477+08:00,198.030,735.7520289999684,1008.203,1234669655,1667,0,active,1.23,,,,,0,,
vehicle_status,2026-08-07T15:01:35.509+08:00,198.062,,,1234459487,1667,0,active,1.23,,,,,0,"{'arming_state': 1, 'nav_state': 4, 'failsafe': True}",
sensor_combined,2026-08-07T15:01:35.541+08:00,198.095,64.8037870000735,36.007,1234705662,1667,0,active,1.23,,,,,0,,
sensor_combined,2026-08-07T15:01:35.569+08:00,198.125,30.05672999984199,4.548,1234710210,1667,0,active,1.23,,,,,0,,
sensor_combined,2026-08-07T15:01:35.602+08:00,198.154,28.897766000000047,13.455,1234723665,1667,0,active,1.23,,,,,0,,
sensor_combined,2026-08-07T15:01:35.630+08:00,198.186,31.845726000028662,9.05,1234732715,1667,0,active,1.23,,,,,0,,
sensor_combined,2026-08-07T15:01:35.660+08:00,198.214,28.60598500001288,8.954,1234741669,1667,0,active,1.23,,,,,0,,
sensor_combined,2026-08-07T15:01:35.689+08:00,198.244,29.47259200004737,18.004,1234759673,1667,0,active,1.23,,,,,0,,
sensor_combined,2026-08-07T15:01:35.718+08:00,198.273,29.796024999996007,31.506,1234791179,1667,0,active,1.23,,,,,0,,
sensor_combined,2026-08-07T15:01:35.747+08:00,198.302,28.38416400004462,9.05,1234800229,1667,0,active,1.23,,,,,0,,
sensor_combined,2026-08-07T15:01:35.776+08:00,198.330,28.204493999965052,22.504,1234822733,1667,0,active,1.23,,,,,0,,
sensor_combined,2026-08-07T15:01:35.806+08:00,198.360,30.21726299994043,67.514,1234890247,1667,0,active,1.23,,,,,0,,
sensor_combined,2026-08-07T15:01:35.834+08:00,198.389,28.897350000079314,8.954,1234899201,1667,0,active,1.23,,,,,0,,
sensor_combined,2026-08-07T15:01:35.863+08:00,198.418,28.558075000091776,22.505,1234921706,1667,0,active,1.23,,,,,0,,
sensor_combined,2026-08-07T15:01:35.893+08:00,198.448,29.792311999926824,40.508,1234962214,1667,0,active,1.23,,,,,0,,
sensor_combined,2026-08-07T15:01:35.922+08:00,198.477,29.571739999937563,27.005,1234989219,1667,0,active,1.23,,,,,0,,
sensor_combined,2026-08-07T15:01:35.950+08:00,198.506,28.545306000069104,13.55,1235002769,1667,0,active,1.23,,,,,0,,
sensor_combined,2026-08-07T15:01:35.980+08:00,198.534,28.40707899986228,17.957,1235020726,1667,0,active,1.23,,,,,0,,
sensor_combined,2026-08-07T15:01:36.009+08:00,198.564,29.635493000114366,31.506,1235052232,1667,0,active,1.23,,,,,0,,
sensor_combined,2026-08-07T15:01:36.038+08:00,198.593,28.8657940000121,9.002,1235061234,1667,0,active,1.23,,,,,0,,
sensor_combined,2026-08-07T15:01:36.067+08:00,198.622,28.953420999869195,22.504,1235083738,1667,0,active,1.23,,,,,0,,
sensor_combined,2026-08-07T15:01:36.096+08:00,198.650,28.584062000163613,67.514,1235151252,1667,0,active,1.23,,,,,0,,
sensor_combined,2026-08-07T15:01:36.124+08:00,198.679,28.98532999984127,9.049,1235160301,1667,0,active,1.23,,,,,0,,
sensor_combined,2026-08-07T15:01:36.154+08:00,198.708,28.53932000016357,22.505,1235182806,1667,0,active,1.23,,,,,0,,
sensor_combined,2026-08-07T15:01:36.183+08:00,198.738,30.18045799990432,49.462,1235232268,1667,0,active,1.23,,,,,0,,
sensor_combined,2026-08-07T15:01:36.213+08:00,198.768,30.49307400010548,18.052,1235250320,1667,0,active,1.23,,,,,0,,
sensor_combined,2026-08-07T15:01:36.242+08:00,198.797,28.30165799991846,8.954,1235259274,1667,0,active,1.23,,,,,0,,
sensor_combined,2026-08-07T15:01:36.271+08:00,198.826,29.262484999890148,31.506,1235290780,1667,0,active,1.23,,,,,0,,
sensor_combined,2026-08-07T15:01:36.300+08:00,198.854,28.553018000138763,22.505,1235313285,1667,0,active,1.23,,,,,0,,
sensor_combined,2026-08-07T15:01:36.329+08:00,198.884,29.66976900006557,9.002,1235322287,1667,0,active,1.23,,,,,0,,
sensor_combined,2026-08-07T15:01:36.358+08:00,198.913,28.45790199990006,67.513,1235389800,1667,0,active,1.23,,,,,0,,
sensor_combined,2026-08-07T15:01:36.386+08:00,198.941,28.51714100006575,31.507,1235421307,1667,0,active,1.23,,,,,0,,
sensor_combined,2026-08-07T15:01:36.415+08:00,198.970,28.860641999926884,31.553,1235452860,1667,0,active,1.23,,,,,0,,
sensor_combined,2026-08-07T15:01:36.444+08:00,198.999,28.741201999991972,58.465,1235511325,1667,0,active,1.23,,,,,0,,
sensor_combined,2026-08-07T15:01:36.472+08:00,199.027,28.662440000061906,31.553,1235542878,1667,0,active,1.23,,,,,0,,
sensor_combined,2026-08-07T15:01:36.501+08:00,199.056,28.354016999855958,8.955,1235551833,1667,0,active,1.23,,,,,0,,
sensor_combined,2026-08-07T15:01:36.530+08:00,199.084,28.68750000016007,31.506,1235583339,1667,0,active,1.23,,,,,0,,
sensor_combined,2026-08-07T15:01:36.559+08:00,199.113,29.045272999837835,58.512,1235641851,1667,0,active,1.23,,,,,0,,
failsafe_flags,2026-08-07T15:01:36.587+08:00,199.142,,,1235757686,1667,0,active,1.23,,,,,0,,"{'gcs_connection_lost': True, 'manual_control_signal_lost': True, 'offboard_control_signal_lost': True}"
sensor_combined,2026-08-07T15:01:36.616+08:00,199.171,57.412603000102536,9.002,1235650853,1667,0,active,1.23,,,,,0,,
sensor_combined,2026-08-07T15:01:36.647+08:00,199.201,30.580733000078908,94.566,1235745419,1667,0,active,1.23,,,,,0,,
sensor_combined,2026-08-07T15:01:36.676+08:00,199.230,28.97896099989339,8.954,1235754373,1667,0,active,1.23,,,,,0,,
sensor_combined,2026-08-07T15:01:36.708+08:00,199.260,29.394404999948165,22.505,1235776878,1667,0,active,1.23,,,,,0,,
sensor_combined,2026-08-07T15:01:36.736+08:00,199.291,31.560538000121596,31.506,1235808384,1667,0,active,1.23,,,,,0,,
sensor_combined,2026-08-07T15:01:36.765+08:00,199.320,28.5260069999822,9.002,1235817386,1667,0,active,1.23,,,,,0,,
sensor_combined,2026-08-07T15:01:36.796+08:00,199.349,28.664104999961637,31.507,1235848893,1667,0,active,1.23,,,,,0,,
sensor_combined,2026-08-07T15:01:36.825+08:00,199.380,31.28274200003034,27.005,1235875898,1667,0,active,1.23,,,,,0,,
vehicle_status,2026-08-07T15:01:36.854+08:00,199.408,,,1235977261,1667,0,active,1.23,,,,,0,"{'arming_state': 1, 'nav_state': 4, 'failsafe': True}",
sensor_combined,2026-08-07T15:01:36.885+08:00,199.438,58.15724300009606,9.002,1235884900,1667,0,active,1.23,,,,,0,,
sensor_combined,2026-08-07T15:01:36.915+08:00,199.469,31.47476699996332,103.521,1235988421,1667,0,active,1.23,,,,,0,,
sensor_combined,2026-08-07T15:01:36.943+08:00,199.498,29.039863999969384,18.004,1236006425,1667,0,active,1.23,,,,,0,,
sensor_combined,2026-08-07T15:01:36.972+08:00,199.527,28.334429999858912,9.049,1236015474,1667,0,active,1.23,,,,,0,,
sensor_combined,2026-08-07T15:01:37.002+08:00,199.556,29.078078000111418,62.965,1236078439,1667,0,active,1.23,,,,,0,,
sensor_combined,2026-08-07T15:01:37.031+08:00,199.586,29.781237999941368,27.053,1236105492,1667,0,active,1.23,,,,,0,,
sensor_combined,2026-08-07T15:01:37.059+08:00,199.614,28.477008999971076,13.455,1236118947,1667,0,active,1.23,,,,,0,,
sensor_combined,2026-08-07T15:01:37.088+08:00,199.643,29.243857999972533,49.51,1236168457,1667,0,active,1.23,,,,,0,,
failsafe_flags,2026-08-07T15:01:37.117+08:00,199.672,,,1236308512,1667,0,active,1.23,,,,,0,,"{'gcs_connection_lost': True, 'manual_control_signal_lost': True, 'offboard_control_signal_lost': True}"
sensor_combined,2026-08-07T15:01:37.145+08:00,199.700,56.83419400020284,9.002,1236177459,1667,0,active,1.23,,,,,0,,
sensor_combined,2026-08-07T15:01:37.175+08:00,199.729,28.992210999831514,18.051,1236195510,1667,0,active,1.23,,,,,0,,
sensor_combined,2026-08-07T15:01:37.204+08:00,199.759,29.327549000072395,49.463,1236244973,1667,0,active,1.23,,,,,0,,
sensor_combined,2026-08-07T15:01:37.232+08:00,199.787,28.82130800003324,31.506,1236276479,1667,0,active,1.23,,,,,0,,
sensor_combined,2026-08-07T15:01:37.264+08:00,199.817,29.749874999879466,18.004,1236294483,1667,0,active,1.23,,,,,0,,
sensor_combined,2026-08-07T15:01:37.292+08:00,199.847,29.968367000037688,63.012,1236357495,1667,0,active,1.23,,,,,0,,
sensor_combined,2026-08-07T15:01:37.321+08:00,199.876,28.95393300013893,9.002,1236366497,1667,0,active,1.23,,,,,0,,
sensor_combined,2026-08-07T15:01:37.351+08:00,199.906,29.95818999988842,9.05,1236375547,1667,0,active,1.23,,,,,0,,
sensor_combined,2026-08-07T15:01:37.379+08:00,199.935,28.545881000127338,49.462,1236425009,1667,0,active,1.23,,,,,0,,
sensor_combined,2026-08-07T15:01:37.409+08:00,199.963,28.577436999967176,13.503,1236438512,1667,0,active,1.23,,,,,0,,
sensor_combined,2026-08-07T15:01:37.439+08:00,199.992,29.06668399987211,27.053,1236465565,1667,0,active,1.23,,,,,0,,
sensor_combined,2026-08-07T15:01:37.468+08:00,200.023,30.493490000026213,71.967,1236537532,1667,0,active,1.23,,,,,0,,
sensor_combined,2026-08-07T15:01:37.496+08:00,200.051,28.547769999931916,18.051,1236555583,1667,0,active,1.23,,,,,0,,
sensor_combined,2026-08-07T15:01:37.525+08:00,200.080,28.420297000138817,8.954,1236564537,1667,0,active,1.23,,,,,0,,
sensor_combined,2026-08-07T15:01:37.553+08:00,200.109,29.019926000046325,31.507,1236596044,1667,0,active,1.23,,,,,0,,
sensor_combined,2026-08-07T15:01:37.582+08:00,200.137,28.19444399983695,9.003,1236605047,1667,0,active,1.23,,,,,0,,
sensor_combined,2026-08-07T15:01:37.611+08:00,200.165,28.390854000008403,22.503,1236627550,1667,0,active,1.23,,,,,0,,
sensor_combined,2026-08-07T15:01:37.639+08:00,200.194,28.67857000001095,9.002,1236636552,1667,0,active,1.23,,,,,0,,
sensor_combined,2026-08-07T15:01:37.667+08:00,200.222,28.304635000040435,18.003,1236654555,1667,0,active,1.23,,,,,0,,
sensor_combined,2026-08-07T15:01:37.695+08:00,200.250,27.809627000124237,13.551,1236668106,1667,0,active,1.23,,,,,0,,
sensor_combined,2026-08-07T15:01:37.724+08:00,200.279,28.57350099998257,8.954,1236677060,1667,0,active,1.23,,,,,0,,
sensor_combined,2026-08-07T15:01:38.449+08:00,201.001,721.8812679998337,999.202,1237676262,1667,0,active,1.23,,,,,0,,
failsafe_flags,2026-08-07T15:01:38.481+08:00,201.033,,,1237399229,1667,0,active,1.23,,,,,0,,"{'gcs_connection_lost': True, 'manual_control_signal_lost': True, 'offboard_control_signal_lost': True}"
vehicle_status,2026-08-07T15:01:38.517+08:00,201.068,,,1237498099,1667,0,active,1.23,,,,,0,"{'arming_state': 1, 'nav_state': 4, 'failsafe': True}",
sensor_combined,2026-08-07T15:01:38.548+08:00,201.102,101.68749900003604,36.007,1237712269,1667,0,active,1.23,,,,,0,,
sensor_combined,2026-08-07T15:01:38.581+08:00,201.133,31.081437000011647,4.501,1237716770,1667,0,active,1.23,,,,,0,,
sensor_combined,2026-08-07T15:01:38.612+08:00,201.165,31.960365000031743,9.049,1237725819,1667,0,active,1.23,,,,,0,,
sensor_combined,2026-08-07T15:01:38.640+08:00,201.196,30.364353000095434,8.955,1237734774,1667,0,active,1.23,,,,,0,,
sensor_combined,2026-08-07T15:01:38.669+08:00,201.224,28.526934999945297,9.001,1237743775,1667,0,active,1.23,,,,,0,,
sensor_combined,2026-08-07T15:01:38.700+08:00,201.253,29.27003800004968,40.509,1237784284,1667,0,active,1.23,,,,,0,,
sensor_combined,2026-08-07T15:01:38.729+08:00,201.284,30.812282999931995,22.504,1237806788,1667,0,active,1.23,,,,,0,,
sensor_combined,2026-08-07T15:01:38.759+08:00,201.313,28.911334999975224,9.05,1237815838,1667,0,active,1.23,,,,,0,,
sensor_combined,2026-08-07T15:01:38.789+08:00,201.342,29.364481999891723,31.458,1237847296,1667,0,active,1.23,,,,,0,,
sensor_combined,2026-08-07T15:01:38.818+08:00,201.373,30.105409000043437,27.006,1237874302,1667,0,active,1.23,,,,,0,,
vehicle_status,2026-08-07T15:01:38.846+08:00,201.400,,,1238004088,1667,0,active,1.23,,,,,0,"{'arming_state': 1, 'nav_state': 4, 'failsafe': True}",
sensor_combined,2026-08-07T15:01:38.874+08:00,201.429,56.77636200016423,13.503,1237887805,1667,0,active,1.23,,,,,0,,
sensor_combined,2026-08-07T15:01:38.903+08:00,201.458,28.87392299999192,58.512,1237946317,1667,0,active,1.23,,,,,0,,
sensor_combined,2026-08-07T15:01:38.932+08:00,201.487,28.643621999890456,31.506,1237977823,1667,0,active,1.23,,,,,0,,
sensor_combined,2026-08-07T15:01:38.961+08:00,201.515,28.38115600002311,9.002,1237986825,1667,0,active,1.23,,,,,0,,
sensor_combined,2026-08-07T15:01:38.990+08:00,201.545,29.402695000044332,81.016,1238067841,1667,0,active,1.23,,,,,0,,
sensor_combined,2026-08-07T15:01:39.019+08:00,201.574,29.68023399989761,9.002,1238076843,1667,0,active,1.23,,,,,0,,
sensor_combined,2026-08-07T15:01:39.049+08:00,201.603,28.568444000029558,27.005,1238103848,1667,0,active,1.23,,,,,0,,
sensor_combined,2026-08-07T15:01:39.078+08:00,201.633,30.179626000062854,63.013,1238166861,1667,0,active,1.23,,,,,0,,
sensor_combined,2026-08-07T15:01:39.107+08:00,201.661,28.095423999957347,9.049,1238175910,1667,0,active,1.23,,,,,0,,
sensor_combined,2026-08-07T15:01:39.135+08:00,201.691,29.69818800011126,8.955,1238184865,1667,0,active,1.23,,,,,0,,
sensor_combined,2026-08-07T15:01:39.166+08:00,201.720,28.961870999864914,49.51,1238234375,1667,0,active,1.23,,,,,0,,
sensor_combined,2026-08-07T15:01:39.195+08:00,201.749,29.44589999992786,13.502,1238247877,1667,0,active,1.23,,,,,0,,
sensor_combined,2026-08-07T15:01:39.224+08:00,201.778,28.757716000200162,18.051,1238265928,1667,0,active,1.23,,,,,0,,
sensor_combined,2026-08-07T15:01:39.253+08:00,201.808,30.050713999798973,98.973,1238364901,1667,0,active,1.23,,,,,0,,
sensor_combined,2026-08-07T15:01:39.282+08:00,201.836,28.266196999993554,9.002,1238373903,1667,0,active,1.23,,,,,0,,
sensor_combined,2026-08-07T15:01:39.311+08:00,201.866,29.362178000155836,13.503,1238387406,1667,0,active,1.23,,,,,0,,
sensor_combined,2026-08-07T15:01:39.342+08:00,201.896,30.21415800003524,9.002,1238396408,1667,0,active,1.23,,,,,0,,
failsafe_flags,2026-08-07T15:01:39.369+08:00,201.924,,,1238491926,1667,0,active,1.29,,,,,0,,"{'gcs_connection_lost': True, 'manual_control_signal_lost': True, 'offboard_control_signal_lost': True}"
sensor_combined,2026-08-07T15:01:39.398+08:00,201.953,56.66322799993395,31.506,1238427914,1667,0,active,1.29,,,,,0,,
sensor_combined,2026-08-07T15:01:39.428+08:00,201.982,29.09014300007584,9.001,1238436915,1667,0,active,1.29,,,,,0,,
sensor_combined,2026-08-07T15:01:39.458+08:00,202.012,29.84143799994854,99.068,1238535983,1667,0,active,1.29,,,,,0,,
sensor_combined,2026-08-07T15:01:39.487+08:00,202.042,30.339935000029072,26.958,1238562941,1667,0,active,1.29,,,,,0,,
sensor_combined,2026-08-07T15:01:39.518+08:00,202.071,29.018068999903335,13.503,1238576444,1667,0,active,1.29,,,,,0,,
sensor_combined,2026-08-07T15:01:39.546+08:00,202.101,30.590461999963736,18.003,1238594447,1667,0,active,1.29,,,,,0,,
sensor_combined,2026-08-07T15:01:39.575+08:00,202.129,27.542457999970793,13.503,1238607950,1667,0,active,1.29,,,,,0,,
sensor_combined,2026-08-07T15:01:39.604+08:00,202.159,30.231120000053124,18.051,1238626001,1667,0,active,1.29,,,,,0,,
sensor_combined,2026-08-07T15:01:39.633+08:00,202.188,28.598719999990863,8.955,1238634956,1667,0,active,1.29,,,,,0,,
sensor_combined,2026-08-07T15:01:39.662+08:00,202.217,28.716879000057816,9.002,1238643958,1667,0,active,1.29,,,,,0,,
sensor_combined,2026-08-07T15:01:39.691+08:00,202.245,28.910279999990962,13.502,1238657460,1667,0,active,1.29,,,,,0,,
sensor_combined,2026-08-07T15:01:39.720+08:00,202.274,28.992113999947833,9.002,1238666462,1667,0,active,1.29,,,,,0,,
failsafe_flags,2026-08-07T15:01:40.452+08:00,203.005,,,1239581383,1667,0,active,1.29,,,,,0,,"{'gcs_connection_lost': True, 'manual_control_signal_lost': True, 'offboard_control_signal_lost': True}"
sensor_combined,2026-08-07T15:01:40.485+08:00,203.038,763.7262220000594,1012.705,1239679167,1667,0,active,1.29,,,,,0,,
vehicle_status,2026-08-07T15:01:40.518+08:00,203.069,,,1239526084,1667,0,active,1.29,,,,,0,"{'arming_state': 1, 'nav_state': 4, 'failsafe': True}",
sensor_combined,2026-08-07T15:01:40.548+08:00,203.102,64.2649659998824,36.007,1239715174,1667,0,active,1.29,,,,,0,,
sensor_combined,2026-08-07T15:01:40.578+08:00,203.132,29.846079000208192,4.501,1239719675,1667,0,active,1.29,,,,,0,,
sensor_combined,2026-08-07T15:01:40.610+08:00,203.163,30.41203999987374,9.05,1239728725,1667,0,active,1.29,,,,,0,,
sensor_combined,2026-08-07T15:01:40.639+08:00,203.194,31.13174700001764,8.954,1239737679,1667,0,active,1.29,,,,,0,,
sensor_combined,2026-08-07T15:01:40.668+08:00,203.223,28.81397900000593,9.002,1239746681,1667,0,active,1.29,,,,,0,,
sensor_combined,2026-08-07T15:01:40.697+08:00,203.251,28.36973099988427,31.506,1239778187,1667,0,active,1.29,,,,,0,,
sensor_combined,2026-08-07T15:01:40.726+08:00,203.281,30.18372300016381,27.005,1239805192,1667,0,active,1.29,,,,,0,,
sensor_combined,2026-08-07T15:01:40.755+08:00,203.310,29.162024000015663,13.551,1239818743,1667,0,active,1.29,,,,,0,,
sensor_combined,2026-08-07T15:01:40.785+08:00,203.339,28.79291999988709,17.956,1239836699,1667,0,active,1.29,,,,,0,,
sensor_combined,2026-08-07T15:01:40.815+08:00,203.369,29.773237999961566,31.506,1239868205,1667,0,active,1.29,,,,,0,,
vehicle_status,2026-08-07T15:01:40.843+08:00,203.398,,,1240032148,1667,0,active,1.29,,,,,0,"{'arming_state': 1, 'nav_state': 4, 'failsafe': True}",
sensor_combined,2026-08-07T15:01:40.873+08:00,203.428,58.924380999997084,9.002,1239877207,1667,0,active,1.29,,,,,0,,
sensor_combined,2026-08-07T15:01:40.903+08:00,203.457,29.281239000056303,99.068,1239976275,1667,0,active,1.29,,,,,0,,
sensor_combined,2026-08-07T15:01:40.932+08:00,203.487,29.6817700000247,22.504,1239998779,1667,0,active,1.29,,,,,0,,
sensor_combined,2026-08-07T15:01:40.961+08:00,203.516,28.788152000061018,8.954,1240007733,1667,0,active,1.29,,,,,0,,
sensor_combined,2026-08-07T15:01:40.990+08:00,203.545,29.10707299997739,58.56,1240066293,1667,0,active,1.29,,,,,0,,
failsafe_flags,2026-08-07T15:01:41.018+08:00,203.573,,,1240131232,1667,0,active,1.29,,,,,0,,"{'gcs_connection_lost': True, 'manual_control_signal_lost': True, 'offboard_control_signal_lost': True}"
sensor_combined,2026-08-07T15:01:41.046+08:00,203.602,57.069552000029944,8.954,1240075247,1667,0,active,1.29,,,,,0,,
sensor_combined,2026-08-07T15:01:41.076+08:00,203.630,28.48788999995122,22.505,1240097752,1667,0,active,1.29,,,,,0,,
sensor_combined,2026-08-07T15:01:41.104+08:00,203.660,29.493298000033974,27.005,1240124757,1667,0,active,1.29,,,,,0,,
sensor_combined,2026-08-07T15:01:41.133+08:00,203.688,28.274039000052653,40.508,1240165265,1667,0,active,1.29,,,,,0,,
sensor_combined,2026-08-07T15:01:41.161+08:00,203.717,28.484402000003683,13.551,1240178816,1667,0,active,1.29,,,,,0,,
sensor_combined,2026-08-07T15:01:41.189+08:00,203.745,28.330557999879602,76.467,1240255283,1667,0,active,1.29,,,,,0,,
sensor_combined,2026-08-07T15:01:41.217+08:00,203.772,27.58252600006017,13.551,1240268834,1667,0,active,1.29,,,,,0,,
sensor_combined,2026-08-07T15:01:41.247+08:00,203.801,28.431275000002643,26.958,1240295792,1667,0,active,1.29,,,,,0,,
sensor_combined,2026-08-07T15:01:41.276+08:00,203.831,29.925544999969134,40.556,1240336348,1667,0,active,1.29,,,,,0,,
sensor_combined,2026-08-07T15:01:41.305+08:00,203.859,28.450797000004968,22.504,1240358852,1667,0,active,1.29,,,,,0,,
sensor_combined,2026-08-07T15:01:41.335+08:00,203.889,29.983920999939073,8.954,1240367806,1667,0,active,1.29,,,,,0,,
sensor_combined,2026-08-07T15:01:41.364+08:00,203.919,29.5760930000597,27.006,1240394812,1667,0,active,1.29,,,,,0,,
sensor_combined,2026-08-07T15:01:41.392+08:00,203.947,28.620515000056912,31.554,1240426366,1667,0,active,1.29,,,,,0,,
sensor_combined,2026-08-07T15:01:41.421+08:00,203.976,28.36099399996783,8.954,1240435320,1667,0,active,1.29,,,,,0,,
sensor_combined,2026-08-07T15:01:41.450+08:00,204.005,29.158151000046928,72.015,1240507335,1667,0,active,1.29,,,,,0,,
sensor_combined,2026-08-07T15:01:41.478+08:00,204.034,28.71034999998301,18.003,1240525338,1667,0,active,1.29,,,,,0,,
sensor_combined,2026-08-07T15:01:41.507+08:00,204.062,28.188107999994827,31.507,1240556845,1667,0,active,1.29,,,,,0,,
sensor_combined,2026-08-07T15:01:41.536+08:00,204.091,28.947756999968988,9.001,1240565846,1667,0,active,1.29,,,,,0,,
sensor_combined,2026-08-07T15:01:41.564+08:00,204.119,28.34684799995557,9.002,1240574848,1667,0,active,1.29,,,,,0,,
sensor_combined,2026-08-07T15:01:41.593+08:00,204.147,28.26034100007746,13.503,1240588351,1667,0,active,1.29,,,,,0,,
sensor_combined,2026-08-07T15:01:41.621+08:00,204.176,28.972142999919015,9.002,1240597353,1667,0,active,1.29,,,,,0,,
sensor_combined,2026-08-07T15:01:41.650+08:00,204.205,28.769653999916045,31.554,1240628907,1667,0,active,1.29,,,,,0,,
sensor_combined,2026-08-07T15:01:41.679+08:00,204.233,28.067517000181397,8.954,1240637861,1667,0,active,1.29,,,,,0,,
sensor_combined,2026-08-07T15:01:41.708+08:00,204.262,29.043767999837655,18.004,1240655865,1667,0,active,1.29,,,,,0,,
sensor_combined,2026-08-07T15:01:41.737+08:00,204.292,29.801082000176393,9.002,1240664867,1667,0,active,1.29,,,,,0,,
sensor_combined,2026-08-07T15:01:42.455+08:00,205.007,715.2604240000073,1017.206,1241682073,1667,0,active,1.29,,,,,0,,
failsafe_flags,2026-08-07T15:01:42.487+08:00,205.039,,,1241231212,1667,0,active,1.29,,,,,0,,"{'gcs_connection_lost': True, 'manual_control_signal_lost': True, 'offboard_control_signal_lost': True}"
vehicle_status,2026-08-07T15:01:42.519+08:00,205.072,,,1241552312,1667,0,active,1.29,,,,,0,"{'arming_state': 1, 'nav_state': 4, 'failsafe': True}",
sensor_combined,2026-08-07T15:01:42.550+08:00,205.104,96.97483399986595,36.007,1241718080,1667,0,active,1.29,,,,,0,,
sensor_combined,2026-08-07T15:01:42.579+08:00,205.133,29.1764900000544,4.501,1241722581,1667,0,active,1.29,,,,,0,,
sensor_combined,2026-08-07T15:01:42.609+08:00,205.163,29.447403999938615,9.049,1241731630,1667,0,active,1.29,,,,,0,,
sensor_combined,2026-08-07T15:01:42.638+08:00,205.193,30.273302000068725,8.955,1241740585,1667,0,active,1.29,,,,,0,,
sensor_combined,2026-08-07T15:01:42.668+08:00,205.222,29.193996000003608,13.55,1241754135,1667,0,active,1.29,,,,,0,,
sensor_combined,2026-08-07T15:01:42.697+08:00,205.252,29.512244999978066,40.461,1241794596,1667,0,active,1.29,,,,,0,,
sensor_combined,2026-08-07T15:01:42.728+08:00,205.282,30.38112299987006,9.001,1241803597,1667,0,active,1.29,,,,,0,,
sensor_combined,2026-08-07T15:01:42.756+08:00,205.311,28.60838500009777,9.002,1241812599,1667,0,active,1.29,,,,,0,,
sensor_combined,2026-08-07T15:01:42.784+08:00,205.340,28.728368999964005,4.504,1241817103,1667,0,active,1.29,,,,,0,,
sensor_combined,2026-08-07T15:01:42.814+08:00,205.368,28.20881399998143,36.004,1241853107,1667,0,active,1.29,,,,,0,,
sensor_combined,2026-08-07T15:01:42.842+08:00,205.397,29.475280000042403,67.514,1241920621,1667,0,active,1.29,,,,,0,,
sensor_combined,2026-08-07T15:01:42.871+08:00,205.426,28.52933600001961,13.55,1241934171,1667,0,active,1.29,,,,,0,,
sensor_combined,2026-08-07T15:01:42.901+08:00,205.455,29.0713560000313,8.955,1241943126,1667,0,active,1.29,,,,,0,,
sensor_combined,2026-08-07T15:01:42.930+08:00,205.485,29.681962000040585,40.508,1241983634,1667,0,active,1.29,,,,,0,,
sensor_combined,2026-08-07T15:01:42.959+08:00,205.514,29.364289999875837,9.001,1241992635,1667,0,active,1.29,,,,,0,,
sensor_combined,2026-08-07T15:01:42.989+08:00,205.542,28.435883000156537,18.004,1242010639,1667,0,active,1.29,,,,,0,,
sensor_combined,2026-08-07T15:01:43.018+08:00,205.572,29.69569199990474,63.013,1242073652,1667,0,active,1.29,,,,,0,,
sensor_combined,2026-08-07T15:01:43.047+08:00,205.602,29.85852899996644,9.002,1242082654,1667,0,active,1.29,,,,,0,,
sensor_combined,2026-08-07T15:01:43.077+08:00,205.631,28.616386000066996,31.554,1242114208,1667,0,active,1.29,,,,,0,,
sensor_combined,2026-08-07T15:01:43.107+08:00,205.661,30.019701999890458,58.464,1242172672,1667,0,active,1.29,,,,,0,,
sensor_combined,2026-08-07T15:01:43.135+08:00,205.690,29.840158000070005,9.049,1242181721,1667,0,active,1.29,,,,,0,,
sensor_combined,2026-08-07T15:01:43.167+08:00,205.719,28.37606799994319,8.955,1242190676,1667,0,active,1.29,,,,,0,,
sensor_combined,2026-08-07T15:01:43.196+08:00,205.750,31.640676000051826,54.01,1242244686,1667,0,active,1.29,,,,,0,,
failsafe_flags,2026-08-07T15:01:43.224+08:00,205.778,,,1242311213,1667,0,active,1.29,,,,,0,,"{'gcs_connection_lost': True, 'manual_control_signal_lost': True, 'offboard_control_signal_lost': True}"
sensor_combined,2026-08-07T15:01:43.253+08:00,205.808,57.18956700002309,9.003,1242253689,1667,0,active,1.29,,,,,0,,
sensor_combined,2026-08-07T15:01:43.281+08:00,205.836,28.825052999991385,90.018,1242343707,1667,0,active,1.29,,,,,0,,
sensor_combined,2026-08-07T15:01:43.311+08:00,205.866,29.245362999972713,27.005,1242370712,1667,0,active,1.29,,,,,0,,
sensor_combined,2026-08-07T15:01:43.341+08:00,205.895,29.040952000059406,13.551,1242384263,1667,0,active,1.29,,,,,0,,
sensor_combined,2026-08-07T15:01:43.370+08:00,205.924,29.6283879999919,49.462,1242433725,1667,0,active,1.29,,,,,0,,
vehicle_status,2026-08-07T15:01:43.397+08:00,205.952,,,1242564086,1667,0,active,1.29,,,,,0,"{'arming_state': 1, 'nav_state': 4, 'failsafe': True}",
sensor_combined,2026-08-07T15:01:43.429+08:00,205.982,57.66559599987886,9.002,1242442727,1667,0,active,1.29,,,,,0,,
sensor_combined,2026-08-07T15:01:43.458+08:00,206.012,29.87225800006854,72.014,1242514741,1667,0,active,1.29,,,,,0,,
sensor_combined,2026-08-07T15:01:43.487+08:00,206.042,29.91319200009457,18.004,1242532745,1667,0,active,1.29,,,,,0,,
sensor_combined,2026-08-07T15:01:43.516+08:00,206.071,29.039383999815982,9.05,1242541795,1667,0,active,1.29,,,,,0,,
sensor_combined,2026-08-07T15:01:43.544+08:00,206.100,28.90391100004308,31.458,1242573253,1667,0,active,1.29,,,,,0,,
sensor_combined,2026-08-07T15:01:43.573+08:00,206.128,28.03272799997103,9.002,1242582255,1667,0,active,1.29,,,,,0,,
sensor_combined,2026-08-07T15:01:43.602+08:00,206.157,29.073629000095025,22.505,1242604760,1667,0,active,1.29,,,,,0,,
sensor_combined,2026-08-07T15:01:43.631+08:00,206.186,29.276694999907704,9.001,1242613761,1667,0,active,1.29,,,,,0,,
sensor_combined,2026-08-07T15:01:43.660+08:00,206.215,29.03311099998973,18.052,1242631813,1667,0,active,1.29,,,,,0,,
sensor_combined,2026-08-07T15:01:43.690+08:00,206.244,28.32876600018608,8.954,1242640767,1667,0,active,1.29,,,,,0,,
sensor_combined,2026-08-07T15:01:43.719+08:00,206.274,30.162151000013182,22.505,1242663272,1667,0,active,1.29,,,,,0,,
sensor_combined,2026-08-07T15:01:43.750+08:00,206.303,29.2666459999964,9.001,1242672273,1667,0,active,1.29,,,,,0,,
sensor_combined,2026-08-07T15:01:44.461+08:00,207.014,711.3562139998066,1012.706,1243684979,1667,0,active,1.19,,,,,0,,
failsafe_flags,2026-08-07T15:01:44.493+08:00,207.046,,,1243413231,1667,0,active,1.19,,,,,0,,"{'gcs_connection_lost': True, 'manual_control_signal_lost': True, 'offboard_control_signal_lost': True}"
vehicle_status,2026-08-07T15:01:44.525+08:00,207.078,,,1243579084,1667,0,active,1.19,,,,,0,"{'arming_state': 1, 'nav_state': 4, 'failsafe': True}",
sensor_combined,2026-08-07T15:01:44.556+08:00,207.111,96.79452300019875,40.508,1243725487,1667,0,active,1.19,,,,,0,,
sensor_combined,2026-08-07T15:01:44.585+08:00,207.140,28.69405999990704,4.501,1243729988,1667,0,active,1.19,,,,,0,,
sensor_combined,2026-08-07T15:01:44.615+08:00,207.169,28.93668299998353,4.548,1243734536,1667,0,active,1.19,,,,,0,,
sensor_combined,2026-08-07T15:01:44.643+08:00,207.199,29.838558999927045,13.455,1243747991,1667,0,active,1.19,,,,,0,,
sensor_combined,2026-08-07T15:01:44.671+08:00,207.227,28.06249100012792,9.05,1243757041,1667,0,active,1.19,,,,,0,,
sensor_combined,2026-08-07T15:01:44.700+08:00,207.255,28.639718000022185,31.459,1243788500,1667,0,active,1.19,,,,,0,,
sensor_combined,2026-08-07T15:01:44.731+08:00,207.285,29.89152500003911,9.001,1243797501,1667,0,active,1.19,,,,,0,,
sensor_combined,2026-08-07T15:01:44.761+08:00,207.315,29.782806999946843,18.005,1243815506,1667,0,active,1.19,,,,,0,,
sensor_combined,2026-08-07T15:01:44.790+08:00,207.345,29.813946999865948,31.553,1243847059,1667,0,active,1.19,,,,,0,,
sensor_combined,2026-08-07T15:01:44.820+08:00,207.375,29.881220000106623,17.956,1243865015,1667,0,active,1.19,,,,,0,,
sensor_combined,2026-08-07T15:01:44.849+08:00,207.404,28.99096200007989,22.505,1243887520,1667,0,active,1.19,,,,,0,,
sensor_combined,2026-08-07T15:01:44.877+08:00,207.432,28.6302759998307,18.003,1243905523,1667,0,active,1.19,,,,,0,,
sensor_combined,2026-08-07T15:01:44.909+08:00,207.462,29.279191000114224,13.503,1243919026,1667,0,active,1.19,,,,,0,,
sensor_combined,2026-08-07T15:01:44.937+08:00,207.492,30.893764999973428,58.512,1243977538,1667,0,active,1.19,,,,,0,,
sensor_combined,2026-08-07T15:01:44.967+08:00,207.521,28.837725999892427,9.002,1243986540,1667,0,active,1.19,,,,,0,,
sensor_combined,2026-08-07T15:01:44.999+08:00,207.551,29.893670000092243,18.051,1244004591,1667,0,active,1.19,,,,,0,,
sensor_combined,2026-08-07T15:01:45.028+08:00,207.582,31.07410699999491,62.965,1244067556,1667,0,active,1.19,,,,,0,,
sensor_combined,2026-08-07T15:01:45.058+08:00,207.613,30.400710000094477,9.002,1244076558,1667,0,active,1.19,,,,,0,,
sensor_combined,2026-08-07T15:01:45.088+08:00,207.642,29.44362799985356,40.556,1244117114,1667,0,active,1.19,,,,,0,,
sensor_combined,2026-08-07T15:01:45.116+08:00,207.671,28.92679399997178,17.956,1244135070,1667,0,active,1.19,,,,,0,,
sensor_combined,2026-08-07T15:01:45.144+08:00,207.699,28.44558100014183,13.503,1244148573,1667,0,active,1.19,,,,,0,,
sensor_combined,2026-08-07T15:01:45.176+08:00,207.727,27.952941999956238,27.005,1244175578,1667,0,active,1.19,,,,,0,,
sensor_combined,2026-08-07T15:01:45.204+08:00,207.759,31.7664199999399,63.013,1244238591,1667,0,active,1.19,,,,,0,,
sensor_combined,2026-08-07T15:01:45.233+08:00,207.788,28.500563000079637,9.002,1244247593,1667,0,active,1.19,,,,,0,,
sensor_combined,2026-08-07T15:01:45.264+08:00,207.816,28.42599399991741,18.003,1244265596,1667,0,active,1.19,,,,,0,,
sensor_combined,2026-08-07T15:01:45.293+08:00,207.848,32.12880299997778,72.015,1244337611,1667,0,active,1.19,,,,,0,,
sensor_combined,2026-08-07T15:01:45.323+08:00,207.877,28.9344750001419,9.002,1244346613,1667,0,active,1.19,,,,,0,,
sensor_combined,2026-08-07T15:01:45.353+08:00,207.906,29.01522100000875,22.505,1244369118,1667,0,active,1.19,,,,,0,,
sensor_combined,2026-08-07T15:01:45.382+08:00,207.937,30.42660099981731,76.515,1244445633,1667,0,active,1.19,,,,,0,,
failsafe_flags,2026-08-07T15:01:45.410+08:00,207.965,,,1244515214,1667,0,active,1.19,,,,,0,,"{'gcs_connection_lost': True, 'manual_control_signal_lost': True, 'offboard_control_signal_lost': True}"
sensor_combined,2026-08-07T15:01:45.441+08:00,207.994,57.4287980000463,22.505,1244468138,1667,0,active,1.19,,,,,0,,
sensor_combined,2026-08-07T15:01:45.470+08:00,208.025,30.60390400014512,58.511,1244526649,1667,0,active,1.19,,,,,0,,
vehicle_status,2026-08-07T15:01:45.498+08:00,208.052,,,1244592088,1667,0,active,1.19,,,,,0,"{'arming_state': 1, 'nav_state': 4, 'failsafe': True}",
sensor_combined,2026-08-07T15:01:45.528+08:00,208.082,57.56580699994629,9.002,1244535651,1667,0,active,1.19,,,,,0,,
sensor_combined,2026-08-07T15:01:45.558+08:00,208.112,29.76853299992399,31.554,1244567205,1667,0,active,1.19,,,,,0,,
sensor_combined,2026-08-07T15:01:45.587+08:00,208.142,29.870914999946763,58.465,1244625670,1667,0,active,1.19,,,,,0,,
sensor_combined,2026-08-07T15:01:45.616+08:00,208.171,29.019478000009258,9.049,1244634719,1667,0,active,1.19,,,,,0,,
sensor_combined,2026-08-07T15:01:45.645+08:00,208.199,28.48635300006208,22.505,1244657224,1667,0,active,1.19,,,,,0,,
sensor_combined,2026-08-07T15:01:45.674+08:00,208.229,29.283608000014283,90.018,1244747242,1667,0,active,1.19,,,,,0,,
sensor_combined,2026-08-07T15:01:45.704+08:00,208.258,29.006100000060542,8.954,1244756196,1667,0,active,1.19,,,,,0,,
sensor_combined,2026-08-07T15:01:45.737+08:00,208.289,31.10508800000389,9.002,1244765198,1667,0,active,1.19,,,,,0,,
sensor_combined,2026-08-07T15:01:45.767+08:00,208.320,31.73825599992597,58.512,1244823710,1667,0,active,1.19,,,,,0,,
sensor_combined,2026-08-07T15:01:45.795+08:00,208.350,29.90804000000935,13.55,1244837260,1667,0,active,1.19,,,,,0,,
sensor_combined,2026-08-07T15:01:45.829+08:00,208.379,28.54748100003235,8.954,1244846214,1667,0,active,1.19,,,,,0,,
sensor_combined,2026-08-07T15:01:45.858+08:00,208.413,34.41568599987477,40.509,1244886723,1667,0,active,1.19,,,,,0,,
sensor_combined,2026-08-07T15:01:45.886+08:00,208.442,28.372675000127856,18.051,1244904774,1667,0,active,1.19,,,,,0,,
sensor_combined,2026-08-07T15:01:45.915+08:00,208.470,28.045849999898564,22.504,1244927278,1667,0,active,1.19,,,,,0,,
sensor_combined,2026-08-07T15:01:45.944+08:00,208.499,28.938186999994286,49.463,1244976741,1667,0,active,1.19,,,,,0,,
sensor_combined,2026-08-07T15:01:45.972+08:00,208.527,28.581054000142103,9.002,1244985743,1667,0,active,1.19,,,,,0,,
sensor_combined,2026-08-07T15:01:46.001+08:00,208.555,28.08787100002519,18.003,1245003746,1667,0,active,1.19,,,,,0,,
sensor_combined,2026-08-07T15:01:46.029+08:00,208.584,28.889604999903895,81.064,1245084810,1667,0,active,1.19,,,,,0,,
sensor_combined,2026-08-07T15:01:46.057+08:00,208.613,28.35289700010435,22.505,1245107315,1667,0,active,1.19,,,,,0,,
sensor_combined,2026-08-07T15:01:46.086+08:00,208.641,28.322876999936852,8.954,1245116269,1667,0,active,1.19,,,,,0,,
sensor_combined,2026-08-07T15:01:46.115+08:00,208.669,28.346880000071906,67.514,1245183783,1667,0,active,1.19,,,,,0,,
sensor_combined,2026-08-07T15:01:46.144+08:00,208.699,30.090430999962337,13.55,1245197333,1667,0,active,1.19,,,,,0,,
sensor_combined,2026-08-07T15:01:46.173+08:00,208.727,28.068156000017552,8.954,1245206287,1667,0,active,1.19,,,,,0,,
sensor_combined,2026-08-07T15:01:46.201+08:00,208.756,28.726256000027206,67.514,1245273801,1667,0,active,1.19,,,,,0,,
sensor_combined,2026-08-07T15:01:46.230+08:00,208.785,28.48532999996678,13.551,1245287352,1667,0,active,1.19,,,,,0,,
sensor_combined,2026-08-07T15:01:46.258+08:00,208.813,28.35369699982948,8.954,1245296306,1667,0,active,1.19,,,,,0,,
sensor_combined,2026-08-07T15:01:46.286+08:00,208.841,28.174250000120082,81.064,1245377370,1667,0,active,1.19,,,,,0,,
sensor_combined,2026-08-07T15:01:46.314+08:00,208.869,28.02517500003887,8.954,1245386324,1667,0,active,1.19,,,,,0,,
sensor_combined,2026-08-07T15:01:46.345+08:00,208.898,28.70750199986105,9.002,1245395326,1667,0,active,1.19,,,,,0,,
sensor_combined,2026-08-07T15:01:46.373+08:00,208.928,30.21582200017292,81.017,1245476343,1667,0,active,1.19,,,,,0,,
sensor_combined,2026-08-07T15:01:46.401+08:00,208.957,28.491154999983337,18.003,1245494346,1667,0,active,1.19,,,,,0,,
sensor_combined,2026-08-07T15:01:46.432+08:00,208.985,28.779127000007065,9.002,1245503348,1667,0,active,1.19,,,,,0,,
sensor_combined,2026-08-07T15:01:46.460+08:00,209.015,29.833500999984608,54.058,1245557406,1667,0,active,1.19,,,,,0,,
sensor_combined,2026-08-07T15:01:46.489+08:00,209.044,28.797402000009242,8.955,1245566361,1667,0,active,1.19,,,,,0,,
sensor_combined,2026-08-07T15:01:46.517+08:00,209.072,28.070587999991403,9.001,1245575362,1667,0,active,1.19,,,,,0,,
sensor_combined,2026-08-07T15:01:46.546+08:00,209.101,28.956397999991168,18.004,1245593366,1667,0,active,1.19,,,,,0,,
sensor_combined,2026-08-07T15:01:46.575+08:00,209.130,29.28283999995074,40.508,1245633874,1667,0,active,1.19,,,,,0,,
sensor_combined,2026-08-07T15:01:46.604+08:00,209.159,28.34659199993439,13.551,1245647425,1667,0,active,1.19,,,,,0,,
sensor_combined,2026-08-07T15:01:46.633+08:00,209.187,28.536600000052204,8.954,1245656379,1667,0,active,1.19,,,,,0,,
sensor_combined,2026-08-07T15:01:46.662+08:00,209.217,29.373347000046124,76.515,1245732894,1667,0,active,1.19,,,,,0,,
sensor_combined,2026-08-07T15:01:46.690+08:00,209.245,28.476239999918107,9.002,1245741896,1667,0,active,1.19,,,,,0,,
sensor_combined,2026-08-07T15:01:46.721+08:00,209.273,28.024983000022985,13.503,1245755399,1667,0,active,1.19,,,,,0,,
sensor_combined,2026-08-07T15:01:46.750+08:00,209.304,30.97774399998343,49.558,1245804957,1667,0,active,1.19,,,,,0,,
sensor_combined,2026-08-07T15:01:46.779+08:00,209.333,29.394117000038023,17.956,1245822913,1667,0,active,1.19,,,,,0,,
sensor_combined,2026-08-07T15:01:46.810+08:00,209.363,29.415785000082906,9.002,1245831915,1667,0,active,1.19,,,,,0,,
sensor_combined,2026-08-07T15:01:46.839+08:00,209.394,31.075707999889346,90.018,1245921933,1667,0,active,1.19,,,,,0,,
sensor_combined,2026-08-07T15:01:46.867+08:00,209.422,28.49413000012646,13.504,1245935437,1667,0,active,1.19,,,,,0,,
sensor_combined,2026-08-07T15:01:46.896+08:00,209.451,28.538040999819714,18.002,1245953439,1667,0,active,1.19,,,,,0,,
sensor_combined,2026-08-07T15:01:46.925+08:00,209.480,28.68087399997421,49.51,1246002949,1667,0,active,1.19,,,,,0,,
sensor_combined,2026-08-07T15:01:46.953+08:00,209.509,28.863554000054137,22.505,1246025454,1667,0,active,1.19,,,,,0,,
sensor_combined,2026-08-07T15:01:46.983+08:00,209.537,28.465519000064887,9.002,1246034456,1667,0,active,1.19,,,,,0,,
sensor_combined,2026-08-07T15:01:47.011+08:00,209.566,29.237233999992895,58.512,1246092968,1667,0,active,1.19,,,,,0,,
sensor_combined,2026-08-07T15:01:47.040+08:00,209.595,28.870018999896274,9.001,1246101969,1667,0,active,1.19,,,,,0,,
sensor_combined,2026-08-07T15:01:47.070+08:00,209.624,28.84860800008937,13.503,1246115472,1667,0,active,1.19,,,,,0,,
sensor_combined,2026-08-07T15:01:47.099+08:00,209.654,29.770420999966518,67.514,1246182986,1667,0,active,1.19,,,,,0,,
sensor_combined,2026-08-07T15:01:47.128+08:00,209.683,29.061339000008957,9.002,1246191988,1667,0,active,1.19,,,,,0,,
sensor_combined,2026-08-07T15:01:47.157+08:00,209.712,28.85219299992059,22.504,1246214492,1667,0,active,1.19,,,,,0,,
sensor_combined,2026-08-07T15:01:47.187+08:00,209.741,29.761108000002423,49.51,1246264002,1667,0,active,1.19,,,,,0,,
sensor_combined,2026-08-07T15:01:47.217+08:00,209.771,29.157928000131506,18.004,1246282006,1667,0,active,1.19,,,,,0,,
sensor_combined,2026-08-07T15:01:47.245+08:00,209.800,29.493298000033974,13.503,1246295509,1667,0,active,1.19,,,,,0,,
sensor_combined,2026-08-07T15:01:47.274+08:00,209.829,28.797048999877006,49.557,1246345066,1667,0,active,1.19,,,,,0,,
sensor_combined,2026-08-07T15:01:47.303+08:00,209.858,28.8063630000579,8.955,1246354021,1667,0,active,1.19,,,,,0,,
sensor_combined,2026-08-07T15:01:47.332+08:00,209.886,28.355744999998933,9.001,1246363022,1667,0,active,1.19,,,,,0,,
sensor_combined,2026-08-07T15:01:47.362+08:00,209.916,29.869153999925402,90.019,1246453041,1667,0,active,1.19,,,,,0,,
sensor_combined,2026-08-07T15:01:47.391+08:00,209.945,29.493650000176785,22.504,1246475545,1667,0,active,1.19,,,,,0,,
sensor_combined,2026-08-07T15:01:47.419+08:00,209.974,28.560251999806496,9.002,1246484547,1667,0,active,1.19,,,,,0,,
sensor_combined,2026-08-07T15:01:47.448+08:00,210.004,29.65850300006423,27.006,1246511553,1667,0,active,1.19,,,,,0,,
sensor_combined,2026-08-07T15:01:47.477+08:00,210.032,28.038552999987587,40.508,1246552061,1667,0,active,1.19,,,,,0,,
sensor_combined,2026-08-07T15:01:47.505+08:00,210.060,28.433258999939426,22.504,1246574565,1667,0,active,1.19,,,,,0,,
sensor_combined,2026-08-07T15:01:47.535+08:00,210.089,29.025334000152725,9.002,1246583567,1667,0,active,1.19,,,,,0,,
sensor_combined,2026-08-07T15:01:47.564+08:00,210.119,29.58998300005078,9.05,1246592617,1667,0,active,1.19,,,,,0,,
sensor_combined,2026-08-07T15:01:47.592+08:00,210.147,28.731248999974923,8.954,1246601571,1667,0,active,1.19,,,,,0,,
sensor_combined,2026-08-07T15:01:47.622+08:00,210.176,28.580894000015178,13.55,1246615121,1667,0,active,1.19,,,,,0,,
sensor_combined,2026-08-07T15:01:47.651+08:00,210.206,29.61318500001653,26.958,1246642079,1667,0,active,1.19,,,,,0,,
sensor_combined,2026-08-07T15:01:47.680+08:00,210.234,28.82342099997004,13.503,1246655582,1667,0,active,1.19,,,,,0,,
sensor_combined,2026-08-07T15:01:47.708+08:00,210.263,28.683210999815856,18.003,1246673585,1667,0,active,1.19,,,,,0,,
sensor_combined,2026-08-07T15:01:47.737+08:00,210.292,29.03381500004798,9.053,1246682638,1667,0,active,1.19,,,,,0,,
sensor_combined,2026-08-07T15:01:48.473+08:00,211.026,733.3498039999995,1012.703,1247695341,1667,0,active,1.19,,,,,0,,
failsafe_flags,2026-08-07T15:01:48.505+08:00,211.057,,,1247267213,1667,0,active,1.19,,,,,0,,"{'gcs_connection_lost': True, 'manual_control_signal_lost': True, 'offboard_control_signal_lost': True}"
vehicle_status,2026-08-07T15:01:48.538+08:00,211.091,,,1247630109,1667,0,active,1.19,,,,,0,"{'arming_state': 1, 'nav_state': 4, 'failsafe': True}",
sensor_combined,2026-08-07T15:01:48.570+08:00,211.124,98.49806900001568,40.461,1247735802,1667,0,active,1.19,,,,,0,,
sensor_combined,2026-08-07T15:01:48.599+08:00,211.155,30.59769500009679,4.549,1247740351,1667,0,active,1.19,,,,,0,,
sensor_combined,2026-08-07T15:01:48.629+08:00,211.183,28.44029999982922,4.453,1247744804,1667,0,active,1.19,,,,,0,,
sensor_combined,2026-08-07T15:01:48.658+08:00,211.213,29.86371300016799,13.502,1247758306,1667,0,active,1.19,,,,,0,,
sensor_combined,2026-08-07T15:01:48.687+08:00,211.242,29.06898799983537,9.002,1247767308,1667,0,active,1.19,,,,,0,,
sensor_combined,2026-08-07T15:01:48.715+08:00,211.270,28.067389000170806,18.051,1247785359,1667,0,active,1.19,,,,,0,,
sensor_combined,2026-08-07T15:01:48.745+08:00,211.299,29.196011999829352,40.461,1247825820,1667,0,active,1.19,,,,,0,,
sensor_combined,2026-08-07T15:01:48.774+08:00,211.329,29.43037800014281,13.503,1247839323,1667,0,active,1.19,,,,,0,,
sensor_combined,2026-08-07T15:01:48.803+08:00,211.358,28.899719000037294,18.003,1247857326,1667,0,active,1.19,,,,,0,,
sensor_combined,2026-08-07T15:01:48.833+08:00,211.387,29.441322999900876,9.002,1247866328,1667,0,active,1.19,,,,,0,,
sensor_combined,2026-08-07T15:01:48.862+08:00,211.416,29.25448399992092,22.505,1247888833,1667,0,active,1.19,,,,,0,,
sensor_combined,2026-08-07T15:01:48.892+08:00,211.447,30.36272100007409,9.049,1247897882,1667,0,active,1.19,,,,,0,,
sensor_combined,2026-08-07T15:01:48.921+08:00,211.476,29.25288400001591,17.956,1247915838,1667,0,active,1.19,,,,,0,,
sensor_combined,2026-08-07T15:01:48.950+08:00,211.505,28.870209999922736,49.558,1247965396,1667,0,active,1.19,,,,,0,,
sensor_combined,2026-08-07T15:01:48.978+08:00,211.533,28.537369000105173,22.505,1247987901,1667,0,active,1.19,,,,,0,,
sensor_combined,2026-08-07T15:01:49.008+08:00,211.562,28.441164000014396,40.46,1248028361,1667,0,active,1.19,,,,,0,,
sensor_combined,2026-08-07T15:01:49.037+08:00,211.592,29.79810500005442,58.512,1248086873,1667,0,active,1.19,,,,,0,,
sensor_combined,2026-08-07T15:01:49.065+08:00,211.620,28.698508999923433,9.002,1248095875,1667,0,active,1.19,,,,,0,,
sensor_combined,2026-08-07T15:01:49.095+08:00,211.649,28.372482999884596,22.504,1248118379,1667,0,active,1.19,,,,,0,,
sensor_combined,2026-08-07T15:01:49.124+08:00,211.679,30.36150500020085,45.01,1248163389,1667,0,active,1.19,,,,,0,,
sensor_combined,2026-08-07T15:01:49.153+08:00,211.708,28.89805399991019,22.504,1248185893,1667,0,active,1.19,,,,,0,,
sensor_combined,2026-08-07T15:01:49.184+08:00,211.737,28.666377000035936,9.002,1248194895,1667,0,active,1.19,,,,,0,,
sensor_combined,2026-08-07T15:01:49.213+08:00,211.767,30.91994400006115,63.06,1248257955,1667,0,active,1.19,,,,,0,,
failsafe_flags,2026-08-07T15:01:49.241+08:00,211.796,,,1248348994,1667,0,active,1.19,,,,,0,,"{'gcs_connection_lost': True, 'manual_control_signal_lost': True, 'offboard_control_signal_lost': True}"
sensor_combined,2026-08-07T15:01:49.270+08:00,211.825,57.84347499979958,26.958,1248284913,1667,0,active,1.19,,,,,0,,
sensor_combined,2026-08-07T15:01:49.302+08:00,211.854,28.577053000162778,40.556,1248325469,1667,0,active,1.19,,,,,0,,
sensor_combined,2026-08-07T15:01:49.331+08:00,211.886,32.265108000046894,22.504,1248347973,1667,0,active,1.19,,,,,0,,
sensor_combined,2026-08-07T15:01:49.363+08:00,211.915,28.74731499991867,8.957,1248356930,1667,0,active,1.19,,,,,0,,
sensor_combined,2026-08-07T15:01:49.391+08:00,211.946,31.408711000040057,58.557,1248415487,1667,0,active,1.17,,,,,0,,
sensor_combined,2026-08-07T15:01:49.420+08:00,211.974,28.198189000022467,13.456,1248428943,1667,0,active,1.17,,,,,0,,
sensor_combined,2026-08-07T15:01:49.449+08:00,212.003,29.003794999880483,18.006,1248446949,1667,0,active,1.17,,,,,0,,
sensor_combined,2026-08-07T15:01:49.478+08:00,212.033,29.885701000011977,72.012,1248518961,1667,0,active,1.17,,,,,0,,
vehicle_status,2026-08-07T15:01:49.506+08:00,212.061,,,1248645598,1667,0,active,1.17,,,,,0,"{'arming_state': 1, 'nav_state': 4, 'failsafe': True}",
sensor_combined,2026-08-07T15:01:49.536+08:00,212.090,56.56830399993851,27.005,1248545966,1667,0,active,1.17,,,,,0,,
sensor_combined,2026-08-07T15:01:49.565+08:00,212.119,29.349952000075064,9.002,1248554968,1667,0,active,1.17,,,,,0,,
sensor_combined,2026-08-07T15:01:49.594+08:00,212.149,29.30255399996895,22.505,1248577473,1667,0,active,1.17,,,,,0,,
sensor_combined,2026-08-07T15:01:49.625+08:00,212.178,29.70001200014849,9.001,1248586474,1667,0,active,1.17,,,,,0,,
sensor_combined,2026-08-07T15:01:49.654+08:00,212.208,30.06927599994924,22.505,1248608979,1667,0,active,1.17,,,,,0,,
sensor_combined,2026-08-07T15:01:49.682+08:00,212.237,29.112641999972766,9.05,1248618029,1667,0,active,1.17,,,,,0,,
sensor_combined,2026-08-07T15:01:49.711+08:00,212.266,28.493234000052325,17.956,1248635985,1667,0,active,1.17,,,,,0,,
sensor_combined,2026-08-07T15:01:49.740+08:00,212.295,28.647847000002002,40.508,1248676493,1667,0,active,1.17,,,,,0,,
sensor_combined,2026-08-07T15:01:49.768+08:00,212.323,28.50878799995371,9.049,1248685542,1667,0,active,1.17,,,,,0,,
failsafe_flags,2026-08-07T15:01:50.476+08:00,213.028,,,1249449270,1667,0,active,1.17,,,,,0,,"{'gcs_connection_lost': True, 'manual_control_signal_lost': True, 'offboard_control_signal_lost': True}"
sensor_combined,2026-08-07T15:01:50.510+08:00,213.061,738.0766789999598,1012.706,1249698248,1667,0,active,1.17,,,,,0,,
vehicle_status,2026-08-07T15:01:50.542+08:00,213.094,,,1249658477,1667,0,active,1.17,,,,,0,"{'arming_state': 1, 'nav_state': 4, 'failsafe': True}",
sensor_combined,2026-08-07T15:01:50.574+08:00,213.127,66.03123900003993,40.461,1249738709,1667,0,active,1.17,,,,,0,,
sensor_combined,2026-08-07T15:01:50.604+08:00,213.158,31.2215510000442,4.549,1249743258,1667,0,active,1.17,,,,,0,,
sensor_combined,2026-08-07T15:01:50.634+08:00,213.188,29.31093899996995,8.954,1249752212,1667,0,active,1.17,,,,,0,,
sensor_combined,2026-08-07T15:01:50.664+08:00,213.219,30.78098199989654,9.002,1249761214,1667,0,active,1.17,,,,,0,,
sensor_combined,2026-08-07T15:01:50.693+08:00,213.248,29.071741000052498,9.002,1249770216,1667,0,active,1.17,,,,,0,,
sensor_combined,2026-08-07T15:01:50.722+08:00,213.277,28.936746999988827,22.504,1249792720,1667,0,active,1.17,,,,,0,,
sensor_combined,2026-08-07T15:01:50.752+08:00,213.306,29.748659000006228,36.007,1249828727,1667,0,active,1.17,,,,,0,,
sensor_combined,2026-08-07T15:01:50.781+08:00,213.336,29.70673300001181,13.503,1249842230,1667,0,active,1.17,,,,,0,,
sensor_combined,2026-08-07T15:01:50.810+08:00,213.365,28.925130000061472,18.004,1249860234,1667,0,active,1.17,,,,,0,,
sensor_combined,2026-08-07T15:01:50.841+08:00,213.394,29.472911999846474,40.556,1249900790,1667,0,active,1.17,,,,,0,,
failsafe_flags,2026-08-07T15:01:50.869+08:00,213.423,,,1249989228,1667,0,active,1.17,,,,,0,,"{'gcs_connection_lost': True, 'manual_control_signal_lost': True, 'offboard_control_signal_lost': True}"
sensor_combined,2026-08-07T15:01:50.899+08:00,213.452,58.072495000033086,8.954,1249909744,1667,0,active,1.17,,,,,0,,
sensor_combined,2026-08-07T15:01:50.929+08:00,213.483,30.845983000062915,76.515,1249986259,1667,0,active,1.17,,,,,0,,
sensor_combined,2026-08-07T15:01:50.959+08:00,213.513,30.018100999996022,13.503,1249999762,1667,0,active,1.17,,,,,0,,
sensor_combined,2026-08-07T15:01:50.988+08:00,213.542,28.832285999897067,31.507,1250031269,1667,0,active,1.17,,,,,0,,
sensor_combined,2026-08-07T15:01:51.016+08:00,213.571,29.301530000111597,58.512,1250089781,1667,0,active,1.17,,,,,0,,
sensor_combined,2026-08-07T15:01:51.045+08:00,213.600,28.91130400007569,13.55,1250103331,1667,0,active,1.17,,,,,0,,
sensor_combined,2026-08-07T15:01:51.074+08:00,213.629,28.166888999976436,17.956,1250121287,1667,0,active,1.17,,,,,0,,
sensor_combined,2026-08-07T15:01:51.103+08:00,213.658,29.093150999869977,72.062,1250193349,1667,0,active,1.17,,,,,0,,
sensor_combined,2026-08-07T15:01:51.132+08:00,213.686,28.75496399997246,8.955,1250202304,1667,0,active,1.17,,,,,0,,
sensor_combined,2026-08-07T15:01:51.161+08:00,213.716,29.299354000158928,18.003,1250220307,1667,0,active,1.17,,,,,0,,
sensor_combined,2026-08-07T15:01:51.191+08:00,213.745,28.918728999997256,9.002,1250229309,1667,0,active,1.17,,,,,0,,
sensor_combined,2026-08-07T15:01:51.221+08:00,213.775,30.65037399983339,54.058,1250283367,1667,0,active,1.17,,,,,0,,
sensor_combined,2026-08-07T15:01:51.250+08:00,213.804,29.205133000004935,8.955,1250292322,1667,0,active,1.17,,,,,0,,
sensor_combined,2026-08-07T15:01:51.281+08:00,213.836,31.23233600013009,58.56,1250350882,1667,0,active,1.17,,,,,0,,
sensor_combined,2026-08-07T15:01:51.312+08:00,213.866,30.037399999855552,8.954,1250359836,1667,0,active,1.17,,,,,0,,
sensor_combined,2026-08-07T15:01:51.341+08:00,213.895,29.45450900006108,22.504,1250382340,1667,0,active,1.17,,,,,0,,
sensor_combined,2026-08-07T15:01:51.370+08:00,213.925,30.205901000044832,67.514,1250449854,1667,0,active,1.17,,,,,0,,
sensor_combined,2026-08-07T15:01:51.398+08:00,213.954,28.341951999891535,9.002,1250458856,1667,0,active,1.17,,,,,0,,
sensor_combined,2026-08-07T15:01:51.428+08:00,213.982,27.986962000113635,22.504,1250481360,1667,0,active,1.17,,,,,0,,
sensor_combined,2026-08-07T15:01:51.457+08:00,214.012,30.04936899992572,18.004,1250499364,1667,0,active,1.17,,,,,0,,
sensor_combined,2026-08-07T15:01:51.485+08:00,214.041,28.86333000014929,54.059,1250553423,1667,0,active,1.17,,,,,0,,
sensor_combined,2026-08-07T15:01:51.514+08:00,214.069,28.17620199994053,8.954,1250562377,1667,0,active,1.17,,,,,0,,
sensor_combined,2026-08-07T15:01:51.544+08:00,214.099,29.721519000077024,18.004,1250580381,1667,0,active,1.17,,,,,0,,
sensor_combined,2026-08-07T15:01:51.571+08:00,214.127,28.52911199988739,9.001,1250589382,1667,0,active,1.17,,,,,0,,
sensor_combined,2026-08-07T15:01:51.600+08:00,214.155,27.64896700000463,22.505,1250611887,1667,0,active,1.17,,,,,0,,
sensor_combined,2026-08-07T15:01:51.630+08:00,214.184,29.353535999916858,9.049,1250620936,1667,0,active,1.17,,,,,0,,
sensor_combined,2026-08-07T15:01:51.660+08:00,214.215,30.47579200006112,22.505,1250643441,1667,0,active,1.17,,,,,0,,
sensor_combined,2026-08-07T15:01:51.689+08:00,214.243,28.791960000035033,8.956,1250652397,1667,0,active,1.17,,,,,0,,
sensor_combined,2026-08-07T15:01:51.717+08:00,214.272,28.757524999946327,27.004,1250679401,1667,0,active,1.17,,,,,0,,
sensor_combined,2026-08-07T15:01:51.747+08:00,214.302,29.496306000055483,13.502,1250692903,1667,0,active,1.17,,,,,0,,
sensor_combined,2026-08-07T15:01:52.477+08:00,215.031,728.9164710000477,1008.253,1251701156,1667,0,active,1.17,,,,,0,,
failsafe_flags,2026-08-07T15:01:52.509+08:00,215.061,,,1251629837,1667,0,active,1.17,,,,,0,,"{'gcs_connection_lost': True, 'manual_control_signal_lost': True, 'offboard_control_signal_lost': True}"
vehicle_status,2026-08-07T15:01:52.543+08:00,215.094,,,1251684135,1667,0,active,1.17,,,,,0,"{'arming_state': 1, 'nav_state': 4, 'failsafe': True}",
sensor_combined,2026-08-07T15:01:52.575+08:00,215.129,98.12794100002975,35.96,1251737116,1667,0,active,1.17,,,,,0,,
sensor_combined,2026-08-07T15:01:52.606+08:00,215.160,31.169735999810655,4.501,1251741617,1667,0,active,1.17,,,,,0,,
sensor_combined,2026-08-07T15:01:52.638+08:00,215.190,30.397574000062377,13.503,1251755120,1667,0,active,1.17,,,,,0,,
sensor_combined,2026-08-07T15:01:52.669+08:00,215.222,31.61913700000696,9.002,1251764122,1667,0,active,1.17,,,,,0,,
sensor_combined,2026-08-07T15:01:52.698+08:00,215.253,30.9244889999718,9.002,1251773124,1667,0,active,1.17,,,,,0,,
sensor_combined,2026-08-07T15:01:52.729+08:00,215.282,29.348960000106672,18.051,1251791175,1667,0,active,1.17,,,,,0,,
sensor_combined,2026-08-07T15:01:52.759+08:00,215.313,31.085308999990957,40.461,1251831636,1667,0,active,1.17,,,,,0,,
sensor_combined,2026-08-07T15:01:52.788+08:00,215.343,29.70442900004855,22.504,1251854140,1667,0,active,1.17,,,,,0,,
sensor_combined,2026-08-07T15:01:52.819+08:00,215.372,29.241394999871773,9.002,1251863142,1667,0,active,1.17,,,,,0,,
sensor_combined,2026-08-07T15:01:52.847+08:00,215.403,30.420104000086212,58.512,1251921654,1667,0,active,1.17,,,,,0,,
sensor_combined,2026-08-07T15:01:52.877+08:00,215.431,28.550201999905767,9.002,1251930656,1667,0,active,1.17,,,,,0,,
sensor_combined,2026-08-07T15:01:52.906+08:00,215.460,29.249362999962614,22.504,1251953160,1667,0,active,1.17,,,,,0,,
sensor_combined,2026-08-07T15:01:52.935+08:00,215.490,29.363618000161296,40.556,1251993716,1667,0,active,1.17,,,,,0,,
sensor_combined,2026-08-07T15:01:52.964+08:00,215.519,28.99733100002777,26.958,1252020674,1667,0,active,1.17,,,,,0,,
sensor_combined,2026-08-07T15:01:52.993+08:00,215.548,28.82889299985436,13.503,1252034177,1667,0,active,1.17,,,,,0,,
sensor_combined,2026-08-07T15:01:53.021+08:00,215.577,29.313531000070725,49.557,1252083734,1667,0,active,1.17,,,,,0,,
failsafe_flags,2026-08-07T15:01:53.049+08:00,215.604,,,1252179604,1667,0,active,1.17,,,,,0,,"{'gcs_connection_lost': True, 'manual_control_signal_lost': True, 'offboard_control_signal_lost': True}"
sensor_combined,2026-08-07T15:01:53.079+08:00,215.633,56.18361500000901,8.955,1252092689,1667,0,active,1.17,,,,,0,,
sensor_combined,2026-08-07T15:01:53.107+08:00,215.663,29.834462000053463,81.064,1252173753,1667,0,active,1.17,,,,,0,,
sensor_combined,2026-08-07T15:01:53.137+08:00,215.691,28.122596000002886,8.954,1252182707,1667,0,active,1.17,,,,,0,,
sensor_combined,2026-08-07T15:01:53.165+08:00,215.721,30.02456599983816,31.507,1252214214,1667,0,active,1.17,,,,,0,,
sensor_combined,2026-08-07T15:01:53.195+08:00,215.749,28.049466000084067,67.513,1252281727,1667,0,active,1.17,,,,,0,,
sensor_combined,2026-08-07T15:01:53.223+08:00,215.778,29.085661999943113,9.002,1252290729,1667,0,active,1.17,,,,,0,,
sensor_combined,2026-08-07T15:01:53.252+08:00,215.807,29.051674000129424,22.505,1252313234,1667,0,active,1.17,,,,,0,,
sensor_combined,2026-08-07T15:01:53.281+08:00,215.835,28.272821999962616,9.002,1252322236,1667,0,active,1.17,,,,,0,,
sensor_combined,2026-08-07T15:01:53.309+08:00,215.864,28.63942999988467,31.554,1252353790,1667,0,active,1.17,,,,,0,,
sensor_combined,2026-08-07T15:01:53.339+08:00,215.894,29.478320000180247,8.954,1252362744,1667,0,active,1.17,,,,,0,,
sensor_combined,2026-08-07T15:01:53.368+08:00,215.923,28.939979999904608,9.002,1252371746,1667,0,active,1.17,,,,,0,,
sensor_combined,2026-08-07T15:01:53.397+08:00,215.952,29.20602900007907,72.062,1252443808,1667,0,active,1.17,,,,,0,,
sensor_combined,2026-08-07T15:01:53.426+08:00,215.980,28.57647799987717,8.954,1252452762,1667,0,active,1.17,,,,,0,,
sensor_combined,2026-08-07T15:01:53.454+08:00,216.010,29.17015299999548,31.507,1252484269,1667,0,active,1.17,,,,,0,,
sensor_combined,2026-08-07T15:01:53.484+08:00,216.038,28.608449000103064,40.508,1252524777,1667,0,active,1.17,,,,,0,,
sensor_combined,2026-08-07T15:01:53.512+08:00,216.067,29.0330149998681,18.004,1252542781,1667,0,active,1.17,,,,,0,,
sensor_combined,2026-08-07T15:01:53.541+08:00,216.095,27.809211999965555,9.001,1252551782,1667,0,active,1.17,,,,,0,,
sensor_combined,2026-08-07T15:01:53.570+08:00,216.125,29.625219000081415,22.505,1252574287,1667,0,active,1.17,,,,,0,,
sensor_combined,2026-08-07T15:01:53.598+08:00,216.153,28.52927100002489,67.514,1252641801,1667,0,active,1.17,,,,,0,,
failsafe_flags,2026-08-07T15:01:53.627+08:00,216.181,,,1252720233,1667,0,active,1.17,,,,,0,,"{'gcs_connection_lost': True, 'manual_control_signal_lost': True, 'offboard_control_signal_lost': True}"
sensor_combined,2026-08-07T15:01:53.656+08:00,216.211,57.874422999930175,31.506,1252673307,1667,0,active,1.17,,,,,0,,
sensor_combined,2026-08-07T15:01:53.685+08:00,216.240,29.041400000096473,90.018,1252763325,1667,0,active,1.17,,,,,0,,
sensor_combined,2026-08-07T15:01:53.713+08:00,216.268,28.32274899992626,9.002,1252772327,1667,0,active,1.17,,,,,0,,
sensor_combined,2026-08-07T15:01:53.743+08:00,216.296,27.824797999983275,13.503,1252785830,1667,0,active,1.17,,,,,0,,
sensor_combined,2026-08-07T15:01:53.771+08:00,216.326,29.99934700005724,58.512,1252844342,1667,0,active,1.17,,,,,0,,
sensor_combined,2026-08-07T15:01:53.800+08:00,216.355,28.586046000100396,13.503,1252857845,1667,0,active,1.17,,,,,0,,
sensor_combined,2026-08-07T15:01:53.831+08:00,216.384,28.77579899995908,18.003,1252875848,1667,0,active,1.17,,,,,0,,
sensor_combined,2026-08-07T15:01:53.860+08:00,216.415,31.55071199989834,72.015,1252947863,1667,0,active,1.17,,,,,0,,
sensor_combined,2026-08-07T15:01:53.888+08:00,216.443,28.284536000001026,9.002,1252956865,1667,0,active,1.17,,,,,0,,
sensor_combined,2026-08-07T15:01:53.919+08:00,216.472,28.59142400006931,18.004,1252974869,1667,0,active,1.17,,,,,0,,
sensor_combined,2026-08-07T15:01:53.949+08:00,216.503,30.79266400004599,31.554,1253006423,1667,0,active,1.17,,,,,0,,
sensor_combined,2026-08-07T15:01:53.978+08:00,216.533,30.280565999873943,8.954,1253015377,1667,0,active,1.17,,,,,0,,
sensor_combined,2026-08-07T15:01:54.008+08:00,216.562,29.042009000022517,22.505,1253037882,1667,0,active,1.17,,,,,0,,
sensor_combined,2026-08-07T15:01:54.038+08:00,216.591,29.39984599993295,76.515,1253114397,1667,0,active,1.17,,,,,0,,
vehicle_status,2026-08-07T15:01:54.067+08:00,216.621,,,1253205085,1667,0,active,1.17,,,,,0,"{'arming_state': 1, 'nav_state': 4, 'failsafe': True}",
sensor_combined,2026-08-07T15:01:54.098+08:00,216.652,60.08072000008724,22.505,1253136902,1667,0,active,1.17,,,,,0,,
sensor_combined,2026-08-07T15:01:54.127+08:00,216.682,30.281398999932208,58.512,1253195414,1667,0,active,1.17,,,,,0,,
failsafe_flags,2026-08-07T15:01:54.155+08:00,216.710,,,1253250212,1667,0,active,1.17,,,,,0,,"{'gcs_connection_lost': True, 'manual_control_signal_lost': True, 'offboard_control_signal_lost': True}"
sensor_combined,2026-08-07T15:01:54.185+08:00,216.739,57.1414650000861,9.002,1253204416,1667,0,active,1.17,,,,,0,,
sensor_combined,2026-08-07T15:01:54.213+08:00,216.769,29.77608700007295,103.521,1253307937,1667,0,active,1.17,,,,,0,,
sensor_combined,2026-08-07T15:01:54.243+08:00,216.797,28.27909500001624,9.002,1253316939,1667,0,active,1.17,,,,,0,,
sensor_combined,2026-08-07T15:01:54.273+08:00,216.827,29.704876999858243,18.003,1253334942,1667,0,active,1.17,,,,,0,,
sensor_combined,2026-08-07T15:01:54.302+08:00,216.856,29.645734000041557,49.51,1253384452,1667,0,active,1.17,,,,,0,,
sensor_combined,2026-08-07T15:01:54.332+08:00,216.886,29.519221000100515,13.503,1253397955,1667,0,active,1.17,,,,,0,,
sensor_combined,2026-08-07T15:01:54.362+08:00,216.915,29.345695999836607,9.002,1253406957,1667,0,active,1.17,,,,,0,,
sensor_combined,2026-08-07T15:01:54.392+08:00,216.946,31.047160000071017,67.514,1253474471,1667,0,active,1.64,,,,,0,,
sensor_combined,2026-08-07T15:01:54.421+08:00,216.976,29.56223499995758,13.503,1253487974,1667,0,active,1.64,,,,,0,,
sensor_combined,2026-08-07T15:01:54.452+08:00,217.005,29.123714999968797,18.003,1253505977,1667,0,active,1.64,,,,,0,,
sensor_combined,2026-08-07T15:01:54.480+08:00,217.035,30.185259000063525,67.514,1253573491,1667,0,active,1.64,,,,,0,,
sensor_combined,2026-08-07T15:01:54.508+08:00,217.064,28.741489999902115,13.502,1253586993,1667,0,active,1.64,,,,,0,,
sensor_combined,2026-08-07T15:01:54.537+08:00,217.092,28.034744000024148,9.002,1253595995,1667,0,active,1.64,,,,,0,,
sensor_combined,2026-08-07T15:01:54.565+08:00,217.120,28.302682999992612,9.002,1253604997,1667,0,active,1.64,,,,,0,,
sensor_combined,2026-08-07T15:01:54.594+08:00,217.149,28.76200500008963,58.512,1253663509,1667,0,active,1.64,,,,,0,,
vehicle_status,2026-08-07T15:01:54.623+08:00,217.178,,,1253712087,1667,0,active,1.64,,,,,0,"{'arming_state': 1, 'nav_state': 4, 'failsafe': True}",
failsafe_flags,2026-08-07T15:01:54.650+08:00,217.205,,,1253800281,1667,0,active,1.64,,,,,0,,"{'gcs_connection_lost': True, 'manual_control_signal_lost': True, 'offboard_control_signal_lost': True}"
sensor_combined,2026-08-07T15:01:54.680+08:00,217.234,84.81891599990377,108.07,1253771579,1667,0,active,1.64,,,,,0,,
sensor_combined,2026-08-07T15:01:54.709+08:00,217.264,29.862657000194304,8.954,1253780533,1667,0,active,1.64,,,,,0,,
sensor_combined,2026-08-07T15:01:54.739+08:00,217.292,28.62112299999353,13.55,1253794083,1667,0,active,1.64,,,,,0,,
sensor_combined,2026-08-07T15:01:54.768+08:00,217.323,30.86284899995917,26.958,1253821041,1667,0,active,1.64,,,,,0,,
sensor_combined,2026-08-07T15:01:54.797+08:00,217.352,28.855680999868127,31.506,1253852547,1667,0,active,1.64,,,,,0,,
sensor_combined,2026-08-07T15:01:54.825+08:00,217.380,28.161736000129167,9.05,1253861597,1667,0,active,1.64,,,,,0,,
sensor_combined,2026-08-07T15:01:54.857+08:00,217.411,30.776950000017678,58.464,1253920061,1667,0,active,1.64,,,,,0,,
sensor_combined,2026-08-07T15:01:54.885+08:00,217.440,29.10777700003564,13.503,1253933564,1667,0,active,1.64,,,,,0,,
sensor_combined,2026-08-07T15:01:54.914+08:00,217.469,29.02914299988879,18.052,1253951616,1667,0,active,1.64,,,,,0,,
sensor_combined,2026-08-07T15:01:54.946+08:00,217.498,28.629284000089683,8.954,1253960570,1667,0,active,1.64,,,,,0,,
sensor_combined,2026-08-07T15:01:54.975+08:00,217.529,31.647140999893963,58.559,1254019129,1667,0,active,1.64,,,,,0,,
sensor_combined,2026-08-07T15:01:55.003+08:00,217.559,29.178409999985888,13.456,1254032585,1667,0,active,1.64,,,,,0,,
sensor_combined,2026-08-07T15:01:55.036+08:00,217.587,28.34320000010848,18.003,1254050588,1667,0,active,1.64,,,,,0,,
sensor_combined,2026-08-07T15:01:55.065+08:00,217.620,33.15818199985188,72.015,1254122603,1667,0,active,1.64,,,,,0,,
vehicle_status,2026-08-07T15:01:55.093+08:00,217.648,,,1254218330,1667,0,active,1.64,,,,,0,"{'arming_state': 1, 'nav_state': 4, 'failsafe': True}",
sensor_combined,2026-08-07T15:01:55.123+08:00,217.677,57.20880100011527,40.508,1254163111,1667,0,active,1.64,,,,,0,,
sensor_combined,2026-08-07T15:01:55.152+08:00,217.707,29.30514700005915,49.51,1254212621,1667,0,active,1.64,,,,,0,,
sensor_combined,2026-08-07T15:01:55.181+08:00,217.736,29.415975999881994,4.501,1254217122,1667,0,active,1.64,,,,,0,,
sensor_combined,2026-08-07T15:01:55.211+08:00,217.765,28.76347699998405,27.053,1254244175,1667,0,active,1.64,,,,,0,,
sensor_combined,2026-08-07T15:01:55.240+08:00,217.794,29.54466500000308,35.96,1254280135,1667,0,active,1.64,,,,,0,,
failsafe_flags,2026-08-07T15:01:55.268+08:00,217.822,,,1254350299,1667,0,active,1.64,,,,,0,,"{'gcs_connection_lost': True, 'manual_control_signal_lost': True, 'offboard_control_signal_lost': True}"
sensor_combined,2026-08-07T15:01:55.298+08:00,217.852,57.56564700004674,13.503,1254293638,1667,0,active,1.64,,,,,0,,
sensor_combined,2026-08-07T15:01:55.326+08:00,217.881,29.371587000014188,54.011,1254347649,1667,0,active,1.64,,,,,0,,
sensor_combined,2026-08-07T15:01:55.355+08:00,217.910,28.66765699991447,36.007,1254383656,1667,0,active,1.64,,,,,0,,
sensor_combined,2026-08-07T15:01:55.383+08:00,217.938,28.39334999998755,9.002,1254392658,1667,0,active,1.64,,,,,0,,
sensor_combined,2026-08-07T15:01:55.411+08:00,217.966,27.95777400001498,58.512,1254451170,1667,0,active,1.64,,,,,0,,
sensor_combined,2026-08-07T15:01:55.443+08:00,217.995,28.32831800014901,31.506,1254482676,1667,0,active,1.64,,,,,0,,
sensor_combined,2026-08-07T15:01:55.471+08:00,218.027,32.01134699997965,9.05,1254491726,1667,0,active,1.64,,,,,0,,
sensor_combined,2026-08-07T15:01:55.501+08:00,218.055,28.547161999995296,80.969,1254572695,1667,0,active,1.64,,,,,0,,
sensor_combined,2026-08-07T15:01:55.531+08:00,218.086,30.410086999836494,9.049,1254581744,1667,0,active,1.64,,,,,0,,
sensor_combined,2026-08-07T15:01:55.560+08:00,218.115,29.29224800004704,22.505,1254604249,1667,0,active,1.64,,,,,0,,
sensor_combined,2026-08-07T15:01:55.590+08:00,218.144,29.370018999998138,8.954,1254613203,1667,0,active,1.64,,,,,0,,
sensor_combined,2026-08-07T15:01:55.619+08:00,218.174,30.05154500010576,58.56,1254671763,1667,0,active,1.64,,,,,0,,
vehicle_status,2026-08-07T15:01:55.647+08:00,218.202,,,1254726101,1667,0,active,1.64,,,,,0,"{'arming_state': 1, 'nav_state': 4, 'failsafe': True}",
sensor_combined,2026-08-07T15:01:55.679+08:00,218.232,57.92578999989928,8.954,1254680717,1667,0,active,1.64,,,,,0,,
sensor_combined,2026-08-07T15:01:55.709+08:00,218.263,30.722255000000587,94.519,1254775236,1667,0,active,1.64,,,,,0,,
sensor_combined,2026-08-07T15:01:55.738+08:00,218.292,29.419816999961768,9.051,1254784287,1667,0,active,1.64,,,,,0,,
sensor_combined,2026-08-07T15:01:55.766+08:00,218.322,29.25733200004288,8.953,1254793240,1667,0,active,1.64,,,,,0,,
sensor_combined,2026-08-07T15:01:55.795+08:00,218.350,28.50229099999524,40.508,1254833748,1667,0,active,1.64,,,,,0,,
sensor_combined,2026-08-07T15:01:55.823+08:00,218.379,28.50472499994794,9.002,1254842750,1667,0,active,1.64,,,,,0,,
sensor_combined,2026-08-07T15:01:55.853+08:00,218.407,28.12851600015165,13.503,1254856253,1667,0,active,1.64,,,,,0,,
sensor_combined,2026-08-07T15:01:55.881+08:00,218.437,30.09395100002621,58.512,1254914765,1667,0,active,1.64,,,,,0,,
sensor_combined,2026-08-07T15:01:55.910+08:00,218.465,28.24865899992801,9.001,1254923766,1667,0,active,1.64,,,,,0,,
sensor_combined,2026-08-07T15:01:55.940+08:00,218.494,28.696620999880906,40.556,1254964322,1667,0,active,1.64,,,,,0,,
sensor_combined,2026-08-07T15:01:55.969+08:00,218.524,30.231376000074306,58.465,1255022787,1667,0,active,1.64,,,,,0,,
sensor_combined,2026-08-07T15:01:55.997+08:00,218.552,28.20593399997051,13.503,1255036290,1667,0,active,1.64,,,,,0,,
sensor_combined,2026-08-07T15:01:56.026+08:00,218.580,28.24104299997998,18.05,1255054340,1667,0,active,1.64,,,,,0,,
sensor_combined,2026-08-07T15:01:56.055+08:00,218.610,29.893989000129295,40.461,1255094801,1667,0,active,1.64,,,,,0,,
sensor_combined,2026-08-07T15:01:56.084+08:00,218.639,28.521557999965808,31.507,1255126308,1667,0,active,1.64,,,,,0,,
sensor_combined,2026-08-07T15:01:56.112+08:00,218.667,28.17450599991389,9.002,1255135310,1667,0,active,1.64,,,,,0,,
sensor_combined,2026-08-07T15:01:56.140+08:00,218.695,28.180875000089145,58.511,1255193821,1667,0,active,1.64,,,,,0,,
sensor_combined,2026-08-07T15:01:56.169+08:00,218.724,28.57263700002477,22.505,1255216326,1667,0,active,1.64,,,,,0,,
sensor_combined,2026-08-07T15:01:56.200+08:00,218.752,28.559739000002082,9.003,1255225329,1667,0,active,1.64,,,,,0,,
sensor_combined,2026-08-07T15:01:56.228+08:00,218.783,31.058809999876758,67.513,1255292842,1667,0,active,1.64,,,,,0,,
sensor_combined,2026-08-07T15:01:56.258+08:00,218.813,29.21473500009597,22.504,1255315346,1667,0,active,1.64,,,,,0,,
sensor_combined,2026-08-07T15:01:56.288+08:00,218.841,28.6030719998962,9.05,1255324396,1667,0,active,1.64,,,,,0,,
sensor_combined,2026-08-07T15:01:56.317+08:00,218.871,30.0007870000627,40.461,1255364857,1667,0,active,1.64,,,,,0,,
failsafe_flags,2026-08-07T15:01:56.344+08:00,218.899,,,1255441212,1667,0,active,1.64,,,,,0,,"{'gcs_connection_lost': True, 'manual_control_signal_lost': True, 'offboard_control_signal_lost': True}"
sensor_combined,2026-08-07T15:01:56.374+08:00,218.928,56.96246699994845,18.003,1255382860,1667,0,active,1.64,,,,,0,,
sensor_combined,2026-08-07T15:01:56.403+08:00,218.958,30.058010000175273,103.521,1255486381,1667,0,active,1.64,,,,,0,,
sensor_combined,2026-08-07T15:01:56.433+08:00,218.987,28.468751999980668,9.002,1255495383,1667,0,active,1.64,,,,,0,,
sensor_combined,2026-08-07T15:01:56.461+08:00,219.016,29.25761999995302,18.004,1255513387,1667,0,active,1.64,,,,,0,,
sensor_combined,2026-08-07T15:01:56.492+08:00,219.045,28.652326999917932,40.508,1255553895,1667,0,active,1.64,,,,,0,,
sensor_combined,2026-08-07T15:01:56.521+08:00,219.075,30.7067010000992,22.505,1255576400,1667,0,active,1.64,,,,,0,,
sensor_combined,2026-08-07T15:01:56.549+08:00,219.105,29.4005499999912,9.002,1255585402,1667,0,active,1.64,,,,,0,,
sensor_combined,2026-08-07T15:01:56.577+08:00,219.133,27.821340999935273,27.005,1255612407,1667,0,active,1.64,,,,,0,,
sensor_combined,2026-08-07T15:01:56.606+08:00,219.161,28.42237799995928,63.013,1255675420,1667,0,active,1.64,,,,,0,,
vehicle_status,2026-08-07T15:01:56.633+08:00,219.188,,,1255738082,1667,0,active,1.64,,,,,0,"{'arming_state': 1, 'nav_state': 4, 'failsafe': True}",
sensor_combined,2026-08-07T15:01:56.661+08:00,219.216,55.488038000021334,9.049,1255684469,1667,0,active,1.64,,,,,0,,
sensor_combined,2026-08-07T15:01:56.689+08:00,219.245,28.41002400009529,76.468,1255760937,1667,0,active,1.64,,,,,0,,
sensor_combined,2026-08-07T15:01:56.719+08:00,219.273,28.599135999911596,4.501,1255765438,1667,0,active,1.64,,,,,0,,
sensor_combined,2026-08-07T15:01:56.750+08:00,219.302,28.852225000036924,13.503,1255778941,1667,0,active,1.64,,,,,0,,
sensor_combined,2026-08-07T15:01:56.780+08:00,219.334,31.413607000104093,58.512,1255837453,1667,0,active,1.64,,,,,0,,
sensor_combined,2026-08-07T15:01:56.809+08:00,219.364,29.763284999944517,9.002,1255846455,1667,0,active,1.64,,,,,0,,
sensor_combined,2026-08-07T15:01:56.839+08:00,219.392,28.61913799983995,31.506,1255877961,1667,0,active,1.64,,,,,0,,
sensor_combined,2026-08-07T15:01:56.868+08:00,219.423,30.41930500012313,40.509,1255918470,1667,0,active,1.64,,,,,0,,
sensor_combined,2026-08-07T15:01:56.896+08:00,219.451,28.54837699987911,18.003,1255936473,1667,0,active,1.64,,,,,0,,
sensor_combined,2026-08-07T15:01:56.925+08:00,219.479,28.009653000026447,9.002,1255945475,1667,0,active,1.64,,,,,0,,
sensor_combined,2026-08-07T15:01:56.955+08:00,219.508,29.36969899997166,72.015,1256017490,1667,0,active,1.64,,,,,0,,
sensor_combined,2026-08-07T15:01:56.984+08:00,219.538,29.748979000032705,18.004,1256035494,1667,0,active,1.64,,,,,0,,
sensor_combined,2026-08-07T15:01:57.014+08:00,219.568,30.045240000163176,13.503,1256048997,1667,0,active,1.64,,,,,0,,
sensor_combined,2026-08-07T15:01:57.043+08:00,219.598,29.565435999984402,49.509,1256098506,1667,0,active,1.64,,,,,0,,
vehicle_status,2026-08-07T15:01:57.070+08:00,219.626,,,1256244171,1667,0,active,1.64,,,,,0,"{'arming_state': 1, 'nav_state': 4, 'failsafe': True}",
sensor_combined,2026-08-07T15:01:57.099+08:00,219.654,55.90453900003922,9.002,1256107508,1667,0,active,1.64,,,,,0,,
sensor_combined,2026-08-07T15:01:57.128+08:00,219.683,29.588062999891918,58.512,1256166020,1667,0,active,1.64,,,,,0,,
sensor_combined,2026-08-07T15:01:57.157+08:00,219.712,28.187786999978925,9.002,1256175022,1667,0,active,1.64,,,,,0,,
sensor_combined,2026-08-07T15:01:57.186+08:00,219.741,29.683946999966793,22.505,1256197527,1667,0,active,1.64,,,,,0,,
sensor_combined,2026-08-07T15:01:57.215+08:00,219.770,28.6827310001172,67.513,1256265040,1667,0,active,1.64,,,,,0,,
sensor_combined,2026-08-07T15:01:57.245+08:00,219.799,28.78341499990711,13.503,1256278543,1667,0,active,1.64,,,,,0,,
sensor_combined,2026-08-07T15:01:57.275+08:00,219.829,30.25477200003479,18.004,1256296547,1667,0,active,1.64,,,,,0,,
sensor_combined,2026-08-07T15:01:57.305+08:00,219.859,30.209709000018847,72.015,1256368562,1667,0,active,1.64,,,,,0,,
sensor_combined,2026-08-07T15:01:57.333+08:00,219.888,29.33622299997296,9.001,1256377563,1667,0,active,1.64,,,,,0,,
sensor_combined,2026-08-07T15:01:57.364+08:00,219.918,29.66788000003362,18.004,1256395567,1667,0,active,1.64,,,,,0,,
sensor_combined,2026-08-07T15:01:57.393+08:00,219.948,30.13165199990908,63.013,1256458580,1667,0,active,1.64,,,,,0,,
sensor_combined,2026-08-07T15:01:57.422+08:00,219.977,28.70526200013046,9.002,1256467582,1667,0,active,1.64,,,,,0,,
sensor_combined,2026-08-07T15:01:57.455+08:00,220.006,28.815386999895054,27.053,1256494635,1667,0,active,1.64,,,,,0,,
sensor_combined,2026-08-07T15:01:57.485+08:00,220.039,33.596094000131416,40.461,1256535096,1667,0,active,1.64,,,,,0,,
sensor_combined,2026-08-07T15:01:57.514+08:00,220.069,29.177321999895867,22.504,1256557600,1667,0,active,1.64,,,,,0,,
sensor_combined,2026-08-07T15:01:57.543+08:00,220.098,29.334269999935714,9.002,1256566602,1667,0,active,1.64,,,,,0,,
sensor_combined,2026-08-07T15:01:57.571+08:00,220.127,28.769494000016493,22.505,1256589107,1667,0,active,1.64,,,,,0,,
sensor_combined,2026-08-07T15:01:57.600+08:00,220.155,28.186474999984057,9.002,1256598109,1667,0,active,1.64,,,,,0,,
sensor_combined,2026-08-07T15:01:57.629+08:00,220.184,29.18282700011332,27.005,1256625114,1667,0,active,1.64,,,,,0,,
sensor_combined,2026-08-07T15:01:57.658+08:00,220.212,28.421962000038548,13.503,1256638617,1667,0,active,1.64,,,,,0,,
sensor_combined,2026-08-07T15:01:57.688+08:00,220.243,30.583260999947015,18.003,1256656620,1667,0,active,1.64,,,,,0,,
sensor_combined,2026-08-07T15:01:57.716+08:00,220.271,28.145285999926273,9.002,1256665622,1667,0,active,1.64,,,,,0,,
sensor_combined,2026-08-07T15:01:57.745+08:00,220.299,28.17389799997727,22.505,1256688127,1667,0,active,1.64,,,,,0,,
sensor_combined,2026-08-07T15:01:57.774+08:00,220.329,29.767701000082525,9.05,1256697177,1667,0,active,1.64,,,,,0,,
sensor_combined,2026-08-07T15:01:58.495+08:00,221.048,719.0421230000084,1021.661,1257718838,1667,0,active,1.64,,,,,0,,
failsafe_flags,2026-08-07T15:01:58.527+08:00,221.079,,,1257621618,1667,0,active,1.64,,,,,0,,"{'gcs_connection_lost': True, 'manual_control_signal_lost': True, 'offboard_control_signal_lost': True}"
vehicle_status,2026-08-07T15:01:58.560+08:00,221.112,,,1257257118,1667,0,active,1.64,,,,,0,"{'arming_state': 1, 'nav_state': 4, 'failsafe': True}",
sensor_combined,2026-08-07T15:01:58.592+08:00,221.146,97.82435099987197,36.055,1257754893,1667,0,active,1.64,,,,,0,,
vehicle_status,2026-08-07T15:01:58.620+08:00,221.175,,,1257764674,1667,0,active,1.64,,,,,0,"{'arming_state': 1, 'nav_state': 4, 'failsafe': True}",
sensor_combined,2026-08-07T15:01:58.652+08:00,221.204,58.01060000021607,4.453,1257759346,1667,0,active,1.64,,,,,0,,
sensor_combined,2026-08-07T15:01:58.682+08:00,221.236,31.628674999865325,13.503,1257772849,1667,0,active,1.64,,,,,0,,
sensor_combined,2026-08-07T15:01:58.711+08:00,221.266,29.97703999994883,9.001,1257781850,1667,0,active,1.64,,,,,0,,
sensor_combined,2026-08-07T15:01:58.740+08:00,221.294,28.62336300017887,9.002,1257790852,1667,0,active,1.64,,,,,0,,
sensor_combined,2026-08-07T15:01:58.769+08:00,221.324,29.69121199998881,49.511,1257840363,1667,0,active,1.64,,,,,0,,
sensor_combined,2026-08-07T15:01:58.798+08:00,221.353,28.684394999800134,9.002,1257849365,1667,0,active,1.64,,,,,0,,
sensor_combined,2026-08-07T15:01:58.827+08:00,221.382,29.003283000065494,31.506,1257880871,1667,0,active,1.64,,,,,0,,
sensor_combined,2026-08-07T15:01:58.857+08:00,221.411,29.110690000152317,31.554,1257912425,1667,0,active,1.64,,,,,0,,
sensor_combined,2026-08-07T15:01:58.885+08:00,221.440,29.653542999994897,8.954,1257921379,1667,0,active,1.64,,,,,0,,
sensor_combined,2026-08-07T15:01:58.915+08:00,221.469,28.749138999955903,18.004,1257939383,1667,0,active,1.64,,,,,0,,
sensor_combined,2026-08-07T15:01:58.944+08:00,221.499,29.517812999984017,13.503,1257952886,1667,0,active,1.64,,,,,0,,
sensor_combined,2026-08-07T15:01:58.973+08:00,221.528,29.417992999924536,67.514,1258020400,1667,0,active,1.64,,,,,0,,
sensor_combined,2026-08-07T15:01:59.001+08:00,221.557,28.484433000130593,22.504,1258042904,1667,0,active,1.64,,,,,0,,
sensor_combined,2026-08-07T15:01:59.031+08:00,221.584,27.483729999858042,9.002,1258051906,1667,0,active,1.64,,,,,0,,
sensor_combined,2026-08-07T15:01:59.062+08:00,221.616,31.749810000064826,49.51,1258101416,1667,0,active,1.64,,,,,0,,
sensor_combined,2026-08-07T15:01:59.090+08:00,221.646,29.815771999892604,9.002,1258110418,1667,0,active,1.64,,,,,0,,
sensor_combined,2026-08-07T15:01:59.118+08:00,221.674,27.925322000101005,31.506,1258141924,1667,0,active,1.64,,,,,0,,
sensor_combined,2026-08-07T15:01:59.148+08:00,221.702,28.566587999875992,36.008,1258177932,1667,0,active,1.64,,,,,0,,
vehicle_status,2026-08-07T15:01:59.176+08:00,221.731,,,1258271301,1667,0,active,1.64,,,,,0,"{'arming_state': 1, 'nav_state': 4, 'failsafe': True}",
sensor_combined,2026-08-07T15:01:59.204+08:00,221.759,57.33502600014617,31.506,1258209438,1667,0,active,1.64,,,,,0,,
sensor_combined,2026-08-07T15:01:59.234+08:00,221.788,28.697293000050195,72.015,1258281453,1667,0,active,1.64,,,,,0,,
sensor_combined,2026-08-07T15:01:59.264+08:00,221.818,29.932361999954082,18.004,1258299457,1667,0,active,1.64,,,,,0,,
sensor_combined,2026-08-07T15:01:59.295+08:00,221.848,29.692747999888525,13.502,1258312959,1667,0,active,1.64,,,,,0,,
sensor_combined,2026-08-07T15:01:59.323+08:00,221.879,30.801625000094646,58.512,1258371471,1667,0,active,1.64,,,,,0,,
sensor_combined,2026-08-07T15:01:59.353+08:00,221.907,28.239697999879354,9.002,1258380473,1667,0,active,1.64,,,,,0,,
sensor_combined,2026-08-07T15:01:59.381+08:00,221.936,29.413416000124926,22.505,1258402978,1667,0,active,1.59,,,,,0,,
sensor_combined,2026-08-07T15:01:59.411+08:00,221.965,29.2856240000674,67.514,1258470492,1667,0,active,1.59,,,,,0,,
sensor_combined,2026-08-07T15:01:59.441+08:00,221.994,29.016884999919057,9.001,1258479493,1667,0,active,1.59,,,,,0,,
sensor_combined,2026-08-07T15:01:59.469+08:00,222.024,29.433227000026818,22.505,1258501998,1667,0,active,1.59,,,,,0,,
sensor_combined,2026-08-07T15:01:59.498+08:00,222.053,29.02757499987274,36.007,1258538005,1667,0,active,1.59,,,,,0,,
sensor_combined,2026-08-07T15:01:59.526+08:00,222.082,28.734353000118062,22.505,1258560510,1667,0,active,1.59,,,,,0,,
failsafe_flags,2026-08-07T15:01:59.554+08:00,222.109,,,1258701369,1667,0,active,1.59,,,,,0,,"{'gcs_connection_lost': True, 'manual_control_signal_lost': True, 'offboard_control_signal_lost': True}"
sensor_combined,2026-08-07T15:01:59.582+08:00,222.137,55.78468399994563,9.002,1258569512,1667,0,active,1.59,,,,,0,,
sensor_combined,2026-08-07T15:01:59.611+08:00,222.166,28.440428000067186,72.015,1258641527,1667,0,active,1.59,,,,,0,,
vehicle_status,2026-08-07T15:01:59.637+08:00,222.193,,,1258779087,1667,0,active,1.59,,,,,0,"{'arming_state': 1, 'nav_state': 4, 'failsafe': True}",
sensor_combined,2026-08-07T15:01:59.667+08:00,222.222,56.030444000043644,18.003,1258659530,1667,0,active,1.59,,,,,0,,
sensor_combined,2026-08-07T15:01:59.696+08:00,222.251,28.652294999801597,108.07,1258767600,1667,0,active,1.59,,,,,0,,
sensor_combined,2026-08-07T15:01:59.724+08:00,222.280,29.034615000000485,8.954,1258776554,1667,0,active,1.59,,,,,0,,
sensor_combined,2026-08-07T15:01:59.756+08:00,222.308,28.67636200016932,9.002,1258785556,1667,0,active,1.59,,,,,0,,
sensor_combined,2026-08-07T15:01:59.785+08:00,222.340,31.86572899994644,72.062,1258857618,1667,0,active,1.59,,,,,0,,
sensor_combined,2026-08-07T15:01:59.814+08:00,222.369,28.679754999984652,26.958,1258884576,1667,0,active,1.59,,,,,0,,
sensor_combined,2026-08-07T15:01:59.844+08:00,222.398,28.86275400010163,13.503,1258898079,1667,0,active,1.59,,,,,0,,
sensor_combined,2026-08-07T15:01:59.872+08:00,222.427,29.76443699981246,27.053,1258925132,1667,0,active,1.59,,,,,0,,
sensor_combined,2026-08-07T15:01:59.902+08:00,222.456,28.349056000024575,31.459,1258956591,1667,0,active,1.59,,,,,0,,
sensor_combined,2026-08-07T15:01:59.932+08:00,222.485,29.35414400008085,9.002,1258965593,1667,0,active,1.59,,,,,0,,
sensor_combined,2026-08-07T15:01:59.961+08:00,222.515,30.121123000071748,81.016,1259046609,1667,0,active,1.59,,,,,0,,
sensor_combined,2026-08-07T15:01:59.990+08:00,222.545,29.766548999987208,9.002,1259055611,1667,0,active,1.59,,,,,0,,
sensor_combined,2026-08-07T15:02:00.020+08:00,222.574,28.586557999915385,22.505,1259078116,1667,0,active,1.59,,,,,0,,
sensor_combined,2026-08-07T15:02:00.048+08:00,222.604,29.868673999999373,40.508,1259118624,1667,0,active,1.59,,,,,0,,
failsafe_flags,2026-08-07T15:02:00.076+08:00,222.631,,,1259252320,1667,0,active,1.59,,,,,0,,"{'gcs_connection_lost': True, 'manual_control_signal_lost': True, 'offboard_control_signal_lost': True}"
sensor_combined,2026-08-07T15:02:00.107+08:00,222.660,56.76570600007835,9.049,1259127673,1667,0,active,1.59,,,,,0,,
sensor_combined,2026-08-07T15:02:00.137+08:00,222.691,30.91107899990675,58.465,1259186138,1667,0,active,1.59,,,,,0,,
sensor_combined,2026-08-07T15:02:00.166+08:00,222.721,29.938506999997117,22.504,1259208642,1667,0,active,1.59,,,,,0,,
sensor_combined,2026-08-07T15:02:00.196+08:00,222.750,28.799482000067655,9.05,1259217692,1667,0,active,1.59,,,,,0,,
sensor_combined,2026-08-07T15:02:00.224+08:00,222.779,29.232113000034587,90.019,1259307711,1667,0,active,1.59,,,,,0,,
sensor_combined,2026-08-07T15:02:00.253+08:00,222.808,28.44801199989888,8.954,1259316665,1667,0,active,1.59,,,,,0,,
sensor_combined,2026-08-07T15:02:00.281+08:00,222.836,28.73173000011775,9.002,1259325667,1667,0,active,1.59,,,,,0,,
sensor_combined,2026-08-07T15:02:00.311+08:00,222.866,29.221358999848235,63.012,1259388679,1667,0,active,1.59,,,,,0,,
sensor_combined,2026-08-07T15:02:00.342+08:00,222.896,30.064635000144335,18.004,1259406683,1667,0,active,1.59,,,,,0,,
sensor_combined,2026-08-07T15:02:00.371+08:00,222.925,29.84246300002269,9.002,1259415685,1667,0,active,1.59,,,,,0,,
sensor_combined,2026-08-07T15:02:00.400+08:00,222.955,29.41876099998808,49.558,1259465243,1667,0,active,1.59,,,,,0,,
sensor_combined,2026-08-07T15:02:00.429+08:00,222.984,29.03375099981531,13.455,1259478698,1667,0,active,1.59,,,,,0,,
sensor_combined,2026-08-07T15:02:00.458+08:00,223.013,29.003827999986243,27.005,1259505703,1667,0,active,1.59,,,,,0,,
sensor_combined,2026-08-07T15:02:00.488+08:00,223.042,29.283992000046055,40.509,1259546212,1667,0,active,1.59,,,,,0,,
sensor_combined,2026-08-07T15:02:00.517+08:00,223.072,29.511444000036136,49.51,1259595722,1667,0,active,1.59,,,,,0,,
sensor_combined,2026-08-07T15:02:00.545+08:00,223.100,28.412777000085043,9.002,1259604724,1667,0,active,1.59,,,,,0,,
sensor_combined,2026-08-07T15:02:00.574+08:00,223.129,28.934763000052044,31.506,1259636230,1667,0,active,1.59,,,,,0,,
sensor_combined,2026-08-07T15:02:00.603+08:00,223.157,28.34364699992875,9.049,1259645279,1667,0,active,1.59,,,,,0,,
sensor_combined,2026-08-07T15:02:00.631+08:00,223.186,28.714030999935858,31.459,1259676738,1667,0,active,1.59,,,,,0,,
vehicle_status,2026-08-07T15:02:00.659+08:00,223.213,,,1259791087,1667,0,active,1.59,,,,,0,"{'arming_state': 1, 'nav_state': 4, 'failsafe': True}",
failsafe_flags,2026-08-07T15:02:00.687+08:00,223.242,,,1259802557,1667,0,active,1.59,,,,,0,,"{'gcs_connection_lost': True, 'manual_control_signal_lost': True, 'offboard_control_signal_lost': True}"
sensor_combined,2026-08-07T15:02:00.716+08:00,223.271,84.70859800013386,108.022,1259784760,1667,0,active,1.59,,,,,0,,
sensor_combined,2026-08-07T15:02:00.747+08:00,223.300,28.732848999879934,9.002,1259793762,1667,0,active,1.59,,,,,0,,
sensor_combined,2026-08-07T15:02:00.777+08:00,223.331,30.931177999946158,4.501,1259798263,1667,0,active,1.59,,,,,0,,
sensor_combined,2026-08-07T15:02:00.806+08:00,223.361,30.747410000003583,54.011,1259852274,1667,0,active,1.59,,,,,0,,
sensor_combined,2026-08-07T15:02:00.835+08:00,223.390,28.650855000023512,22.505,1259874779,1667,0,active,1.59,,,,,0,,
sensor_combined,2026-08-07T15:02:00.864+08:00,223.418,28.208014000028925,9.002,1259883781,1667,0,active,1.59,,,,,0,,
sensor_combined,2026-08-07T15:02:00.894+08:00,223.448,29.807514999902196,58.512,1259942293,1667,0,active,1.59,,,,,0,,
sensor_combined,2026-08-07T15:02:00.922+08:00,223.478,29.722767000066597,31.506,1259973799,1667,0,active,1.59,,,,,0,,
sensor_combined,2026-08-07T15:02:00.953+08:00,223.506,28.150887000037983,9.05,1259982849,1667,0,active,1.59,,,,,0,,
sensor_combined,2026-08-07T15:02:00.981+08:00,223.536,30.585501999894404,49.462,1260032311,1667,0,active,1.59,,,,,0,,
sensor_combined,2026-08-07T15:02:01.009+08:00,223.564,27.71819100007633,9.003,1260041314,1667,0,active,1.59,,,,,0,,
sensor_combined,2026-08-07T15:02:01.039+08:00,223.593,28.401319000067815,22.504,1260063818,1667,0,active,1.59,,,,,0,,
sensor_combined,2026-08-07T15:02:01.068+08:00,223.623,30.341342999918197,67.513,1260131331,1667,0,active,1.59,,,,,0,,
sensor_combined,2026-08-07T15:02:01.096+08:00,223.652,28.65043900010278,13.503,1260144834,1667,0,active,1.59,,,,,0,,
sensor_combined,2026-08-07T15:02:01.127+08:00,223.680,28.457806000005803,27.006,1260171840,1667,0,active,1.59,,,,,0,,
sensor_combined,2026-08-07T15:02:01.155+08:00,223.710,30.130307000035828,22.505,1260194345,1667,0,active,1.59,,,,,0,,
vehicle_status,2026-08-07T15:02:01.183+08:00,223.738,,,1260297087,1667,0,active,1.59,,,,,0,"{'arming_state': 1, 'nav_state': 4, 'failsafe': True}",
sensor_combined,2026-08-07T15:02:01.212+08:00,223.767,56.42342199985251,9.001,1260203346,1667,0,active,1.59,,,,,0,,
sensor_combined,2026-08-07T15:02:01.241+08:00,223.796,29.27784700000302,99.021,1260302367,1667,0,active,1.59,,,,,0,,
sensor_combined,2026-08-07T15:02:01.270+08:00,223.825,29.3340780001472,31.506,1260333873,1667,0,active,1.59,,,,,0,,
sensor_combined,2026-08-07T15:02:01.304+08:00,223.854,28.968334999945,9.05,1260342923,1667,0,active,1.59,,,,,0,,
sensor_combined,2026-08-07T15:02:01.336+08:00,223.889,34.91104499994435,49.462,1260392385,1667,0,active,1.59,,,,,0,,
sensor_combined,2026-08-07T15:02:01.365+08:00,223.919,30.27957500012235,9.002,1260401387,1667,0,active,1.59,,,,,0,,
sensor_combined,2026-08-07T15:02:01.394+08:00,223.948,28.810810999857495,31.554,1260432941,1667,0,active,1.59,,,,,0,,
sensor_combined,2026-08-07T15:02:01.423+08:00,223.978,29.49105800007601,58.464,1260491405,1667,0,active,1.59,,,,,0,,
sensor_combined,2026-08-07T15:02:01.452+08:00,224.006,28.645189999906506,9.051,1260500456,1667,0,active,1.59,,,,,0,,
sensor_combined,2026-08-07T15:02:01.483+08:00,224.036,29.81653999995615,22.504,1260522960,1667,0,active,1.59,,,,,0,,
sensor_combined,2026-08-07T15:02:01.513+08:00,224.067,30.963053000050422,71.967,1260594927,1667,0,active,1.59,,,,,0,,
sensor_combined,2026-08-07T15:02:01.542+08:00,224.096,29.45786999998745,9.001,1260603928,1667,0,active,1.59,,,,,0,,
sensor_combined,2026-08-07T15:02:01.571+08:00,224.126,29.86204900003031,18.004,1260621932,1667,0,active,1.59,,,,,0,,
sensor_combined,2026-08-07T15:02:01.602+08:00,224.155,28.7231840000004,13.55,1260635482,1667,0,active,1.59,,,,,0,,
sensor_combined,2026-08-07T15:02:01.631+08:00,224.185,30.42535300005511,17.956,1260653438,1667,0,active,1.59,,,,,0,,
vehicle_status,2026-08-07T15:02:01.659+08:00,224.213,,,1260803110,1667,0,active,1.59,,,,,0,"{'arming_state': 1, 'nav_state': 4, 'failsafe': True}",
sensor_combined,2026-08-07T15:02:01.689+08:00,224.244,58.630199999925026,9.002,1260662440,1667,0,active,1.59,,,,,0,,
sensor_combined,2026-08-07T15:02:01.718+08:00,224.273,29.315355000107957,117.024,1260779464,1667,0,active,1.59,,,,,0,,
failsafe_flags,2026-08-07T15:02:01.749+08:00,224.301,,,1260902268,1667,0,active,1.59,,,,,0,,"{'gcs_connection_lost': True, 'manual_control_signal_lost': True, 'offboard_control_signal_lost': True}"
sensor_combined,2026-08-07T15:02:01.779+08:00,224.332,59.062381999865465,9.002,1260788466,1667,0,active,1.59,,,,,0,,
sensor_combined,2026-08-07T15:02:01.808+08:00,224.362,29.63005200012958,76.516,1260864982,1667,0,active,1.59,,,,,0,,
sensor_combined,2026-08-07T15:02:01.839+08:00,224.391,29.262292999874262,13.503,1260878485,1667,0,active,1.59,,,,,0,,
sensor_combined,2026-08-07T15:02:01.870+08:00,224.424,32.45076300004257,9.001,1260887486,1667,0,active,1.59,,,,,0,,
sensor_combined,2026-08-07T15:02:01.897+08:00,224.453,29.13363700008631,49.511,1260936997,1667,0,active,1.59,,,,,0,,
sensor_combined,2026-08-07T15:02:01.926+08:00,224.481,28.369794999889564,9.001,1260945998,1667,0,active,1.59,,,,,0,,
sensor_combined,2026-08-07T15:02:01.956+08:00,224.510,28.773173999979917,9.002,1260955000,1667,0,active,1.59,,,,,0,,
sensor_combined,2026-08-07T15:02:01.984+08:00,224.539,29.12649900008546,81.017,1261036017,1667,0,active,1.59,,,,,0,,
sensor_combined,2026-08-07T15:02:02.013+08:00,224.568,28.592608000053588,22.504,1261058521,1667,0,active,1.59,,,,,0,,
sensor_combined,2026-08-07T15:02:02.042+08:00,224.597,28.714702999877773,9.002,1261067523,1667,0,active,1.59,,,,,0,,
sensor_combined,2026-08-07T15:02:02.071+08:00,224.626,29.336766000142234,67.514,1261135037,1667,0,active,1.59,,,,,0,,
sensor_combined,2026-08-07T15:02:02.100+08:00,224.655,28.98238499983563,22.505,1261157542,1667,0,active,1.59,,,,,0,,
sensor_combined,2026-08-07T15:02:02.129+08:00,224.683,28.636037000069337,9.002,1261166544,1667,0,active,1.59,,,,,0,,
sensor_combined,2026-08-07T15:02:02.158+08:00,224.712,28.705614000045898,58.512,1261225056,1667,0,active,1.59,,,,,0,,
sensor_combined,2026-08-07T15:02:02.187+08:00,224.741,29.24491399994622,13.502,1261238558,1667,0,active,1.59,,,,,0,,
sensor_combined,2026-08-07T15:02:02.217+08:00,224.770,28.807483000036882,18.004,1261256562,1667,0,active,1.59,,,,,0,,
sensor_combined,2026-08-07T15:02:02.245+08:00,224.800,30.15863099994931,40.508,1261297070,1667,0,active,1.59,,,,,0,,
failsafe_flags,2026-08-07T15:02:02.274+08:00,224.828,,,1261452245,1667,0,active,1.59,,,,,0,,"{'gcs_connection_lost': True, 'manual_control_signal_lost': True, 'offboard_control_signal_lost': True}"
sensor_combined,2026-08-07T15:02:02.304+08:00,224.858,57.38178399997196,31.507,1261328577,1667,0,active,1.59,,,,,0,,
sensor_combined,2026-08-07T15:02:02.332+08:00,224.888,29.799321000155032,58.512,1261387089,1667,0,active,1.59,,,,,0,,
sensor_combined,2026-08-07T15:02:02.361+08:00,224.916,27.946444999997766,9.002,1261396091,1667,0,active,1.59,,,,,0,,
sensor_combined,2026-08-07T15:02:02.390+08:00,224.944,28.867842999943605,22.504,1261418595,1667,0,active,1.59,,,,,0,,
sensor_combined,2026-08-07T15:02:02.418+08:00,224.974,29.143780999902447,67.515,1261486110,1667,0,active,1.59,,,,,0,,
sensor_combined,2026-08-07T15:02:02.447+08:00,225.002,28.45524600002136,9.001,1261495111,1667,0,active,1.59,,,,,0,,
sensor_combined,2026-08-07T15:02:02.476+08:00,225.031,28.877795999960654,22.505,1261517616,1667,0,active,1.59,,,,,0,,
sensor_combined,2026-08-07T15:02:02.505+08:00,225.059,28.450668999994377,40.556,1261558172,1667,0,active,1.59,,,,,0,,
sensor_combined,2026-08-07T15:02:02.534+08:00,225.088,28.856577000169636,26.958,1261585130,1667,0,active,1.59,,,,,0,,
sensor_combined,2026-08-07T15:02:02.562+08:00,225.117,29.164296999852013,13.502,1261598632,1667,0,active,1.59,,,,,0,,
sensor_combined,2026-08-07T15:02:02.592+08:00,225.146,28.195404000143753,18.004,1261616636,1667,0,active,1.59,,,,,0,,
sensor_combined,2026-08-07T15:02:02.621+08:00,225.175,29.848671999843646,58.512,1261675148,1667,0,active,1.59,,,,,0,,
sensor_combined,2026-08-07T15:02:02.650+08:00,225.204,28.635269000005792,13.503,1261688651,1667,0,active,1.59,,,,,0,,
sensor_combined,2026-08-07T15:02:02.680+08:00,225.234,29.70049200007452,27.053,1261715704,1667,0,active,1.59,,,,,0,,
sensor_combined,2026-08-07T15:02:02.709+08:00,225.264,30.385188000082053,62.965,1261778669,1667,0,active,1.59,,,,,0,,
sensor_combined,2026-08-07T15:02:02.738+08:00,225.293,28.855905000000348,9.002,1261787671,1667,0,active,1.59,,,,,0,,
sensor_combined,2026-08-07T15:02:02.768+08:00,225.322,28.778839999858974,9.002,1261796673,1667,0,active,1.59,,,,,0,,
sensor_combined,2026-08-07T15:02:02.797+08:00,225.352,30.65578199993979,31.554,1261828227,1667,0,active,1.59,,,,,0,,
failsafe_flags,2026-08-07T15:02:02.825+08:00,225.380,,,1262002346,1667,0,active,1.59,,,,,0,,"{'gcs_connection_lost': True, 'manual_control_signal_lost': True, 'offboard_control_signal_lost': True}"
sensor_combined,2026-08-07T15:02:02.855+08:00,225.409,56.954593000000386,8.954,1261837181,1667,0,active,1.59,,,,,0,,
sensor_combined,2026-08-07T15:02:02.884+08:00,225.439,29.343200000084835,121.525,1261958706,1667,0,active,1.59,,,,,0,,
sensor_combined,2026-08-07T15:02:02.913+08:00,225.468,28.889445000004343,9.002,1261967708,1667,0,active,1.59,,,,,0,,
sensor_combined,2026-08-07T15:02:02.942+08:00,225.496,28.52437399997143,27.005,1261994713,1667,0,active,1.59,,,,,0,,
sensor_combined,2026-08-07T15:02:02.971+08:00,225.525,29.086335000101826,63.013,1262057726,1667,0,active,1.59,,,,,0,,
sensor_combined,2026-08-07T15:02:03.000+08:00,225.555,29.67581699999755,9.002,1262066728,1667,0,active,1.59,,,,,0,,
sensor_combined,2026-08-07T15:02:03.029+08:00,225.583,28.080862000024354,18.004,1262084732,1667,0,active,1.59,,,,,0,,
sensor_combined,2026-08-07T15:02:03.059+08:00,225.613,30.341566999823044,54.011,1262138743,1667,0,active,1.59,,,,,0,,
sensor_combined,2026-08-07T15:02:03.087+08:00,225.642,29.128036000201973,9.002,1262147745,1667,0,active,1.59,,,,,0,,
sensor_combined,2026-08-07T15:02:03.116+08:00,225.671,28.641380999943067,9.002,1262156747,1667,0,active,1.59,,,,,0,,
sensor_combined,2026-08-07T15:02:03.145+08:00,225.700,28.588446999947337,40.508,1262197255,1667,0,active,1.59,,,,,0,,
vehicle_status,2026-08-07T15:02:03.174+08:00,225.728,,,1262321119,1667,0,active,1.59,,,,,0,"{'arming_state': 1, 'nav_state': 4, 'failsafe': True}",
sensor_combined,2026-08-07T15:02:03.203+08:00,225.758,57.90316200000234,9.002,1262206257,1667,0,active,1.59,,,,,0,,
sensor_combined,2026-08-07T15:02:03.232+08:00,225.787,29.69767700005832,81.016,1262287273,1667,0,active,1.59,,,,,0,,
sensor_combined,2026-08-07T15:02:03.262+08:00,225.816,28.5727319999296,9.002,1262296275,1667,0,active,1.59,,,,,0,,
sensor_combined,2026-08-07T15:02:03.291+08:00,225.846,30.604223999944224,22.506,1262318781,1667,0,active,1.59,,,,,0,,
sensor_combined,2026-08-07T15:02:03.320+08:00,225.875,28.901255000164383,67.513,1262386294,1667,0,active,1.59,,,,,0,,
sensor_combined,2026-08-07T15:02:03.349+08:00,225.904,28.295705999880738,9.002,1262395296,1667,0,active,1.59,,,,,0,,
sensor_combined,2026-08-07T15:02:03.377+08:00,225.932,28.853856000068845,22.504,1262417800,1667,0,active,1.59,,,,,0,,
sensor_combined,2026-08-07T15:02:03.407+08:00,225.962,29.107585000019753,9.002,1262426802,1667,0,active,1.59,,,,,0,,
sensor_combined,2026-08-07T15:02:03.436+08:00,225.991,29.182890999891242,58.512,1262485314,1667,0,active,1.59,,,,,0,,
failsafe_flags,2026-08-07T15:02:03.465+08:00,226.019,,,1262552247,1667,0,active,1.59,,,,,0,,"{'gcs_connection_lost': True, 'manual_control_signal_lost': True, 'offboard_control_signal_lost': True}"
sensor_combined,2026-08-07T15:02:03.496+08:00,226.049,58.23568499999965,13.505,1262498819,1667,0,active,1.59,,,,,0,,
sensor_combined,2026-08-07T15:02:03.526+08:00,226.081,31.567099000085364,99.018,1262597837,1667,0,active,1.59,,,,,0,,
sensor_combined,2026-08-07T15:02:03.555+08:00,226.110,29.264852999858704,9.002,1262606839,1667,0,active,1.59,,,,,0,,
sensor_combined,2026-08-07T15:02:03.584+08:00,226.139,28.776311000001442,9.049,1262615888,1667,0,active,1.59,,,,,0,,
sensor_combined,2026-08-07T15:02:03.614+08:00,226.168,29.400582000107534,40.461,1262656349,1667,0,active,1.59,,,,,0,,
sensor_combined,2026-08-07T15:02:03.642+08:00,226.197,29.352735999964352,22.505,1262678854,1667,0,active,1.59,,,,,0,,
sensor_combined,2026-08-07T15:02:03.673+08:00,226.226,28.223152999999,9.002,1262687856,1667,0,active,1.59,,,,,0,,
sensor_combined,2026-08-07T15:02:03.702+08:00,226.256,30.681353000090894,99.02,1262786876,1667,0,active,1.59,,,,,0,,
vehicle_status,2026-08-07T15:02:03.729+08:00,226.284,,,1262827146,1667,0,active,1.59,,,,,0,"{'arming_state': 1, 'nav_state': 4, 'failsafe': True}",
sensor_combined,2026-08-07T15:02:03.758+08:00,226.312,56.055407000030755,9.05,1262795926,1667,0,active,1.59,,,,,0,,
sensor_combined,2026-08-07T15:02:03.788+08:00,226.342,29.74129799986258,71.967,1262867893,1667,0,active,1.59,,,,,0,,
sensor_combined,2026-08-07T15:02:03.816+08:00,226.371,28.951789000075223,27.005,1262894898,1667,0,active,1.59,,,,,0,,
sensor_combined,2026-08-07T15:02:03.844+08:00,226.399,28.03672799996093,13.55,1262908448,1667,0,active,1.59,,,,,0,,
sensor_combined,2026-08-07T15:02:03.873+08:00,226.428,28.568093000103545,49.463,1262957911,1667,0,active,1.59,,,,,0,,
failsafe_flags,2026-08-07T15:02:03.900+08:00,226.455,,,1263092246,1667,0,active,1.59,,,,,0,,"{'gcs_connection_lost': True, 'manual_control_signal_lost': True, 'offboard_control_signal_lost': True}"
sensor_combined,2026-08-07T15:02:03.929+08:00,226.484,56.15081099995223,9.002,1262966913,1667,0,active,1.59,,,,,0,,
sensor_combined,2026-08-07T15:02:03.958+08:00,226.512,28.337469999996756,9.049,1262975962,1667,0,active,1.59,,,,,0,,
sensor_combined,2026-08-07T15:02:03.987+08:00,226.542,29.85478499999772,49.463,1263025425,1667,0,active,1.59,,,,,0,,
sensor_combined,2026-08-07T15:02:04.015+08:00,226.570,28.31017099993005,9.002,1263034427,1667,0,active,1.59,,,,,0,,
sensor_combined,2026-08-07T15:02:04.045+08:00,226.599,28.55071399994813,22.506,1263056933,1667,0,active,1.59,,,,,0,,
sensor_combined,2026-08-07T15:02:04.074+08:00,226.629,30.509012000038638,67.512,1263124445,1667,0,active,1.59,,,,,0,,
sensor_combined,2026-08-07T15:02:04.102+08:00,226.658,28.312668000125996,27.006,1263151451,1667,0,active,1.59,,,,,0,,
sensor_combined,2026-08-07T15:02:04.131+08:00,226.686,27.99534699988726,13.503,1263164954,1667,0,active,1.59,,,,,0,,
sensor_combined,2026-08-07T15:02:04.161+08:00,226.715,29.264789000080782,31.506,1263196460,1667,0,active,1.59,,,,,0,,
sensor_combined,2026-08-07T15:02:04.190+08:00,226.744,29.419752999956472,31.506,1263227966,1667,0,active,1.59,,,,,0,,
sensor_combined,2026-08-07T15:02:04.219+08:00,226.773,29.033398999899873,9.002,1263236968,1667,0,active,1.59,,,,,0,,
sensor_combined,2026-08-07T15:02:04.248+08:00,226.802,28.820125000038388,58.514,1263295482,1667,0,active,1.59,,,,,0,,
sensor_combined,2026-08-07T15:02:04.278+08:00,226.832,29.541432000087298,22.503,1263317985,1667,0,active,1.59,,,,,0,,
sensor_combined,2026-08-07T15:02:04.307+08:00,226.861,29.6702489999916,9.002,1263326987,1667,0,active,1.59,,,,,0,,
sensor_combined,2026-08-07T15:02:04.335+08:00,226.891,29.40045399986957,67.514,1263394501,1667,0,active,1.59,,,,,0,,
sensor_combined,2026-08-07T15:02:04.364+08:00,226.919,28.174922000061997,22.504,1263417005,1667,0,active,1.59,,,,,0,,
sensor_combined,2026-08-07T15:02:04.393+08:00,226.947,28.469584000049508,9.05,1263426055,1667,0,active,1.54,,,,,0,,
sensor_combined,2026-08-07T15:02:04.420+08:00,226.976,28.722671999958038,58.464,1263484519,1667,0,active,1.54,,,,,0,,
sensor_combined,2026-08-07T15:02:04.449+08:00,227.004,27.767126000071585,13.503,1263498022,1667,0,active,1.54,,,,,0,,
sensor_combined,2026-08-07T15:02:04.480+08:00,227.034,29.76450100004513,18.051,1263516073,1667,0,active,1.54,,,,,0,,
sensor_combined,2026-08-07T15:02:04.508+08:00,227.063,29.395909999948344,49.463,1263565536,1667,0,active,1.54,,,,,0,,
sensor_combined,2026-08-07T15:02:04.537+08:00,227.092,28.835165999907986,9.001,1263574537,1667,0,active,1.54,,,,,0,,
sensor_combined,2026-08-07T15:02:04.565+08:00,227.120,27.885637000053975,13.503,1263588040,1667,0,active,1.54,,,,,0,,
sensor_combined,2026-08-07T15:02:04.593+08:00,227.148,28.4137369999371,27.006,1263615046,1667,0,active,1.54,,,,,0,,
sensor_combined,2026-08-07T15:02:04.622+08:00,227.177,28.98001700009445,9.002,1263624048,1667,0,active,1.54,,,,,0,,
sensor_combined,2026-08-07T15:02:04.651+08:00,227.206,28.44122800001969,22.504,1263646552,1667,0,active,1.54,,,,,0,,
sensor_combined,2026-08-07T15:02:04.680+08:00,227.235,29.50363499985542,9.002,1263655554,1667,0,active,1.54,,,,,0,,
sensor_combined,2026-08-07T15:02:04.709+08:00,227.263,27.993523000077403,22.506,1263678060,1667,0,active,1.54,,,,,0,,
sensor_combined,2026-08-07T15:02:04.738+08:00,227.293,29.923177000000578,9.001,1263687061,1667,0,active,1.54,,,,,0,,
sensor_combined,2026-08-07T15:02:04.767+08:00,227.321,28.3376950001184,18.003,1263705064,1667,0,active,1.54,,,,,0,,
sensor_combined,2026-08-07T15:02:04.795+08:00,227.350,28.79592999988745,9.002,1263714066,1667,0,active,1.54,,,,,0,,
sensor_combined,2026-08-07T15:02:05.514+08:00,228.066,715.9370869999293,1021.71,1264735776,1667,0,active,1.54,,,,,0,,
failsafe_flags,2026-08-07T15:02:05.545+08:00,228.099,,,1264722230,1667,0,active,1.54,,,,,0,,"{'gcs_connection_lost': True, 'manual_control_signal_lost': True, 'offboard_control_signal_lost': True}"
vehicle_status,2026-08-07T15:02:05.580+08:00,228.131,,,1264348100,1667,0,active,1.54,,,,,0,"{'arming_state': 1, 'nav_state': 4, 'failsafe': True}",
sensor_combined,2026-08-07T15:02:05.611+08:00,228.166,99.66356100017038,36.007,1264771783,1667,0,active,1.54,,,,,0,,
sensor_combined,2026-08-07T15:02:05.640+08:00,228.195,29.200332999835155,4.549,1264776332,1667,0,active,1.54,,,,,0,,
sensor_combined,2026-08-07T15:02:05.673+08:00,228.224,29.43908400015971,8.954,1264785286,1667,0,active,1.54,,,,,0,,
sensor_combined,2026-08-07T15:02:05.702+08:00,228.257,32.63699499984796,13.551,1264798837,1667,0,active,1.54,,,,,0,,
sensor_combined,2026-08-07T15:02:05.732+08:00,228.286,29.170473000021957,8.954,1264807791,1667,0,active,1.54,,,,,0,,
sensor_combined,2026-08-07T15:02:05.762+08:00,228.315,29.232848999981798,27.005,1264834796,1667,0,active,1.54,,,,,0,,
sensor_combined,2026-08-07T15:02:05.791+08:00,228.345,29.924232999974265,40.508,1264875304,1667,0,active,1.54,,,,,0,,
sensor_combined,2026-08-07T15:02:05.820+08:00,228.375,29.208782000068823,22.505,1264897809,1667,0,active,1.54,,,,,0,,
sensor_combined,2026-08-07T15:02:05.849+08:00,228.403,28.66404099995634,9.003,1264906812,1667,0,active,1.54,,,,,0,,
sensor_combined,2026-08-07T15:02:05.879+08:00,228.434,30.29487200001313,40.507,1264947319,1667,0,active,1.54,,,,,0,,
sensor_combined,2026-08-07T15:02:05.908+08:00,228.463,28.953966000017317,9.05,1264956369,1667,0,active,1.54,,,,,0,,
sensor_combined,2026-08-07T15:02:05.938+08:00,228.492,29.304506000016772,8.954,1264965323,1667,0,active,1.54,,,,,0,,
sensor_combined,2026-08-07T15:02:05.967+08:00,228.522,29.952813000136302,63.013,1265028336,1667,0,active,1.54,,,,,0,,
sensor_combined,2026-08-07T15:02:05.996+08:00,228.550,28.642692999937935,9.002,1265037338,1667,0,active,1.54,,,,,0,,
sensor_combined,2026-08-07T15:02:06.025+08:00,228.579,29.047033999859195,31.554,1265068892,1667,0,active,1.54,,,,,0,,
sensor_combined,2026-08-07T15:02:06.054+08:00,228.609,29.49505800006591,35.96,1265104852,1667,0,active,1.54,,,,,0,,
sensor_combined,2026-08-07T15:02:06.083+08:00,228.638,28.571005000003424,22.504,1265127356,1667,0,active,1.54,,,,,0,,
sensor_combined,2026-08-07T15:02:06.111+08:00,228.666,28.53941700004725,9.05,1265136406,1667,0,active,1.54,,,,,0,,
sensor_combined,2026-08-07T15:02:06.140+08:00,228.695,28.718319000063275,22.505,1265158911,1667,0,active,1.54,,,,,0,,
sensor_combined,2026-08-07T15:02:06.169+08:00,228.723,28.490001999898595,49.462,1265208373,1667,0,active,1.54,,,,,0,,
sensor_combined,2026-08-07T15:02:06.197+08:00,228.752,28.960911000012857,18.051,1265226424,1667,0,active,1.54,,,,,0,,
sensor_combined,2026-08-07T15:02:06.227+08:00,228.781,28.481072999966273,31.459,1265257883,1667,0,active,1.54,,,,,0,,
sensor_combined,2026-08-07T15:02:06.256+08:00,228.810,29.46999899995717,67.514,1265325397,1667,0,active,1.54,,,,,0,,
vehicle_status,2026-08-07T15:02:06.283+08:00,228.838,,,1265360135,1667,0,active,1.54,,,,,0,"{'arming_state': 1, 'nav_state': 4, 'failsafe': True}",
sensor_combined,2026-08-07T15:02:06.312+08:00,228.867,56.41388399999414,13.55,1265338947,1667,0,active,1.54,,,,,0,,
sensor_combined,2026-08-07T15:02:06.340+08:00,228.895,28.652103000013085,49.463,1265388410,1667,0,active,1.54,,,,,0,,
sensor_combined,2026-08-07T15:02:06.369+08:00,228.924,28.499764000116556,9.002,1265397412,1667,0,active,1.54,,,,,0,,
sensor_combined,2026-08-07T15:02:06.398+08:00,228.952,28.52366999991318,18.003,1265415415,1667,0,active,1.54,,,,,0,,
sensor_combined,2026-08-07T15:02:06.426+08:00,228.982,29.322365000098216,72.015,1265487430,1667,0,active,1.54,,,,,0,,
sensor_combined,2026-08-07T15:02:06.455+08:00,229.010,28.250099999922895,9.05,1265496480,1667,0,active,1.54,,,,,0,,
sensor_combined,2026-08-07T15:02:06.485+08:00,229.039,29.03397499994753,17.956,1265514436,1667,0,active,1.54,,,,,0,,
sensor_combined,2026-08-07T15:02:06.517+08:00,229.069,30.248083000060433,40.508,1265554944,1667,0,active,1.54,,,,,0,,
sensor_combined,2026-08-07T15:02:06.545+08:00,229.100,31.251410000095348,31.554,1265586498,1667,0,active,1.54,,,,,0,,
sensor_combined,2026-08-07T15:02:06.574+08:00,229.129,28.285688999858394,8.955,1265595453,1667,0,active,1.54,,,,,0,,
sensor_combined,2026-08-07T15:02:06.603+08:00,229.158,28.970191000098566,22.504,1265617957,1667,0,active,1.54,,,,,0,,
sensor_combined,2026-08-07T15:02:06.631+08:00,229.186,28.42516199984857,9.002,1265626959,1667,0,active,1.54,,,,,0,,
sensor_combined,2026-08-07T15:02:06.660+08:00,229.214,28.26248500014117,18.004,1265644963,1667,0,active,1.54,,,,,0,,
sensor_combined,2026-08-07T15:02:06.688+08:00,229.243,28.97752099988793,13.502,1265658465,1667,0,active,1.54,,,,,0,,
sensor_combined,2026-08-07T15:02:06.716+08:00,229.271,28.16682499997114,18.052,1265676517,1667,0,active,1.54,,,,,0,,
sensor_combined,2026-08-07T15:02:06.744+08:00,229.299,27.903879000177767,8.954,1265685471,1667,0,active,1.54,,,,,0,,
sensor_combined,2026-08-07T15:02:06.774+08:00,229.328,28.160200999991503,31.506,1265716977,1667,0,active,1.54,,,,,0,,
sensor_combined,2026-08-07T15:02:06.803+08:00,229.358,30.109984999853623,9.002,1265725979,1667,0,active,1.54,,,,,0,,
failsafe_flags,2026-08-07T15:02:07.517+08:00,230.070,,,1266372236,1667,0,active,1.54,,,,,0,,"{'gcs_connection_lost': True, 'manual_control_signal_lost': True, 'offboard_control_signal_lost': True}"
sensor_combined,2026-08-07T15:02:07.548+08:00,230.102,744.4723109999813,1012.708,1266738687,1667,0,active,1.54,,,,,0,,
vehicle_status,2026-08-07T15:02:07.579+08:00,230.132,,,1266372243,1667,0,active,1.54,,,,,0,"{'arming_state': 1, 'nav_state': 4, 'failsafe': True}",
sensor_combined,2026-08-07T15:02:07.611+08:00,230.163,61.140855000076044,40.557,1266779244,1667,0,active,1.54,,,,,0,,
sensor_combined,2026-08-07T15:02:07.639+08:00,230.194,31.08278100012285,4.453,1266783697,1667,0,active,1.54,,,,,0,,
sensor_combined,2026-08-07T15:02:07.669+08:00,230.223,28.182346999983565,9.002,1266792699,1667,0,active,1.54,,,,,0,,
sensor_combined,2026-08-07T15:02:07.700+08:00,230.252,29.741778000015984,9.049,1266801748,1667,0,active,1.54,,,,,0,,
sensor_combined,2026-08-07T15:02:07.728+08:00,230.283,31.080732999953398,8.955,1266810703,1667,0,active,1.54,,,,,0,,
vehicle_status,2026-08-07T15:02:07.756+08:00,230.311,,,1266880087,1667,0,active,1.54,,,,,0,"{'arming_state': 1, 'nav_state': 4, 'failsafe': True}",
sensor_combined,2026-08-07T15:02:07.789+08:00,230.340,56.9868539998879,9.001,1266819704,1667,0,active,1.54,,,,,0,,
sensor_combined,2026-08-07T15:02:07.818+08:00,230.374,33.36560000002464,13.503,1266833207,1667,0,active,1.54,,,,,0,,
sensor_combined,2026-08-07T15:02:07.846+08:00,230.402,28.018134000149075,9.002,1266842209,1667,0,active,1.54,,,,,0,,
sensor_combined,2026-08-07T15:02:07.876+08:00,230.430,28.51406899981157,31.506,1266873715,1667,0,active,1.54,,,,,0,,
sensor_combined,2026-08-07T15:02:07.905+08:00,230.460,30.023541999980807,67.514,1266941229,1667,0,active,1.54,,,,,0,,
sensor_combined,2026-08-07T15:02:07.934+08:00,230.489,28.829438000002483,22.505,1266963734,1667,0,active,1.54,,,,,0,,
sensor_combined,2026-08-07T15:02:07.965+08:00,230.518,28.946220000079848,9.003,1266972737,1667,0,active,1.54,,,,,0,,
sensor_combined,2026-08-07T15:02:07.993+08:00,230.549,30.479408000019248,58.511,1267031248,1667,0,active,1.54,,,,,0,,
sensor_combined,2026-08-07T15:02:08.022+08:00,230.577,28.781623999975636,9.002,1267040250,1667,0,active,1.54,,,,,0,,
sensor_combined,2026-08-07T15:02:08.052+08:00,230.606,28.90330300010646,22.504,1267062754,1667,0,active,1.54,,,,,0,,
sensor_combined,2026-08-07T15:02:08.082+08:00,230.636,29.52686999992693,67.514,1267130268,1667,0,active,1.54,,,,,0,,
sensor_combined,2026-08-07T15:02:08.110+08:00,230.665,29.378468000004432,13.503,1267143771,1667,0,active,1.54,,,,,0,,
sensor_combined,2026-08-07T15:02:08.141+08:00,230.694,29.16016800008947,18.051,1267161822,1667,0,active,1.54,,,,,0,,
sensor_combined,2026-08-07T15:02:08.169+08:00,230.724,29.975663999948665,49.463,1267211285,1667,0,active,1.54,,,,,0,,
sensor_combined,2026-08-07T15:02:08.198+08:00,230.753,28.425834000017858,22.504,1267233789,1667,0,active,1.54,,,,,0,,
sensor_combined,2026-08-07T15:02:08.227+08:00,230.781,28.36592199992083,9.002,1267242791,1667,0,active,1.54,,,,,0,,
sensor_combined,2026-08-07T15:02:08.255+08:00,230.810,29.06581999991431,58.512,1267301303,1667,0,active,1.54,,,,,0,,
sensor_combined,2026-08-07T15:02:08.284+08:00,230.839,29.14067699998668,22.505,1267323808,1667,0,active,1.54,,,,,0,,
sensor_combined,2026-08-07T15:02:08.313+08:00,230.868,28.379108000081033,9.002,1267332810,1667,0,active,1.54,,,,,0,,
sensor_combined,2026-08-07T15:02:08.341+08:00,230.896,28.307546999940314,67.514,1267400324,1667,0,active,1.54,,,,,0,,
failsafe_flags,2026-08-07T15:02:08.370+08:00,230.924,,,1267475272,1667,0,active,1.54,,,,,0,,"{'gcs_connection_lost': True, 'manual_control_signal_lost': True, 'offboard_control_signal_lost': True}"
sensor_combined,2026-08-07T15:02:08.399+08:00,230.953,57.55492600019352,13.502,1267413826,1667,0,active,1.54,,,,,0,,
sensor_combined,2026-08-07T15:02:08.428+08:00,230.983,29.030967999915447,58.512,1267472338,1667,0,active,1.54,,,,,0,,
sensor_combined,2026-08-07T15:02:08.456+08:00,231.011,28.629347999867605,18.004,1267490342,1667,0,active,1.54,,,,,0,,
sensor_combined,2026-08-07T15:02:08.486+08:00,231.041,29.686443000173313,13.503,1267503845,1667,0,active,1.54,,,,,0,,
sensor_combined,2026-08-07T15:02:08.514+08:00,231.070,28.710541999998895,54.011,1267557856,1667,0,active,1.54,,,,,0,,
sensor_combined,2026-08-07T15:02:08.543+08:00,231.098,28.27243899992027,36.007,1267593863,1667,0,active,1.54,,,,,0,,
sensor_combined,2026-08-07T15:02:08.572+08:00,231.126,28.674120999994557,9.002,1267602865,1667,0,active,1.54,,,,,0,,
sensor_combined,2026-08-07T15:02:08.600+08:00,231.155,28.63475699996343,13.503,1267616368,1667,0,active,1.54,,,,,0,,
sensor_combined,2026-08-07T15:02:08.628+08:00,231.183,28.153159000112282,36.008,1267652376,1667,0,active,1.54,,,,,0,,
sensor_combined,2026-08-07T15:02:08.657+08:00,231.212,28.893189999962487,9.001,1267661377,1667,0,active,1.54,,,,,0,,
sensor_combined,2026-08-07T15:02:08.687+08:00,231.241,29.146086000082505,9.002,1267670379,1667,0,active,1.54,,,,,0,,
sensor_combined,2026-08-07T15:02:08.717+08:00,231.271,29.889412999864362,13.503,1267683882,1667,0,active,1.54,,,,,0,,
sensor_combined,2026-08-07T15:02:08.745+08:00,231.300,29.075229000000036,9.002,1267692884,1667,0,active,1.54,,,,,0,,
sensor_combined,2026-08-07T15:02:08.775+08:00,231.329,29.091007000033642,27.006,1267719890,1667,0,active,1.54,,,,,0,,
sensor_combined,2026-08-07T15:02:08.804+08:00,231.358,28.977231999988362,13.502,1267733392,1667,0,active,1.54,,,,,0,,
failsafe_flags,2026-08-07T15:02:09.521+08:00,232.073,,,1268577265,1667,0,active,1.42,,,,,0,,"{'gcs_connection_lost': True, 'manual_control_signal_lost': True, 'offboard_control_signal_lost': True}"
sensor_combined,2026-08-07T15:02:09.552+08:00,232.106,747.400141000071,1008.208,1268741600,1667,0,active,1.42,,,,,0,,
vehicle_status,2026-08-07T15:02:09.583+08:00,232.136,,,1268401161,1667,0,active,1.42,,,,,0,"{'arming_state': 1, 'nav_state': 4, 'failsafe': True}",
sensor_combined,2026-08-07T15:02:09.615+08:00,232.168,62.668538000025364,36.007,1268777607,1667,0,active,1.42,,,,,0,,
sensor_combined,2026-08-07T15:02:09.645+08:00,232.199,30.607200999838824,4.549,1268782156,1667,0,active,1.42,,,,,0,,
sensor_combined,2026-08-07T15:02:09.673+08:00,232.228,29.095519000065906,8.954,1268791110,1667,0,active,1.42,,,,,0,,
sensor_combined,2026-08-07T15:02:09.703+08:00,232.258,29.447437000044374,13.55,1268804660,1667,0,active,1.42,,,,,0,,
sensor_combined,2026-08-07T15:02:09.731+08:00,232.286,28.5405049999099,8.955,1268813615,1667,0,active,1.42,,,,,0,,
sensor_combined,2026-08-07T15:02:09.759+08:00,232.314,28.264245000173105,18.003,1268831618,1667,0,active,1.42,,,,,0,,
sensor_combined,2026-08-07T15:02:09.790+08:00,232.344,29.304697999805285,13.503,1268845121,1667,0,active,1.42,,,,,0,,
vehicle_status,2026-08-07T15:02:09.817+08:00,232.372,,,1268909196,1667,0,active,1.42,,,,,0,"{'arming_state': 1, 'nav_state': 4, 'failsafe': True}",
sensor_combined,2026-08-07T15:02:09.846+08:00,232.401,56.944352000073195,27.053,1268872174,1667,0,active,1.42,,,,,0,,
sensor_combined,2026-08-07T15:02:09.875+08:00,232.429,28.745522999997775,8.955,1268881129,1667,0,active,1.42,,,,,0,,
sensor_combined,2026-08-07T15:02:09.903+08:00,232.459,29.35411299995394,63.013,1268944142,1667,0,active,1.42,,,,,0,,
sensor_combined,2026-08-07T15:02:09.931+08:00,232.487,27.796986000112156,18.051,1268962193,1667,0,active,1.42,,,,,0,,
sensor_combined,2026-08-07T15:02:09.960+08:00,232.515,28.296920999991926,8.954,1268971147,1667,0,active,1.42,,,,,0,,
sensor_combined,2026-08-07T15:02:09.988+08:00,232.544,28.87814799987609,63.013,1269034160,1667,0,active,1.42,,,,,0,,
failsafe_flags,2026-08-07T15:02:10.016+08:00,232.571,,,1269129276,1667,0,active,1.42,,,,,0,,"{'gcs_connection_lost': True, 'manual_control_signal_lost': True, 'offboard_control_signal_lost': True}"
sensor_combined,2026-08-07T15:02:10.045+08:00,232.600,56.11589400018602,9.002,1269043162,1667,0,active,1.42,,,,,0,,
sensor_combined,2026-08-07T15:02:10.074+08:00,232.629,28.74939599996651,58.512,1269101674,1667,0,active,1.42,,,,,0,,
sensor_combined,2026-08-07T15:02:10.102+08:00,232.657,28.684331000022212,31.506,1269133180,1667,0,active,1.42,,,,,0,,
sensor_combined,2026-08-07T15:02:10.131+08:00,232.685,27.809754999907454,9.05,1269142230,1667,0,active,1.42,,,,,0,,
sensor_combined,2026-08-07T15:02:10.159+08:00,232.715,29.794584999990548,71.967,1269214197,1667,0,active,1.42,,,,,0,,
sensor_combined,2026-08-07T15:02:10.188+08:00,232.743,28.423497999938263,9.002,1269223199,1667,0,active,1.42,,,,,0,,
sensor_combined,2026-08-07T15:02:10.219+08:00,232.772,28.61728200014113,9.049,1269232248,1667,0,active,1.42,,,,,0,,
sensor_combined,2026-08-07T15:02:10.247+08:00,232.802,30.563418999918213,71.968,1269304216,1667,0,active,1.42,,,,,0,,
sensor_combined,2026-08-07T15:02:10.276+08:00,232.831,28.565372000002753,27.005,1269331221,1667,0,active,1.42,,,,,0,,
sensor_combined,2026-08-07T15:02:10.306+08:00,232.860,28.71582300008413,13.551,1269344772,1667,0,active,1.42,,,,,0,,
sensor_combined,2026-08-07T15:02:10.334+08:00,232.890,30.285655999932715,49.462,1269394234,1667,0,active,1.42,,,,,0,,
sensor_combined,2026-08-07T15:02:10.365+08:00,232.918,27.786871999978757,9.002,1269403236,1667,0,active,1.42,,,,,0,,
sensor_combined,2026-08-07T15:02:10.394+08:00,232.948,30.605888000081904,18.004,1269421240,1667,0,active,1.42,,,,,0,,
sensor_combined,2026-08-07T15:02:10.423+08:00,232.978,29.51758999984122,49.51,1269470750,1667,0,active,1.42,,,,,0,,
sensor_combined,2026-08-07T15:02:10.452+08:00,233.007,29.161703999989186,22.505,1269493255,1667,0,active,1.42,,,,,0,,
sensor_combined,2026-08-07T15:02:10.482+08:00,233.036,28.9362670000628,9.049,1269502304,1667,0,active,1.42,,,,,0,,
sensor_combined,2026-08-07T15:02:10.512+08:00,233.065,29.4031430000814,58.464,1269560768,1667,0,active,1.42,,,,,0,,
sensor_combined,2026-08-07T15:02:10.541+08:00,233.096,30.6697680000525,31.554,1269592322,1667,0,active,1.42,,,,,0,,
sensor_combined,2026-08-07T15:02:10.570+08:00,233.125,28.71841499995753,8.955,1269601277,1667,0,active,1.42,,,,,0,,
sensor_combined,2026-08-07T15:02:10.599+08:00,233.153,28.557338999917192,18.004,1269619281,1667,0,active,1.42,,,,,0,,
sensor_combined,2026-08-07T15:02:10.628+08:00,233.183,29.460526000093523,63.06,1269682341,1667,0,active,1.42,,,,,0,,
sensor_combined,2026-08-07T15:02:10.658+08:00,233.212,29.183978999981264,8.954,1269691295,1667,0,active,1.42,,,,,0,,
sensor_combined,2026-08-07T15:02:10.687+08:00,233.242,29.85097600003428,31.507,1269722802,1667,0,active,1.42,,,,,0,,
sensor_combined,2026-08-07T15:02:10.716+08:00,233.271,28.745202999971298,67.514,1269790316,1667,0,active,1.42,,,,,0,,
sensor_combined,2026-08-07T15:02:10.745+08:00,233.299,28.605057000049783,4.548,1269794864,1667,0,active,1.42,,,,,0,,
sensor_combined,2026-08-07T15:02:10.774+08:00,233.329,29.441099999985454,8.954,1269803818,1667,0,active,1.42,,,,,0,,
sensor_combined,2026-08-07T15:02:10.803+08:00,233.358,29.60006299986162,49.511,1269853329,1667,0,active,1.42,,,,,0,,
sensor_combined,2026-08-07T15:02:10.832+08:00,233.387,28.434636000156388,31.554,1269884883,1667,0,active,1.42,,,,,0,,
sensor_combined,2026-08-07T15:02:10.859+08:00,233.415,28.15722399986953,8.954,1269893837,1667,0,active,1.42,,,,,0,,
sensor_combined,2026-08-07T15:02:10.889+08:00,233.444,29.284503000098994,18.004,1269911841,1667,0,active,1.42,,,,,0,,
sensor_combined,2026-08-07T15:02:10.918+08:00,233.473,28.543256999910227,40.556,1269952397,1667,0,active,1.42,,,,,0,,
sensor_combined,2026-08-07T15:02:10.946+08:00,233.501,28.501492000032158,8.954,1269961351,1667,0,active,1.42,,,,,0,,
sensor_combined,2026-08-07T15:02:10.975+08:00,233.530,28.62937999998394,13.55,1269974901,1667,0,active,1.42,,,,,0,,
sensor_combined,2026-08-07T15:02:11.004+08:00,233.559,28.716751000047225,76.469,1270051370,1667,0,active,1.42,,,,,0,,
sensor_combined,2026-08-07T15:02:11.033+08:00,233.588,29.214798999873892,31.506,1270082876,1667,0,active,1.42,,,,,0,,
sensor_combined,2026-08-07T15:02:11.062+08:00,233.616,28.25938099999803,22.505,1270105381,1667,0,active,1.42,,,,,0,,
sensor_combined,2026-08-07T15:02:11.091+08:00,233.646,30.451660000153424,49.557,1270154938,1667,0,active,1.42,,,,,0,,
sensor_combined,2026-08-07T15:02:11.120+08:00,233.675,28.37293199991109,8.955,1270163893,1667,0,active,1.42,,,,,0,,
sensor_combined,2026-08-07T15:02:11.149+08:00,233.703,28.505171999995582,9.002,1270172895,1667,0,active,1.42,,,,,0,,
sensor_combined,2026-08-07T15:02:11.179+08:00,233.733,29.68810700008362,45.009,1270217904,1667,0,active,1.42,,,,,0,,
sensor_combined,2026-08-07T15:02:11.207+08:00,233.762,29.276919000039925,27.053,1270244957,1667,0,active,1.42,,,,,0,,
sensor_combined,2026-08-07T15:02:11.237+08:00,233.791,28.403398999898855,8.954,1270253911,1667,0,active,1.42,,,,,0,,
sensor_combined,2026-08-07T15:02:11.267+08:00,233.821,30.265845000030822,90.021,1270343932,1667,0,active,1.42,,,,,0,,
sensor_combined,2026-08-07T15:02:11.297+08:00,233.851,29.761940000071263,9.001,1270352933,1667,0,active,1.42,,,,,0,,
sensor_combined,2026-08-07T15:02:11.332+08:00,233.882,31.71521399985977,22.503,1270375436,1667,0,active,1.42,,,,,0,,
sensor_combined,2026-08-07T15:02:11.362+08:00,233.916,33.64499600002091,36.008,1270411444,1667,0,active,1.42,,,,,0,,
sensor_combined,2026-08-07T15:02:11.391+08:00,233.946,30.17056900011994,9.002,1270420446,1667,0,active,1.42,,,,,0,,
sensor_combined,2026-08-07T15:02:11.421+08:00,233.975,28.3192599999893,13.502,1270433948,1667,0,active,1.42,,,,,0,,
sensor_combined,2026-08-07T15:02:11.449+08:00,234.004,29.727823999792236,67.514,1270501462,1667,0,active,1.42,,,,,0,,
sensor_combined,2026-08-07T15:02:11.478+08:00,234.032,27.68609200006722,13.551,1270515013,1667,0,active,1.42,,,,,0,,
sensor_combined,2026-08-07T15:02:11.509+08:00,234.061,29.302361999953064,17.956,1270532969,1667,0,active,1.42,,,,,0,,
sensor_combined,2026-08-07T15:02:11.537+08:00,234.093,31.22932800010858,72.062,1270605031,1667,0,active,1.42,,,,,0,,
sensor_combined,2026-08-07T15:02:11.567+08:00,234.121,28.614721999929316,8.954,1270613985,1667,0,active,1.42,,,,,0,,
sensor_combined,2026-08-07T15:02:11.595+08:00,234.150,29.16525599994202,18.004,1270631989,1667,0,active,1.42,,,,,0,,
sensor_combined,2026-08-07T15:02:11.624+08:00,234.178,28.175275000194233,13.503,1270645492,1667,0,active,1.42,,,,,0,,
sensor_combined,2026-08-07T15:02:11.653+08:00,234.207,28.86028900002202,18.004,1270663496,1667,0,active,1.42,,,,,0,,
sensor_combined,2026-08-07T15:02:11.684+08:00,234.237,29.648997999856874,9.049,1270672545,1667,0,active,1.42,,,,,0,,
sensor_combined,2026-08-07T15:02:11.711+08:00,234.267,30.1362610000524,22.505,1270695050,1667,0,active,1.42,,,,,0,,
sensor_combined,2026-08-07T15:02:11.741+08:00,234.295,27.884069000037925,8.954,1270704004,1667,0,active,1.42,,,,,0,,
sensor_combined,2026-08-07T15:02:11.770+08:00,234.324,29.150149999850328,31.506,1270735510,1667,0,active,1.42,,,,,0,,
sensor_combined,2026-08-07T15:02:11.799+08:00,234.354,29.575997000165444,9.002,1270744512,1667,0,active,1.42,,,,,0,,
failsafe_flags,2026-08-07T15:02:12.532+08:00,235.086,,,1271329263,1667,0,active,1.42,,,,,0,,"{'gcs_connection_lost': True, 'manual_control_signal_lost': True, 'offboard_control_signal_lost': True}"
sensor_combined,2026-08-07T15:02:12.564+08:00,235.117,763.4284579999076,1008.256,1271752768,1667,0,active,1.42,,,,,0,,
vehicle_status,2026-08-07T15:02:12.596+08:00,235.148,,,1271439552,1667,0,active,1.42,,,,,0,"{'arming_state': 1, 'nav_state': 4, 'failsafe': True}",
sensor_combined,2026-08-07T15:02:12.631+08:00,235.184,66.36187300000529,40.461,1271793229,1667,0,active,1.42,,,,,0,,
sensor_combined,2026-08-07T15:02:12.661+08:00,235.215,31.882946999985506,4.548,1271797777,1667,0,active,1.42,,,,,0,,
sensor_combined,2026-08-07T15:02:12.692+08:00,235.245,29.292408999936015,8.954,1271806731,1667,0,active,1.42,,,,,0,,
sensor_combined,2026-08-07T15:02:12.722+08:00,235.276,31.268245000092065,9.002,1271815733,1667,0,active,1.42,,,,,0,,
sensor_combined,2026-08-07T15:02:12.752+08:00,235.306,30.49669000006361,9.002,1271824735,1667,0,active,1.42,,,,,0,,
sensor_combined,2026-08-07T15:02:12.780+08:00,235.335,28.832510000029288,22.505,1271847240,1667,0,active,1.42,,,,,0,,
sensor_combined,2026-08-07T15:02:12.810+08:00,235.364,29.088573999842993,9.002,1271856242,1667,0,active,1.42,,,,,0,,
vehicle_status,2026-08-07T15:02:12.837+08:00,235.392,,,1271946086,1667,0,active,1.42,,,,,0,"{'arming_state': 1, 'nav_state': 4, 'failsafe': True}",
sensor_combined,2026-08-07T15:02:12.865+08:00,235.421,56.504807999999684,31.554,1271887796,1667,0,active,1.42,,,,,0,,
sensor_combined,2026-08-07T15:02:12.896+08:00,235.450,29.449453000097492,98.973,1271986769,1667,0,active,1.42,,,,,0,,
sensor_combined,2026-08-07T15:02:12.924+08:00,235.479,29.118402999984028,31.506,1272018275,1667,0,active,1.42,,,,,0,,
sensor_combined,2026-08-07T15:02:12.952+08:00,235.507,27.696237000100155,9.002,1272027277,1667,0,active,1.42,,,,,0,,
sensor_combined,2026-08-07T15:02:12.982+08:00,235.536,28.812122999852363,9.002,1272036279,1667,0,active,1.42,,,,,0,,
sensor_combined,2026-08-07T15:02:13.010+08:00,235.566,30.005780000010418,40.508,1272076787,1667,0,active,1.42,,,,,0,,
sensor_combined,2026-08-07T15:02:13.039+08:00,235.594,27.79589700003271,9.002,1272085789,1667,0,active,1.42,,,,,0,,
sensor_combined,2026-08-07T15:02:13.069+08:00,235.623,28.792888999987554,9.002,1272094791,1667,0,active,1.42,,,,,0,,
sensor_combined,2026-08-07T15:02:13.098+08:00,235.653,30.074716999934026,63.06,1272157851,1667,0,active,1.42,,,,,0,,
sensor_combined,2026-08-07T15:02:13.127+08:00,235.682,29.264117000138867,17.956,1272175807,1667,0,active,1.42,,,,,0,,
sensor_combined,2026-08-07T15:02:13.156+08:00,235.710,28.513941000028353,9.002,1272184809,1667,0,active,1.42,,,,,0,,
sensor_combined,2026-08-07T15:02:13.187+08:00,235.740,29.720974999918326,63.061,1272247870,1667,0,active,1.42,,,,,0,,
sensor_combined,2026-08-07T15:02:13.215+08:00,235.770,29.951052999876993,8.954,1272256824,1667,0,active,1.42,,,,,0,,
sensor_combined,2026-08-07T15:02:13.243+08:00,235.799,28.425418000097125,18.004,1272274828,1667,0,active,1.42,,,,,0,,
sensor_combined,2026-08-07T15:02:13.273+08:00,235.827,28.42609000003904,40.556,1272315384,1667,0,active,1.42,,,,,0,,
sensor_combined,2026-08-07T15:02:13.303+08:00,235.858,30.828988999928697,22.505,1272337889,1667,0,active,1.42,,,,,0,,
sensor_combined,2026-08-07T15:02:13.332+08:00,235.887,28.802362000078574,8.954,1272346843,1667,0,active,1.42,,,,,0,,
sensor_combined,2026-08-07T15:02:13.361+08:00,235.916,29.083870000022216,81.064,1272427907,1667,0,active,1.42,,,,,0,,
sensor_combined,2026-08-07T15:02:13.390+08:00,235.945,28.82793399999173,8.954,1272436861,1667,0,active,1.42,,,,,0,,
sensor_combined,2026-08-07T15:02:13.419+08:00,235.974,29.10684899984517,9.002,1272445863,1667,0,active,1.42,,,,,0,,
sensor_combined,2026-08-07T15:02:13.448+08:00,236.003,28.97694400007822,49.558,1272495421,1667,0,active,1.42,,,,,0,,
sensor_combined,2026-08-07T15:02:13.476+08:00,236.031,28.522390000034648,8.954,1272504375,1667,0,active,1.42,,,,,0,,
sensor_combined,2026-08-07T15:02:13.504+08:00,236.059,28.299161999939315,13.55,1272517925,1667,0,active,1.42,,,,,0,,
sensor_combined,2026-08-07T15:02:13.533+08:00,236.087,28.04857000000993,90.019,1272607944,1667,0,active,1.42,,,,,0,,
sensor_combined,2026-08-07T15:02:13.563+08:00,236.117,29.793465000011565,26.958,1272634902,1667,0,active,1.42,,,,,0,,
sensor_combined,2026-08-07T15:02:13.592+08:00,236.147,29.34524700003749,9.002,1272643904,1667,0,active,1.42,,,,,0,,
sensor_combined,2026-08-07T15:02:13.621+08:00,236.176,29.09526400003415,22.505,1272666409,1667,0,active,1.42,,,,,0,,
sensor_combined,2026-08-07T15:02:13.649+08:00,236.204,28.72475200001645,31.554,1272697963,1667,0,active,1.42,,,,,0,,
sensor_combined,2026-08-07T15:02:13.679+08:00,236.233,28.601056999832508,8.954,1272706917,1667,0,active,1.42,,,,,0,,
sensor_combined,2026-08-07T15:02:13.709+08:00,236.263,29.587678000098094,27.006,1272733923,1667,0,active,1.42,,,,,0,,
sensor_combined,2026-08-07T15:02:13.738+08:00,236.293,29.940170999907423,67.514,1272801437,1667,0,active,1.42,,,,,0,,
sensor_combined,2026-08-07T15:02:13.767+08:00,236.322,29.267990000107602,4.501,1272805938,1667,0,active,1.42,,,,,0,,
sensor_combined,2026-08-07T15:02:13.796+08:00,236.351,28.91015199998037,9.001,1272814939,1667,0,active,1.42,,,,,0,,
sensor_combined,2026-08-07T15:02:13.824+08:00,236.380,28.97927999993044,63.061,1272878000,1667,0,active,1.42,,,,,0,,
vehicle_status,2026-08-07T15:02:13.851+08:00,236.407,,,1272960129,1667,0,active,1.42,,,,,0,"{'arming_state': 1, 'nav_state': 4, 'failsafe': True}",
sensor_combined,2026-08-07T15:02:13.881+08:00,236.435,54.96419600012814,8.954,1272886954,1667,0,active,1.42,,,,,0,,
sensor_combined,2026-08-07T15:02:13.909+08:00,236.464,29.722511000045415,67.514,1272954468,1667,0,active,1.42,,,,,0,,
sensor_combined,2026-08-07T15:02:13.938+08:00,236.493,28.870402999928046,13.55,1272968018,1667,0,active,1.42,,,,,0,,
sensor_combined,2026-08-07T15:02:13.968+08:00,236.522,28.75387599988244,17.957,1272985975,1667,0,active,1.42,,,,,0,,
sensor_combined,2026-08-07T15:02:13.996+08:00,236.552,29.77544600003057,72.062,1273058037,1667,0,active,1.42,,,,,0,,
sensor_combined,2026-08-07T15:02:14.025+08:00,236.580,27.85773000005065,8.954,1273066991,1667,0,active,1.42,,,,,0,,
sensor_combined,2026-08-07T15:02:14.055+08:00,236.609,29.787224000074275,18.004,1273084995,1667,0,active,1.42,,,,,0,,
sensor_combined,2026-08-07T15:02:14.085+08:00,236.639,29.562362999968173,72.015,1273157010,1667,0,active,1.42,,,,,0,,
sensor_combined,2026-08-07T15:02:14.114+08:00,236.668,29.288248000057138,9.002,1273166012,1667,0,active,1.42,,,,,0,,
sensor_combined,2026-08-07T15:02:14.143+08:00,236.698,29.360928999949465,22.505,1273188517,1667,0,active,1.42,,,,,0,,
sensor_combined,2026-08-07T15:02:14.173+08:00,236.727,29.547961999924155,40.508,1273229025,1667,0,active,1.42,,,,,0,,
sensor_combined,2026-08-07T15:02:14.202+08:00,236.757,29.36195300003419,18.003,1273247028,1667,0,active,1.42,,,,,0,,
sensor_combined,2026-08-07T15:02:14.231+08:00,236.786,29.427081999983784,9.002,1273256030,1667,0,active,1.42,,,,,0,,
sensor_combined,2026-08-07T15:02:14.260+08:00,236.815,28.832222000119145,58.512,1273314542,1667,0,active,1.42,,,,,0,,
sensor_combined,2026-08-07T15:02:14.290+08:00,236.844,28.729104999911215,13.551,1273328093,1667,0,active,1.42,,,,,0,,
sensor_combined,2026-08-07T15:02:14.320+08:00,236.874,30.005651000010403,17.956,1273346049,1667,0,active,1.42,,,,,0,,
sensor_combined,2026-08-07T15:02:14.349+08:00,236.903,29.852992000087397,72.062,1273418111,1667,0,active,1.42,,,,,0,,
failsafe_flags,2026-08-07T15:02:14.380+08:00,236.932,,,1273511313,1667,0,active,1.42,,,,,0,,"{'gcs_connection_lost': True, 'manual_control_signal_lost': True, 'offboard_control_signal_lost': True}"
sensor_combined,2026-08-07T15:02:14.410+08:00,236.964,60.28724299994792,8.955,1273427066,1667,0,active,1.38,,,,,0,,
sensor_combined,2026-08-07T15:02:14.439+08:00,236.993,29.582782000034058,58.559,1273485625,1667,0,active,1.38,,,,,0,,
sensor_combined,2026-08-07T15:02:14.467+08:00,237.022,28.873026999917784,22.505,1273508130,1667,0,active,1.38,,,,,0,,
sensor_combined,2026-08-07T15:02:14.497+08:00,237.051,28.75400399989303,8.954,1273517084,1667,0,active,1.38,,,,,0,,
sensor_combined,2026-08-07T15:02:14.527+08:00,237.081,30.188811000016358,67.514,1273584598,1667,0,active,1.38,,,,,0,,
sensor_combined,2026-08-07T15:02:14.557+08:00,237.111,30.220431000088865,22.505,1273607103,1667,0,active,1.38,,,,,0,,
sensor_combined,2026-08-07T15:02:14.587+08:00,237.141,29.206381999983932,9.002,1273616105,1667,0,active,1.38,,,,,0,,
sensor_combined,2026-08-07T15:02:14.617+08:00,237.170,29.774677999967025,22.504,1273638609,1667,0,active,1.38,,,,,0,,
sensor_combined,2026-08-07T15:02:14.646+08:00,237.200,29.88064300006954,36.008,1273674617,1667,0,active,1.38,,,,,0,,
sensor_combined,2026-08-07T15:02:14.674+08:00,237.229,28.948492999916198,13.55,1273688167,1667,0,active,1.38,,,,,0,,
sensor_combined,2026-08-07T15:02:14.704+08:00,237.258,29.27483899998151,17.956,1273706123,1667,0,active,1.38,,,,,0,,
sensor_combined,2026-08-07T15:02:14.732+08:00,237.287,28.980400000136797,81.017,1273787140,1667,0,active,1.38,,,,,0,,
sensor_combined,2026-08-07T15:02:14.761+08:00,237.316,28.2020619999912,4.501,1273791641,1667,0,active,1.38,,,,,0,,
sensor_combined,2026-08-07T15:02:14.790+08:00,237.344,28.541080999957558,13.503,1273805144,1667,0,active,1.38,,,,,0,,
sensor_combined,2026-08-07T15:02:14.819+08:00,237.373,29.29560899997341,49.51,1273854654,1667,0,active,1.38,,,,,0,,
vehicle_status,2026-08-07T15:02:14.846+08:00,237.401,,,1273975086,1667,0,active,1.38,,,,,0,"{'arming_state': 1, 'nav_state': 4, 'failsafe': True}",
sensor_combined,2026-08-07T15:02:14.875+08:00,237.430,56.121654999969905,27.006,1273881660,1667,0,active,1.38,,,,,0,,
sensor_combined,2026-08-07T15:02:14.904+08:00,237.459,29.488818000118044,63.012,1273944672,1667,0,active,1.38,,,,,0,,
failsafe_flags,2026-08-07T15:02:14.931+08:00,237.486,,,1274052213,1667,0,active,1.38,,,,,0,,"{'gcs_connection_lost': True, 'manual_control_signal_lost': True, 'offboard_control_signal_lost': True}"
sensor_combined,2026-08-07T15:02:14.960+08:00,237.515,56.05543799993029,9.002,1273953674,1667,0,active,1.38,,,,,0,,
sensor_combined,2026-08-07T15:02:14.989+08:00,237.544,29.259541000101308,90.019,1274043693,1667,0,active,1.38,,,,,0,,
sensor_combined,2026-08-07T15:02:15.018+08:00,237.573,28.851807999899393,4.548,1274048241,1667,0,active,1.38,,,,,0,,
sensor_combined,2026-08-07T15:02:15.048+08:00,237.601,28.310427999940657,26.958,1274075199,1667,0,active,1.38,,,,,0,,
sensor_combined,2026-08-07T15:02:15.077+08:00,237.631,29.7513150001123,67.514,1274142713,1667,0,active,1.38,,,,,0,,
sensor_combined,2026-08-07T15:02:15.107+08:00,237.661,30.022709999911967,9.002,1274151715,1667,0,active,1.38,,,,,0,,
sensor_combined,2026-08-07T15:02:15.135+08:00,237.691,29.308602000128303,22.505,1274174220,1667,0,active,1.38,,,,,0,,
sensor_combined,2026-08-07T15:02:15.164+08:00,237.719,28.444364999813843,49.51,1274223730,1667,0,active,1.38,,,,,0,,
sensor_combined,2026-08-07T15:02:15.192+08:00,237.748,28.49112200010495,18.004,1274241734,1667,0,active,1.38,,,,,0,,
sensor_combined,2026-08-07T15:02:15.221+08:00,237.776,28.32402900003217,13.503,1274255237,1667,0,active,1.38,,,,,0,,
sensor_combined,2026-08-07T15:02:15.251+08:00,237.804,28.649671000039234,49.51,1274304747,1667,0,active,1.38,,,,,0,,
sensor_combined,2026-08-07T15:02:15.280+08:00,237.835,30.06338699992739,9.002,1274313749,1667,0,active,1.38,,,,,0,,
sensor_combined,2026-08-07T15:02:15.308+08:00,237.863,28.707374000077834,31.506,1274345255,1667,0,active,1.38,,,,,0,,
sensor_combined,2026-08-07T15:02:15.336+08:00,237.892,28.508181000006516,27.006,1274372261,1667,0,active,1.38,,,,,0,,
vehicle_status,2026-08-07T15:02:15.364+08:00,237.919,,,1274481651,1667,0,active,1.38,,,,,0,"{'arming_state': 1, 'nav_state': 4, 'failsafe': True}",
sensor_combined,2026-08-07T15:02:15.393+08:00,237.947,55.49533499993231,31.506,1274403767,1667,0,active,1.38,,,,,0,,
sensor_combined,2026-08-07T15:02:15.423+08:00,237.976,29.146469999886904,9.002,1274412769,1667,0,active,1.38,,,,,0,,
sensor_combined,2026-08-07T15:02:15.452+08:00,238.006,30.050969000058103,67.514,1274480283,1667,0,active,1.38,,,,,0,,
failsafe_flags,2026-08-07T15:02:15.481+08:00,238.035,,,1274602382,1667,0,active,1.38,,,,,0,,"{'gcs_connection_lost': True, 'manual_control_signal_lost': True, 'offboard_control_signal_lost': True}"
sensor_combined,2026-08-07T15:02:15.510+08:00,238.064,57.88978500004305,22.507,1274502790,1667,0,active,1.38,,,,,0,,
sensor_combined,2026-08-07T15:02:15.539+08:00,238.093,28.954893999980413,72.013,1274574803,1667,0,active,1.38,,,,,0,,
sensor_combined,2026-08-07T15:02:15.567+08:00,238.122,28.912232000038784,40.508,1274615311,1667,0,active,1.38,,,,,0,,
sensor_combined,2026-08-07T15:02:15.595+08:00,238.151,28.388900999971156,18.051,1274633362,1667,0,active,1.38,,,,,0,,
sensor_combined,2026-08-07T15:02:15.624+08:00,238.179,28.472559999954683,8.955,1274642317,1667,0,active,1.38,,,,,0,,
sensor_combined,2026-08-07T15:02:15.654+08:00,238.208,29.26917400009188,72.014,1274714331,1667,0,active,1.38,,,,,0,,
sensor_combined,2026-08-07T15:02:15.684+08:00,238.238,29.488978000017596,18.004,1274732335,1667,0,active,1.38,,,,,0,,
sensor_combined,2026-08-07T15:02:15.713+08:00,238.267,29.400965999911932,9.002,1274741337,1667,0,active,1.38,,,,,0,,
sensor_combined,2026-08-07T15:02:15.743+08:00,238.297,29.541592999976274,67.514,1274808851,1667,0,active,1.38,,,,,0,,
sensor_combined,2026-08-07T15:02:15.772+08:00,238.327,29.865472999972553,9.002,1274817853,1667,0,active,1.38,,,,,0,,
sensor_combined,2026-08-07T15:02:15.803+08:00,238.357,30.009685000095487,9.002,1274826855,1667,0,active,1.38,,,,,0,,
sensor_combined,2026-08-07T15:02:15.831+08:00,238.386,29.846847000044363,81.017,1274907872,1667,0,active,1.38,,,,,0,,
sensor_combined,2026-08-07T15:02:15.860+08:00,238.415,28.588894999984404,9.001,1274916873,1667,0,active,1.38,,,,,0,,
sensor_combined,2026-08-07T15:02:15.889+08:00,238.444,28.68650699997488,9.05,1274925923,1667,0,active,1.38,,,,,0,,
sensor_combined,2026-08-07T15:02:15.917+08:00,238.473,29.079870000032315,71.967,1274997890,1667,0,active,1.38,,,,,0,,
sensor_combined,2026-08-07T15:02:15.945+08:00,238.501,27.84012699999039,9.002,1275006892,1667,0,active,1.38,,,,,0,,
sensor_combined,2026-08-07T15:02:15.974+08:00,238.529,28.628708000042025,9.049,1275015941,1667,0,active,1.38,,,,,0,,
sensor_combined,2026-08-07T15:02:16.003+08:00,238.558,28.753715999982887,40.461,1275056402,1667,0,active,1.38,,,,,0,,
sensor_combined,2026-08-07T15:02:16.033+08:00,238.588,29.725008000013986,9.002,1275065404,1667,0,active,1.38,,,,,0,,
sensor_combined,2026-08-07T15:02:16.061+08:00,238.616,28.284183999858215,22.505,1275087909,1667,0,active,1.38,,,,,0,,
sensor_combined,2026-08-07T15:02:16.090+08:00,238.645,28.573085000061837,67.513,1275155422,1667,0,active,1.38,,,,,0,,
sensor_combined,2026-08-07T15:02:16.120+08:00,238.675,30.5473850000908,13.503,1275168925,1667,0,active,1.38,,,,,0,,
sensor_combined,2026-08-07T15:02:16.149+08:00,238.703,28.04344899982425,18.004,1275186929,1667,0,active,1.38,,,,,0,,
sensor_combined,2026-08-07T15:02:16.178+08:00,238.732,29.157382999983383,81.017,1275267946,1667,0,active,1.38,,,,,0,,
sensor_combined,2026-08-07T15:02:16.208+08:00,238.762,29.803162000007433,9.002,1275276948,1667,0,active,1.38,,,,,0,,
sensor_combined,2026-08-07T15:02:16.238+08:00,238.791,28.93165900013628,9.049,1275285997,1667,0,active,1.38,,,,,0,,
sensor_combined,2026-08-07T15:02:16.267+08:00,238.822,31.18954699993992,49.463,1275335460,1667,0,active,1.38,,,,,0,,
sensor_combined,2026-08-07T15:02:16.296+08:00,238.851,28.31634800008942,22.505,1275357965,1667,0,active,1.38,,,,,0,,
sensor_combined,2026-08-07T15:02:16.325+08:00,238.879,28.480337000019063,9.001,1275366966,1667,0,active,1.38,,,,,0,,
sensor_combined,2026-08-07T15:02:16.354+08:00,238.909,29.988048999939565,58.512,1275425478,1667,0,active,1.38,,,,,0,,
vehicle_status,2026-08-07T15:02:16.382+08:00,238.936,,,1275493443,1667,0,active,1.38,,,,,0,"{'arming_state': 1, 'nav_state': 4, 'failsafe': True}",
sensor_combined,2026-08-07T15:02:16.413+08:00,238.966,56.58641900004113,22.505,1275447983,1667,0,active,1.38,,,,,0,,
sensor_combined,2026-08-07T15:02:16.442+08:00,238.996,30.766707999873688,67.514,1275515497,1667,0,active,1.38,,,,,0,,
sensor_combined,2026-08-07T15:02:16.470+08:00,239.025,28.87907600006656,9.002,1275524499,1667,0,active,1.38,,,,,0,,
sensor_combined,2026-08-07T15:02:16.499+08:00,239.054,28.392325999902823,13.503,1275538002,1667,0,active,1.38,,,,,0,,
sensor_combined,2026-08-07T15:02:16.528+08:00,239.083,29.070428000068205,18.051,1275556053,1667,0,active,1.38,,,,,0,,
sensor_combined,2026-08-07T15:02:16.557+08:00,239.112,28.91207199991186,71.967,1275628020,1667,0,active,1.38,,,,,0,,
sensor_combined,2026-08-07T15:02:16.587+08:00,239.141,29.14230999999745,18.051,1275646071,1667,0,active,1.38,,,,,0,,
sensor_combined,2026-08-07T15:02:16.615+08:00,239.170,29.566939999995157,8.955,1275655026,1667,0,active,1.38,,,,,0,,
sensor_combined,2026-08-07T15:02:16.644+08:00,239.199,28.30028200014567,22.505,1275677531,1667,0,active,1.38,,,,,0,,
sensor_combined,2026-08-07T15:02:16.672+08:00,239.228,28.874435000034282,9.001,1275686532,1667,0,active,1.38,,,,,0,,
sensor_combined,2026-08-07T15:02:16.701+08:00,239.256,28.330941999911374,31.507,1275718039,1667,0,active,1.38,,,,,0,,
sensor_combined,2026-08-07T15:02:16.729+08:00,239.284,28.34195200011891,9.002,1275727041,1667,0,active,1.38,,,,,0,,
sensor_combined,2026-08-07T15:02:16.757+08:00,239.313,28.67713000000549,9.049,1275736090,1667,0,active,1.38,,,,,0,,
sensor_combined,2026-08-07T15:02:16.787+08:00,239.341,28.13987699983045,8.957,1275745047,1667,0,active,1.38,,,,,0,,
sensor_combined,2026-08-07T15:02:16.815+08:00,239.370,29.22888100010823,13.548,1275758595,1667,0,active,1.38,,,,,0,,
sensor_combined,2026-08-07T15:02:17.549+08:00,240.101,730.364783999903,1008.16,1276766755,1667,0,active,1.38,,,,,0,,
failsafe_flags,2026-08-07T15:02:17.582+08:00,240.134,,,1276252313,1667,0,active,1.38,,,,,0,,"{'gcs_connection_lost': True, 'manual_control_signal_lost': True, 'offboard_control_signal_lost': True}"
vehicle_status,2026-08-07T15:02:17.617+08:00,240.168,,,1276506423,1667,0,active,1.38,,,,,0,"{'arming_state': 1, 'nav_state': 4, 'failsafe': True}",
sensor_combined,2026-08-07T15:02:17.648+08:00,240.202,100.959118999981,40.509,1276807264,1667,0,active,1.38,,,,,0,,
failsafe_flags,2026-08-07T15:02:17.676+08:00,240.231,,,1276792246,1667,0,active,1.38,,,,,0,,"{'gcs_connection_lost': True, 'manual_control_signal_lost': True, 'offboard_control_signal_lost': True}"
sensor_combined,2026-08-07T15:02:17.709+08:00,240.261,59.8211030001039,4.501,1276811765,1667,0,active,1.38,,,,,0,,
sensor_combined,2026-08-07T15:02:17.739+08:00,240.293,31.943370999897525,4.548,1276816313,1667,0,active,1.38,,,,,0,,
sensor_combined,2026-08-07T15:02:17.768+08:00,240.323,29.747635000148875,8.955,1276825268,1667,0,active,1.38,,,,,0,,
sensor_combined,2026-08-07T15:02:17.797+08:00,240.352,28.753138999945804,40.508,1276865776,1667,0,active,1.38,,,,,0,,
sensor_combined,2026-08-07T15:02:17.827+08:00,240.382,29.59695999993528,31.507,1276897283,1667,0,active,1.38,,,,,0,,
sensor_combined,2026-08-07T15:02:17.856+08:00,240.411,29.32316500005072,9.049,1276906332,1667,0,active,1.38,,,,,0,,
sensor_combined,2026-08-07T15:02:17.885+08:00,240.439,28.375362999895515,31.459,1276937791,1667,0,active,1.38,,,,,0,,
sensor_combined,2026-08-07T15:02:17.914+08:00,240.469,29.328061000114758,18.004,1276955795,1667,0,active,1.38,,,,,0,,
sensor_combined,2026-08-07T15:02:17.943+08:00,240.498,29.214798999873892,9.002,1276964797,1667,0,active,1.38,,,,,0,,
sensor_combined,2026-08-07T15:02:17.972+08:00,240.526,28.55813900009707,22.504,1276987301,1667,0,active,1.38,,,,,0,,
sensor_combined,2026-08-07T15:02:18.001+08:00,240.555,29.046713000070667,67.514,1277054815,1667,0,active,1.38,,,,,0,,
sensor_combined,2026-08-07T15:02:18.030+08:00,240.584,28.958766999949148,13.503,1277068318,1667,0,active,1.38,,,,,0,,
sensor_combined,2026-08-07T15:02:18.059+08:00,240.613,28.83980599995084,18.051,1277086369,1667,0,active,1.38,,,,,0,,
sensor_combined,2026-08-07T15:02:18.088+08:00,240.643,29.933771000060005,71.968,1277158337,1667,0,active,1.38,,,,,0,,
sensor_combined,2026-08-07T15:02:18.117+08:00,240.672,28.990481999926487,9.001,1277167338,1667,0,active,1.38,,,,,0,,
sensor_combined,2026-08-07T15:02:18.147+08:00,240.701,29.213583000000654,18.004,1277185342,1667,0,active,1.38,,,,,0,,
sensor_combined,2026-08-07T15:02:18.176+08:00,240.731,29.449676000012914,31.507,1277216849,1667,0,active,1.38,,,,,0,,
sensor_combined,2026-08-07T15:02:18.204+08:00,240.759,28.272727000057785,40.508,1277257357,1667,0,active,1.38,,,,,0,,
sensor_combined,2026-08-07T15:02:18.233+08:00,240.788,28.89818199992078,31.554,1277288911,1667,0,active,1.38,,,,,0,,
sensor_combined,2026-08-07T15:02:18.265+08:00,240.819,30.76760500016462,8.954,1277297865,1667,0,active,1.38,,,,,0,,
sensor_combined,2026-08-07T15:02:18.294+08:00,240.848,29.658407999932024,49.511,1277347376,1667,0,active,1.38,,,,,0,,
sensor_combined,2026-08-07T15:02:18.322+08:00,240.877,28.786935999960406,9.049,1277356425,1667,0,active,1.38,,,,,0,,
sensor_combined,2026-08-07T15:02:18.351+08:00,240.905,28.240529999948194,8.954,1277365379,1667,0,active,1.38,,,,,0,,
sensor_combined,2026-08-07T15:02:18.380+08:00,240.935,29.36720200000309,22.505,1277387884,1667,0,active,1.38,,,,,0,,
sensor_combined,2026-08-07T15:02:18.409+08:00,240.964,29.189291999955458,27.006,1277414890,1667,0,active,1.38,,,,,0,,
sensor_combined,2026-08-07T15:02:18.438+08:00,240.992,28.40829600017969,13.502,1277428392,1667,0,active,1.38,,,,,0,,
sensor_combined,2026-08-07T15:02:18.466+08:00,241.022,29.512565000004543,58.513,1277486905,1667,0,active,1.38,,,,,0,,
sensor_combined,2026-08-07T15:02:18.495+08:00,241.050,28.03272799997103,9.001,1277495906,1667,0,active,1.38,,,,,0,,
sensor_combined,2026-08-07T15:02:18.524+08:00,241.079,28.687882999975045,22.505,1277518411,1667,0,active,1.38,,,,,0,,
sensor_combined,2026-08-07T15:02:18.552+08:00,241.107,28.811898999947516,67.514,1277585925,1667,0,active,1.38,,,,,0,,
sensor_combined,2026-08-07T15:02:18.580+08:00,241.135,28.110369999922113,31.507,1277617432,1667,0,active,1.38,,,,,0,,
sensor_combined,2026-08-07T15:02:18.610+08:00,241.164,28.918089000171676,9.049,1277626481,1667,0,active,1.38,,,,,0,,
sensor_combined,2026-08-07T15:02:18.639+08:00,241.194,29.22843299984379,22.505,1277648986,1667,0,active,1.38,,,,,0,,
sensor_combined,2026-08-07T15:02:18.667+08:00,241.222,28.787319999992178,58.464,1277707450,1667,0,active,1.38,,,,,0,,
sensor_combined,2026-08-07T15:02:18.696+08:00,241.250,27.939692000018113,9.05,1277716500,1667,0,active,1.38,,,,,0,,
sensor_combined,2026-08-07T15:02:18.725+08:00,241.280,29.588831000182836,31.459,1277747959,1667,0,active,1.38,,,,,0,,
sensor_combined,2026-08-07T15:02:18.754+08:00,241.309,28.71169399986684,72.014,1277819973,1667,0,active,1.38,,,,,0,,
failsafe_flags,2026-08-07T15:02:18.781+08:00,241.336,,,1277895922,1667,0,active,1.38,,,,,0,,"{'gcs_connection_lost': True, 'manual_control_signal_lost': True, 'offboard_control_signal_lost': True}"
sensor_combined,2026-08-07T15:02:18.812+08:00,241.365,56.715395000082935,4.502,1277824475,1667,0,active,1.38,,,,,0,,
sensor_combined,2026-08-07T15:02:18.841+08:00,241.396,30.91024699983791,81.017,1277905492,1667,0,active,1.38,,,,,0,,
sensor_combined,2026-08-07T15:02:18.870+08:00,241.425,28.639429000122618,31.505,1277936997,1667,0,active,1.38,,,,,0,,
sensor_combined,2026-08-07T15:02:18.900+08:00,241.453,28.548153999963688,9.003,1277946000,1667,0,active,1.38,,,,,0,,
sensor_combined,2026-08-07T15:02:18.929+08:00,241.484,30.222735000052126,31.506,1277977506,1667,0,active,1.38,,,,,0,,
sensor_combined,2026-08-07T15:02:18.957+08:00,241.512,28.453006000063397,27.006,1278004512,1667,0,active,1.38,,,,,0,,
sensor_combined,2026-08-07T15:02:18.986+08:00,241.540,28.094335999867326,13.502,1278018014,1667,0,active,1.38,,,,,0,,
sensor_combined,2026-08-07T15:02:19.014+08:00,241.569,28.91597699999693,58.56,1278076574,1667,0,active,1.38,,,,,0,,
sensor_combined,2026-08-07T15:02:19.042+08:00,241.597,28.311994999967283,17.956,1278094530,1667,0,active,1.38,,,,,0,,
sensor_combined,2026-08-07T15:02:19.071+08:00,241.625,27.931435000027705,13.503,1278108033,1667,0,active,1.38,,,,,0,,
sensor_combined,2026-08-07T15:02:19.100+08:00,241.654,29.06831600012083,58.56,1278166593,1667,0,active,1.38,,,,,0,,
sensor_combined,2026-08-07T15:02:19.128+08:00,241.683,28.982448999840926,31.459,1278198052,1667,0,active,1.38,,,,,0,,
sensor_combined,2026-08-07T15:02:19.159+08:00,241.712,28.50510899997971,9.001,1278207053,1667,0,active,1.38,,,,,0,,
sensor_combined,2026-08-07T15:02:19.188+08:00,241.743,30.575580000004265,67.514,1278274567,1667,0,active,1.38,,,,,0,,
sensor_combined,2026-08-07T15:02:19.216+08:00,241.771,28.446509000104925,13.503,1278288070,1667,0,active,1.38,,,,,0,,
sensor_combined,2026-08-07T15:02:19.247+08:00,241.800,28.63718899993728,9.002,1278297072,1667,0,active,1.38,,,,,0,,
sensor_combined,2026-08-07T15:02:19.275+08:00,241.830,30.783510999981445,31.507,1278328579,1667,0,active,1.38,,,,,0,,
sensor_combined,2026-08-07T15:02:19.305+08:00,241.858,27.974544000016976,9.002,1278337581,1667,0,active,1.38,,,,,0,,
sensor_combined,2026-08-07T15:02:19.335+08:00,241.889,30.88694799998848,9.049,1278346630,1667,0,active,1.38,,,,,0,,
sensor_combined,2026-08-07T15:02:19.364+08:00,241.919,29.345760000069276,8.954,1278355584,1667,0,active,1.38,,,,,0,,
sensor_combined,2026-08-07T15:02:19.393+08:00,241.947,28.762292999999772,49.51,1278405094,1667,0,active,1.35,,,,,0,,
vehicle_status,2026-08-07T15:02:19.421+08:00,241.976,,,1278533121,1667,0,active,1.35,,,,,0,"{'arming_state': 1, 'nav_state': 4, 'failsafe': True}",
sensor_combined,2026-08-07T15:02:19.452+08:00,242.005,57.91606000002503,63.014,1278468108,1667,0,active,1.35,,,,,0,,
sensor_combined,2026-08-07T15:02:19.481+08:00,242.036,30.684329999985493,58.559,1278526667,1667,0,active,1.35,,,,,0,,
sensor_combined,2026-08-07T15:02:19.511+08:00,242.066,29.955436999898666,8.955,1278535622,1667,0,active,1.35,,,,,0,,
sensor_combined,2026-08-07T15:02:19.541+08:00,242.095,29.007509000166465,31.506,1278567128,1667,0,active,1.35,,,,,0,,
sensor_combined,2026-08-07T15:02:19.569+08:00,242.124,29.17450499990082,58.512,1278625640,1667,0,active,1.35,,,,,0,,
sensor_combined,2026-08-07T15:02:19.598+08:00,242.152,28.138630000057674,22.505,1278648145,1667,0,active,1.35,,,,,0,,
sensor_combined,2026-08-07T15:02:19.627+08:00,242.182,29.56821999987369,9.002,1278657147,1667,0,active,1.35,,,,,0,,
sensor_combined,2026-08-07T15:02:19.656+08:00,242.211,28.95463700019718,31.506,1278688653,1667,0,active,1.35,,,,,0,,
sensor_combined,2026-08-07T15:02:19.684+08:00,242.240,28.9299949999986,36.007,1278724660,1667,0,active,1.35,,,,,0,,
sensor_combined,2026-08-07T15:02:19.713+08:00,242.268,28.12297899981786,22.505,1278747165,1667,0,active,1.35,,,,,0,,
sensor_combined,2026-08-07T15:02:19.742+08:00,242.296,28.655559000071662,9.002,1278756167,1667,0,active,1.35,,,,,0,,
sensor_combined,2026-08-07T15:02:19.771+08:00,242.326,29.563035999899512,90.019,1278846186,1667,0,active,1.35,,,,,0,,
sensor_combined,2026-08-07T15:02:19.799+08:00,242.355,28.546361000053366,9.002,1278855188,1667,0,active,1.35,,,,,0,,
sensor_combined,2026-08-07T15:02:19.828+08:00,242.383,28.262132999998357,9.049,1278864237,1667,0,active,1.35,,,,,0,,
sensor_combined,2026-08-07T15:02:19.855+08:00,242.411,28.052475000095,40.461,1278904698,1667,0,active,1.35,,,,,0,,
vehicle_status,2026-08-07T15:02:19.883+08:00,242.438,,,1279039119,1667,0,active,1.35,,,,,0,"{'arming_state': 1, 'nav_state': 4, 'failsafe': True}",
failsafe_flags,2026-08-07T15:02:19.911+08:00,242.466,,,1278995262,1667,0,active,1.35,,,,,0,,"{'gcs_connection_lost': True, 'manual_control_signal_lost': True, 'offboard_control_signal_lost': True}"
sensor_combined,2026-08-07T15:02:19.940+08:00,242.495,84.12695499987421,90.018,1278994716,1667,0,active,1.35,,,,,0,,
sensor_combined,2026-08-07T15:02:19.968+08:00,242.524,28.62333200005196,13.503,1279008219,1667,0,active,1.35,,,,,0,,
sensor_combined,2026-08-07T15:02:19.998+08:00,242.552,28.313660000094387,27.006,1279035225,1667,0,active,1.35,,,,,0,,
sensor_combined,2026-08-07T15:02:20.026+08:00,242.582,29.790648000016517,72.015,1279107240,1667,0,active,1.35,,,,,0,,
sensor_combined,2026-08-07T15:02:20.054+08:00,242.610,27.76942999980747,9.002,1279116242,1667,0,active,1.35,,,,,0,,
sensor_combined,2026-08-07T15:02:20.083+08:00,242.638,28.21764800000892,9.002,1279125244,1667,0,active,1.35,,,,,0,,
sensor_combined,2026-08-07T15:02:20.111+08:00,242.666,28.687115000138874,63.012,1279188256,1667,0,active,1.35,,,,,0,,
sensor_combined,2026-08-07T15:02:20.139+08:00,242.695,28.224144999967393,9.003,1279197259,1667,0,active,1.35,,,,,0,,
sensor_combined,2026-08-07T15:02:20.168+08:00,242.723,27.931307000017114,9.001,1279206260,1667,0,active,1.35,,,,,0,,
sensor_combined,2026-08-07T15:02:20.197+08:00,242.751,28.747091000013825,72.015,1279278275,1667,0,active,1.35,,,,,0,,
sensor_combined,2026-08-07T15:02:20.226+08:00,242.781,29.383907999999792,18.004,1279296279,1667,0,active,1.35,,,,,0,,
sensor_combined,2026-08-07T15:02:20.255+08:00,242.809,28.56005900002856,9.002,1279305281,1667,0,active,1.35,,,,,0,,
sensor_combined,2026-08-07T15:02:20.285+08:00,242.839,29.959949999920354,63.013,1279368294,1667,0,active,1.35,,,,,0,,
sensor_combined,2026-08-07T15:02:20.313+08:00,242.868,29.157544000099733,9.002,1279377296,1667,0,active,1.35,,,,,0,,
sensor_combined,2026-08-07T15:02:20.343+08:00,242.897,28.919464999944466,9.002,1279386298,1667,0,active,1.35,,,,,0,,
sensor_combined,2026-08-07T15:02:20.372+08:00,242.927,29.5659789999263,81.017,1279467315,1667,0,active,1.35,,,,,0,,
sensor_combined,2026-08-07T15:02:20.401+08:00,242.955,28.187500000058208,27.053,1279494368,1667,0,active,1.35,,,,,0,,
sensor_combined,2026-08-07T15:02:20.430+08:00,242.985,29.578940999954284,13.455,1279507823,1667,0,active,1.35,,,,,0,,
sensor_combined,2026-08-07T15:02:20.459+08:00,243.014,28.963631000124224,27.006,1279534829,1667,0,active,1.35,,,,,0,,
sensor_combined,2026-08-07T15:02:20.488+08:00,243.042,28.421000999969692,22.504,1279557333,1667,0,active,1.35,,,,,0,,
sensor_combined,2026-08-07T15:02:20.516+08:00,243.071,29.016213999966567,9.002,1279566335,1667,0,active,1.35,,,,,0,,
sensor_combined,2026-08-07T15:02:20.546+08:00,243.100,28.654727000002822,9.002,1279575337,1667,0,active,1.35,,,,,0,,
sensor_combined,2026-08-07T15:02:20.574+08:00,243.129,29.535511999938535,90.019,1279665356,1667,0,active,1.35,,,,,0,,
sensor_combined,2026-08-07T15:02:20.603+08:00,243.158,28.542712999978903,22.504,1279687860,1667,0,active,1.35,,,,,0,,
sensor_combined,2026-08-07T15:02:20.632+08:00,243.187,29.258995999953186,9.05,1279696910,1667,0,active,1.35,,,,,0,,
sensor_combined,2026-08-07T15:02:20.661+08:00,243.216,29.097728000124334,58.464,1279755374,1667,0,active,1.35,,,,,0,,
sensor_combined,2026-08-07T15:02:20.690+08:00,243.245,28.52831099994546,9.05,1279764424,1667,0,active,1.35,,,,,0,,
sensor_combined,2026-08-07T15:02:20.718+08:00,243.274,28.853665000042383,13.455,1279777879,1667,0,active,1.35,,,,,0,,
sensor_combined,2026-08-07T15:02:20.747+08:00,243.302,28.43633099996623,49.51,1279827389,1667,0,active,1.35,,,,,0,,
sensor_combined,2026-08-07T15:02:20.775+08:00,243.330,28.455630000053134,9.002,1279836391,1667,0,active,1.35,,,,,0,,
sensor_combined,2026-08-07T15:02:20.804+08:00,243.359,28.61334599992915,9.002,1279845393,1667,0,active,1.35,,,,,0,,
sensor_combined,2026-08-07T15:02:20.833+08:00,243.388,28.533240000115256,13.503,1279858896,1667,0,active,1.35,,,,,0,,
sensor_combined,2026-08-07T15:02:20.861+08:00,243.417,29.045816999996532,36.007,1279894903,1667,0,active,1.35,,,,,0,,
sensor_combined,2026-08-07T15:02:20.890+08:00,243.444,27.796889999990526,13.503,1279908406,1667,0,active,1.35,,,,,0,,
sensor_combined,2026-08-07T15:02:20.920+08:00,243.474,29.101088999823332,9.002,1279917408,1667,0,active,1.35,,,,,0,,
sensor_combined,2026-08-07T15:02:20.948+08:00,243.503,29.908263000152147,49.558,1279966966,1667,0,active,1.35,,,,,0,,
vehicle_status,2026-08-07T15:02:20.976+08:00,243.531,,,1280051140,1667,0,active,1.35,,,,,0,"{'arming_state': 1, 'nav_state': 4, 'failsafe': True}",
failsafe_flags,2026-08-07T15:02:21.005+08:00,243.558,,,1280095299,1667,0,active,1.35,,,,,0,,"{'gcs_connection_lost': True, 'manual_control_signal_lost': True, 'offboard_control_signal_lost': True}"
sensor_combined,2026-08-07T15:02:21.035+08:00,243.589,85.91927999987092,121.477,1280088443,1667,0,active,1.35,,,,,0,,
sensor_combined,2026-08-07T15:02:21.063+08:00,243.619,29.490738000049532,4.501,1280092944,1667,0,active,1.35,,,,,0,,
sensor_combined,2026-08-07T15:02:21.092+08:00,243.647,28.298810000023877,22.505,1280115449,1667,0,active,1.35,,,,,0,,
sensor_combined,2026-08-07T15:02:21.120+08:00,243.676,28.39747799998804,63.013,1280178462,1667,0,active,1.35,,,,,0,,
sensor_combined,2026-08-07T15:02:21.148+08:00,243.703,27.656903999968563,9.002,1280187464,1667,0,active,1.35,,,,,0,,
sensor_combined,2026-08-07T15:02:21.177+08:00,243.732,29.085631000043577,31.506,1280218970,1667,0,active,1.35,,,,,0,,
sensor_combined,2026-08-07T15:02:21.207+08:00,243.761,28.683690999969258,36.008,1280254978,1667,0,active,1.35,,,,,0,,
sensor_combined,2026-08-07T15:02:21.236+08:00,243.792,30.6424049999805,22.504,1280277482,1667,0,active,1.35,,,,,0,,
sensor_combined,2026-08-07T15:02:21.266+08:00,243.820,28.480401000024358,9.002,1280286484,1667,0,active,1.35,,,,,0,,
sensor_combined,2026-08-07T15:02:21.297+08:00,243.850,29.4951860000765,72.015,1280358499,1667,0,active,1.35,,,,,0,,
sensor_combined,2026-08-07T15:02:21.328+08:00,243.881,31.31266700006563,18.004,1280376503,1667,0,active,1.35,,,,,0,,
sensor_combined,2026-08-07T15:02:21.357+08:00,243.911,30.06729099979566,9.002,1280385505,1667,0,active,1.35,,,,,0,,
sensor_combined,2026-08-07T15:02:21.386+08:00,243.941,29.62285100011286,63.013,1280448518,1667,0,active,1.35,,,,,0,,
sensor_combined,2026-08-07T15:02:21.416+08:00,243.970,29.80098500006534,27.005,1280475523,1667,0,active,1.35,,,,,0,,
sensor_combined,2026-08-07T15:02:21.445+08:00,243.999,29.027991000020847,9.05,1280484573,1667,0,active,1.35,,,,,0,,
sensor_combined,2026-08-07T15:02:21.474+08:00,244.029,29.81353199993464,53.963,1280538536,1667,0,active,1.35,,,,,0,,
failsafe_flags,2026-08-07T15:02:21.502+08:00,244.057,,,1280645340,1667,0,active,1.35,,,,,0,,"{'gcs_connection_lost': True, 'manual_control_signal_lost': True, 'offboard_control_signal_lost': True}"
sensor_combined,2026-08-07T15:02:21.535+08:00,244.086,56.783114999916506,9.002,1280547538,1667,0,active,1.35,,,,,0,,
sensor_combined,2026-08-07T15:02:21.566+08:00,244.118,32.485552000025564,67.514,1280615052,1667,0,active,1.35,,,,,0,,
sensor_combined,2026-08-07T15:02:21.596+08:00,244.149,31.005907000007937,27.053,1280642105,1667,0,active,1.35,,,,,0,,
sensor_combined,2026-08-07T15:02:21.625+08:00,244.180,30.213005999939924,35.96,1280678065,1667,0,active,1.35,,,,,0,,
sensor_combined,2026-08-07T15:02:21.654+08:00,244.208,28.48481800015179,9.05,1280687115,1667,0,active,1.35,,,,,0,,
sensor_combined,2026-08-07T15:02:21.683+08:00,244.238,29.59132699993461,17.956,1280705071,1667,0,active,1.35,,,,,0,,
sensor_combined,2026-08-07T15:02:21.712+08:00,244.266,28.578013000014835,13.503,1280718574,1667,0,active,1.35,,,,,0,,
sensor_combined,2026-08-07T15:02:21.740+08:00,244.295,28.658568000082596,18.003,1280736577,1667,0,active,1.35,,,,,0,,
sensor_combined,2026-08-07T15:02:21.768+08:00,244.323,28.416328999810503,9.002,1280745579,1667,0,active,1.35,,,,,0,,
sensor_combined,2026-08-07T15:02:21.796+08:00,244.351,27.703886000153943,22.505,1280768084,1667,0,active,1.35,,,,,0,,
sensor_combined,2026-08-07T15:02:21.825+08:00,244.380,28.906823999932385,9.049,1280777133,1667,0,active,1.35,,,,,0,,
sensor_combined,2026-08-07T15:02:21.854+08:00,244.409,28.70756600009372,8.955,1280786088,1667,0,active,1.35,,,,,0,,
failsafe_flags,2026-08-07T15:02:22.568+08:00,245.121,,,1281745646,1667,0,active,1.35,,,,,0,,"{'gcs_connection_lost': True, 'manual_control_signal_lost': True, 'offboard_control_signal_lost': True}"
sensor_combined,2026-08-07T15:02:22.601+08:00,245.153,744.5962959998269,999.207,1281785295,1667,0,active,1.35,,,,,0,,
vehicle_status,2026-08-07T15:02:22.638+08:00,245.185,,,1281569117,1667,0,active,1.35,,,,,0,"{'arming_state': 1, 'nav_state': 4, 'failsafe': True}",
sensor_combined,2026-08-07T15:02:22.668+08:00,245.223,69.14549200018882,40.508,1281825803,1667,0,active,1.35,,,,,0,,
sensor_combined,2026-08-07T15:02:22.698+08:00,245.253,30.15082199999597,4.501,1281830304,1667,0,active,1.35,,,,,0,,
sensor_combined,2026-08-07T15:02:22.728+08:00,245.282,29.51845399979902,4.549,1281834853,1667,0,active,1.35,,,,,0,,
sensor_combined,2026-08-07T15:02:22.757+08:00,245.312,29.768693000050916,13.455,1281848308,1667,0,active,1.35,,,,,0,,
sensor_combined,2026-08-07T15:02:22.787+08:00,245.341,29.229041000007783,9.049,1281857357,1667,0,active,1.35,,,,,0,,
sensor_combined,2026-08-07T15:02:22.818+08:00,245.372,30.71582200004741,31.459,1281888816,1667,0,active,1.35,,,,,0,,
sensor_combined,2026-08-07T15:02:22.847+08:00,245.402,30.172233000030246,18.004,1281906820,1667,0,active,1.35,,,,,0,,
sensor_combined,2026-08-07T15:02:22.876+08:00,245.430,28.425770000012562,9.002,1281915822,1667,0,active,1.35,,,,,0,,
sensor_combined,2026-08-07T15:02:22.905+08:00,245.460,29.11033700002008,13.503,1281929325,1667,0,active,1.35,,,,,0,,
sensor_combined,2026-08-07T15:02:22.934+08:00,245.489,29.278167000029498,67.513,1281996838,1667,0,active,1.35,,,,,0,,
sensor_combined,2026-08-07T15:02:22.963+08:00,245.518,29.24558699987756,31.507,1282028345,1667,0,active,1.35,,,,,0,,
sensor_combined,2026-08-07T15:02:22.991+08:00,245.547,28.463982999937798,9.049,1282037394,1667,0,active,1.35,,,,,0,,
sensor_combined,2026-08-07T15:02:23.021+08:00,245.576,29.41299999997682,58.465,1282095859,1667,0,active,1.35,,,,,0,,
sensor_combined,2026-08-07T15:02:23.050+08:00,245.605,28.97857700008899,9.05,1282104909,1667,0,active,1.35,,,,,0,,
sensor_combined,2026-08-07T15:02:23.079+08:00,245.634,29.024374000073294,13.455,1282118364,1667,0,active,1.35,,,,,0,,
sensor_combined,2026-08-07T15:02:23.109+08:00,245.663,29.420040999866615,49.51,1282167874,1667,0,active,1.35,,,,,0,,
failsafe_flags,2026-08-07T15:02:23.138+08:00,245.692,,,1282286276,1667,0,active,1.35,,,,,0,,"{'gcs_connection_lost': True, 'manual_control_signal_lost': True, 'offboard_control_signal_lost': True}"
sensor_combined,2026-08-07T15:02:23.166+08:00,245.721,57.980931999964014,18.004,1282185878,1667,0,active,1.35,,,,,0,,
sensor_combined,2026-08-07T15:02:23.196+08:00,245.751,29.858561000082773,72.015,1282257893,1667,0,active,1.35,,,,,0,,
sensor_combined,2026-08-07T15:02:23.225+08:00,245.780,28.54540199996336,27.053,1282284946,1667,0,active,1.35,,,,,0,,
sensor_combined,2026-08-07T15:02:23.255+08:00,245.809,28.976528000157487,13.455,1282298401,1667,0,active,1.35,,,,,0,,
sensor_combined,2026-08-07T15:02:23.285+08:00,245.839,30.219054999861328,49.51,1282347911,1667,0,active,1.35,,,,,0,,
sensor_combined,2026-08-07T15:02:23.313+08:00,245.868,29.341823000095246,9.002,1282356913,1667,0,active,1.35,,,,,0,,
sensor_combined,2026-08-07T15:02:23.342+08:00,245.897,28.318268000020907,9.002,1282365915,1667,0,active,1.35,,,,,0,,
sensor_combined,2026-08-07T15:02:23.375+08:00,245.930,33.08511699992778,81.017,1282446932,1667,0,active,1.35,,,,,0,,
sensor_combined,2026-08-07T15:02:23.404+08:00,245.959,28.907175000085772,9.002,1282455934,1667,0,active,1.35,,,,,0,,
sensor_combined,2026-08-07T15:02:23.433+08:00,245.988,29.275030999997398,22.504,1282478438,1667,0,active,1.35,,,,,0,,
sensor_combined,2026-08-07T15:02:23.461+08:00,246.016,28.469742999959635,9.05,1282487488,1667,0,active,1.35,,,,,0,,
vehicle_status,2026-08-07T15:02:23.488+08:00,246.043,,,1282583377,1667,0,active,1.35,,,,,0,"{'arming_state': 1, 'nav_state': 4, 'failsafe': True}",
sensor_combined,2026-08-07T15:02:23.518+08:00,246.072,55.32568199987509,31.459,1282518947,1667,0,active,1.35,,,,,0,,
sensor_combined,2026-08-07T15:02:23.547+08:00,246.102,30.049433000158388,27.005,1282545952,1667,0,active,1.35,,,,,0,,
sensor_combined,2026-08-07T15:02:23.576+08:00,246.131,29.187723999939408,90.019,1282635971,1667,0,active,1.35,,,,,0,,
sensor_combined,2026-08-07T15:02:23.605+08:00,246.159,28.49243400009982,9.05,1282645021,1667,0,active,1.35,,,,,0,,
sensor_combined,2026-08-07T15:02:23.633+08:00,246.189,29.085213999906046,31.458,1282676479,1667,0,active,1.35,,,,,0,,
sensor_combined,2026-08-07T15:02:23.661+08:00,246.216,27.96027099998355,9.002,1282685481,1667,0,active,1.35,,,,,0,,
sensor_combined,2026-08-07T15:02:23.689+08:00,246.244,27.9102489998877,22.505,1282707986,1667,0,active,1.35,,,,,0,,
sensor_combined,2026-08-07T15:02:23.719+08:00,246.274,29.466190000221104,9.002,1282716988,1667,0,active,1.35,,,,,0,,
sensor_combined,2026-08-07T15:02:23.747+08:00,246.302,28.291224999975384,31.506,1282748494,1667,0,active,1.35,,,,,0,,
sensor_combined,2026-08-07T15:02:23.775+08:00,246.330,27.91293699988273,9.05,1282757544,1667,0,active,1.35,,,,,0,,
sensor_combined,2026-08-07T15:02:23.804+08:00,246.358,28.295673999991777,4.453,1282761997,1667,0,active,1.35,,,,,0,,
sensor_combined,2026-08-07T15:02:23.832+08:00,246.387,29.130820000091262,9.002,1282770999,1667,0,active,1.35,,,,,0,,
sensor_combined,2026-08-07T15:02:24.570+08:00,247.122,734.673045999898,1017.211,1283788210,1667,0,active,1.49,,,,,0,,
failsafe_flags,2026-08-07T15:02:24.602+08:00,247.154,,,1283376272,1667,0,active,1.49,,,,,0,,"{'gcs_connection_lost': True, 'manual_control_signal_lost': True, 'offboard_control_signal_lost': True}"
vehicle_status,2026-08-07T15:02:24.634+08:00,247.186,,,1283596362,1667,0,active,1.49,,,,,0,"{'arming_state': 1, 'nav_state': 4, 'failsafe': True}",
sensor_combined,2026-08-07T15:02:24.668+08:00,247.220,97.42013899995072,36.008,1283824218,1667,0,active,1.49,,,,,0,,
sensor_combined,2026-08-07T15:02:24.698+08:00,247.251,31.765652000103728,4.501,1283828719,1667,0,active,1.49,,,,,0,,
sensor_combined,2026-08-07T15:02:24.729+08:00,247.282,30.89210100006312,9.049,1283837768,1667,0,active,1.49,,,,,0,,
sensor_combined,2026-08-07T15:02:24.760+08:00,247.314,31.96276499988926,8.954,1283846722,1667,0,active,1.49,,,,,0,,
failsafe_flags,2026-08-07T15:02:24.788+08:00,247.343,,,1283926687,1667,0,active,1.49,,,,,0,,"{'gcs_connection_lost': True, 'manual_control_signal_lost': True, 'offboard_control_signal_lost': True}"
sensor_combined,2026-08-07T15:02:24.818+08:00,247.372,57.57448100007423,9.002,1283855724,1667,0,active,1.49,,,,,0,,
sensor_combined,2026-08-07T15:02:24.847+08:00,247.402,30.33817400000771,63.013,1283918737,1667,0,active,1.49,,,,,0,,
sensor_combined,2026-08-07T15:02:24.876+08:00,247.431,28.382051999869873,9.05,1283927787,1667,0,active,1.49,,,,,0,,
sensor_combined,2026-08-07T15:02:24.906+08:00,247.460,29.489969999985988,26.958,1283954745,1667,0,active,1.49,,,,,0,,
sensor_combined,2026-08-07T15:02:24.935+08:00,247.490,30.29221600013443,31.506,1283986251,1667,0,active,1.49,,,,,0,,
sensor_combined,2026-08-07T15:02:24.965+08:00,247.519,28.758132999882946,9.05,1283995301,1667,0,active,1.49,,,,,0,,
sensor_combined,2026-08-07T15:02:24.995+08:00,247.549,29.49288200011324,31.459,1284026760,1667,0,active,1.49,,,,,0,,
sensor_combined,2026-08-07T15:02:25.026+08:00,247.580,31.408583000029466,72.015,1284098775,1667,0,active,1.49,,,,,0,,
sensor_combined,2026-08-07T15:02:25.055+08:00,247.610,29.802393999943888,18.003,1284116778,1667,0,active,1.49,,,,,0,,
sensor_combined,2026-08-07T15:02:25.085+08:00,247.638,28.410312000005433,9.002,1284125780,1667,0,active,1.49,,,,,0,,
sensor_combined,2026-08-07T15:02:25.113+08:00,247.668,30.026901999917754,49.558,1284175338,1667,0,active,1.49,,,,,0,,
sensor_combined,2026-08-07T15:02:25.141+08:00,247.697,28.78956100016694,13.455,1284188793,1667,0,active,1.49,,,,,0,,
sensor_combined,2026-08-07T15:02:25.172+08:00,247.725,28.226639999957115,9.05,1284197843,1667,0,active,1.49,,,,,0,,
sensor_combined,2026-08-07T15:02:25.202+08:00,247.756,30.66432800005714,58.464,1284256307,1667,0,active,1.49,,,,,0,,
sensor_combined,2026-08-07T15:02:25.231+08:00,247.786,30.040599999892947,31.554,1284287861,1667,0,active,1.49,,,,,0,,
sensor_combined,2026-08-07T15:02:25.260+08:00,247.814,28.339710999944145,8.955,1284296816,1667,0,active,1.49,,,,,0,,
sensor_combined,2026-08-07T15:02:25.289+08:00,247.844,29.647366000062902,49.51,1284346326,1667,0,active,1.49,,,,,0,,
sensor_combined,2026-08-07T15:02:25.318+08:00,247.872,28.343839999934062,9.049,1284355375,1667,0,active,1.49,,,,,0,,
sensor_combined,2026-08-07T15:02:25.349+08:00,247.903,30.9844640000847,22.505,1284377880,1667,0,active,1.49,,,,,0,,
sensor_combined,2026-08-07T15:02:25.377+08:00,247.932,29.18247499997051,80.969,1284458849,1667,0,active,1.49,,,,,0,,
sensor_combined,2026-08-07T15:02:25.406+08:00,247.960,27.776823000067452,18.004,1284476853,1667,0,active,1.49,,,,,0,,
sensor_combined,2026-08-07T15:02:25.434+08:00,247.990,29.40567199993893,9.002,1284485855,1667,0,active,1.49,,,,,0,,
sensor_combined,2026-08-07T15:02:25.463+08:00,248.018,28.364993999957733,9.002,1284494857,1667,0,active,1.49,,,,,0,,
sensor_combined,2026-08-07T15:02:25.491+08:00,248.046,28.281880000122328,22.504,1284517361,1667,0,active,1.49,,,,,0,,
vehicle_status,2026-08-07T15:02:25.519+08:00,248.073,,,1284608119,1667,0,active,1.49,,,,,0,"{'arming_state': 1, 'nav_state': 4, 'failsafe': True}",
sensor_combined,2026-08-07T15:02:25.550+08:00,248.102,56.177693999870826,31.507,1284548868,1667,0,active,1.49,,,,,0,,
sensor_combined,2026-08-07T15:02:25.579+08:00,248.134,31.28287000004093,99.068,1284647936,1667,0,active,1.49,,,,,0,,
sensor_combined,2026-08-07T15:02:25.609+08:00,248.164,29.94065200005025,26.958,1284674894,1667,0,active,1.49,,,,,0,,
sensor_combined,2026-08-07T15:02:25.637+08:00,248.193,29.106432999924436,13.503,1284688397,1667,0,active,1.49,,,,,0,,
sensor_combined,2026-08-07T15:02:25.666+08:00,248.221,28.094431999988956,9.002,1284697399,1667,0,active,1.49,,,,,0,,
sensor_combined,2026-08-07T15:02:25.694+08:00,248.250,28.71499100001529,9.002,1284706401,1667,0,active,1.49,,,,,0,,
sensor_combined,2026-08-07T15:02:25.724+08:00,248.279,28.98705699999482,9.049,1284715450,1667,0,active,1.49,,,,,0,,
sensor_combined,2026-08-07T15:02:25.752+08:00,248.307,28.946605000101044,31.459,1284746909,1667,0,active,1.49,,,,,0,,
sensor_combined,2026-08-07T15:02:25.781+08:00,248.336,28.38189199997032,9.002,1284755911,1667,0,active,1.49,,,,,0,,
sensor_combined,2026-08-07T15:02:25.811+08:00,248.364,28.22372900004666,9.002,1284764913,1667,0,active,1.49,,,,,0,,
sensor_combined,2026-08-07T15:02:25.839+08:00,248.394,30.180841999936092,13.503,1284778416,1667,0,active,1.49,,,,,0,,
failsafe_flags,2026-08-07T15:02:26.580+08:00,249.133,,,1285566454,1667,0,active,1.49,,,,,0,,"{'gcs_connection_lost': True, 'manual_control_signal_lost': True, 'offboard_control_signal_lost': True}"
sensor_combined,2026-08-07T15:02:26.613+08:00,249.166,771.5846349999538,1017.259,1285795675,1667,0,active,1.49,,,,,0,,
vehicle_status,2026-08-07T15:02:26.645+08:00,249.197,,,1285621117,1667,0,active,1.49,,,,,0,"{'arming_state': 1, 'nav_state': 4, 'failsafe': True}",
sensor_combined,2026-08-07T15:02:26.677+08:00,249.231,64.65304700009256,40.461,1285836136,1667,0,active,1.49,,,,,0,,
sensor_combined,2026-08-07T15:02:26.707+08:00,249.261,30.67386499992608,4.548,1285840684,1667,0,active,1.49,,,,,0,,
sensor_combined,2026-08-07T15:02:26.736+08:00,249.291,30.06121099997472,4.453,1285845137,1667,0,active,1.49,,,,,0,,
sensor_combined,2026-08-07T15:02:26.765+08:00,249.320,29.12131500011128,13.503,1285858640,1667,0,active,1.49,,,,,0,,
sensor_combined,2026-08-07T15:02:26.794+08:00,249.349,28.312763000030827,9.002,1285867642,1667,0,active,1.49,,,,,0,,
sensor_combined,2026-08-07T15:02:26.823+08:00,249.378,28.901478999841856,40.556,1285908198,1667,0,active,1.49,,,,,0,,
sensor_combined,2026-08-07T15:02:26.852+08:00,249.407,29.932138000049235,8.954,1285917152,1667,0,active,1.49,,,,,0,,
sensor_combined,2026-08-07T15:02:26.881+08:00,249.436,28.60396899995976,9.002,1285926154,1667,0,active,1.49,,,,,0,,
sensor_combined,2026-08-07T15:02:26.912+08:00,249.465,29.210990000137826,9.002,1285935156,1667,0,active,1.49,,,,,0,,
sensor_combined,2026-08-07T15:02:26.940+08:00,249.496,30.41357600000083,31.507,1285966663,1667,0,active,1.49,,,,,0,,
vehicle_status,2026-08-07T15:02:26.967+08:00,249.523,,,1286128102,1667,0,active,1.49,,,,,0,"{'arming_state': 1, 'nav_state': 4, 'failsafe': True}",
failsafe_flags,2026-08-07T15:02:26.996+08:00,249.550,,,1286117289,1667,0,active,1.49,,,,,0,,"{'gcs_connection_lost': True, 'manual_control_signal_lost': True, 'offboard_control_signal_lost': True}"
sensor_combined,2026-08-07T15:02:27.026+08:00,249.579,83.63748499982648,9.049,1285975712,1667,0,active,1.49,,,,,0,,
sensor_combined,2026-08-07T15:02:27.054+08:00,249.609,30.06607600013922,90.019,1286065731,1667,0,active,1.49,,,,,0,,
sensor_combined,2026-08-07T15:02:27.083+08:00,249.638,28.42685799987521,31.459,1286097190,1667,0,active,1.49,,,,,0,,
sensor_combined,2026-08-07T15:02:27.112+08:00,249.666,28.37325099994814,9.002,1286106192,1667,0,active,1.49,,,,,0,,
sensor_combined,2026-08-07T15:02:27.140+08:00,249.695,28.998292000096626,72.062,1286178254,1667,0,active,1.49,,,,,0,,
sensor_combined,2026-08-07T15:02:27.170+08:00,249.724,28.654887000129747,17.956,1286196210,1667,0,active,1.49,,,,,0,,
sensor_combined,2026-08-07T15:02:27.204+08:00,249.756,32.061209999938,9.003,1286205213,1667,0,active,1.49,,,,,0,,
sensor_combined,2026-08-07T15:02:27.233+08:00,249.788,32.030677999955515,49.509,1286254722,1667,0,active,1.49,,,,,0,,
sensor_combined,2026-08-07T15:02:27.263+08:00,249.816,28.29394500008675,13.551,1286268273,1667,0,active,1.49,,,,,0,,
sensor_combined,2026-08-07T15:02:27.293+08:00,249.846,30.19751599981646,26.958,1286295231,1667,0,active,1.49,,,,,0,,
sensor_combined,2026-08-07T15:02:27.323+08:00,249.877,30.286872000033327,63.061,1286358292,1667,0,active,1.49,,,,,0,,
sensor_combined,2026-08-07T15:02:27.352+08:00,249.906,29.715661999944132,8.954,1286367246,1667,0,active,1.49,,,,,0,,
sensor_combined,2026-08-07T15:02:27.381+08:00,249.935,28.869475000192324,18.004,1286385250,1667,0,active,1.49,,,,,0,,
sensor_combined,2026-08-07T15:02:27.409+08:00,249.964,29.08847899993816,81.017,1286466267,1667,0,active,1.49,,,,,0,,
sensor_combined,2026-08-07T15:02:27.438+08:00,249.993,28.522229999907722,22.505,1286488772,1667,0,active,1.49,,,,,0,,
sensor_combined,2026-08-07T15:02:27.467+08:00,250.022,28.880068000034953,9.001,1286497773,1667,0,active,1.49,,,,,0,,
sensor_combined,2026-08-07T15:02:27.495+08:00,250.050,28.40282300007857,27.006,1286524779,1667,0,active,1.49,,,,,0,,
sensor_combined,2026-08-07T15:02:27.523+08:00,250.078,28.089824000062436,31.506,1286556285,1667,0,active,1.49,,,,,0,,
sensor_combined,2026-08-07T15:02:27.552+08:00,250.107,28.71034999998301,9.002,1286565287,1667,0,active,1.49,,,,,0,,
sensor_combined,2026-08-07T15:02:27.580+08:00,250.135,28.459150999879057,49.51,1286614797,1667,0,active,1.49,,,,,0,,
sensor_combined,2026-08-07T15:02:27.608+08:00,250.163,27.92999400003282,31.507,1286646304,1667,0,active,1.49,,,,,0,,
sensor_combined,2026-08-07T15:02:27.636+08:00,250.192,28.360642000052394,9.002,1286655306,1667,0,active,1.49,,,,,0,,
sensor_combined,2026-08-07T15:02:27.665+08:00,250.220,28.25170000005528,31.506,1286686812,1667,0,active,1.49,,,,,0,,
sensor_combined,2026-08-07T15:02:27.694+08:00,250.249,28.492498999867166,9.05,1286695862,1667,0,active,1.49,,,,,0,,
sensor_combined,2026-08-07T15:02:27.724+08:00,250.278,29.48398500006988,22.504,1286718366,1667,0,active,1.49,,,,,0,,
sensor_combined,2026-08-07T15:02:27.751+08:00,250.307,29.076284999973723,8.955,1286727321,1667,0,active,1.49,,,,,0,,
sensor_combined,2026-08-07T15:02:27.780+08:00,250.335,27.701069999920946,18.003,1286745324,1667,0,active,1.49,,,,,0,,
sensor_combined,2026-08-07T15:02:27.809+08:00,250.364,29.192491999992853,13.503,1286758827,1667,0,active,1.49,,,,,0,,
sensor_combined,2026-08-07T15:02:27.837+08:00,250.393,28.69271600002321,18.004,1286776831,1667,0,active,1.49,,,,,0,,
sensor_combined,2026-08-07T15:02:27.866+08:00,250.421,28.19969300003322,9.049,1286785880,1667,0,active,1.49,,,,,0,,
failsafe_flags,2026-08-07T15:02:28.590+08:00,251.142,,,1287759415,1667,0,active,1.49,,,,,0,,"{'gcs_connection_lost': True, 'manual_control_signal_lost': True, 'offboard_control_signal_lost': True}"
sensor_combined,2026-08-07T15:02:28.624+08:00,251.176,754.8526769999171,1021.665,1287807545,1667,0,active,1.49,,,,,0,,
vehicle_status,2026-08-07T15:02:28.656+08:00,251.207,,,1287649251,1667,0,active,1.49,,,,,0,"{'arming_state': 1, 'nav_state': 4, 'failsafe': True}",
sensor_combined,2026-08-07T15:02:28.688+08:00,251.242,65.92949800005954,36.055,1287843600,1667,0,active,1.49,,,,,0,,
sensor_combined,2026-08-07T15:02:28.720+08:00,251.273,31.53195799995956,4.454,1287848054,1667,0,active,1.49,,,,,0,,
sensor_combined,2026-08-07T15:02:28.750+08:00,251.304,30.723279000085313,9.002,1287857056,1667,0,active,1.49,,,,,0,,
sensor_combined,2026-08-07T15:02:28.778+08:00,251.333,29.54578499998206,9.049,1287866105,1667,0,active,1.49,,,,,0,,
sensor_combined,2026-08-07T15:02:28.807+08:00,251.362,28.62864400003673,8.955,1287875060,1667,0,active,1.49,,,,,0,,
sensor_combined,2026-08-07T15:02:28.838+08:00,251.391,29.014870000082738,31.506,1287906566,1667,0,active,1.49,,,,,0,,
sensor_combined,2026-08-07T15:02:28.867+08:00,251.422,31.17434399996455,31.507,1287938073,1667,0,active,1.49,,,,,0,,
sensor_combined,2026-08-07T15:02:28.896+08:00,251.451,28.388422000034552,9.001,1287947074,1667,0,active,1.49,,,,,0,,
sensor_combined,2026-08-07T15:02:28.925+08:00,251.479,28.657030999966082,18.004,1287965078,1667,0,active,1.49,,,,,0,,
sensor_combined,2026-08-07T15:02:28.954+08:00,251.509,29.6292519999497,40.508,1288005586,1667,0,active,1.49,,,,,0,,
sensor_combined,2026-08-07T15:02:28.982+08:00,251.538,28.74497900006645,31.507,1288037093,1667,0,active,1.49,,,,,0,,
sensor_combined,2026-08-07T15:02:29.011+08:00,251.566,28.443788000004133,9.05,1288046143,1667,0,active,1.49,,,,,0,,
sensor_combined,2026-08-07T15:02:29.042+08:00,251.596,29.736017999994147,58.464,1288104607,1667,0,active,1.49,,,,,0,,
sensor_combined,2026-08-07T15:02:29.070+08:00,251.626,29.7147019998647,22.505,1288127112,1667,0,active,1.49,,,,,0,,
sensor_combined,2026-08-07T15:02:29.098+08:00,251.653,27.75554100003319,9.049,1288136161,1667,0,active,1.49,,,,,0,,
sensor_combined,2026-08-07T15:02:29.128+08:00,251.682,29.03522399992653,58.465,1288194626,1667,0,active,1.49,,,,,0,,
sensor_combined,2026-08-07T15:02:29.157+08:00,251.712,30.06527500019729,13.503,1288208129,1667,0,active,1.49,,,,,0,,
sensor_combined,2026-08-07T15:02:29.186+08:00,251.741,28.19165999994766,18.051,1288226180,1667,0,active,1.49,,,,,0,,
sensor_combined,2026-08-07T15:02:29.215+08:00,251.770,29.228016999923057,8.954,1288235134,1667,0,active,1.49,,,,,0,,
sensor_combined,2026-08-07T15:02:29.243+08:00,251.798,28.508275999911348,31.507,1288266641,1667,0,active,1.49,,,,,0,,
sensor_combined,2026-08-07T15:02:29.271+08:00,251.827,28.72401600006924,31.506,1288298147,1667,0,active,1.49,,,,,0,,
sensor_combined,2026-08-07T15:02:29.301+08:00,251.855,27.6454150000518,9.002,1288307149,1667,0,active,1.49,,,,,0,,
sensor_combined,2026-08-07T15:02:29.329+08:00,251.884,29.474383999968268,81.017,1288388166,1667,0,active,1.49,,,,,0,,
sensor_combined,2026-08-07T15:02:29.357+08:00,251.913,28.822300999991057,9.002,1288397168,1667,0,active,1.49,,,,,0,,
sensor_combined,2026-08-07T15:02:29.386+08:00,251.941,28.092447000062748,31.554,1288428722,1667,0,active,1.49,,,,,0,,
sensor_combined,2026-08-07T15:02:29.415+08:00,251.970,28.70260600002439,26.958,1288455680,1667,0,active,1.45,,,,,0,,
sensor_combined,2026-08-07T15:02:29.443+08:00,251.998,28.64643799989608,9.002,1288464682,1667,0,active,1.45,,,,,0,,
sensor_combined,2026-08-07T15:02:29.475+08:00,252.027,28.441899999961606,31.554,1288496236,1667,0,active,1.45,,,,,0,,
sensor_combined,2026-08-07T15:02:29.502+08:00,252.058,31.15319000016825,58.465,1288554701,1667,0,active,1.45,,,,,0,,
sensor_combined,2026-08-07T15:02:29.531+08:00,252.086,27.919785999984015,13.502,1288568203,1667,0,active,1.45,,,,,0,,
sensor_combined,2026-08-07T15:02:29.562+08:00,252.114,27.993330999834143,18.052,1288586255,1667,0,active,1.45,,,,,0,,
sensor_combined,2026-08-07T15:02:29.591+08:00,252.146,31.89427600000272,58.465,1288644720,1667,0,active,1.45,,,,,0,,
sensor_combined,2026-08-07T15:02:29.620+08:00,252.175,28.899623000143038,13.502,1288658222,1667,0,active,1.45,,,,,0,,
sensor_combined,2026-08-07T15:02:29.649+08:00,252.204,29.01294899993445,27.006,1288685228,1667,0,active,1.45,,,,,0,,
sensor_combined,2026-08-07T15:02:29.679+08:00,252.232,28.604993000044487,13.551,1288698779,1667,0,active,1.45,,,,,0,,
sensor_combined,2026-08-07T15:02:29.708+08:00,252.263,30.238321000069845,58.464,1288757243,1667,0,active,1.45,,,,,0,,
failsafe_flags,2026-08-07T15:02:29.736+08:00,252.291,,,1288860214,1667,0,active,1.45,,,,,0,,"{'gcs_connection_lost': True, 'manual_control_signal_lost': True, 'offboard_control_signal_lost': True}"
sensor_combined,2026-08-07T15:02:29.767+08:00,252.319,56.60648499997478,9.049,1288766292,1667,0,active,1.45,,,,,0,,
sensor_combined,2026-08-07T15:02:29.797+08:00,252.351,31.366657000035048,98.973,1288865265,1667,0,active,1.45,,,,,0,,
sensor_combined,2026-08-07T15:02:29.826+08:00,252.381,30.36425799996323,9.002,1288874267,1667,0,active,1.45,,,,,0,,
sensor_combined,2026-08-07T15:02:29.854+08:00,252.409,28.519861999939167,13.503,1288887770,1667,0,active,1.45,,,,,0,,
sensor_combined,2026-08-07T15:02:29.882+08:00,252.438,28.21822400005658,58.56,1288946330,1667,0,active,1.45,,,,,0,,
sensor_combined,2026-08-07T15:02:29.911+08:00,252.466,28.326781000032497,8.954,1288955284,1667,0,active,1.45,,,,,0,,
sensor_combined,2026-08-07T15:02:29.941+08:00,252.495,29.243698999835033,31.506,1288986790,1667,0,active,1.45,,,,,0,,
sensor_combined,2026-08-07T15:02:29.969+08:00,252.524,29.018741000072623,58.513,1289045303,1667,0,active,1.45,,,,,0,,
sensor_combined,2026-08-07T15:02:29.998+08:00,252.553,28.946988999905443,9.002,1289054305,1667,0,active,1.45,,,,,0,,
sensor_combined,2026-08-07T15:02:30.027+08:00,252.582,28.547866000053546,9.002,1289063307,1667,0,active,1.45,,,,,0,,
sensor_combined,2026-08-07T15:02:30.056+08:00,252.611,28.89853400006359,63.06,1289126367,1667,0,active,1.45,,,,,0,,
sensor_combined,2026-08-07T15:02:30.084+08:00,252.639,28.583646000015506,8.954,1289135321,1667,0,active,1.45,,,,,0,,
sensor_combined,2026-08-07T15:02:30.113+08:00,252.667,27.851585000007617,9.002,1289144323,1667,0,active,1.45,,,,,0,,
sensor_combined,2026-08-07T15:02:30.141+08:00,252.697,29.46385499990356,63.013,1289207336,1667,0,active,1.45,,,,,0,,
sensor_combined,2026-08-07T15:02:30.170+08:00,252.725,28.504723999958514,9.05,1289216386,1667,0,active,1.45,,,,,0,,
sensor_combined,2026-08-07T15:02:30.199+08:00,252.754,29.059770999992907,31.459,1289247845,1667,0,active,1.45,,,,,0,,
sensor_combined,2026-08-07T15:02:30.229+08:00,252.783,29.00120300000708,27.005,1289274850,1667,0,active,1.45,,,,,0,,
failsafe_flags,2026-08-07T15:02:30.256+08:00,252.812,,,1289410330,1667,0,active,1.45,,,,,0,,"{'gcs_connection_lost': True, 'manual_control_signal_lost': True, 'offboard_control_signal_lost': True}"
sensor_combined,2026-08-07T15:02:30.285+08:00,252.840,56.810414999972636,31.555,1289306405,1667,0,active,1.45,,,,,0,,
sensor_combined,2026-08-07T15:02:30.315+08:00,252.869,29.15082300000904,71.967,1289378372,1667,0,active,1.45,,,,,0,,
sensor_combined,2026-08-07T15:02:30.344+08:00,252.899,30.11574600009226,9.002,1289387374,1667,0,active,1.45,,,,,0,,
sensor_combined,2026-08-07T15:02:30.373+08:00,252.928,28.64669399991726,18.004,1289405378,1667,0,active,1.45,,,,,0,,
sensor_combined,2026-08-07T15:02:30.402+08:00,252.957,28.806395000174234,40.508,1289445886,1667,0,active,1.45,,,,,0,,
sensor_combined,2026-08-07T15:02:30.430+08:00,252.985,28.535543999851143,9.002,1289454888,1667,0,active,1.45,,,,,0,,
sensor_combined,2026-08-07T15:02:30.459+08:00,253.014,28.290329000128622,13.503,1289468391,1667,0,active,1.45,,,,,0,,
sensor_combined,2026-08-07T15:02:30.490+08:00,253.042,28.86601799991695,9.002,1289477393,1667,0,active,1.45,,,,,0,,
sensor_combined,2026-08-07T15:02:30.519+08:00,253.074,31.27026099991781,99.069,1289576462,1667,0,active,1.45,,,,,0,,
vehicle_status,2026-08-07T15:02:30.546+08:00,253.101,,,1289674190,1667,0,active,1.45,,,,,0,"{'arming_state': 1, 'nav_state': 4, 'failsafe': True}",
sensor_combined,2026-08-07T15:02:30.577+08:00,253.130,56.105173000105424,17.955,1289594417,1667,0,active,1.45,,,,,0,,
sensor_combined,2026-08-07T15:02:30.605+08:00,253.160,30.545528999937233,76.516,1289670933,1667,0,active,1.45,,,,,0,,
sensor_combined,2026-08-07T15:02:30.634+08:00,253.189,28.874499000039577,27.006,1289697939,1667,0,active,1.45,,,,,0,,
sensor_combined,2026-08-07T15:02:30.662+08:00,253.217,28.174922000061997,9.001,1289706940,1667,0,active,1.45,,,,,0,,
sensor_combined,2026-08-07T15:02:30.691+08:00,253.246,28.42407399998592,9.002,1289715942,1667,0,active,1.45,,,,,0,,
sensor_combined,2026-08-07T15:02:30.720+08:00,253.275,28.75723600004676,9.002,1289724944,1667,0,active,1.45,,,,,0,,
sensor_combined,2026-08-07T15:02:30.749+08:00,253.304,29.299641999841697,13.503,1289738447,1667,0,active,1.45,,,,,0,,
sensor_combined,2026-08-07T15:02:30.777+08:00,253.332,28.336639000144714,27.005,1289765452,1667,0,active,1.45,,,,,0,,
sensor_combined,2026-08-07T15:02:30.806+08:00,253.361,29.261427999927037,9.003,1289774455,1667,0,active,1.45,,,,,0,,
sensor_combined,2026-08-07T15:02:30.834+08:00,253.390,28.481362000093213,22.504,1289796959,1667,0,active,1.45,,,,,0,,
sensor_combined,2026-08-07T15:02:30.862+08:00,253.418,27.91437699988819,9.002,1289805961,1667,0,active,1.45,,,,,0,,
failsafe_flags,2026-08-07T15:02:31.601+08:00,254.154,,,1290511345,1667,0,active,1.45,,,,,0,,"{'gcs_connection_lost': True, 'manual_control_signal_lost': True, 'offboard_control_signal_lost': True}"
sensor_combined,2026-08-07T15:02:31.633+08:00,254.186,768.249681000043,1012.711,1290818672,1667,0,active,1.45,,,,,0,,
vehicle_status,2026-08-07T15:02:31.667+08:00,254.217,,,1290688084,1667,0,active,1.45,,,,,0,"{'arming_state': 1, 'nav_state': 4, 'failsafe': True}",
sensor_combined,2026-08-07T15:02:31.701+08:00,254.255,68.91403899999204,36.007,1290854679,1667,0,active,1.45,,,,,0,,
sensor_combined,2026-08-07T15:02:31.730+08:00,254.285,29.741170000079364,4.549,1290859228,1667,0,active,1.45,,,,,0,,
sensor_combined,2026-08-07T15:02:31.759+08:00,254.314,29.21598299985817,8.954,1290868182,1667,0,active,1.45,,,,,0,,
sensor_combined,2026-08-07T15:02:31.789+08:00,254.343,29.071613000041907,9.002,1290877184,1667,0,active,1.45,,,,,0,,
sensor_combined,2026-08-07T15:02:31.818+08:00,254.373,29.632644000002983,9.002,1290886186,1667,0,active,1.45,,,,,0,,
sensor_combined,2026-08-07T15:02:31.847+08:00,254.402,29.348094999932073,40.556,1290926742,1667,0,active,1.45,,,,,0,,
sensor_combined,2026-08-07T15:02:31.876+08:00,254.431,29.159624000158146,8.954,1290935696,1667,0,active,1.45,,,,,0,,
failsafe_flags,2026-08-07T15:02:31.904+08:00,254.459,,,1291063112,1667,0,active,1.45,,,,,0,,"{'gcs_connection_lost': True, 'manual_control_signal_lost': True, 'offboard_control_signal_lost': True}"
sensor_combined,2026-08-07T15:02:31.934+08:00,254.488,56.75991299995076,9.002,1290944698,1667,0,active,1.45,,,,,0,,
sensor_combined,2026-08-07T15:02:31.965+08:00,254.520,31.85171099994477,72.063,1291016761,1667,0,active,1.45,,,,,0,,
sensor_combined,2026-08-07T15:02:31.993+08:00,254.548,28.723855999942316,8.954,1291025715,1667,0,active,1.45,,,,,0,,
sensor_combined,2026-08-07T15:02:32.022+08:00,254.577,28.226769000184504,31.507,1291057222,1667,0,active,1.45,,,,,0,,
sensor_combined,2026-08-07T15:02:32.050+08:00,254.606,29.405990999975984,40.508,1291097730,1667,0,active,1.45,,,,,0,,
vehicle_status,2026-08-07T15:02:32.077+08:00,254.633,,,1291195088,1667,0,active,1.45,,,,,0,"{'arming_state': 1, 'nav_state': 4, 'failsafe': True}",
sensor_combined,2026-08-07T15:02:32.106+08:00,254.661,55.15506799997638,18.004,1291115734,1667,0,active,1.45,,,,,0,,
sensor_combined,2026-08-07T15:02:32.136+08:00,254.690,28.621666999924855,9.002,1291124736,1667,0,active,1.45,,,,,0,,
sensor_combined,2026-08-07T15:02:32.165+08:00,254.720,29.862208999929862,90.018,1291214754,1667,0,active,1.45,,,,,0,,
sensor_combined,2026-08-07T15:02:32.193+08:00,254.749,28.773943000032887,13.503,1291228257,1667,0,active,1.45,,,,,0,,
sensor_combined,2026-08-07T15:02:32.223+08:00,254.777,28.555322000102024,18.004,1291246261,1667,0,active,1.45,,,,,0,,
sensor_combined,2026-08-07T15:02:32.253+08:00,254.807,29.941772000029232,40.556,1291286817,1667,0,active,1.45,,,,,0,,
sensor_combined,2026-08-07T15:02:32.281+08:00,254.836,29.34083099989948,31.459,1291318276,1667,0,active,1.45,,,,,0,,
sensor_combined,2026-08-07T15:02:32.311+08:00,254.865,28.22004800009381,9.002,1291327278,1667,0,active,1.45,,,,,0,,
sensor_combined,2026-08-07T15:02:32.340+08:00,254.895,30.758962999925643,49.558,1291376836,1667,0,active,1.45,,,,,0,,
sensor_combined,2026-08-07T15:02:32.369+08:00,254.923,27.78431299998374,8.955,1291385791,1667,0,active,1.45,,,,,0,,
sensor_combined,2026-08-07T15:02:32.399+08:00,254.953,30.14000500002112,22.504,1291408295,1667,0,active,1.45,,,,,0,,
sensor_combined,2026-08-07T15:02:32.429+08:00,254.983,29.756691000102364,67.514,1291475809,1667,0,active,1.45,,,,,0,,
sensor_combined,2026-08-07T15:02:32.458+08:00,255.013,29.973839999911434,9.002,1291484811,1667,0,active,1.45,,,,,0,,
sensor_combined,2026-08-07T15:02:32.488+08:00,255.042,29.202988999941226,22.504,1291507315,1667,0,active,1.45,,,,,0,,
sensor_combined,2026-08-07T15:02:32.518+08:00,255.072,29.96270300013748,31.507,1291538822,1667,0,active,1.45,,,,,0,,
failsafe_flags,2026-08-07T15:02:32.546+08:00,255.101,,,1291614219,1667,0,active,1.45,,,,,0,,"{'gcs_connection_lost': True, 'manual_control_signal_lost': True, 'offboard_control_signal_lost': True}"
sensor_combined,2026-08-07T15:02:32.578+08:00,255.130,57.69615999997768,36.008,1291574830,1667,0,active,1.45,,,,,0,,
sensor_combined,2026-08-07T15:02:32.607+08:00,255.161,31.600127000046996,90.018,1291664848,1667,0,active,1.45,,,,,0,,
sensor_combined,2026-08-07T15:02:32.635+08:00,255.190,28.953708999779337,13.503,1291678351,1667,0,active,1.45,,,,,0,,
sensor_combined,2026-08-07T15:02:32.664+08:00,255.219,28.609762000087358,27.006,1291705357,1667,0,active,1.45,,,,,0,,
sensor_combined,2026-08-07T15:02:32.693+08:00,255.247,28.09689600007914,13.503,1291718860,1667,0,active,1.45,,,,,0,,
sensor_combined,2026-08-07T15:02:32.723+08:00,255.278,30.48331199988752,9.002,1291727862,1667,0,active,1.45,,,,,0,,
sensor_combined,2026-08-07T15:02:32.751+08:00,255.307,29.234450000103607,9.049,1291736911,1667,0,active,1.45,,,,,0,,
sensor_combined,2026-08-07T15:02:32.780+08:00,255.335,28.261780999855546,8.954,1291745865,1667,0,active,1.45,,,,,0,,
sensor_combined,2026-08-07T15:02:32.808+08:00,255.364,28.52338200000304,31.507,1291777372,1667,0,active,1.45,,,,,0,,
sensor_combined,2026-08-07T15:02:32.837+08:00,255.392,28.3028750000085,9.002,1291786374,1667,0,active,1.45,,,,,0,,
sensor_combined,2026-08-07T15:02:32.865+08:00,255.421,28.929994000009174,9.002,1291795376,1667,0,active,1.45,,,,,0,,
sensor_combined,2026-08-07T15:02:32.893+08:00,255.449,28.00232499998856,13.502,1291808878,1667,0,active,1.45,,,,,0,,
sensor_combined,2026-08-07T15:02:33.610+08:00,256.162,713.4817030000704,1017.212,1292826090,1667,0,active,1.45,,,,,0,,
failsafe_flags,2026-08-07T15:02:33.641+08:00,256.194,,,1292705212,1667,0,active,1.45,,,,,0,,"{'gcs_connection_lost': True, 'manual_control_signal_lost': True, 'offboard_control_signal_lost': True}"
vehicle_status,2026-08-07T15:02:33.673+08:00,256.226,,,1292716083,1667,0,active,1.45,,,,,0,"{'arming_state': 1, 'nav_state': 4, 'failsafe': True}",
sensor_combined,2026-08-07T15:02:33.705+08:00,256.259,96.47547400004441,40.509,1292866599,1667,0,active,1.45,,,,,0,,
sensor_combined,2026-08-07T15:02:33.736+08:00,256.290,31.071227999973416,4.501,1292871100,1667,0,active,1.45,,,,,0,,
sensor_combined,2026-08-07T15:02:33.767+08:00,256.320,30.152485999906276,4.501,1292875601,1667,0,active,1.45,,,,,0,,
sensor_combined,2026-08-07T15:02:33.795+08:00,256.351,30.798745000083727,9.049,1292884650,1667,0,active,1.45,,,,,0,,
sensor_combined,2026-08-07T15:02:33.824+08:00,256.379,27.957582999988517,13.456,1292898106,1667,0,active,1.45,,,,,0,,
sensor_combined,2026-08-07T15:02:33.853+08:00,256.408,29.393061000064336,27.005,1292925111,1667,0,active,1.45,,,,,0,,
sensor_combined,2026-08-07T15:02:33.883+08:00,256.437,29.23534599995037,22.505,1292947616,1667,0,active,1.45,,,,,0,,
sensor_combined,2026-08-07T15:02:33.911+08:00,256.466,28.925417999971614,9.002,1292956618,1667,0,active,1.45,,,,,0,,
sensor_combined,2026-08-07T15:02:33.942+08:00,256.496,29.542232000039803,31.507,1292988125,1667,0,active,1.45,,,,,0,,
sensor_combined,2026-08-07T15:02:33.973+08:00,256.527,31.18173799998658,58.511,1293046636,1667,0,active,1.45,,,,,0,,
sensor_combined,2026-08-07T15:02:34.001+08:00,256.556,29.16480799990495,9.002,1293055638,1667,0,active,1.45,,,,,0,,
sensor_combined,2026-08-07T15:02:34.031+08:00,256.585,28.62742800016349,9.05,1293064688,1667,0,active,1.45,,,,,0,,
sensor_combined,2026-08-07T15:02:34.059+08:00,256.614,29.521845999852303,13.455,1293078143,1667,0,active,1.45,,,,,0,,
sensor_combined,2026-08-07T15:02:34.088+08:00,256.643,28.83779100011452,49.51,1293127653,1667,0,active,1.45,,,,,0,,
sensor_combined,2026-08-07T15:02:34.116+08:00,256.672,28.54988199987929,18.004,1293145657,1667,0,active,1.45,,,,,0,,
sensor_combined,2026-08-07T15:02:34.147+08:00,256.700,28.700109000055818,9.05,1293154707,1667,0,active,1.45,,,,,0,,
sensor_combined,2026-08-07T15:02:34.174+08:00,256.730,29.58054100008667,53.964,1293208671,1667,0,active,1.45,,,,,0,,
sensor_combined,2026-08-07T15:02:34.203+08:00,256.758,27.965391999941858,9.001,1293217672,1667,0,active,1.45,,,,,0,,
sensor_combined,2026-08-07T15:02:34.233+08:00,256.787,28.96964699993987,18.004,1293235676,1667,0,active,1.45,,,,,0,,
sensor_combined,2026-08-07T15:02:34.261+08:00,256.816,28.86384199996428,72.015,1293307691,1667,0,active,1.45,,,,,0,,
sensor_combined,2026-08-07T15:02:34.289+08:00,256.845,28.753108000046268,9.002,1293316693,1667,0,active,1.45,,,,,0,,
sensor_combined,2026-08-07T15:02:34.318+08:00,256.873,27.89911100012432,31.506,1293348199,1667,0,active,1.45,,,,,0,,
sensor_combined,2026-08-07T15:02:34.347+08:00,256.902,29.158599999846047,40.509,1293388708,1667,0,active,1.45,,,,,0,,
sensor_combined,2026-08-07T15:02:34.375+08:00,256.931,28.96123000004991,18.004,1293406712,1667,0,active,1.45,,,,,0,,
sensor_combined,2026-08-07T15:02:34.404+08:00,256.959,28.014197999937096,9.001,1293415713,1667,0,active,1.41,,,,,0,,
sensor_combined,2026-08-07T15:02:34.432+08:00,256.987,28.473616000155744,63.014,1293478727,1667,0,active,1.41,,,,,0,,
sensor_combined,2026-08-07T15:02:34.461+08:00,257.016,28.61440199990284,9.001,1293487728,1667,0,active,1.41,,,,,0,,
sensor_combined,2026-08-07T15:02:34.490+08:00,257.044,28.46689500006505,18.004,1293505732,1667,0,active,1.41,,,,,0,,
sensor_combined,2026-08-07T15:02:34.520+08:00,257.074,29.619362999937948,40.509,1293546241,1667,0,active,1.41,,,,,0,,
sensor_combined,2026-08-07T15:02:34.551+08:00,257.105,31.08771000006527,22.504,1293568745,1667,0,active,1.41,,,,,0,,
sensor_combined,2026-08-07T15:02:34.581+08:00,257.135,30.025333999901704,9.002,1293577747,1667,0,active,1.41,,,,,0,,
sensor_combined,2026-08-07T15:02:34.610+08:00,257.164,29.375394999988202,99.021,1293676768,1667,0,active,1.41,,,,,0,,
failsafe_flags,2026-08-07T15:02:34.638+08:00,257.193,,,1293805213,1667,0,active,1.41,,,,,0,,"{'gcs_connection_lost': True, 'manual_control_signal_lost': True, 'offboard_control_signal_lost': True}"
sensor_combined,2026-08-07T15:02:34.667+08:00,257.222,57.789740000089296,18.051,1293694819,1667,0,active,1.41,,,,,0,,
sensor_combined,2026-08-07T15:02:34.696+08:00,257.250,28.304379000019253,13.456,1293708275,1667,0,active,1.41,,,,,0,,
sensor_combined,2026-08-07T15:02:34.726+08:00,257.280,30.011571999921216,90.018,1293798293,1667,0,active,1.41,,,,,0,,
sensor_combined,2026-08-07T15:02:34.755+08:00,257.310,29.219983000075445,9.05,1293807343,1667,0,active,1.41,,,,,0,,
sensor_combined,2026-08-07T15:02:34.784+08:00,257.339,29.199468999877354,17.956,1293825299,1667,0,active,1.41,,,,,0,,
sensor_combined,2026-08-07T15:02:34.814+08:00,257.369,29.801498000097126,67.514,1293892813,1667,0,active,1.41,,,,,0,,
sensor_combined,2026-08-07T15:02:34.844+08:00,257.398,29.719087000103173,9.002,1293901815,1667,0,active,1.41,,,,,0,,
sensor_combined,2026-08-07T15:02:34.872+08:00,257.428,29.16871299999002,9.002,1293910817,1667,0,active,1.41,,,,,0,,
sensor_combined,2026-08-07T15:02:34.902+08:00,257.456,28.865121999842813,31.554,1293942371,1667,0,active,1.41,,,,,0,,
sensor_combined,2026-08-07T15:02:34.931+08:00,257.486,29.50350800006163,35.96,1293978331,1667,0,active,1.41,,,,,0,,
sensor_combined,2026-08-07T15:02:34.959+08:00,257.515,28.865730000006806,9.049,1293987380,1667,0,active,1.41,,,,,0,,
sensor_combined,2026-08-07T15:02:34.988+08:00,257.543,27.951342000051227,22.505,1294009885,1667,0,active,1.41,,,,,0,,
sensor_combined,2026-08-07T15:02:35.016+08:00,257.572,28.818812000054095,49.463,1294059348,1667,0,active,1.41,,,,,0,,
sensor_combined,2026-08-07T15:02:35.045+08:00,257.601,29.002354999875024,22.504,1294081852,1667,0,active,1.41,,,,,0,,
sensor_combined,2026-08-07T15:02:35.074+08:00,257.629,28.528183999924295,9.002,1294090854,1667,0,active,1.41,,,,,0,,
sensor_combined,2026-08-07T15:02:35.102+08:00,257.658,28.645158000017545,49.511,1294140365,1667,0,active,1.41,,,,,0,,
sensor_combined,2026-08-07T15:02:35.132+08:00,257.686,28.611554000008255,9.002,1294149367,1667,0,active,1.41,,,,,0,,
sensor_combined,2026-08-07T15:02:35.162+08:00,257.716,29.799896999975317,27.005,1294176372,1667,0,active,1.41,,,,,0,,
sensor_combined,2026-08-07T15:02:35.190+08:00,257.746,29.621827000028134,63.013,1294239385,1667,0,active,1.41,,,,,0,,
sensor_combined,2026-08-07T15:02:35.219+08:00,257.774,28.257780000103594,9.002,1294248387,1667,0,active,1.41,,,,,0,,
sensor_combined,2026-08-07T15:02:35.248+08:00,257.803,29.03365599991048,22.505,1294270892,1667,0,active,1.41,,,,,0,,
sensor_combined,2026-08-07T15:02:35.276+08:00,257.832,28.57190100007756,45.009,1294315901,1667,0,active,1.41,,,,,0,,
sensor_combined,2026-08-07T15:02:35.305+08:00,257.860,28.36291399989932,22.505,1294338406,1667,0,active,1.41,,,,,0,,
sensor_combined,2026-08-07T15:02:35.335+08:00,257.889,28.65386300004502,13.503,1294351909,1667,0,active,1.41,,,,,0,,
sensor_combined,2026-08-07T15:02:35.364+08:00,257.919,29.964111000026605,58.512,1294410421,1667,0,active,1.41,,,,,0,,
sensor_combined,2026-08-07T15:02:35.392+08:00,257.947,28.718767000100343,27.053,1294437474,1667,0,active,1.41,,,,,0,,
sensor_combined,2026-08-07T15:02:35.421+08:00,257.975,27.85907399993448,13.455,1294450929,1667,0,active,1.41,,,,,0,,
sensor_combined,2026-08-07T15:02:35.448+08:00,258.004,28.904070999942633,31.555,1294482484,1667,0,active,1.41,,,,,0,,
sensor_combined,2026-08-07T15:02:35.477+08:00,258.032,27.737842000078672,13.455,1294495939,1667,0,active,1.41,,,,,0,,
sensor_combined,2026-08-07T15:02:35.506+08:00,258.061,29.099680999934208,13.503,1294509442,1667,0,active,1.41,,,,,0,,
sensor_combined,2026-08-07T15:02:35.535+08:00,258.090,29.2737820000184,63.06,1294572502,1667,0,active,1.41,,,,,0,,
sensor_combined,2026-08-07T15:02:35.563+08:00,258.118,28.067964000001666,8.955,1294581457,1667,0,active,1.41,,,,,0,,
sensor_combined,2026-08-07T15:02:35.593+08:00,258.147,28.70731000007254,13.55,1294595007,1667,0,active,1.41,,,,,0,,
sensor_combined,2026-08-07T15:02:35.622+08:00,258.177,29.549977999977273,103.474,1294698481,1667,0,active,1.41,,,,,0,,
sensor_combined,2026-08-07T15:02:35.651+08:00,258.206,29.00789199998144,13.503,1294711984,1667,0,active,1.41,,,,,0,,
sensor_combined,2026-08-07T15:02:35.679+08:00,258.234,28.67677799986268,18.051,1294730035,1667,0,active,1.41,,,,,0,,
sensor_combined,2026-08-07T15:02:35.708+08:00,258.262,27.994420000140963,8.955,1294738990,1667,0,active,1.41,,,,,0,,
sensor_combined,2026-08-07T15:02:35.737+08:00,258.292,29.453997000018717,31.506,1294770496,1667,0,active,1.41,,,,,0,,
failsafe_flags,2026-08-07T15:02:35.765+08:00,258.320,,,1294907287,1667,0,active,1.41,,,,,0,,"{'gcs_connection_lost': True, 'manual_control_signal_lost': True, 'offboard_control_signal_lost': True}"
sensor_combined,2026-08-07T15:02:35.794+08:00,258.349,57.50605599996561,9.002,1294779498,1667,0,active,1.41,,,,,0,,
sensor_combined,2026-08-07T15:02:35.823+08:00,258.378,28.674441000021034,99.021,1294878519,1667,0,active,1.41,,,,,0,,
sensor_combined,2026-08-07T15:02:35.852+08:00,258.406,28.446188999851074,9.049,1294887568,1667,0,active,1.41,,,,,0,,
sensor_combined,2026-08-07T15:02:35.882+08:00,258.435,28.899399000010817,8.955,1294896523,1667,0,active,1.41,,,,,0,,
sensor_combined,2026-08-07T15:02:35.910+08:00,258.465,30.056282000032297,49.51,1294946033,1667,0,active,1.41,,,,,0,,
sensor_combined,2026-08-07T15:02:35.940+08:00,258.494,28.745491000108814,22.505,1294968538,1667,0,active,1.41,,,,,0,,
sensor_combined,2026-08-07T15:02:35.969+08:00,258.523,29.18477899993377,9.049,1294977587,1667,0,active,1.41,,,,,0,,
sensor_combined,2026-08-07T15:02:35.997+08:00,258.552,29.23611300002449,90.019,1295067606,1667,0,active,1.41,,,,,0,,
sensor_combined,2026-08-07T15:02:36.026+08:00,258.581,28.507668999964153,8.954,1295076560,1667,0,active,1.41,,,,,0,,
sensor_combined,2026-08-07T15:02:36.054+08:00,258.609,28.250644000081593,9.002,1295085562,1667,0,active,1.41,,,,,0,,
sensor_combined,2026-08-07T15:02:36.083+08:00,258.638,28.710093999961828,81.017,1295166579,1667,0,active,1.41,,,,,0,,
sensor_combined,2026-08-07T15:02:36.111+08:00,258.666,28.430826999965575,9.002,1295175581,1667,0,active,1.41,,,,,0,,
sensor_combined,2026-08-07T15:02:36.140+08:00,258.695,28.220720000035726,22.505,1295198086,1667,0,active,1.41,,,,,0,,
sensor_combined,2026-08-07T15:02:36.168+08:00,258.724,29.06991600002584,27.053,1295225139,1667,0,active,1.41,,,,,0,,
sensor_combined,2026-08-07T15:02:36.197+08:00,258.752,28.30677899987677,13.455,1295238594,1667,0,active,1.41,,,,,0,,
sensor_combined,2026-08-07T15:02:36.226+08:00,258.781,28.861954000149126,27.006,1295265600,1667,0,active,1.41,,,,,0,,
sensor_combined,2026-08-07T15:02:36.254+08:00,258.810,29.08610999998018,63.013,1295328613,1667,0,active,1.41,,,,,0,,
sensor_combined,2026-08-07T15:02:36.284+08:00,258.838,28.428810999912457,9.049,1295337662,1667,0,active,1.41,,,,,0,,
sensor_combined,2026-08-07T15:02:36.315+08:00,258.867,28.881636000051003,17.956,1295355618,1667,0,active,1.41,,,,,0,,
sensor_combined,2026-08-07T15:02:36.343+08:00,258.898,31.143909000093117,63.014,1295418632,1667,0,active,1.41,,,,,0,,
sensor_combined,2026-08-07T15:02:36.371+08:00,258.926,28.068859999848428,9.049,1295427681,1667,0,active,1.41,,,,,0,,
sensor_combined,2026-08-07T15:02:36.402+08:00,258.955,28.672906000110743,8.954,1295436635,1667,0,active,1.41,,,,,0,,
sensor_combined,2026-08-07T15:02:36.431+08:00,258.986,30.75608399990415,40.509,1295477144,1667,0,active,1.41,,,,,0,,
sensor_combined,2026-08-07T15:02:36.461+08:00,259.015,29.391109000016513,9.002,1295486146,1667,0,active,1.41,,,,,0,,
sensor_combined,2026-08-07T15:02:36.490+08:00,259.044,29.049786000086897,9.049,1295495195,1667,0,active,1.41,,,,,0,,
sensor_combined,2026-08-07T15:02:36.519+08:00,259.074,29.805305999843767,103.474,1295598669,1667,0,active,1.41,,,,,0,,
sensor_combined,2026-08-07T15:02:36.549+08:00,259.103,28.88138000002982,18.004,1295616673,1667,0,active,1.41,,,,,0,,
sensor_combined,2026-08-07T15:02:36.577+08:00,259.132,29.26200499996412,9.002,1295625675,1667,0,active,1.41,,,,,0,,
sensor_combined,2026-08-07T15:02:36.607+08:00,259.161,29.290295999999216,31.507,1295657182,1667,0,active,1.41,,,,,0,,
vehicle_status,2026-08-07T15:02:36.635+08:00,259.190,,,1295754086,1667,0,active,1.41,,,,,0,"{'arming_state': 1, 'nav_state': 4, 'failsafe': True}",
sensor_combined,2026-08-07T15:02:36.663+08:00,259.219,57.440832000111186,18.051,1295675233,1667,0,active,1.41,,,,,0,,
sensor_combined,2026-08-07T15:02:36.692+08:00,259.247,28.281590999995387,13.455,1295688688,1667,0,active,1.41,,,,,0,,
sensor_combined,2026-08-07T15:02:36.721+08:00,259.276,28.75586100003602,9.049,1295697737,1667,0,active,1.41,,,,,0,,
sensor_combined,2026-08-07T15:02:36.750+08:00,259.305,29.279830999939804,26.958,1295724695,1667,0,active,1.41,,,,,0,,
sensor_combined,2026-08-07T15:02:36.779+08:00,259.334,28.46113400005379,13.503,1295738198,1667,0,active,1.41,,,,,0,,
sensor_combined,2026-08-07T15:02:36.808+08:00,259.363,28.919305000044915,9.002,1295747200,1667,0,active,1.41,,,,,0,,
sensor_combined,2026-08-07T15:02:36.837+08:00,259.392,28.925097999945137,40.556,1295787756,1667,0,active,1.41,,,,,0,,
sensor_combined,2026-08-07T15:02:36.865+08:00,259.421,29.23617800001921,8.955,1295796711,1667,0,active,1.41,,,,,0,,
sensor_combined,2026-08-07T15:02:36.894+08:00,259.449,28.327708999995593,18.003,1295814714,1667,0,active,1.41,,,,,0,,
sensor_combined,2026-08-07T15:02:36.922+08:00,259.478,28.778166999927635,13.503,1295828217,1667,0,active,1.41,,,,,0,,
failsafe_flags,2026-08-07T15:02:37.623+08:00,260.175,,,1296548231,1667,0,active,1.41,,,,,0,,"{'gcs_connection_lost': True, 'manual_control_signal_lost': True, 'offboard_control_signal_lost': True}"
sensor_combined,2026-08-07T15:02:37.657+08:00,260.210,732.1336509999128,1008.211,1296836428,1667,0,active,1.41,,,,,0,,
vehicle_status,2026-08-07T15:02:37.689+08:00,260.242,,,1296768238,1667,0,active,1.41,,,,,0,"{'arming_state': 1, 'nav_state': 4, 'failsafe': True}",
sensor_combined,2026-08-07T15:02:37.719+08:00,260.274,63.594768000029944,40.508,1296876936,1667,0,active,1.41,,,,,0,,
sensor_combined,2026-08-07T15:02:37.749+08:00,260.303,29.324413000040295,4.501,1296881437,1667,0,active,1.41,,,,,0,,
sensor_combined,2026-08-07T15:02:37.778+08:00,260.333,30.007444000148098,9.05,1296890487,1667,0,active,1.41,,,,,0,,
sensor_combined,2026-08-07T15:02:37.806+08:00,260.362,28.607648999923185,8.954,1296899441,1667,0,active,1.41,,,,,0,,
sensor_combined,2026-08-07T15:02:37.835+08:00,260.390,27.973904999953447,13.551,1296912992,1667,0,active,1.41,,,,,0,,
sensor_combined,2026-08-07T15:02:37.863+08:00,260.418,28.754643999945984,26.957,1296939949,1667,0,active,1.41,,,,,0,,
sensor_combined,2026-08-07T15:02:37.892+08:00,260.447,28.6691610001526,9.003,1296948952,1667,0,active,1.41,,,,,0,,
sensor_combined,2026-08-07T15:02:37.921+08:00,260.476,29.06290800001443,22.504,1296971456,1667,0,active,1.41,,,,,0,,
sensor_combined,2026-08-07T15:02:37.952+08:00,260.506,29.921128999831126,9.05,1296980506,1667,0,active,1.41,,,,,0,,
sensor_combined,2026-08-07T15:02:37.981+08:00,260.536,29.876003000026685,17.955,1296998461,1667,0,active,1.41,,,,,0,,
sensor_combined,2026-08-07T15:02:38.009+08:00,260.564,28.402279000147246,72.063,1297070524,1667,0,active,1.41,,,,,0,,
sensor_combined,2026-08-07T15:02:38.038+08:00,260.593,28.508499999816195,8.955,1297079479,1667,0,active,1.41,,,,,0,,
sensor_combined,2026-08-07T15:02:38.069+08:00,260.621,28.311356000131127,22.504,1297101983,1667,0,active,1.41,,,,,0,,
sensor_combined,2026-08-07T15:02:38.097+08:00,260.652,31.411719000061566,36.055,1297138038,1667,0,active,1.41,,,,,0,,
sensor_combined,2026-08-07T15:02:38.125+08:00,260.680,27.683659999865995,13.456,1297151494,1667,0,active,1.41,,,,,0,,
sensor_combined,2026-08-07T15:02:38.155+08:00,260.709,28.610912999965876,18.003,1297169497,1667,0,active,1.41,,,,,0,,
sensor_combined,2026-08-07T15:02:38.185+08:00,260.740,30.767541000159326,58.563,1297228060,1667,0,active,1.41,,,,,0,,
sensor_combined,2026-08-07T15:02:38.213+08:00,260.768,28.759796999793252,13.452,1297241512,1667,0,active,1.41,,,,,0,,
sensor_combined,2026-08-07T15:02:38.243+08:00,260.796,28.18884400016941,18.004,1297259516,1667,0,active,1.41,,,,,0,,
sensor_combined,2026-08-07T15:02:38.271+08:00,260.826,29.612832999873717,72.015,1297331531,1667,0,active,1.41,,,,,0,,
sensor_combined,2026-08-07T15:02:38.299+08:00,260.854,28.3530570000039,9.05,1297340581,1667,0,active,1.41,,,,,0,,
sensor_combined,2026-08-07T15:02:38.329+08:00,260.883,28.58137400016858,17.958,1297358539,1667,0,active,1.41,,,,,0,,
sensor_combined,2026-08-07T15:02:38.358+08:00,260.912,29.33503799999926,40.506,1297399045,1667,0,active,1.41,,,,,0,,
sensor_combined,2026-08-07T15:02:38.387+08:00,260.942,29.466958999819326,13.503,1297412548,1667,0,active,1.41,,,,,0,,
sensor_combined,2026-08-07T15:02:38.417+08:00,260.971,28.92487400004029,18.052,1297430600,1667,0,active,1.41,,,,,0,,
sensor_combined,2026-08-07T15:02:38.445+08:00,261.000,29.710126000054515,58.464,1297489064,1667,0,active,1.41,,,,,0,,
sensor_combined,2026-08-07T15:02:38.475+08:00,261.029,28.81804399999055,9.05,1297498114,1667,0,active,1.41,,,,,0,,
sensor_combined,2026-08-07T15:02:38.504+08:00,261.058,29.17456999989554,31.459,1297529573,1667,0,active,1.41,,,,,0,,
sensor_combined,2026-08-07T15:02:38.533+08:00,261.087,28.536024000004545,40.508,1297570081,1667,0,active,1.41,,,,,0,,
sensor_combined,2026-08-07T15:02:38.561+08:00,261.116,29.490418000023055,22.505,1297592586,1667,0,active,1.41,,,,,0,,
sensor_combined,2026-08-07T15:02:38.591+08:00,261.145,28.809883000121772,9.002,1297601588,1667,0,active,1.41,,,,,0,,
sensor_combined,2026-08-07T15:02:38.620+08:00,261.174,29.1227870000057,85.518,1297687106,1667,0,active,1.41,,,,,0,,
sensor_combined,2026-08-07T15:02:38.650+08:00,261.204,29.585693999933937,9.002,1297696108,1667,0,active,1.41,,,,,0,,
sensor_combined,2026-08-07T15:02:38.679+08:00,261.233,29.527382999958718,22.504,1297718612,1667,0,active,1.41,,,,,0,,
sensor_combined,2026-08-07T15:02:38.707+08:00,261.262,28.93268299999363,13.503,1297732115,1667,0,active,1.41,,,,,0,,
sensor_combined,2026-08-07T15:02:38.735+08:00,261.291,28.19114800013267,18.004,1297750119,1667,0,active,1.41,,,,,0,,
sensor_combined,2026-08-07T15:02:38.764+08:00,261.319,28.263637000009112,9.003,1297759122,1667,0,active,1.41,,,,,0,,
sensor_combined,2026-08-07T15:02:38.793+08:00,261.347,28.41364099981547,9.048,1297768170,1667,0,active,1.41,,,,,0,,
sensor_combined,2026-08-07T15:02:38.821+08:00,261.376,28.637349000064205,22.505,1297790675,1667,0,active,1.41,,,,,0,,
sensor_combined,2026-08-07T15:02:38.850+08:00,261.404,28.42599399991741,8.954,1297799629,1667,0,active,1.41,,,,,0,,
sensor_combined,2026-08-07T15:02:38.878+08:00,261.434,29.39373400022305,18.004,1297817633,1667,0,active,1.41,,,,,0,,
sensor_combined,2026-08-07T15:02:38.907+08:00,261.462,27.989809999780846,13.503,1297831136,1667,0,active,1.41,,,,,0,,
sensor_combined,2026-08-07T15:02:39.625+08:00,262.177,715.4770940001072,1008.211,1298839347,1667,0,active,1.3,,,,,0,,
failsafe_flags,2026-08-07T15:02:39.658+08:00,262.210,,,1298729330,1667,0,active,1.3,,,,,0,,"{'gcs_connection_lost': True, 'manual_control_signal_lost': True, 'offboard_control_signal_lost': True}"
vehicle_status,2026-08-07T15:02:39.691+08:00,262.244,,,1298795224,1667,0,active,1.3,,,,,0,"{'arming_state': 1, 'nav_state': 4, 'failsafe': True}",
sensor_combined,2026-08-07T15:02:39.726+08:00,262.277,99.82643100011046,40.509,1298879856,1667,0,active,1.3,,,,,0,,
sensor_combined,2026-08-07T15:02:39.757+08:00,262.311,34.26449899984618,4.5,1298884356,1667,0,active,1.3,,,,,0,,
sensor_combined,2026-08-07T15:02:39.790+08:00,262.341,29.74878700001682,9.05,1298893406,1667,0,active,1.3,,,,,0,,
sensor_combined,2026-08-07T15:02:39.820+08:00,262.374,32.9160700000557,8.954,1298902360,1667,0,active,1.3,,,,,0,,
sensor_combined,2026-08-07T15:02:39.850+08:00,262.404,30.126500000051237,9.002,1298911362,1667,0,active,1.3,,,,,0,,
sensor_combined,2026-08-07T15:02:39.880+08:00,262.434,29.619297999943228,22.505,1298933867,1667,0,active,1.3,,,,,0,,
sensor_combined,2026-08-07T15:02:39.908+08:00,262.463,29.1646480000054,9.001,1298942868,1667,0,active,1.3,,,,,0,,
sensor_combined,2026-08-07T15:02:39.937+08:00,262.491,28.520343000081994,31.507,1298974375,1667,0,active,1.3,,,,,0,,
sensor_combined,2026-08-07T15:02:39.967+08:00,262.520,28.862560999868947,9.049,1298983424,1667,0,active,1.3,,,,,0,,
sensor_combined,2026-08-07T15:02:39.995+08:00,262.551,30.303354000125182,58.465,1299041889,1667,0,active,1.3,,,,,0,,
sensor_combined,2026-08-07T15:02:40.023+08:00,262.579,28.04882599980374,22.505,1299064394,1667,0,active,1.3,,,,,0,,
sensor_combined,2026-08-07T15:02:40.054+08:00,262.608,29.013941000130217,9.049,1299073443,1667,0,active,1.3,,,,,0,,
sensor_combined,2026-08-07T15:02:40.083+08:00,262.638,30.28191099997457,67.515,1299140958,1667,0,active,1.3,,,,,0,,
sensor_combined,2026-08-07T15:02:40.111+08:00,262.666,28.43966000000364,22.504,1299163462,1667,0,active,1.3,,,,,0,,
sensor_combined,2026-08-07T15:02:40.140+08:00,262.695,28.501587999926414,8.955,1299172417,1667,0,active,1.3,,,,,0,,
sensor_combined,2026-08-07T15:02:40.168+08:00,262.724,28.74859500002458,27.005,1299199422,1667,0,active,1.3,,,,,0,,
vehicle_status,2026-08-07T15:02:40.197+08:00,262.751,,,1299301086,1667,0,active,1.3,,,,,0,"{'arming_state': 1, 'nav_state': 4, 'failsafe': True}",
sensor_combined,2026-08-07T15:02:40.225+08:00,262.780,56.70707400008723,13.503,1299212925,1667,0,active,1.3,,,,,0,,
sensor_combined,2026-08-07T15:02:40.255+08:00,262.809,28.72974499996417,121.525,1299334450,1667,0,active,1.3,,,,,0,,
sensor_combined,2026-08-07T15:02:40.283+08:00,262.839,29.82844500002102,9.05,1299343500,1667,0,active,1.3,,,,,0,,
sensor_combined,2026-08-07T15:02:40.312+08:00,262.867,28.05753100005859,26.958,1299370458,1667,0,active,1.3,,,,,0,,
sensor_combined,2026-08-07T15:02:40.341+08:00,262.896,29.029175000005125,22.505,1299392963,1667,0,active,1.3,,,,,0,,
sensor_combined,2026-08-07T15:02:40.369+08:00,262.924,28.41796099983185,9.002,1299401965,1667,0,active,1.3,,,,,0,,
sensor_combined,2026-08-07T15:02:40.397+08:00,262.953,28.545690000100876,22.504,1299424469,1667,0,active,1.3,,,,,0,,
sensor_combined,2026-08-07T15:02:40.426+08:00,262.981,28.12355499986552,9.05,1299433519,1667,0,active,1.3,,,,,0,,
sensor_combined,2026-08-07T15:02:40.455+08:00,263.010,28.932843000120556,40.461,1299473980,1667,0,active,1.3,,,,,0,,
sensor_combined,2026-08-07T15:02:40.483+08:00,263.038,28.255957000055787,27.053,1299501033,1667,0,active,1.3,,,,,0,,
sensor_combined,2026-08-07T15:02:40.511+08:00,263.066,28.238865999810514,22.504,1299523537,1667,0,active,1.3,,,,,0,,
sensor_combined,2026-08-07T15:02:40.541+08:00,263.094,27.66679300020769,67.515,1299591052,1667,0,active,1.3,,,,,0,,
sensor_combined,2026-08-07T15:02:40.570+08:00,263.125,30.547480999985055,13.455,1299604507,1667,0,active,1.3,,,,,0,,
sensor_combined,2026-08-07T15:02:40.600+08:00,263.153,28.697356999828116,18.004,1299622511,1667,0,active,1.3,,,,,0,,
sensor_combined,2026-08-07T15:02:40.629+08:00,263.183,29.9493560000883,40.508,1299663019,1667,0,active,1.3,,,,,0,,
failsafe_flags,2026-08-07T15:02:40.657+08:00,263.212,,,1299829323,1667,0,active,1.3,,,,,0,,"{'gcs_connection_lost': True, 'manual_control_signal_lost': True, 'offboard_control_signal_lost': True}"
sensor_combined,2026-08-07T15:02:40.686+08:00,263.241,57.523145999994085,31.507,1299694526,1667,0,active,1.3,,,,,0,,
sensor_combined,2026-08-07T15:02:40.714+08:00,263.269,28.486385999940467,9.049,1299703575,1667,0,active,1.3,,,,,0,,
sensor_combined,2026-08-07T15:02:40.743+08:00,263.298,28.868515000112893,17.957,1299721532,1667,0,active,1.3,,,,,0,,
sensor_combined,2026-08-07T15:02:40.771+08:00,263.327,28.568155999892042,9.001,1299730533,1667,0,active,1.3,,,,,0,,
sensor_combined,2026-08-07T15:02:40.800+08:00,263.355,27.95895899998868,31.507,1299762040,1667,0,active,1.3,,,,,0,,
sensor_combined,2026-08-07T15:02:40.828+08:00,263.384,28.775062000022444,22.505,1299784545,1667,0,active,1.3,,,,,0,,
sensor_combined,2026-08-07T15:02:40.856+08:00,263.412,28.145831000074395,9.049,1299793594,1667,0,active,1.3,,,,,0,,
sensor_combined,2026-08-07T15:02:40.885+08:00,263.440,27.90730399988206,26.958,1299820552,1667,0,active,1.3,,,,,0,,
sensor_combined,2026-08-07T15:02:40.913+08:00,263.468,28.601152000192087,13.503,1299834055,1667,0,active,1.3,,,,,0,,
failsafe_flags,2026-08-07T15:02:41.626+08:00,264.179,,,1300380336,1667,0,active,1.3,,,,,0,,"{'gcs_connection_lost': True, 'manual_control_signal_lost': True, 'offboard_control_signal_lost': True}"
sensor_combined,2026-08-07T15:02:41.660+08:00,264.213,744.4122409999636,1008.212,1300842267,1667,0,active,1.3,,,,,0,,
vehicle_status,2026-08-07T15:02:41.689+08:00,264.243,,,1300821057,1667,0,active,1.3,,,,,0,"{'arming_state': 1, 'nav_state': 4, 'failsafe': True}",
sensor_combined,2026-08-07T15:02:41.719+08:00,264.274,61.26023100000566,36.007,1300878274,1667,0,active,1.3,,,,,0,,
sensor_combined,2026-08-07T15:02:41.750+08:00,264.304,29.853695999918273,4.501,1300882775,1667,0,active,1.3,,,,,0,,
sensor_combined,2026-08-07T15:02:41.778+08:00,264.334,29.8761320000267,9.002,1300891777,1667,0,active,1.3,,,,,0,,
sensor_combined,2026-08-07T15:02:41.808+08:00,264.362,28.79669699996157,9.001,1300900778,1667,0,active,1.3,,,,,0,,
failsafe_flags,2026-08-07T15:02:41.836+08:00,264.391,,,1300931232,1667,0,active,1.3,,,,,0,,"{'gcs_connection_lost': True, 'manual_control_signal_lost': True, 'offboard_control_signal_lost': True}"
sensor_combined,2026-08-07T15:02:41.864+08:00,264.420,57.47517200006769,13.503,1300914281,1667,0,active,1.3,,,,,0,,
sensor_combined,2026-08-07T15:02:41.896+08:00,264.448,28.083870000045863,22.505,1300936786,1667,0,active,1.3,,,,,0,,
sensor_combined,2026-08-07T15:02:41.923+08:00,264.479,31.01650099983999,27.053,1300963839,1667,0,active,1.3,,,,,0,,
sensor_combined,2026-08-07T15:02:41.952+08:00,264.507,27.950029000066934,8.955,1300972794,1667,0,active,1.3,,,,,0,,
sensor_combined,2026-08-07T15:02:41.983+08:00,264.536,28.905959999974584,22.504,1300995298,1667,0,active,1.3,,,,,0,,
sensor_combined,2026-08-07T15:02:42.011+08:00,264.567,30.85673600003247,67.514,1301062812,1667,0,active,1.3,,,,,0,,
sensor_combined,2026-08-07T15:02:42.040+08:00,264.595,28.093119999994087,13.551,1301076363,1667,0,active,1.3,,,,,0,,
sensor_combined,2026-08-07T15:02:42.068+08:00,264.623,28.53426399997261,17.956,1301094319,1667,0,active,1.3,,,,,0,,
sensor_combined,2026-08-07T15:02:42.097+08:00,264.652,28.773045999969327,40.509,1301134828,1667,0,active,1.3,,,,,0,,
sensor_combined,2026-08-07T15:02:42.125+08:00,264.680,28.00498100009463,31.554,1301166382,1667,0,active,1.3,,,,,0,,
sensor_combined,2026-08-07T15:02:42.155+08:00,264.708,28.134404999946128,8.954,1301175336,1667,0,active,1.3,,,,,0,,
sensor_combined,2026-08-07T15:02:42.183+08:00,264.738,30.287735000001703,49.51,1301224846,1667,0,active,1.3,,,,,0,,
sensor_combined,2026-08-07T15:02:42.211+08:00,264.767,28.054459000031784,9.05,1301233896,1667,0,active,1.3,,,,,0,,
sensor_combined,2026-08-07T15:02:42.240+08:00,264.795,27.987345999918034,22.505,1301256401,1667,0,active,1.3,,,,,0,,
sensor_combined,2026-08-07T15:02:42.268+08:00,264.824,29.14154200016128,67.514,1301323915,1667,0,active,1.3,,,,,0,,
sensor_combined,2026-08-07T15:02:42.299+08:00,264.854,29.895492999912676,31.458,1301355373,1667,0,active,1.3,,,,,0,,
sensor_combined,2026-08-07T15:02:42.329+08:00,264.883,29.56991599990033,9.002,1301364375,1667,0,active,1.3,,,,,0,,
sensor_combined,2026-08-07T15:02:42.358+08:00,264.913,29.509525000094072,31.507,1301395882,1667,0,active,1.3,,,,,0,,
sensor_combined,2026-08-07T15:02:42.386+08:00,264.941,28.672040999936144,27.006,1301422888,1667,0,active,1.3,,,,,0,,
sensor_combined,2026-08-07T15:02:42.416+08:00,264.970,28.346272000135286,13.55,1301436438,1667,0,active,1.3,,,,,0,,
sensor_combined,2026-08-07T15:02:42.445+08:00,264.999,29.81525999985024,58.465,1301494903,1667,0,active,1.3,,,,,0,,
sensor_combined,2026-08-07T15:02:42.474+08:00,265.029,29.146662000130164,31.556,1301526459,1667,0,active,1.3,,,,,0,,
sensor_combined,2026-08-07T15:02:42.504+08:00,265.058,28.894725999862203,8.953,1301535412,1667,0,active,1.3,,,,,0,,
sensor_combined,2026-08-07T15:02:42.533+08:00,265.087,29.91431200007355,49.51,1301584922,1667,0,active,1.3,,,,,0,,
sensor_combined,2026-08-07T15:02:42.563+08:00,265.117,29.878147000090394,9.049,1301593971,1667,0,active,1.3,,,,,0,,
sensor_combined,2026-08-07T15:02:42.592+08:00,265.146,28.67172199989909,22.505,1301616476,1667,0,active,1.3,,,,,0,,
sensor_combined,2026-08-07T15:02:42.620+08:00,265.176,29.53247100003864,76.469,1301692945,1667,0,active,1.3,,,,,0,,
sensor_combined,2026-08-07T15:02:42.649+08:00,265.204,28.52539900004558,22.504,1301715449,1667,0,active,1.3,,,,,0,,
sensor_combined,2026-08-07T15:02:42.678+08:00,265.233,28.672969999888664,9.002,1301724451,1667,0,active,1.3,,,,,0,,
sensor_combined,2026-08-07T15:02:42.707+08:00,265.262,28.993553999953292,22.505,1301746956,1667,0,active,1.3,,,,,0,,
sensor_combined,2026-08-07T15:02:42.736+08:00,265.290,28.594976000022143,49.558,1301796514,1667,0,active,1.3,,,,,0,,
sensor_combined,2026-08-07T15:02:42.765+08:00,265.320,29.427658000031442,17.956,1301814470,1667,0,active,1.3,,,,,0,,
sensor_combined,2026-08-07T15:02:42.794+08:00,265.348,28.46030199998495,9.002,1301823472,1667,0,active,1.3,,,,,0,,
sensor_combined,2026-08-07T15:02:42.822+08:00,265.377,28.951662000054057,67.514,1301890986,1667,0,active,1.3,,,,,0,,
failsafe_flags,2026-08-07T15:02:42.850+08:00,265.405,,,1302023276,1667,0,active,1.3,,,,,0,,"{'gcs_connection_lost': True, 'manual_control_signal_lost': True, 'offboard_control_signal_lost': True}"
sensor_combined,2026-08-07T15:02:42.879+08:00,265.434,56.88853700007712,4.501,1301895487,1667,0,active,1.3,,,,,0,,
sensor_combined,2026-08-07T15:02:42.908+08:00,265.463,28.80927499995778,58.56,1301954047,1667,0,active,1.3,,,,,0,,
sensor_combined,2026-08-07T15:02:42.937+08:00,265.492,29.128483000022243,31.459,1301985506,1667,0,active,1.3,,,,,0,,
sensor_combined,2026-08-07T15:02:42.965+08:00,265.520,28.47390500005531,9.002,1301994508,1667,0,active,1.3,,,,,0,,
sensor_combined,2026-08-07T15:02:42.995+08:00,265.550,29.158982999888394,18.004,1302012512,1667,0,active,1.3,,,,,0,,
sensor_combined,2026-08-07T15:02:43.024+08:00,265.579,29.034264000074472,40.508,1302053020,1667,0,active,1.3,,,,,0,,
sensor_combined,2026-08-07T15:02:43.053+08:00,265.608,28.91386499982218,22.505,1302075525,1667,0,active,1.3,,,,,0,,
sensor_combined,2026-08-07T15:02:43.082+08:00,265.636,28.64381300014429,9.004,1302084529,1667,0,active,1.3,,,,,0,,
sensor_combined,2026-08-07T15:02:43.110+08:00,265.665,29.28776899989316,58.51,1302143039,1667,0,active,1.3,,,,,0,,
sensor_combined,2026-08-07T15:02:43.140+08:00,265.694,28.194348000170066,31.506,1302174545,1667,0,active,1.3,,,,,0,,
sensor_combined,2026-08-07T15:02:43.172+08:00,265.724,30.426377999901888,9.002,1302183547,1667,0,active,1.3,,,,,0,,
sensor_combined,2026-08-07T15:02:43.202+08:00,265.756,32.32457099989006,58.513,1302242060,1667,0,active,1.3,,,,,0,,
vehicle_status,2026-08-07T15:02:43.229+08:00,265.784,,,1302342250,1667,0,active,1.3,,,,,0,"{'arming_state': 1, 'nav_state': 4, 'failsafe': True}",
sensor_combined,2026-08-07T15:02:43.260+08:00,265.813,56.233765000115454,13.502,1302255562,1667,0,active,1.3,,,,,0,,
sensor_combined,2026-08-07T15:02:43.288+08:00,265.843,30.341887000076895,58.56,1302314122,1667,0,active,1.3,,,,,0,,
sensor_combined,2026-08-07T15:02:43.316+08:00,265.871,28.209870999944542,8.954,1302323076,1667,0,active,1.3,,,,,0,,
sensor_combined,2026-08-07T15:02:43.345+08:00,265.900,28.417641000032745,18.004,1302341080,1667,0,active,1.3,,,,,0,,
sensor_combined,2026-08-07T15:02:43.373+08:00,265.929,28.94564400003219,63.061,1302404141,1667,0,active,1.3,,,,,0,,
failsafe_flags,2026-08-07T15:02:43.402+08:00,265.956,,,1302573327,1667,0,active,1.3,,,,,0,,"{'gcs_connection_lost': True, 'manual_control_signal_lost': True, 'offboard_control_signal_lost': True}"
sensor_combined,2026-08-07T15:02:43.431+08:00,265.985,56.90543499986234,8.954,1302413095,1667,0,active,1.3,,,,,0,,
sensor_combined,2026-08-07T15:02:43.460+08:00,266.014,28.978096999935588,72.016,1302485111,1667,0,active,1.3,,,,,0,,
sensor_combined,2026-08-07T15:02:43.488+08:00,266.043,28.825661000155378,27.006,1302512117,1667,0,active,1.3,,,,,0,,
sensor_combined,2026-08-07T15:02:43.517+08:00,266.072,28.34342400001333,13.502,1302525619,1667,0,active,1.3,,,,,0,,
sensor_combined,2026-08-07T15:02:43.547+08:00,266.101,29.200141000046642,45.009,1302570628,1667,0,active,1.3,,,,,0,,
sensor_combined,2026-08-07T15:02:43.576+08:00,266.131,29.792439999937415,13.551,1302584179,1667,0,active,1.3,,,,,0,,
sensor_combined,2026-08-07T15:02:43.606+08:00,266.160,29.085566000048857,17.956,1302602135,1667,0,active,1.3,,,,,0,,
sensor_combined,2026-08-07T15:02:43.635+08:00,266.190,30.092798999930892,103.522,1302705657,1667,0,active,1.3,,,,,0,,
sensor_combined,2026-08-07T15:02:43.664+08:00,266.219,29.313115999912043,9.002,1302714659,1667,0,active,1.3,,,,,0,,
sensor_combined,2026-08-07T15:02:43.693+08:00,266.247,28.127459999950588,18.003,1302732662,1667,0,active,1.3,,,,,0,,
sensor_combined,2026-08-07T15:02:43.721+08:00,266.276,29.16413600019041,13.503,1302746165,1667,0,active,1.3,,,,,0,,
sensor_combined,2026-08-07T15:02:43.751+08:00,266.305,28.704653999966467,18.052,1302764217,1667,0,active,1.3,,,,,0,,
sensor_combined,2026-08-07T15:02:43.780+08:00,266.334,29.282518999934837,8.954,1302773171,1667,0,active,1.3,,,,,0,,
sensor_combined,2026-08-07T15:02:43.808+08:00,266.363,28.716782999936186,9.002,1302782173,1667,0,active,1.3,,,,,0,,
sensor_combined,2026-08-07T15:02:43.837+08:00,266.391,28.052859000126773,13.503,1302795676,1667,0,active,1.3,,,,,0,,
sensor_combined,2026-08-07T15:02:43.867+08:00,266.421,30.075677000013457,9.001,1302804677,1667,0,active,1.3,,,,,0,,
sensor_combined,2026-08-07T15:02:43.895+08:00,266.450,28.953100999842718,31.507,1302836184,1667,0,active,1.3,,,,,0,,
sensor_combined,2026-08-07T15:02:43.924+08:00,266.479,28.49646700019548,9.002,1302845186,1667,0,active,1.3,,,,,0,,
failsafe_flags,2026-08-07T15:02:44.634+08:00,267.185,,,1303663291,1667,0,active,1.19,,,,,0,,"{'gcs_connection_lost': True, 'manual_control_signal_lost': True, 'offboard_control_signal_lost': True}"
sensor_combined,2026-08-07T15:02:44.666+08:00,267.220,741.1716999999953,1003.71,1303848896,1667,0,active,1.19,,,,,0,,
vehicle_status,2026-08-07T15:02:44.695+08:00,267.250,,,1303355109,1667,0,active,1.19,,,,,0,"{'arming_state': 1, 'nav_state': 4, 'failsafe': True}",
sensor_combined,2026-08-07T15:02:44.727+08:00,267.282,61.64095099984479,36.008,1303884904,1667,0,active,1.19,,,,,0,,
vehicle_status,2026-08-07T15:02:44.755+08:00,267.310,,,1303861084,1667,0,active,1.19,,,,,0,"{'arming_state': 1, 'nav_state': 4, 'failsafe': True}",
sensor_combined,2026-08-07T15:02:44.784+08:00,267.339,57.460290000108216,4.549,1303889453,1667,0,active,1.19,,,,,0,,
sensor_combined,2026-08-07T15:02:44.815+08:00,267.368,28.68407500000103,8.954,1303898407,1667,0,active,1.19,,,,,0,,
sensor_combined,2026-08-07T15:02:44.844+08:00,267.398,30.546328999889738,13.55,1303911957,1667,0,active,1.19,,,,,0,,
sensor_combined,2026-08-07T15:02:44.873+08:00,267.428,29.78351100000509,8.954,1303920911,1667,0,active,1.19,,,,,0,,
sensor_combined,2026-08-07T15:02:44.903+08:00,267.457,29.31849200012948,9.003,1303929914,1667,0,active,1.19,,,,,0,,
sensor_combined,2026-08-07T15:02:44.932+08:00,267.487,29.36944299995048,40.508,1303970422,1667,0,active,1.19,,,,,0,,
sensor_combined,2026-08-07T15:02:44.960+08:00,267.515,28.4301219999179,9.049,1303979471,1667,0,active,1.19,,,,,0,,
sensor_combined,2026-08-07T15:02:44.989+08:00,267.544,28.572957000051247,8.955,1303988426,1667,0,active,1.19,,,,,0,,
sensor_combined,2026-08-07T15:02:45.017+08:00,267.572,28.82329299995945,63.013,1304051439,1667,0,active,1.19,,,,,0,,
failsafe_flags,2026-08-07T15:02:45.045+08:00,267.600,,,1304213215,1667,0,active,1.19,,,,,0,,"{'gcs_connection_lost': True, 'manual_control_signal_lost': True, 'offboard_control_signal_lost': True}"
sensor_combined,2026-08-07T15:02:45.075+08:00,267.629,56.61589400006051,9.002,1304060441,1667,0,active,1.19,,,,,0,,
sensor_combined,2026-08-07T15:02:45.104+08:00,267.659,29.632036000066364,90.019,1304150460,1667,0,active,1.19,,,,,0,,
sensor_combined,2026-08-07T15:02:45.133+08:00,267.688,29.019670000025144,9.049,1304159509,1667,0,active,1.19,,,,,0,,
sensor_combined,2026-08-07T15:02:45.161+08:00,267.716,28.249748000007457,17.956,1304177465,1667,0,active,1.19,,,,,0,,
sensor_combined,2026-08-07T15:02:45.190+08:00,267.744,28.427785999838306,63.014,1304240479,1667,0,active,1.19,,,,,0,,
sensor_combined,2026-08-07T15:02:45.218+08:00,267.773,28.81129200000032,9.049,1304249528,1667,0,active,1.19,,,,,0,,
sensor_combined,2026-08-07T15:02:45.251+08:00,267.802,28.893221000089397,31.459,1304280987,1667,0,active,1.19,,,,,0,,
sensor_combined,2026-08-07T15:02:45.279+08:00,267.834,31.92653699989023,31.507,1304312494,1667,0,active,1.19,,,,,0,,
sensor_combined,2026-08-07T15:02:45.308+08:00,267.863,28.49813200009521,9.002,1304321496,1667,0,active,1.19,,,,,0,,
sensor_combined,2026-08-07T15:02:45.336+08:00,267.891,28.434219000018857,27.006,1304348502,1667,0,active,1.19,,,,,0,,
sensor_combined,2026-08-07T15:02:45.366+08:00,267.920,28.941035999878295,31.506,1304380008,1667,0,active,1.19,,,,,0,,
sensor_combined,2026-08-07T15:02:45.395+08:00,267.950,29.870882000068377,31.507,1304411515,1667,0,active,1.19,,,,,0,,
sensor_combined,2026-08-07T15:02:45.424+08:00,267.978,28.42916300005527,9.001,1304420516,1667,0,active,1.19,,,,,0,,
sensor_combined,2026-08-07T15:02:45.454+08:00,268.008,30.238512999858358,72.017,1304492533,1667,0,active,1.19,,,,,0,,
sensor_combined,2026-08-07T15:02:45.482+08:00,268.037,28.868035000186865,18.002,1304510535,1667,0,active,1.19,,,,,0,,
sensor_combined,2026-08-07T15:02:45.511+08:00,268.065,27.825852999967537,31.554,1304542089,1667,0,active,1.19,,,,,0,,
sensor_combined,2026-08-07T15:02:45.540+08:00,268.095,29.617217999884815,40.462,1304582551,1667,0,active,1.19,,,,,0,,
sensor_combined,2026-08-07T15:02:45.569+08:00,268.124,28.79416900009346,27.053,1304609604,1667,0,active,1.19,,,,,0,,
sensor_combined,2026-08-07T15:02:45.599+08:00,268.152,28.59779300001719,8.954,1304618558,1667,0,active,1.19,,,,,0,,
sensor_combined,2026-08-07T15:02:45.628+08:00,268.183,30.62470600002598,63.013,1304681571,1667,0,active,1.19,,,,,0,,
failsafe_flags,2026-08-07T15:02:45.656+08:00,268.211,,,1304764348,1667,0,active,1.19,,,,,0,,"{'gcs_connection_lost': True, 'manual_control_signal_lost': True, 'offboard_control_signal_lost': True}"
sensor_combined,2026-08-07T15:02:45.685+08:00,268.240,57.43721499993626,18.052,1304699623,1667,0,active,1.19,,,,,0,,
sensor_combined,2026-08-07T15:02:45.714+08:00,268.269,28.53196000000935,8.954,1304708577,1667,0,active,1.19,,,,,0,,
sensor_combined,2026-08-07T15:02:45.743+08:00,268.297,28.369763000000603,31.507,1304740084,1667,0,active,1.19,,,,,0,,
sensor_combined,2026-08-07T15:02:45.772+08:00,268.327,29.675977999886527,9.001,1304749085,1667,0,active,1.19,,,,,0,,
sensor_combined,2026-08-07T15:02:45.800+08:00,268.356,28.791128000193567,13.503,1304762588,1667,0,active,1.19,,,,,0,,
sensor_combined,2026-08-07T15:02:45.829+08:00,268.384,28.402246999803538,9.002,1304771590,1667,0,active,1.19,,,,,0,,
sensor_combined,2026-08-07T15:02:45.858+08:00,268.412,28.42330600014975,27.006,1304798596,1667,0,active,1.19,,,,,0,,
sensor_combined,2026-08-07T15:02:45.887+08:00,268.442,29.431531000000177,13.55,1304812146,1667,0,active,1.19,,,,,0,,
sensor_combined,2026-08-07T15:02:45.916+08:00,268.471,29.222031000017523,17.956,1304830102,1667,0,active,1.19,,,,,0,,
sensor_combined,2026-08-07T15:02:45.946+08:00,268.500,29.105600999855596,9.003,1304839105,1667,0,active,1.19,,,,,0,,
failsafe_flags,2026-08-07T15:02:46.637+08:00,269.190,,,1305314283,1667,0,active,1.19,,,,,0,,"{'gcs_connection_lost': True, 'manual_control_signal_lost': True, 'offboard_control_signal_lost': True}"
sensor_combined,2026-08-07T15:02:46.671+08:00,269.223,722.8574279999975,1012.712,1305851817,1667,0,active,1.19,,,,,0,,
vehicle_status,2026-08-07T15:02:46.705+08:00,269.255,,,1305380083,1667,0,active,1.19,,,,,0,"{'arming_state': 1, 'nav_state': 4, 'failsafe': True}",
sensor_combined,2026-08-07T15:02:46.738+08:00,269.291,67.67829700015682,36.008,1305887825,1667,0,active,1.19,,,,,0,,
vehicle_status,2026-08-07T15:02:46.768+08:00,269.322,,,1305888447,1667,0,active,1.19,,,,,0,"{'arming_state': 1, 'nav_state': 4, 'failsafe': True}",
failsafe_flags,2026-08-07T15:02:46.797+08:00,269.351,,,1305855607,1667,0,active,1.19,,,,,0,,"{'gcs_connection_lost': True, 'manual_control_signal_lost': True, 'offboard_control_signal_lost': True}"
sensor_combined,2026-08-07T15:02:46.827+08:00,269.382,91.12554499984071,4.548,1305892373,1667,0,active,1.19,,,,,0,,
sensor_combined,2026-08-07T15:02:46.857+08:00,269.411,29.55119300008846,13.455,1305905828,1667,0,active,1.19,,,,,0,,
sensor_combined,2026-08-07T15:02:46.886+08:00,269.441,29.206638000005114,9.05,1305914878,1667,0,active,1.19,,,,,0,,
sensor_combined,2026-08-07T15:02:46.915+08:00,269.470,29.665031999911662,67.514,1305982392,1667,0,active,1.19,,,,,0,,
sensor_combined,2026-08-07T15:02:46.944+08:00,269.499,28.84761600012098,13.455,1305995847,1667,0,active,1.19,,,,,0,,
sensor_combined,2026-08-07T15:02:46.975+08:00,269.529,29.819259999840142,27.006,1306022853,1667,0,active,1.19,,,,,0,,
sensor_combined,2026-08-07T15:02:47.004+08:00,269.559,29.91053600021587,31.507,1306054360,1667,0,active,1.19,,,,,0,,
sensor_combined,2026-08-07T15:02:47.035+08:00,269.588,29.33151699994596,9.002,1306063362,1667,0,active,1.19,,,,,0,,
sensor_combined,2026-08-07T15:02:47.066+08:00,269.619,30.5437049999,31.554,1306094916,1667,0,active,1.19,,,,,0,,
sensor_combined,2026-08-07T15:02:47.094+08:00,269.649,30.68775400015511,67.514,1306162430,1667,0,active,1.19,,,,,0,,
sensor_combined,2026-08-07T15:02:47.123+08:00,269.678,28.73745799979588,13.455,1306175885,1667,0,active,1.19,,,,,0,,
sensor_combined,2026-08-07T15:02:47.152+08:00,269.707,28.36960300010105,9.05,1306184935,1667,0,active,1.19,,,,,0,,
sensor_combined,2026-08-07T15:02:47.181+08:00,269.736,29.184811000050104,49.462,1306234397,1667,0,active,1.19,,,,,0,,
sensor_combined,2026-08-07T15:02:47.209+08:00,269.765,29.24411499998314,18.052,1306252449,1667,0,active,1.19,,,,,0,,
sensor_combined,2026-08-07T15:02:47.238+08:00,269.793,28.016213999990214,13.455,1306265904,1667,0,active,1.19,,,,,0,,
sensor_combined,2026-08-07T15:02:47.268+08:00,269.822,28.941644000042288,58.512,1306324416,1667,0,active,1.19,,,,,0,,
sensor_combined,2026-08-07T15:02:47.296+08:00,269.851,29.1285789999165,31.507,1306355923,1667,0,active,1.19,,,,,0,,
sensor_combined,2026-08-07T15:02:47.326+08:00,269.880,28.65120699993895,9.049,1306364972,1667,0,active,1.19,,,,,0,,
sensor_combined,2026-08-07T15:02:47.357+08:00,269.910,30.538456000158476,49.463,1306414435,1667,0,active,1.19,,,,,0,,
sensor_combined,2026-08-07T15:02:47.385+08:00,269.940,30.216847000019698,9.002,1306423437,1667,0,active,1.19,,,,,0,,
sensor_combined,2026-08-07T15:02:47.413+08:00,269.969,28.467918999922404,22.505,1306445942,1667,0,active,1.19,,,,,0,,
sensor_combined,2026-08-07T15:02:47.443+08:00,269.997,28.564508000044952,49.51,1306495452,1667,0,active,1.19,,,,,0,,
sensor_combined,2026-08-07T15:02:47.472+08:00,270.027,29.125250999868513,18.004,1306513456,1667,0,active,1.19,,,,,0,,
sensor_combined,2026-08-07T15:02:47.500+08:00,270.055,28.674506000015754,9.05,1306522506,1667,0,active,1.19,,,,,0,,
sensor_combined,2026-08-07T15:02:47.531+08:00,270.086,30.316955999978745,62.965,1306585471,1667,0,active,1.19,,,,,0,,
sensor_combined,2026-08-07T15:02:47.560+08:00,270.114,28.888517000041247,27.053,1306612524,1667,0,active,1.19,,,,,0,,
sensor_combined,2026-08-07T15:02:47.589+08:00,270.144,29.427817999930994,13.456,1306625980,1667,0,active,1.19,,,,,0,,
sensor_combined,2026-08-07T15:02:47.619+08:00,270.173,28.853344000026482,18.003,1306643983,1667,0,active,1.19,,,,,0,,
sensor_combined,2026-08-07T15:02:47.648+08:00,270.202,29.608513000084713,72.016,1306715999,1667,0,active,1.19,,,,,0,,
sensor_combined,2026-08-07T15:02:47.677+08:00,270.232,29.57196500005921,9.049,1306725048,1667,0,active,1.19,,,,,0,,
sensor_combined,2026-08-07T15:02:47.706+08:00,270.261,29.41069600001356,17.956,1306743004,1667,0,active,1.19,,,,,0,,
sensor_combined,2026-08-07T15:02:47.737+08:00,270.291,29.187498999817763,9.002,1306752006,1667,0,active,1.19,,,,,0,,
sensor_combined,2026-08-07T15:02:47.765+08:00,270.320,29.399974000170914,54.012,1306806018,1667,0,active,1.19,,,,,0,,
vehicle_status,2026-08-07T15:02:47.793+08:00,270.348,,,1306902159,1667,0,active,1.19,,,,,0,"{'arming_state': 1, 'nav_state': 4, 'failsafe': True}",
sensor_combined,2026-08-07T15:02:47.822+08:00,270.377,56.70675399983338,9.049,1306815067,1667,0,active,1.19,,,,,0,,
sensor_combined,2026-08-07T15:02:47.852+08:00,270.406,29.156360000115455,90.019,1306905086,1667,0,active,1.19,,,,,0,,
sensor_combined,2026-08-07T15:02:47.881+08:00,270.436,30.187401999910435,8.954,1306914040,1667,0,active,1.19,,,,,0,,
sensor_combined,2026-08-07T15:02:47.912+08:00,270.465,29.2666459999964,9.002,1306923042,1667,0,active,1.19,,,,,0,,
sensor_combined,2026-08-07T15:02:47.941+08:00,270.496,30.71057300007851,49.558,1306972600,1667,0,active,1.19,,,,,0,,
sensor_combined,2026-08-07T15:02:47.970+08:00,270.525,28.761012999893865,8.954,1306981554,1667,0,active,1.19,,,,,0,,
sensor_combined,2026-08-07T15:02:47.999+08:00,270.554,28.875491999997394,13.551,1306995105,1667,0,active,1.19,,,,,0,,
sensor_combined,2026-08-07T15:02:48.027+08:00,270.582,28.48539400019945,58.464,1307053569,1667,0,active,1.19,,,,,0,,
sensor_combined,2026-08-07T15:02:48.056+08:00,270.610,28.277078999963123,9.05,1307062619,1667,0,active,1.19,,,,,0,,
sensor_combined,2026-08-07T15:02:48.084+08:00,270.639,28.669640999851254,31.459,1307094078,1667,0,active,1.19,,,,,0,,
sensor_combined,2026-08-07T15:02:48.113+08:00,270.668,29.08063800009586,58.56,1307152638,1667,0,active,1.19,,,,,0,,
sensor_combined,2026-08-07T15:02:48.142+08:00,270.697,28.653927000050317,8.954,1307161592,1667,0,active,1.19,,,,,0,,
sensor_combined,2026-08-07T15:02:48.172+08:00,270.726,29.150630999993155,22.505,1307184097,1667,0,active,1.19,,,,,0,,
sensor_combined,2026-08-07T15:02:48.202+08:00,270.756,30.223214999978154,49.51,1307233607,1667,0,active,1.19,,,,,0,,
sensor_combined,2026-08-07T15:02:48.230+08:00,270.786,29.47406399994179,18.004,1307251611,1667,0,active,1.19,,,,,0,,
sensor_combined,2026-08-07T15:02:48.261+08:00,270.814,28.478192999955354,13.551,1307265162,1667,0,active,1.19,,,,,0,,
sensor_combined,2026-08-07T15:02:48.290+08:00,270.845,30.426377000139837,58.464,1307323626,1667,0,active,1.19,,,,,0,,
sensor_combined,2026-08-07T15:02:48.318+08:00,270.874,29.05730699990272,31.555,1307355181,1667,0,active,1.19,,,,,0,,
sensor_combined,2026-08-07T15:02:48.351+08:00,270.902,28.558939000049577,8.954,1307364135,1667,0,active,1.19,,,,,0,,
sensor_combined,2026-08-07T15:02:48.379+08:00,270.934,31.82892399991033,67.514,1307431649,1667,0,active,1.19,,,,,0,,
sensor_combined,2026-08-07T15:02:48.407+08:00,270.962,28.27900000011141,13.55,1307445199,1667,0,active,1.19,,,,,0,,
sensor_combined,2026-08-07T15:02:48.438+08:00,270.991,28.812987000037538,8.955,1307454154,1667,0,active,1.19,,,,,0,,
sensor_combined,2026-08-07T15:02:48.467+08:00,271.022,30.908870999837745,58.56,1307512714,1667,0,active,1.19,,,,,0,,
sensor_combined,2026-08-07T15:02:48.496+08:00,271.050,28.424970000060057,8.954,1307521668,1667,0,active,1.19,,,,,0,,
sensor_combined,2026-08-07T15:02:48.528+08:00,271.080,30.004372000121293,22.505,1307544173,1667,0,active,1.19,,,,,0,,
sensor_combined,2026-08-07T15:02:48.557+08:00,271.111,30.95233199996983,49.51,1307593683,1667,0,active,1.19,,,,,0,,
sensor_combined,2026-08-07T15:02:48.586+08:00,271.140,29.143589999875985,18.004,1307611687,1667,0,active,1.19,,,,,0,,
sensor_combined,2026-08-07T15:02:48.616+08:00,271.169,28.732496999964496,13.551,1307625238,1667,0,active,1.19,,,,,0,,
sensor_combined,2026-08-07T15:02:48.644+08:00,271.199,29.83465400006935,67.513,1307692751,1667,0,active,1.19,,,,,0,,
sensor_combined,2026-08-07T15:02:48.673+08:00,271.228,28.72702400009075,22.505,1307715256,1667,0,active,1.19,,,,,0,,
sensor_combined,2026-08-07T15:02:48.701+08:00,271.257,29.209455000000162,8.955,1307724211,1667,0,active,1.19,,,,,0,,
sensor_combined,2026-08-07T15:02:48.730+08:00,271.285,27.641605999860985,18.004,1307742215,1667,0,active,1.19,,,,,0,,
sensor_combined,2026-08-07T15:02:48.758+08:00,271.313,28.379620000123396,9.001,1307751216,1667,0,active,1.19,,,,,0,,
sensor_combined,2026-08-07T15:02:48.787+08:00,271.341,28.112449999980527,22.505,1307773721,1667,0,active,1.19,,,,,0,,
sensor_combined,2026-08-07T15:02:48.815+08:00,271.370,29.16788099992118,9.049,1307782770,1667,0,active,1.19,,,,,0,,
sensor_combined,2026-08-07T15:02:48.844+08:00,271.399,28.256917000135218,31.46,1307814230,1667,0,active,1.19,,,,,0,,
sensor_combined,2026-08-07T15:02:48.872+08:00,271.427,28.5422329998255,9.002,1307823232,1667,0,active,1.19,,,,,0,,
sensor_combined,2026-08-07T15:02:48.900+08:00,271.455,27.941324000039458,18.003,1307841235,1667,0,active,1.19,,,,,0,,
sensor_combined,2026-08-07T15:02:48.930+08:00,271.484,29.328764999945633,13.503,1307854738,1667,0,active,1.19,,,,,0,,
failsafe_flags,2026-08-07T15:02:49.644+08:00,272.196,,,1308607215,1667,0,active,1.1,,,,,0,,"{'gcs_connection_lost': True, 'manual_control_signal_lost': True, 'offboard_control_signal_lost': True}"
sensor_combined,2026-08-07T15:02:49.676+08:00,272.228,743.2333710000876,1003.711,1308858449,1667,0,active,1.1,,,,,0,,
vehicle_status,2026-08-07T15:02:49.706+08:00,272.259,,,1308420135,1667,0,active,1.1,,,,,0,"{'arming_state': 1, 'nav_state': 4, 'failsafe': True}",
sensor_combined,2026-08-07T15:02:49.738+08:00,272.293,64.90437599995857,36.008,1308894457,1667,0,active,1.1,,,,,0,,
vehicle_status,2026-08-07T15:02:49.766+08:00,272.321,,,1308926281,1667,0,active,1.1,,,,,0,"{'arming_state': 1, 'nav_state': 4, 'failsafe': True}",
sensor_combined,2026-08-07T15:02:49.798+08:00,272.351,58.10657999995783,4.501,1308898958,1667,0,active,1.1,,,,,0,,
sensor_combined,2026-08-07T15:02:49.827+08:00,272.382,31.347967000101562,9.049,1308908007,1667,0,active,1.1,,,,,0,,
sensor_combined,2026-08-07T15:02:49.856+08:00,272.411,28.63392499989459,8.954,1308916961,1667,0,active,1.1,,,,,0,,
sensor_combined,2026-08-07T15:02:49.884+08:00,272.440,29.08754999998564,31.507,1308948468,1667,0,active,1.1,,,,,0,,
sensor_combined,2026-08-07T15:02:49.913+08:00,272.468,28.627844000084224,9.002,1308957470,1667,0,active,1.1,,,,,0,,
sensor_combined,2026-08-07T15:02:49.942+08:00,272.496,27.896647000034136,27.006,1308984476,1667,0,active,1.1,,,,,0,,
sensor_combined,2026-08-07T15:02:49.972+08:00,272.525,29.194347999919046,13.55,1308998026,1667,0,active,1.1,,,,,0,,
sensor_combined,2026-08-07T15:02:50.002+08:00,272.557,32.01934800017625,26.958,1309024984,1667,0,active,1.1,,,,,0,,
failsafe_flags,2026-08-07T15:02:50.030+08:00,272.585,,,1309157287,1667,0,active,1.1,,,,,0,,"{'gcs_connection_lost': True, 'manual_control_signal_lost': True, 'offboard_control_signal_lost': True}"
sensor_combined,2026-08-07T15:02:50.060+08:00,272.615,57.75885699995342,40.556,1309065540,1667,0,active,1.1,,,,,0,,
sensor_combined,2026-08-07T15:02:50.091+08:00,272.644,28.73985799988077,22.508,1309088048,1667,0,active,1.1,,,,,0,,
sensor_combined,2026-08-07T15:02:50.119+08:00,272.674,30.218863000072815,58.462,1309146510,1667,0,active,1.1,,,,,0,,
sensor_combined,2026-08-07T15:02:50.148+08:00,272.703,28.598496000086016,9.049,1309155559,1667,0,active,1.1,,,,,0,,
sensor_combined,2026-08-07T15:02:50.179+08:00,272.733,29.901125999913347,31.459,1309187018,1667,0,active,1.1,,,,,0,,
sensor_combined,2026-08-07T15:02:50.207+08:00,272.762,29.53090300002259,58.56,1309245578,1667,0,active,1.1,,,,,0,,
sensor_combined,2026-08-07T15:02:50.236+08:00,272.790,28.27352700001029,13.456,1309259034,1667,0,active,1.1,,,,,0,,
sensor_combined,2026-08-07T15:02:50.265+08:00,272.819,28.48689799998283,9.049,1309268083,1667,0,active,1.1,,,,,0,,
sensor_combined,2026-08-07T15:02:50.293+08:00,272.849,29.73646500004179,58.465,1309326548,1667,0,active,1.1,,,,,0,,
sensor_combined,2026-08-07T15:02:50.322+08:00,272.877,28.101633000005677,18.003,1309344551,1667,0,active,1.1,,,,,0,,
sensor_combined,2026-08-07T15:02:50.351+08:00,272.905,28.64064599998528,13.551,1309358102,1667,0,active,1.1,,,,,0,,
sensor_combined,2026-08-07T15:02:50.379+08:00,272.935,29.188138999870716,49.463,1309407565,1667,0,active,1.1,,,,,0,,
sensor_combined,2026-08-07T15:02:50.408+08:00,272.963,28.33647900001779,9.002,1309416567,1667,0,active,1.1,,,,,0,,
sensor_combined,2026-08-07T15:02:50.437+08:00,272.991,28.28600800012282,31.554,1309448121,1667,0,active,1.1,,,,,0,,
sensor_combined,2026-08-07T15:02:50.466+08:00,273.020,28.698636999934024,58.464,1309506585,1667,0,active,1.1,,,,,0,,
sensor_combined,2026-08-07T15:02:50.494+08:00,273.050,29.68826699998317,9.05,1309515635,1667,0,active,1.1,,,,,0,,
sensor_combined,2026-08-07T15:02:50.524+08:00,273.078,28.301049999981842,22.505,1309538140,1667,0,active,1.1,,,,,0,,
sensor_combined,2026-08-07T15:02:50.553+08:00,273.107,29.28760899999361,40.461,1309578601,1667,0,active,1.1,,,,,0,,
sensor_combined,2026-08-07T15:02:50.582+08:00,273.136,29.277110000066386,9.002,1309587603,1667,0,active,1.1,,,,,0,,
sensor_combined,2026-08-07T15:02:50.611+08:00,273.166,29.164777000005415,18.051,1309605654,1667,0,active,1.1,,,,,0,,
sensor_combined,2026-08-07T15:02:50.639+08:00,273.194,28.492850000020553,62.966,1309668620,1667,0,active,1.1,,,,,0,,
sensor_combined,2026-08-07T15:02:50.668+08:00,273.222,28.091039999935674,36.007,1309704627,1667,0,active,1.1,,,,,0,,
sensor_combined,2026-08-07T15:02:50.696+08:00,273.251,29.045849000112867,13.551,1309718178,1667,0,active,1.1,,,,,0,,
sensor_combined,2026-08-07T15:02:50.725+08:00,273.279,27.81545199991342,17.956,1309736134,1667,0,active,1.1,,,,,0,,
sensor_combined,2026-08-07T15:02:50.753+08:00,273.308,28.98507400004746,49.558,1309785692,1667,0,active,1.1,,,,,0,,
sensor_combined,2026-08-07T15:02:50.781+08:00,273.337,28.465135000033115,8.954,1309794646,1667,0,active,1.1,,,,,0,,
sensor_combined,2026-08-07T15:02:50.810+08:00,273.365,28.434346999802074,13.551,1309808197,1667,0,active,1.1,,,,,0,,
sensor_combined,2026-08-07T15:02:50.839+08:00,273.394,29.240722000167807,103.474,1309911671,1667,0,active,1.1,,,,,0,,
sensor_combined,2026-08-07T15:02:50.867+08:00,273.422,28.25185999995483,4.501,1309916172,1667,0,active,1.1,,,,,0,,
sensor_combined,2026-08-07T15:02:50.895+08:00,273.451,28.416360999926837,9.005,1309925177,1667,0,active,1.1,,,,,0,,
sensor_combined,2026-08-07T15:02:50.924+08:00,273.479,28.137349999951766,40.553,1309965730,1667,0,active,1.1,,,,,0,,
sensor_combined,2026-08-07T15:02:50.952+08:00,273.507,28.36624200017468,31.459,1309997189,1667,0,active,1.1,,,,,0,,
sensor_combined,2026-08-07T15:02:50.981+08:00,273.536,28.41808899984244,9.002,1310006191,1667,0,active,1.1,,,,,0,,
sensor_combined,2026-08-07T15:02:51.010+08:00,273.565,29.180811000060203,22.504,1310028695,1667,0,active,1.1,,,,,0,,
sensor_combined,2026-08-07T15:02:51.038+08:00,273.594,28.55093800008035,49.558,1310078253,1667,0,active,1.1,,,,,0,,
sensor_combined,2026-08-07T15:02:51.066+08:00,273.622,28.1598799999756,17.957,1310096210,1667,0,active,1.1,,,,,0,,
sensor_combined,2026-08-07T15:02:51.098+08:00,273.650,28.302106999944954,9.002,1310105212,1667,0,active,1.1,,,,,0,,
sensor_combined,2026-08-07T15:02:51.127+08:00,273.681,31.0301659999368,31.506,1310136718,1667,0,active,1.1,,,,,0,,
sensor_combined,2026-08-07T15:02:51.156+08:00,273.711,29.64455000005728,18.004,1310154722,1667,0,active,1.1,,,,,0,,
sensor_combined,2026-08-07T15:02:51.187+08:00,273.740,29.39526900013334,13.55,1310168272,1667,0,active,1.1,,,,,0,,
sensor_combined,2026-08-07T15:02:51.216+08:00,273.771,30.73668899992299,58.465,1310226737,1667,0,active,1.1,,,,,0,,
sensor_combined,2026-08-07T15:02:51.244+08:00,273.799,28.525686999955724,9.05,1310235787,1667,0,active,1.1,,,,,0,,
sensor_combined,2026-08-07T15:02:51.274+08:00,273.828,28.62477200005742,31.458,1310267245,1667,0,active,1.1,,,,,0,,
sensor_combined,2026-08-07T15:02:51.304+08:00,273.858,29.813882999860652,67.515,1310334760,1667,0,active,1.1,,,,,0,,
sensor_combined,2026-08-07T15:02:51.332+08:00,273.887,29.639205000194124,22.504,1310357264,1667,0,active,1.1,,,,,0,,
sensor_combined,2026-08-07T15:02:51.361+08:00,273.915,27.75198799986356,9.003,1310366267,1667,0,active,1.1,,,,,0,,
sensor_combined,2026-08-07T15:02:51.389+08:00,273.945,29.475216000037108,58.512,1310424779,1667,0,active,1.1,,,,,0,,
sensor_combined,2026-08-07T15:02:51.419+08:00,273.973,28.3279660000062,31.506,1310456285,1667,0,active,1.1,,,,,0,,
sensor_combined,2026-08-07T15:02:51.448+08:00,274.002,29.07817300001625,9.005,1310465290,1667,0,active,1.1,,,,,0,,
sensor_combined,2026-08-07T15:02:51.477+08:00,274.031,29.464463000067553,49.508,1310514798,1667,0,active,1.1,,,,,0,,
sensor_combined,2026-08-07T15:02:51.506+08:00,274.060,28.87741199992888,13.55,1310528348,1667,0,active,1.1,,,,,0,,
sensor_combined,2026-08-07T15:02:51.534+08:00,274.089,29.004371999917566,17.957,1310546305,1667,0,active,1.1,,,,,0,,
sensor_combined,2026-08-07T15:02:51.563+08:00,274.117,28.10828900010165,49.557,1310595862,1667,0,active,1.1,,,,,0,,
sensor_combined,2026-08-07T15:02:51.592+08:00,274.147,29.538999999886073,22.505,1310618367,1667,0,active,1.1,,,,,0,,
sensor_combined,2026-08-07T15:02:51.622+08:00,274.175,28.10153700011142,8.954,1310627321,1667,0,active,1.1,,,,,0,,
sensor_combined,2026-08-07T15:02:51.651+08:00,274.205,30.084190000025046,90.02,1310717341,1667,0,active,1.1,,,,,0,,
sensor_combined,2026-08-07T15:02:51.680+08:00,274.235,29.58607799996571,9.001,1310726342,1667,0,active,1.1,,,,,0,,
sensor_combined,2026-08-07T15:02:51.708+08:00,274.263,28.467023000075642,22.505,1310748847,1667,0,active,1.1,,,,,0,,
sensor_combined,2026-08-07T15:02:51.736+08:00,274.292,28.248243999996703,9.002,1310757849,1667,0,active,1.1,,,,,0,,
sensor_combined,2026-08-07T15:02:51.765+08:00,274.320,28.212910999855012,18.051,1310775900,1667,0,active,1.1,,,,,0,,
sensor_combined,2026-08-07T15:02:51.793+08:00,274.348,28.538327999967805,13.456,1310789356,1667,0,active,1.1,,,,,0,,
sensor_combined,2026-08-07T15:02:51.822+08:00,274.377,28.89991100005318,9.049,1310798405,1667,0,active,1.1,,,,,0,,
sensor_combined,2026-08-07T15:02:51.850+08:00,274.406,28.347936000045593,8.954,1310807359,1667,0,active,1.1,,,,,0,,
sensor_combined,2026-08-07T15:02:51.878+08:00,274.433,27.771319000066796,9.002,1310816361,1667,0,active,1.1,,,,,0,,
sensor_combined,2026-08-07T15:02:51.906+08:00,274.462,28.30213799984449,31.507,1310847868,1667,0,active,1.1,,,,,0,,
sensor_combined,2026-08-07T15:02:51.934+08:00,274.489,27.907304000109434,9.002,1310856870,1667,0,active,1.1,,,,,0,,
failsafe_flags,2026-08-07T15:02:52.654+08:00,275.207,,,1311351240,1667,0,active,1.1,,,,,0,,"{'gcs_connection_lost': True, 'manual_control_signal_lost': True, 'offboard_control_signal_lost': True}"
sensor_combined,2026-08-07T15:02:52.685+08:00,275.237,747.751419999986,1012.713,1311869583,1667,0,active,1.1,,,,,0,,
vehicle_status,2026-08-07T15:02:52.714+08:00,275.268,,,1311461713,1667,0,active,1.1,,,,,0,"{'arming_state': 1, 'nav_state': 4, 'failsafe': True}",
sensor_combined,2026-08-07T15:02:52.747+08:00,275.299,61.99430800006667,36.008,1311905591,1667,0,active,1.1,,,,,0,,
failsafe_flags,2026-08-07T15:02:52.778+08:00,275.331,,,1311891324,1667,0,active,1.1,,,,,0,,"{'gcs_connection_lost': True, 'manual_control_signal_lost': True, 'offboard_control_signal_lost': True}"
sensor_combined,2026-08-07T15:02:52.808+08:00,275.362,62.91109699986919,4.501,1311910092,1667,0,active,1.1,,,,,0,,
sensor_combined,2026-08-07T15:02:52.837+08:00,275.392,29.951084999993327,4.501,1311914593,1667,0,active,1.1,,,,,0,,
vehicle_status,2026-08-07T15:02:52.865+08:00,275.420,,,1311968086,1667,0,active,1.1,,,,,0,"{'arming_state': 1, 'nav_state': 4, 'failsafe': True}",
sensor_combined,2026-08-07T15:02:52.895+08:00,275.449,56.75079100001312,13.503,1311928096,1667,0,active,1.1,,,,,0,,
sensor_combined,2026-08-07T15:02:52.926+08:00,275.480,30.97892799996771,9.001,1311937097,1667,0,active,1.1,,,,,0,,
sensor_combined,2026-08-07T15:02:52.955+08:00,275.510,30.07129200000236,67.515,1312004612,1667,0,active,1.1,,,,,0,,
sensor_combined,2026-08-07T15:02:52.984+08:00,275.539,29.271829999970578,22.504,1312027116,1667,0,active,1.1,,,,,0,,
sensor_combined,2026-08-07T15:02:53.014+08:00,275.568,28.713615000015125,31.555,1312058671,1667,0,active,1.1,,,,,0,,
sensor_combined,2026-08-07T15:02:53.044+08:00,275.598,30.55445800009693,8.954,1312067625,1667,0,active,1.1,,,,,0,,
sensor_combined,2026-08-07T15:02:53.074+08:00,275.628,29.49733099990226,31.507,1312099132,1667,0,active,1.1,,,,,0,,
sensor_combined,2026-08-07T15:02:53.104+08:00,275.658,30.249459000060597,58.512,1312157644,1667,0,active,1.1,,,,,0,,
sensor_combined,2026-08-07T15:02:53.133+08:00,275.687,28.922761000103492,9.002,1312166646,1667,0,active,1.1,,,,,0,,
sensor_combined,2026-08-07T15:02:53.166+08:00,275.717,29.736176999904274,18.004,1312184650,1667,0,active,1.1,,,,,0,,
sensor_combined,2026-08-07T15:02:53.197+08:00,275.751,34.135171000116316,72.015,1312256665,1667,0,active,1.1,,,,,0,,
sensor_combined,2026-08-07T15:02:53.228+08:00,275.781,29.97035099997447,9.002,1312265667,1667,0,active,1.1,,,,,0,,
sensor_combined,2026-08-07T15:02:53.258+08:00,275.811,30.53509500000473,22.504,1312288171,1667,0,active,1.1,,,,,0,,
sensor_combined,2026-08-07T15:02:53.288+08:00,275.843,31.456204999813053,40.557,1312328728,1667,0,active,1.1,,,,,0,,
sensor_combined,2026-08-07T15:02:53.318+08:00,275.872,28.893509999988964,26.958,1312355686,1667,0,active,1.1,,,,,0,,
sensor_combined,2026-08-07T15:02:53.348+08:00,275.902,30.128579000120226,9.001,1312364687,1667,0,active,1.1,,,,,0,,
sensor_combined,2026-08-07T15:02:53.379+08:00,275.932,29.780790999893725,81.018,1312445705,1667,0,active,1.1,,,,,0,,
sensor_combined,2026-08-07T15:02:53.409+08:00,275.963,31.187498999997842,9.001,1312454706,1667,0,active,1.1,,,,,0,,
sensor_combined,2026-08-07T15:02:53.440+08:00,275.994,30.74209700002939,31.555,1312486261,1667,0,active,1.1,,,,,0,,
sensor_combined,2026-08-07T15:02:53.468+08:00,276.023,29.407623999986754,40.461,1312526722,1667,0,active,1.1,,,,,0,,
sensor_combined,2026-08-07T15:02:53.497+08:00,276.052,28.754996000088795,22.505,1312549227,1667,0,active,1.1,,,,,0,,
sensor_combined,2026-08-07T15:02:53.526+08:00,276.080,28.30953100010447,9.001,1312558228,1667,0,active,1.1,,,,,0,,
sensor_combined,2026-08-07T15:02:53.554+08:00,276.109,28.901830999984668,67.515,1312625743,1667,0,active,1.1,,,,,0,,
sensor_combined,2026-08-07T15:02:53.585+08:00,276.138,29.083357999979853,22.504,1312648247,1667,0,active,1.1,,,,,0,,
sensor_combined,2026-08-07T15:02:53.615+08:00,276.169,31.093085999827963,9.002,1312657249,1667,0,active,1.1,,,,,0,,
sensor_combined,2026-08-07T15:02:53.646+08:00,276.199,29.76475700006631,58.513,1312715762,1667,0,active,1.1,,,,,0,,
sensor_combined,2026-08-07T15:02:53.677+08:00,276.230,31.368769999971846,31.506,1312747268,1667,0,active,1.1,,,,,0,,
sensor_combined,2026-08-07T15:02:53.707+08:00,276.262,31.162503000132347,9.05,1312756318,1667,0,active,1.1,,,,,0,,
sensor_combined,2026-08-07T15:02:53.737+08:00,276.291,29.349727999942843,8.954,1312765272,1667,0,active,1.1,,,,,0,,
sensor_combined,2026-08-07T15:02:53.767+08:00,276.321,29.75141199999598,49.51,1312814782,1667,0,active,1.1,,,,,0,,
sensor_combined,2026-08-07T15:02:53.797+08:00,276.351,30.726190999985192,13.503,1312828285,1667,0,active,1.1,,,,,0,,
sensor_combined,2026-08-07T15:02:53.826+08:00,276.380,29.03845600008026,18.052,1312846337,1667,0,active,1.1,,,,,0,,
sensor_combined,2026-08-07T15:02:53.855+08:00,276.410,29.339551000020947,67.514,1312913851,1667,0,active,1.1,,,,,0,,
vehicle_status,2026-08-07T15:02:53.883+08:00,276.437,,,1312981264,1667,0,active,1.1,,,,,0,"{'arming_state': 1, 'nav_state': 4, 'failsafe': True}",
failsafe_flags,2026-08-07T15:02:53.911+08:00,276.465,,,1312981253,1667,0,active,1.1,,,,,0,,"{'gcs_connection_lost': True, 'manual_control_signal_lost': True, 'offboard_control_signal_lost': True}"
sensor_combined,2026-08-07T15:02:53.940+08:00,276.495,85.59674299999642,90.019,1313003870,1667,0,active,1.1,,,,,0,,
sensor_combined,2026-08-07T15:02:53.971+08:00,276.525,29.345791999958237,8.954,1313012824,1667,0,active,1.1,,,,,0,,
sensor_combined,2026-08-07T15:02:54.002+08:00,276.555,29.836349999868617,22.505,1313035329,1667,0,active,1.1,,,,,0,,
sensor_combined,2026-08-07T15:02:54.031+08:00,276.585,30.89363700019021,40.508,1313075837,1667,0,active,1.1,,,,,0,,
sensor_combined,2026-08-07T15:02:54.059+08:00,276.615,29.389700999900015,27.006,1313102843,1667,0,active,1.1,,,,,0,,
sensor_combined,2026-08-07T15:02:54.088+08:00,276.643,28.232626000090022,13.551,1313116394,1667,0,active,1.1,,,,,0,,
sensor_combined,2026-08-07T15:02:54.117+08:00,276.672,28.80623399983051,58.464,1313174858,1667,0,active,1.1,,,,,0,,
sensor_combined,2026-08-07T15:02:54.145+08:00,276.700,28.398311000046306,31.555,1313206413,1667,0,active,1.1,,,,,0,,
sensor_combined,2026-08-07T15:02:54.175+08:00,276.728,28.157352000107494,8.954,1313215367,1667,0,active,1.1,,,,,0,,
sensor_combined,2026-08-07T15:02:54.205+08:00,276.760,31.352575000028082,49.51,1313264877,1667,0,active,1.1,,,,,0,,
sensor_combined,2026-08-07T15:02:54.234+08:00,276.788,28.271318999941286,9.05,1313273927,1667,0,active,1.1,,,,,0,,
sensor_combined,2026-08-07T15:02:54.267+08:00,276.818,30.310809999946287,22.505,1313296432,1667,0,active,1.1,,,,,0,,
sensor_combined,2026-08-07T15:02:54.298+08:00,276.851,33.10281499989287,35.96,1313332392,1667,0,active,1.1,,,,,0,,
sensor_combined,2026-08-07T15:02:54.329+08:00,276.882,30.536471000004894,13.503,1313345895,1667,0,active,1.1,,,,,0,,
sensor_combined,2026-08-07T15:02:54.360+08:00,276.913,30.970447000072454,18.051,1313363946,1667,0,active,1.1,,,,,0,,
sensor_combined,2026-08-07T15:02:54.390+08:00,276.944,31.567771000027278,80.969,1313444915,1667,0,active,1.1,,,,,0,,
failsafe_flags,2026-08-07T15:02:54.419+08:00,276.973,,,1313531345,1667,0,active,1.17,,,,,0,,"{'gcs_connection_lost': True, 'manual_control_signal_lost': True, 'offboard_control_signal_lost': True}"
sensor_combined,2026-08-07T15:02:54.449+08:00,277.004,59.15327399998205,18.006,1313462921,1667,0,active,1.17,,,,,0,,
sensor_combined,2026-08-07T15:02:54.478+08:00,277.033,28.9027910000641,63.012,1313525933,1667,0,active,1.17,,,,,0,,
sensor_combined,2026-08-07T15:02:54.506+08:00,277.062,28.97127999995064,9.002,1313534935,1667,0,active,1.17,,,,,0,,
sensor_combined,2026-08-07T15:02:54.537+08:00,277.090,28.531896000004053,31.553,1313566488,1667,0,active,1.17,,,,,0,,
sensor_combined,2026-08-07T15:02:54.567+08:00,277.120,30.163142999981574,58.465,1313624953,1667,0,active,1.17,,,,,0,,
sensor_combined,2026-08-07T15:02:54.597+08:00,277.151,31.083677999959036,9.05,1313634003,1667,0,active,1.17,,,,,0,,
sensor_combined,2026-08-07T15:02:54.627+08:00,277.181,29.655687000058606,22.505,1313656508,1667,0,active,1.17,,,,,0,,
sensor_combined,2026-08-07T15:02:54.655+08:00,277.210,29.36316899990743,67.514,1313724022,1667,0,active,1.17,,,,,0,,
sensor_combined,2026-08-07T15:02:54.684+08:00,277.239,28.84140700007265,8.954,1313732976,1667,0,active,1.17,,,,,0,,
sensor_combined,2026-08-07T15:02:54.713+08:00,277.268,28.680651000058788,22.505,1313755481,1667,0,active,1.17,,,,,0,,
sensor_combined,2026-08-07T15:02:54.741+08:00,277.297,28.789785000071788,9.002,1313764483,1667,0,active,1.17,,,,,0,,
sensor_combined,2026-08-07T15:02:54.770+08:00,277.325,28.124002999902586,9.002,1313773485,1667,0,active,1.17,,,,,0,,
sensor_combined,2026-08-07T15:02:54.799+08:00,277.354,28.802842999994027,22.504,1313795989,1667,0,active,1.17,,,,,0,,
sensor_combined,2026-08-07T15:02:54.829+08:00,277.383,29.278487000055975,9.003,1313804992,1667,0,active,1.17,,,,,0,,
sensor_combined,2026-08-07T15:02:54.858+08:00,277.412,29.447244000039063,18.003,1313822995,1667,0,active,1.17,,,,,0,,
sensor_combined,2026-08-07T15:02:54.887+08:00,277.441,29.066747999877407,13.551,1313836546,1667,0,active,1.17,,,,,0,,
sensor_combined,2026-08-07T15:02:54.916+08:00,277.470,29.03064700012692,17.956,1313854502,1667,0,active,1.17,,,,,0,,
sensor_combined,2026-08-07T15:02:54.944+08:00,277.499,28.83587099995566,9.002,1313863504,1667,0,active,1.17,,,,,0,,
sensor_combined,2026-08-07T15:02:55.661+08:00,278.216,716.7294460000448,1012.713,1314876217,1667,0,active,1.17,,,,,0,,
failsafe_flags,2026-08-07T15:02:55.690+08:00,278.244,,,1314631240,1667,0,active,1.17,,,,,0,,"{'gcs_connection_lost': True, 'manual_control_signal_lost': True, 'offboard_control_signal_lost': True}"
vehicle_status,2026-08-07T15:02:55.719+08:00,278.273,,,1314499084,1667,0,active,1.17,,,,,0,"{'arming_state': 1, 'nav_state': 4, 'failsafe': True}",
sensor_combined,2026-08-07T15:02:55.757+08:00,278.310,93.67044499981603,40.557,1314916774,1667,0,active,1.17,,,,,0,,
sensor_combined,2026-08-07T15:02:55.787+08:00,278.340,30.61241700015671,4.453,1314921227,1667,0,active,1.17,,,,,0,,
sensor_combined,2026-08-07T15:02:55.816+08:00,278.370,29.864129999850775,4.501,1314925728,1667,0,active,1.17,,,,,0,,
sensor_combined,2026-08-07T15:02:55.849+08:00,278.402,32.00632200014297,9.002,1314934730,1667,0,active,1.17,,,,,0,,
vehicle_status,2026-08-07T15:02:55.878+08:00,278.432,,,1315007469,1667,0,active,1.17,,,,,0,"{'arming_state': 1, 'nav_state': 4, 'failsafe': True}",
sensor_combined,2026-08-07T15:02:55.913+08:00,278.464,61.81959899981848,13.503,1314948233,1667,0,active,1.17,,,,,0,,
sensor_combined,2026-08-07T15:02:55.945+08:00,278.499,34.717868000143426,40.508,1314988741,1667,0,active,1.17,,,,,0,,
sensor_combined,2026-08-07T15:02:55.977+08:00,278.529,30.652966999923592,18.052,1315006793,1667,0,active,1.17,,,,,0,,
sensor_combined,2026-08-07T15:02:56.012+08:00,278.561,32.12534599992978,8.954,1315015747,1667,0,active,1.17,,,,,0,,
sensor_combined,2026-08-07T15:02:56.049+08:00,278.595,33.96759700012808,72.015,1315087762,1667,0,active,1.17,,,,,0,,
sensor_combined,2026-08-07T15:02:56.080+08:00,278.634,38.49876699996457,18.004,1315105766,1667,0,active,1.17,,,,,0,,
sensor_combined,2026-08-07T15:02:56.115+08:00,278.665,31.47787100010646,9.002,1315114768,1667,0,active,1.17,,,,,0,,
sensor_combined,2026-08-07T15:02:56.146+08:00,278.700,34.20471599997654,54.011,1315168779,1667,0,active,1.17,,,,,0,,
sensor_combined,2026-08-07T15:02:56.178+08:00,278.731,31.71988600001896,9.002,1315177781,1667,0,active,1.17,,,,,0,,
sensor_combined,2026-08-07T15:02:56.208+08:00,278.762,30.25998799989793,67.514,1315245295,1667,0,active,1.17,,,,,0,,
sensor_combined,2026-08-07T15:02:56.238+08:00,278.792,30.44942099995751,22.505,1315267800,1667,0,active,1.17,,,,,0,,
sensor_combined,2026-08-07T15:02:56.270+08:00,278.823,30.731472000070426,9.05,1315276850,1667,0,active,1.17,,,,,0,,
sensor_combined,2026-08-07T15:02:56.300+08:00,278.853,30.741744999886578,90.019,1315366869,1667,0,active,1.17,,,,,0,,
sensor_combined,2026-08-07T15:02:56.330+08:00,278.884,30.70343700005651,8.954,1315375823,1667,0,active,1.17,,,,,0,,
sensor_combined,2026-08-07T15:02:56.359+08:00,278.914,29.425257999946552,22.505,1315398328,1667,0,active,1.17,,,,,0,,
sensor_combined,2026-08-07T15:02:56.391+08:00,278.943,29.7169750001558,49.51,1315447838,1667,0,active,1.17,,,,,0,,
sensor_combined,2026-08-07T15:02:56.421+08:00,278.975,31.34438200004297,18.004,1315465842,1667,0,active,1.17,,,,,0,,
sensor_combined,2026-08-07T15:02:56.453+08:00,279.005,30.787062999934278,9.002,1315474844,1667,0,active,1.17,,,,,0,,
sensor_combined,2026-08-07T15:02:56.484+08:00,279.037,31.311994999896342,54.012,1315528856,1667,0,active,1.17,,,,,0,,
sensor_combined,2026-08-07T15:02:56.517+08:00,279.069,31.65232600008494,9.001,1315537857,1667,0,active,1.17,,,,,0,,
sensor_combined,2026-08-07T15:02:56.552+08:00,279.102,33.17981600002895,27.006,1315564863,1667,0,active,1.17,,,,,0,,
sensor_combined,2026-08-07T15:02:56.583+08:00,279.136,34.174663999920085,40.509,1315605372,1667,0,active,1.17,,,,,0,,
failsafe_flags,2026-08-07T15:02:56.620+08:00,279.166,,,1315701281,1667,0,active,1.17,,,,,0,,"{'gcs_connection_lost': True, 'manual_control_signal_lost': True, 'offboard_control_signal_lost': True}"
sensor_combined,2026-08-07T15:02:56.656+08:00,279.207,71.34164400008558,121.573,1315726945,1667,0,active,1.17,,,,,0,,
sensor_combined,2026-08-07T15:02:56.693+08:00,279.240,32.50081800001681,8.954,1315735899,1667,0,active,1.17,,,,,0,,
sensor_combined,2026-08-07T15:02:56.729+08:00,279.280,39.95530499992128,22.505,1315758404,1667,0,active,1.17,,,,,0,,
sensor_combined,2026-08-07T15:02:56.761+08:00,279.313,33.58060400000795,9.002,1315767406,1667,0,active,1.17,,,,,0,,
sensor_combined,2026-08-07T15:02:56.795+08:00,279.345,31.980848000102924,58.512,1315825918,1667,0,active,1.17,,,,,0,,
sensor_combined,2026-08-07T15:02:56.837+08:00,279.382,36.97956499991051,9.002,1315834920,1667,0,active,1.17,,,,,0,,
sensor_combined,2026-08-07T15:02:56.871+08:00,279.421,39.19120699993073,90.019,1315924939,1667,0,active,1.17,,,,,0,,
vehicle_status,2026-08-07T15:02:56.906+08:00,279.454,,,1316021259,1667,0,active,1.17,,,,,0,"{'arming_state': 1, 'nav_state': 4, 'failsafe': True}",
sensor_combined,2026-08-07T15:02:56.938+08:00,279.490,68.64939800016145,4.549,1315929488,1667,0,active,1.17,,,,,0,,
sensor_combined,2026-08-07T15:02:56.970+08:00,279.522,32.49460899996848,49.462,1315978950,1667,0,active,1.17,,,,,0,,
sensor_combined,2026-08-07T15:02:57.001+08:00,279.554,32.00161799986745,13.503,1315992453,1667,0,active,1.17,,,,,0,,
sensor_combined,2026-08-07T15:02:57.037+08:00,279.587,31.068154999957187,27.054,1316019507,1667,0,active,1.17,,,,,0,,
sensor_combined,2026-08-07T15:02:57.068+08:00,279.621,35.86620800001583,71.967,1316091474,1667,0,active,1.17,,,,,0,,
sensor_combined,2026-08-07T15:02:57.103+08:00,279.652,30.926441000019622,9.002,1316100476,1667,0,active,1.17,,,,,0,,
sensor_combined,2026-08-07T15:02:57.135+08:00,279.687,34.60115000007136,81.017,1316181493,1667,0,active,1.17,,,,,0,,
sensor_combined,2026-08-07T15:02:57.172+08:00,279.719,32.10895999995955,9.002,1316190495,1667,0,active,1.17,,,,,0,,
sensor_combined,2026-08-07T15:02:57.202+08:00,279.756,36.85266900015449,22.505,1316213000,1667,0,active,1.17,,,,,0,,
sensor_combined,2026-08-07T15:02:57.231+08:00,279.785,29.277526999976544,67.514,1316280514,1667,0,active,1.17,,,,,0,,
sensor_combined,2026-08-07T15:02:57.262+08:00,279.814,29.35238399982154,9.049,1316289563,1667,0,active,1.17,,,,,0,,
sensor_combined,2026-08-07T15:02:57.294+08:00,279.846,31.263316000149644,22.505,1316312068,1667,0,active,1.17,,,,,0,,
sensor_combined,2026-08-07T15:02:57.326+08:00,279.879,33.02350900003148,49.463,1316361531,1667,0,active,1.17,,,,,0,,
sensor_combined,2026-08-07T15:02:57.358+08:00,279.910,31.47572699981538,18.052,1316379583,1667,0,active,1.17,,,,,0,,
sensor_combined,2026-08-07T15:02:57.390+08:00,279.942,31.496049999987008,13.455,1316393038,1667,0,active,1.17,,,,,0,,
sensor_combined,2026-08-07T15:02:57.422+08:00,279.974,31.78091800009497,45.009,1316438047,1667,0,active,1.17,,,,,0,,
sensor_combined,2026-08-07T15:02:57.451+08:00,280.006,32.204428000113694,13.503,1316451550,1667,0,active,1.17,,,,,0,,
sensor_combined,2026-08-07T15:02:57.480+08:00,280.035,29.26360499986913,58.513,1316510063,1667,0,active,1.17,,,,,0,,
sensor_combined,2026-08-07T15:02:57.508+08:00,280.064,28.500116000031994,31.506,1316541569,1667,0,active,1.17,,,,,0,,
sensor_combined,2026-08-07T15:02:57.536+08:00,280.091,27.819997000051444,9.002,1316550571,1667,0,active,1.17,,,,,0,,
sensor_combined,2026-08-07T15:02:57.565+08:00,280.120,28.454509999846778,22.505,1316573076,1667,0,active,1.17,,,,,0,,
sensor_combined,2026-08-07T15:02:57.594+08:00,280.149,29.084126000043398,45.01,1316618086,1667,0,active,1.17,,,,,0,,
sensor_combined,2026-08-07T15:02:57.623+08:00,280.178,28.85977699997966,22.504,1316640590,1667,0,active,1.17,,,,,0,,
sensor_combined,2026-08-07T15:02:57.652+08:00,280.206,28.763477999973475,9.05,1316649640,1667,0,active,1.17,,,,,0,,
sensor_combined,2026-08-07T15:02:57.681+08:00,280.236,29.241202000093836,90.019,1316739659,1667,0,active,1.17,,,,,0,,
sensor_combined,2026-08-07T15:02:57.711+08:00,280.265,29.198764000057054,13.455,1316753114,1667,0,active,1.17,,,,,0,,
sensor_combined,2026-08-07T15:02:57.741+08:00,280.295,30.164071999934094,18.004,1316771118,1667,0,active,1.17,,,,,0,,
sensor_combined,2026-08-07T15:02:57.771+08:00,280.325,30.061851000027673,9.002,1316780120,1667,0,active,1.17,,,,,0,,
sensor_combined,2026-08-07T15:02:57.801+08:00,280.356,30.860896999911347,31.506,1316811626,1667,0,active,1.17,,,,,0,,
sensor_combined,2026-08-07T15:02:57.831+08:00,280.385,28.749650999998266,9.002,1316820628,1667,0,active,1.17,,,,,0,,
sensor_combined,2026-08-07T15:02:57.863+08:00,280.415,30.33401400011826,9.05,1316829678,1667,0,active,1.17,,,,,0,,
sensor_combined,2026-08-07T15:02:57.894+08:00,280.447,31.88886799989632,13.455,1316843133,1667,0,active,1.17,,,,,0,,
sensor_combined,2026-08-07T15:02:57.925+08:00,280.478,31.25163499998962,27.006,1316870139,1667,0,active,1.17,,,,,0,,
sensor_combined,2026-08-07T15:02:57.957+08:00,280.509,30.860256000096342,9.002,1316879141,1667,0,active,1.17,,,,,0,,
failsafe_flags,2026-08-07T15:02:58.676+08:00,281.227,,,1317882212,1667,0,active,1.17,,,,,0,,"{'gcs_connection_lost': True, 'manual_control_signal_lost': True, 'offboard_control_signal_lost': True}"
sensor_combined,2026-08-07T15:02:58.709+08:00,281.261,752.0238689999132,1008.26,1317887401,1667,0,active,1.17,,,,,0,,
vehicle_status,2026-08-07T15:02:58.741+08:00,281.293,,,1317541083,1667,0,active,1.17,,,,,0,"{'arming_state': 1, 'nav_state': 4, 'failsafe': True}",
sensor_combined,2026-08-07T15:02:58.772+08:00,281.326,64.90475900000092,35.96,1317923361,1667,0,active,1.17,,,,,0,,
sensor_combined,2026-08-07T15:02:58.804+08:00,281.358,31.65952700010166,4.502,1317927863,1667,0,active,1.17,,,,,0,,
sensor_combined,2026-08-07T15:02:58.835+08:00,281.389,31.360992999907467,9.001,1317936864,1667,0,active,1.17,,,,,0,,
sensor_combined,2026-08-07T15:02:58.864+08:00,281.419,30.36588899999515,9.002,1317945866,1667,0,active,1.17,,,,,0,,
sensor_combined,2026-08-07T15:02:58.894+08:00,281.448,28.79557799997201,9.049,1317954915,1667,0,active,1.17,,,,,0,,
sensor_combined,2026-08-07T15:02:58.925+08:00,281.478,29.82828500012147,31.46,1317986375,1667,0,active,1.17,,,,,0,,
sensor_combined,2026-08-07T15:02:58.954+08:00,281.509,30.956332999949154,40.508,1318026883,1667,0,active,1.17,,,,,0,,
sensor_combined,2026-08-07T15:02:58.985+08:00,281.538,28.54984999999033,31.507,1318058390,1667,0,active,1.17,,,,,0,,
sensor_combined,2026-08-07T15:02:59.017+08:00,281.569,31.022420999988753,9.049,1318067439,1667,0,active,1.17,,,,,0,,
sensor_combined,2026-08-07T15:02:59.047+08:00,281.600,31.91501500009508,17.957,1318085396,1667,0,active,1.17,,,,,0,,
sensor_combined,2026-08-07T15:02:59.079+08:00,281.631,30.29448899997078,13.502,1318098898,1667,0,active,1.17,,,,,0,,
sensor_combined,2026-08-07T15:02:59.110+08:00,281.662,31.679688999929567,18.004,1318116902,1667,0,active,1.17,,,,,0,,
sensor_combined,2026-08-07T15:02:59.139+08:00,281.694,31.25781099993219,72.016,1318188918,1667,0,active,1.17,,,,,0,,
sensor_combined,2026-08-07T15:02:59.167+08:00,281.722,28.323646000217195,9.001,1318197919,1667,0,active,1.17,,,,,0,,
sensor_combined,2026-08-07T15:02:59.198+08:00,281.750,28.012212999783515,18.004,1318215923,1667,0,active,1.17,,,,,0,,
sensor_combined,2026-08-07T15:02:59.228+08:00,281.781,31.264052000096854,40.509,1318256432,1667,0,active,1.17,,,,,0,,
sensor_combined,2026-08-07T15:02:59.256+08:00,281.811,29.86060900002485,22.505,1318278937,1667,0,active,1.17,,,,,0,,
sensor_combined,2026-08-07T15:02:59.286+08:00,281.839,28.16941800006134,9.002,1318287939,1667,0,active,1.17,,,,,0,,
sensor_combined,2026-08-07T15:02:59.317+08:00,281.872,32.23144000003231,67.514,1318355453,1667,0,active,1.17,,,,,0,,
sensor_combined,2026-08-07T15:02:59.345+08:00,281.900,28.41223199993692,22.504,1318377957,1667,0,active,1.17,,,,,0,,
sensor_combined,2026-08-07T15:02:59.376+08:00,281.929,28.596544000038193,9.003,1318386960,1667,0,active,1.17,,,,,0,,
sensor_combined,2026-08-07T15:02:59.405+08:00,281.959,30.808089999936783,90.018,1318476978,1667,0,active,1.17,,,,,0,,
sensor_combined,2026-08-07T15:02:59.433+08:00,281.988,28.868931000033626,9.002,1318485980,1667,0,active,1.24,,,,,0,,
sensor_combined,2026-08-07T15:02:59.465+08:00,282.017,28.280471000016405,22.505,1318508485,1667,0,active,1.24,,,,,0,,
sensor_combined,2026-08-07T15:02:59.495+08:00,282.048,31.512563999967824,40.509,1318548994,1667,0,active,1.24,,,,,0,,
sensor_combined,2026-08-07T15:02:59.525+08:00,282.079,30.9398509998573,27.005,1318575999,1667,0,active,1.24,,,,,0,,
sensor_combined,2026-08-07T15:02:59.553+08:00,282.108,29.082270000117205,9.05,1318585049,1667,0,active,1.24,,,,,0,,
sensor_combined,2026-08-07T15:02:59.583+08:00,282.137,29.104992999918977,49.463,1318634512,1667,0,active,1.24,,,,,0,,
sensor_combined,2026-08-07T15:02:59.612+08:00,282.167,29.66196000011223,13.503,1318648015,1667,0,active,1.24,,,,,0,,
sensor_combined,2026-08-07T15:02:59.643+08:00,282.195,28.276727000047686,18.003,1318666018,1667,0,active,1.24,,,,,0,,
sensor_combined,2026-08-07T15:02:59.672+08:00,282.227,31.419559999903868,40.509,1318706527,1667,0,active,1.24,,,,,0,,
sensor_combined,2026-08-07T15:02:59.703+08:00,282.256,29.94180299992877,9.002,1318715529,1667,0,active,1.24,,,,,0,,
sensor_combined,2026-08-07T15:02:59.733+08:00,282.287,30.02555900002335,22.505,1318738034,1667,0,active,1.24,,,,,0,,
sensor_combined,2026-08-07T15:02:59.762+08:00,282.317,30.001202999983434,9.002,1318747036,1667,0,active,1.24,,,,,0,,
sensor_combined,2026-08-07T15:02:59.792+08:00,282.346,29.25845200002186,49.51,1318796546,1667,0,active,1.24,,,,,0,,
sensor_combined,2026-08-07T15:02:59.821+08:00,282.375,29.39059699997415,9.002,1318805548,1667,0,active,1.24,,,,,0,,
sensor_combined,2026-08-07T15:02:59.851+08:00,282.404,29.174506000117617,31.507,1318837055,1667,0,active,1.24,,,,,0,,
sensor_combined,2026-08-07T15:02:59.882+08:00,282.435,30.570396000030087,99.021,1318936076,1667,0,active,1.24,,,,,0,,
sensor_combined,2026-08-07T15:02:59.912+08:00,282.466,30.954412000028242,4.501,1318940577,1667,0,active,1.24,,,,,0,,
sensor_combined,2026-08-07T15:02:59.942+08:00,282.496,30.367009999963557,9.001,1318949578,1667,0,active,1.24,,,,,0,,
sensor_combined,2026-08-07T15:02:59.970+08:00,282.525,29.225007999912123,49.511,1318999089,1667,0,active,1.24,,,,,0,,
sensor_combined,2026-08-07T15:02:59.999+08:00,282.554,28.509493000001385,31.506,1319030595,1667,0,active,1.24,,,,,0,,
sensor_combined,2026-08-07T15:03:00.030+08:00,282.583,28.91229600004408,4.549,1319035144,1667,0,active,1.24,,,,,0,,
sensor_combined,2026-08-07T15:03:00.058+08:00,282.613,30.10262399993735,71.968,1319107112,1667,0,active,1.24,,,,,0,,
sensor_combined,2026-08-07T15:03:00.087+08:00,282.642,28.742867000119077,13.503,1319120615,1667,0,active,1.24,,,,,0,,
sensor_combined,2026-08-07T15:03:00.115+08:00,282.670,28.528150999818536,9.002,1319129617,1667,0,active,1.24,,,,,0,,
sensor_combined,2026-08-07T15:03:00.144+08:00,282.699,28.573053000172877,85.565,1319215182,1667,0,active,1.24,,,,,0,,
sensor_combined,2026-08-07T15:03:00.172+08:00,282.727,28.480240999897433,13.456,1319228638,1667,0,active,1.24,,,,,0,,
sensor_combined,2026-08-07T15:03:00.201+08:00,282.755,28.06953300000714,22.504,1319251142,1667,0,active,1.24,,,,,0,,
sensor_combined,2026-08-07T15:03:00.229+08:00,282.784,29.08223800000087,40.509,1319291651,1667,0,active,1.24,,,,,0,,
sensor_combined,2026-08-07T15:03:00.258+08:00,282.813,28.59590399998524,9.002,1319300653,1667,0,active,1.24,,,,,0,,
sensor_combined,2026-08-07T15:03:00.289+08:00,282.841,28.33660700002838,18.003,1319318656,1667,0,active,1.24,,,,,0,,
sensor_combined,2026-08-07T15:03:00.318+08:00,282.872,30.830235999928846,40.509,1319359165,1667,0,active,1.24,,,,,0,,
sensor_combined,2026-08-07T15:03:00.348+08:00,282.903,30.348672000172883,22.505,1319381670,1667,0,active,1.24,,,,,0,,
sensor_combined,2026-08-07T15:03:00.381+08:00,282.932,29.28661599980842,9.002,1319390672,1667,0,active,1.24,,,,,0,,
sensor_combined,2026-08-07T15:03:00.411+08:00,282.966,34.013490999996066,72.063,1319462735,1667,0,active,1.24,,,,,0,,
sensor_combined,2026-08-07T15:03:00.442+08:00,282.995,29.451021000113542,17.956,1319480691,1667,0,active,1.24,,,,,0,,
sensor_combined,2026-08-07T15:03:00.472+08:00,283.027,31.329083999935392,4.548,1319485239,1667,0,active,1.24,,,,,0,,
sensor_combined,2026-08-07T15:03:00.503+08:00,283.056,29.074685000068712,62.966,1319548205,1667,0,active,1.24,,,,,0,,
sensor_combined,2026-08-07T15:03:00.533+08:00,283.086,30.774421999922197,9.002,1319557207,1667,0,active,1.24,,,,,0,,
sensor_combined,2026-08-07T15:03:00.565+08:00,283.117,30.670888000031482,22.505,1319579712,1667,0,active,1.24,,,,,0,,
sensor_combined,2026-08-07T15:03:00.594+08:00,283.148,31.14442100013548,81.017,1319660729,1667,0,active,1.24,,,,,0,,
sensor_combined,2026-08-07T15:03:00.624+08:00,283.179,30.73195299998588,13.503,1319674232,1667,0,active,1.24,,,,,0,,
sensor_combined,2026-08-07T15:03:00.653+08:00,283.207,28.219152000019676,18.004,1319692236,1667,0,active,1.24,,,,,0,,
sensor_combined,2026-08-07T15:03:00.683+08:00,283.237,29.8132429998077,58.512,1319750748,1667,0,active,1.24,,,,,0,,
sensor_combined,2026-08-07T15:03:00.711+08:00,283.266,29.37987600012093,9.002,1319759750,1667,0,active,1.24,,,,,0,,
sensor_combined,2026-08-07T15:03:00.740+08:00,283.295,28.465583000070183,18.051,1319777801,1667,0,active,1.24,,,,,0,,
sensor_combined,2026-08-07T15:03:00.768+08:00,283.323,28.438507999908325,8.955,1319786756,1667,0,active,1.24,,,,,0,,
sensor_combined,2026-08-07T15:03:00.798+08:00,283.352,28.504595999947924,22.506,1319809262,1667,0,active,1.24,,,,,0,,
sensor_combined,2026-08-07T15:03:00.826+08:00,283.381,29.590526999982103,9.0,1319818262,1667,0,active,1.24,,,,,0,,
sensor_combined,2026-08-07T15:03:00.854+08:00,283.410,28.245811000033427,22.505,1319840767,1667,0,active,1.24,,,,,0,,
sensor_combined,2026-08-07T15:03:00.883+08:00,283.438,28.014805000111664,4.549,1319845316,1667,0,active,1.24,,,,,0,,
sensor_combined,2026-08-07T15:03:00.911+08:00,283.466,28.435019999960787,26.958,1319872274,1667,0,active,1.24,,,,,0,,
sensor_combined,2026-08-07T15:03:00.939+08:00,283.494,28.313915999888195,9.002,1319881276,1667,0,active,1.24,,,,,0,,
sensor_combined,2026-08-07T15:03:00.968+08:00,283.523,28.270102000078623,4.501,1319885777,1667,0,active,1.24,,,,,0,,
sensor_combined,2026-08-07T15:03:01.687+08:00,284.239,715.9633639998901,1012.714,1320898491,1667,0,active,1.24,,,,,0,,
failsafe_flags,2026-08-07T15:03:01.718+08:00,284.270,,,1320624934,1667,0,active,1.24,,,,,0,,"{'gcs_connection_lost': True, 'manual_control_signal_lost': True, 'offboard_control_signal_lost': True}"
vehicle_status,2026-08-07T15:03:01.750+08:00,284.304,,,1320580102,1667,0,active,1.24,,,,,0,"{'arming_state': 1, 'nav_state': 4, 'failsafe': True}",
sensor_combined,2026-08-07T15:03:01.782+08:00,284.335,96.53532300012557,36.008,1320934499,1667,0,active,1.24,,,,,0,,
sensor_combined,2026-08-07T15:03:01.813+08:00,284.367,31.40096599986464,4.501,1320939000,1667,0,active,1.24,,,,,0,,
sensor_combined,2026-08-07T15:03:01.842+08:00,284.396,29.843359000096825,9.05,1320948050,1667,0,active,1.24,,,,,0,,
sensor_combined,2026-08-07T15:03:01.871+08:00,284.426,29.156550999914543,8.954,1320957004,1667,0,active,1.24,,,,,0,,
sensor_combined,2026-08-07T15:03:01.900+08:00,284.454,28.856705000180227,9.001,1320966005,1667,0,active,1.24,,,,,0,,
sensor_combined,2026-08-07T15:03:01.928+08:00,284.483,28.582173999893712,31.507,1320997512,1667,0,active,1.24,,,,,0,,
sensor_combined,2026-08-07T15:03:01.958+08:00,284.513,29.613442000027135,9.002,1321006514,1667,0,active,1.24,,,,,0,,
sensor_combined,2026-08-07T15:03:01.987+08:00,284.541,28.608129000076588,22.505,1321029019,1667,0,active,1.24,,,,,0,,
sensor_combined,2026-08-07T15:03:02.017+08:00,284.571,29.416904999834514,9.049,1321038068,1667,0,active,1.24,,,,,0,,
sensor_combined,2026-08-07T15:03:02.046+08:00,284.601,30.255219000082434,67.514,1321105582,1667,0,active,1.24,,,,,0,,
failsafe_flags,2026-08-07T15:03:02.074+08:00,284.629,,,1321176364,1667,0,active,1.24,,,,,0,,"{'gcs_connection_lost': True, 'manual_control_signal_lost': True, 'offboard_control_signal_lost': True}"
sensor_combined,2026-08-07T15:03:02.103+08:00,284.658,56.63676099993609,22.505,1321128087,1667,0,active,1.24,,,,,0,,
sensor_combined,2026-08-07T15:03:02.133+08:00,284.687,29.739026000015656,8.955,1321137042,1667,0,active,1.24,,,,,0,,
sensor_combined,2026-08-07T15:03:02.161+08:00,284.717,29.20084500010489,49.51,1321186552,1667,0,active,1.24,,,,,0,,
sensor_combined,2026-08-07T15:03:02.192+08:00,284.746,28.491122999867002,9.049,1321195601,1667,0,active,1.24,,,,,0,,
sensor_combined,2026-08-07T15:03:02.227+08:00,284.776,31.131362999985868,31.46,1321227061,1667,0,active,1.24,,,,,0,,
sensor_combined,2026-08-07T15:03:02.260+08:00,284.812,35.42851900010646,40.508,1321267569,1667,0,active,1.24,,,,,0,,
sensor_combined,2026-08-07T15:03:02.299+08:00,284.844,32.12038600008782,18.051,1321285620,1667,0,active,1.24,,,,,0,,
sensor_combined,2026-08-07T15:03:02.332+08:00,284.883,39.165123999964635,80.97,1321366590,1667,0,active,1.24,,,,,0,,
sensor_combined,2026-08-07T15:03:02.369+08:00,284.916,33.162854000011066,18.004,1321384594,1667,0,active,1.24,,,,,0,,
sensor_combined,2026-08-07T15:03:02.403+08:00,284.953,37.15558799990504,13.551,1321398145,1667,0,active,1.24,,,,,0,,
sensor_combined,2026-08-07T15:03:02.440+08:00,284.986,33.22462200003429,58.464,1321456609,1667,0,active,1.24,,,,,0,,
sensor_combined,2026-08-07T15:03:02.472+08:00,285.024,38.01953800007141,31.555,1321488164,1667,0,active,1.24,,,,,0,,
sensor_combined,2026-08-07T15:03:02.502+08:00,285.056,31.357600999854185,58.464,1321546628,1667,0,active,1.24,,,,,0,,
sensor_combined,2026-08-07T15:03:02.535+08:00,285.086,30.49201700014237,9.05,1321555678,1667,0,active,1.24,,,,,0,,
sensor_combined,2026-08-07T15:03:02.567+08:00,285.119,33.003089999965596,22.505,1321578183,1667,0,active,1.24,,,,,0,,
sensor_combined,2026-08-07T15:03:02.598+08:00,285.151,32.00529900004767,49.462,1321627645,1667,0,active,1.24,,,,,0,,
failsafe_flags,2026-08-07T15:03:02.627+08:00,285.181,,,1321716311,1667,0,active,1.24,,,,,0,,"{'gcs_connection_lost': True, 'manual_control_signal_lost': True, 'offboard_control_signal_lost': True}"
sensor_combined,2026-08-07T15:03:02.657+08:00,285.211,59.25383099997816,18.052,1321645697,1667,0,active,1.24,,,,,0,,
sensor_combined,2026-08-07T15:03:02.691+08:00,285.242,31.223214999954507,80.969,1321726666,1667,0,active,1.24,,,,,0,,
sensor_combined,2026-08-07T15:03:02.726+08:00,285.280,37.64886699991621,18.004,1321744670,1667,0,active,1.24,,,,,0,,
sensor_combined,2026-08-07T15:03:02.755+08:00,285.310,30.984111999941888,13.551,1321758221,1667,0,active,1.24,,,,,0,,
sensor_combined,2026-08-07T15:03:02.789+08:00,285.340,29.757748000065476,17.956,1321776177,1667,0,active,1.24,,,,,0,,
sensor_combined,2026-08-07T15:03:02.821+08:00,285.373,33.14262799995049,72.063,1321848240,1667,0,active,1.24,,,,,0,,
sensor_combined,2026-08-07T15:03:02.852+08:00,285.404,31.10083100000338,8.954,1321857194,1667,0,active,1.24,,,,,0,,
sensor_combined,2026-08-07T15:03:02.884+08:00,285.436,31.413096000051155,94.52,1321951714,1667,0,active,1.24,,,,,0,,
sensor_combined,2026-08-07T15:03:02.914+08:00,285.467,31.482736000043587,9.05,1321960764,1667,0,active,1.24,,,,,0,,
sensor_combined,2026-08-07T15:03:02.949+08:00,285.500,32.48935999999958,8.954,1321969718,1667,0,active,1.24,,,,,0,,
sensor_combined,2026-08-07T15:03:02.979+08:00,285.534,33.98558399999274,40.509,1322010227,1667,0,active,1.24,,,,,0,,
vehicle_status,2026-08-07T15:03:03.007+08:00,285.562,,,1322101329,1667,0,active,1.24,,,,,0,"{'arming_state': 1, 'nav_state': 4, 'failsafe': True}",
sensor_combined,2026-08-07T15:03:03.036+08:00,285.591,56.99021400005222,31.506,1322041733,1667,0,active,1.24,,,,,0,,
sensor_combined,2026-08-07T15:03:03.065+08:00,285.620,29.111936999925092,58.513,1322100246,1667,0,active,1.24,,,,,0,,
failsafe_flags,2026-08-07T15:03:03.093+08:00,285.648,,,1322266242,1667,0,active,1.24,,,,,0,,"{'gcs_connection_lost': True, 'manual_control_signal_lost': True, 'offboard_control_signal_lost': True}"
sensor_combined,2026-08-07T15:03:03.122+08:00,285.676,56.25428100006502,9.002,1322109248,1667,0,active,1.24,,,,,0,,
sensor_combined,2026-08-07T15:03:03.151+08:00,285.705,29.168680999873686,90.019,1322199267,1667,0,active,1.24,,,,,0,,
sensor_combined,2026-08-07T15:03:03.180+08:00,285.735,29.455181000002995,9.049,1322208316,1667,0,active,1.24,,,,,0,,
sensor_combined,2026-08-07T15:03:03.214+08:00,285.765,30.172553000056723,31.459,1322239775,1667,0,active,1.24,,,,,0,,
sensor_combined,2026-08-07T15:03:03.247+08:00,285.798,33.164838999937274,58.56,1322298335,1667,0,active,1.24,,,,,0,,
sensor_combined,2026-08-07T15:03:03.280+08:00,285.832,33.67578400002458,13.456,1322311791,1667,0,active,1.24,,,,,0,,
sensor_combined,2026-08-07T15:03:03.312+08:00,285.865,32.84230100007335,18.003,1322329794,1667,0,active,1.24,,,,,0,,
sensor_combined,2026-08-07T15:03:03.343+08:00,285.897,31.95719699988331,72.016,1322401810,1667,0,active,1.24,,,,,0,,
sensor_combined,2026-08-07T15:03:03.375+08:00,285.928,31.160071000158496,9.049,1322410859,1667,0,active,1.24,,,,,0,,
sensor_combined,2026-08-07T15:03:03.407+08:00,285.959,31.363872999918385,22.505,1322433364,1667,0,active,1.24,,,,,0,,
sensor_combined,2026-08-07T15:03:03.435+08:00,285.991,31.59311800004616,35.96,1322469324,1667,0,active,1.24,,,,,0,,
sensor_combined,2026-08-07T15:03:03.464+08:00,286.019,28.298810000023877,9.049,1322478373,1667,0,active,1.24,,,,,0,,
sensor_combined,2026-08-07T15:03:03.495+08:00,286.047,28.24293100002251,17.957,1322496330,1667,0,active,1.24,,,,,0,,
sensor_combined,2026-08-07T15:03:03.524+08:00,286.078,31.18992999998227,63.013,1322559343,1667,0,active,1.24,,,,,0,,
sensor_combined,2026-08-07T15:03:03.553+08:00,286.107,28.846047999877555,9.049,1322568392,1667,0,active,1.24,,,,,0,,
sensor_combined,2026-08-07T15:03:03.582+08:00,286.137,29.26856600015526,22.505,1322590897,1667,0,active,1.24,,,,,0,,
sensor_combined,2026-08-07T15:03:03.611+08:00,286.166,29.4172559999879,67.515,1322658412,1667,0,active,1.24,,,,,0,,
sensor_combined,2026-08-07T15:03:03.639+08:00,286.194,28.42452200002299,13.455,1322671867,1667,0,active,1.24,,,,,0,,
sensor_combined,2026-08-07T15:03:03.669+08:00,286.223,28.233937999857517,18.004,1322689871,1667,0,active,1.24,,,,,0,,
sensor_combined,2026-08-07T15:03:03.699+08:00,286.252,29.350688000022274,72.015,1322761886,1667,0,active,1.24,,,,,0,,
sensor_combined,2026-08-07T15:03:03.727+08:00,286.282,30.316796000079194,9.049,1322770935,1667,0,active,1.24,,,,,0,,
sensor_combined,2026-08-07T15:03:03.756+08:00,286.311,28.82860499994422,22.505,1322793440,1667,0,active,1.24,,,,,0,,
sensor_combined,2026-08-07T15:03:03.786+08:00,286.340,28.59747200000129,8.955,1322802395,1667,0,active,1.24,,,,,0,,
sensor_combined,2026-08-07T15:03:03.814+08:00,286.369,29.676873999960662,18.003,1322820398,1667,0,active,1.24,,,,,0,,
sensor_combined,2026-08-07T15:03:03.845+08:00,286.398,28.18141900002047,9.002,1322829400,1667,0,active,1.24,,,,,0,,
sensor_combined,2026-08-07T15:03:03.876+08:00,286.430,32.583644999931494,9.05,1322838450,1667,0,active,1.24,,,,,0,,
sensor_combined,2026-08-07T15:03:03.907+08:00,286.460,30.147301000170046,22.505,1322860955,1667,0,active,1.24,,,,,0,,
sensor_combined,2026-08-07T15:03:03.941+08:00,286.491,31.12563499985299,8.954,1322869909,1667,0,active,1.24,,,,,0,,
sensor_combined,2026-08-07T15:03:03.975+08:00,286.525,33.922246999964045,22.505,1322892414,1667,0,active,1.24,,,,,0,,
sensor_combined,2026-08-07T15:03:04.006+08:00,286.559,33.81589800005713,9.001,1322901415,1667,0,active,1.24,,,,,0,,
failsafe_flags,2026-08-07T15:03:04.700+08:00,287.248,,,1323366253,1667,0,active,1.14,,,,,0,,"{'gcs_connection_lost': True, 'manual_control_signal_lost': True, 'offboard_control_signal_lost': True}"
sensor_combined,2026-08-07T15:03:04.733+08:00,287.284,725.074190999976,1003.713,1323905128,1667,0,active,1.14,,,,,0,,
vehicle_status,2026-08-07T15:03:04.764+08:00,287.316,,,1323619085,1667,0,active,1.14,,,,,0,"{'arming_state': 1, 'nav_state': 4, 'failsafe': True}",
sensor_combined,2026-08-07T15:03:04.796+08:00,287.349,64.57969400003094,40.509,1323945637,1667,0,active,1.14,,,,,0,,
failsafe_flags,2026-08-07T15:03:04.824+08:00,287.379,,,1323916254,1667,0,active,1.14,,,,,0,,"{'gcs_connection_lost': True, 'manual_control_signal_lost': True, 'offboard_control_signal_lost': True}"
sensor_combined,2026-08-07T15:03:04.857+08:00,287.409,60.36235600004147,4.501,1323950138,1667,0,active,1.14,,,,,0,,
sensor_combined,2026-08-07T15:03:04.889+08:00,287.441,32.21351699994557,4.501,1323954639,1667,0,active,1.14,,,,,0,,
sensor_combined,2026-08-07T15:03:04.921+08:00,287.472,30.88739700001497,13.503,1323968142,1667,0,active,1.14,,,,,0,,
sensor_combined,2026-08-07T15:03:04.954+08:00,287.505,32.80856900005347,9.002,1323977144,1667,0,active,1.14,,,,,0,,
sensor_combined,2026-08-07T15:03:04.985+08:00,287.538,33.2147009999062,58.512,1324035656,1667,0,active,1.14,,,,,0,,
sensor_combined,2026-08-07T15:03:05.020+08:00,287.570,31.46766200006823,9.002,1324044658,1667,0,active,1.14,,,,,0,,
sensor_combined,2026-08-07T15:03:05.054+08:00,287.605,35.368223999967086,31.554,1324076212,1667,0,active,1.14,,,,,0,,
sensor_combined,2026-08-07T15:03:05.091+08:00,287.638,33.26120299993818,22.505,1324098717,1667,0,active,1.14,,,,,0,,
sensor_combined,2026-08-07T15:03:05.123+08:00,287.675,36.938727999995535,8.954,1324107671,1667,0,active,1.14,,,,,0,,
sensor_combined,2026-08-07T15:03:05.155+08:00,287.707,31.475983000063934,67.515,1324175186,1667,0,active,1.14,,,,,0,,
sensor_combined,2026-08-07T15:03:05.186+08:00,287.739,32.22913600006905,22.504,1324197690,1667,0,active,1.14,,,,,0,,
sensor_combined,2026-08-07T15:03:05.222+08:00,287.771,31.70612400003847,9.002,1324206692,1667,0,active,1.14,,,,,0,,
sensor_combined,2026-08-07T15:03:05.254+08:00,287.808,36.824281999997766,90.02,1324296712,1667,0,active,1.14,,,,,0,,
sensor_combined,2026-08-07T15:03:05.284+08:00,287.838,30.709036999951422,9.001,1324305713,1667,0,active,1.14,,,,,0,,
sensor_combined,2026-08-07T15:03:05.320+08:00,287.869,30.401638000057574,22.505,1324328218,1667,0,active,1.14,,,,,0,,
sensor_combined,2026-08-07T15:03:05.352+08:00,287.906,36.91114100001869,67.514,1324395732,1667,0,active,1.14,,,,,0,,
sensor_combined,2026-08-07T15:03:05.381+08:00,287.936,29.953292999834957,9.002,1324404734,1667,0,active,1.14,,,,,0,,
sensor_combined,2026-08-07T15:03:05.415+08:00,287.969,33.732207000184644,54.063,1324458797,1667,0,active,1.14,,,,,0,,
sensor_combined,2026-08-07T15:03:05.445+08:00,288.000,30.35283199983496,8.951,1324467748,1667,0,active,1.14,,,,,0,,
sensor_combined,2026-08-07T15:03:05.477+08:00,288.029,29.51083700008894,27.006,1324494754,1667,0,active,1.14,,,,,0,,
sensor_combined,2026-08-07T15:03:05.507+08:00,288.061,31.867840999893815,72.015,1324566769,1667,0,active,1.14,,,,,0,,
vehicle_status,2026-08-07T15:03:05.535+08:00,288.090,,,1324633086,1667,0,active,1.14,,,,,0,"{'arming_state': 1, 'nav_state': 4, 'failsafe': True}",
sensor_combined,2026-08-07T15:03:05.564+08:00,288.119,57.86261299999751,9.002,1324575771,1667,0,active,1.14,,,,,0,,
sensor_combined,2026-08-07T15:03:05.594+08:00,288.148,28.983345000142435,49.51,1324625281,1667,0,active,1.14,,,,,0,,
sensor_combined,2026-08-07T15:03:05.621+08:00,288.177,29.301497999995263,13.551,1324638832,1667,0,active,1.14,,,,,0,,
sensor_combined,2026-08-07T15:03:05.650+08:00,288.205,27.960238999867215,17.956,1324656788,1667,0,active,1.14,,,,,0,,
sensor_combined,2026-08-07T15:03:05.687+08:00,288.238,32.590045000006285,72.063,1324728851,1667,0,active,1.14,,,,,0,,
sensor_combined,2026-08-07T15:03:05.720+08:00,288.273,34.9011570001494,26.958,1324755809,1667,0,active,1.14,,,,,0,,
sensor_combined,2026-08-07T15:03:05.751+08:00,288.304,31.008050999844272,13.503,1324769312,1667,0,active,1.14,,,,,0,,
sensor_combined,2026-08-07T15:03:05.783+08:00,288.336,32.17684100013685,18.004,1324787316,1667,0,active,1.14,,,,,0,,
sensor_combined,2026-08-07T15:03:05.822+08:00,288.370,33.92419900001187,49.51,1324836826,1667,0,active,1.14,,,,,0,,
sensor_combined,2026-08-07T15:03:05.856+08:00,288.406,36.02590799982863,18.004,1324854830,1667,0,active,1.14,,,,,0,,
failsafe_flags,2026-08-07T15:03:05.888+08:00,288.439,,,1325007226,1667,0,active,1.14,,,,,0,,"{'gcs_connection_lost': True, 'manual_control_signal_lost': True, 'offboard_control_signal_lost': True}"
sensor_combined,2026-08-07T15:03:05.920+08:00,288.473,66.80589800021153,121.573,1324976403,1667,0,active,1.14,,,,,0,,
sensor_combined,2026-08-07T15:03:05.951+08:00,288.504,31.74456199985798,8.955,1324985358,1667,0,active,1.14,,,,,0,,
sensor_combined,2026-08-07T15:03:05.985+08:00,288.535,30.941258999973797,9.001,1324994359,1667,0,active,1.14,,,,,0,,
sensor_combined,2026-08-07T15:03:06.018+08:00,288.570,35.01966700014236,72.064,1325066423,1667,0,active,1.14,,,,,0,,
sensor_combined,2026-08-07T15:03:06.049+08:00,288.602,31.403301999944233,8.954,1325075377,1667,0,active,1.14,,,,,0,,
sensor_combined,2026-08-07T15:03:06.082+08:00,288.633,31.765299999960916,31.506,1325106883,1667,0,active,1.14,,,,,0,,
sensor_combined,2026-08-07T15:03:06.115+08:00,288.666,32.482703999903606,58.513,1325165396,1667,0,active,1.14,,,,,0,,
sensor_combined,2026-08-07T15:03:06.149+08:00,288.699,33.22724700001345,9.002,1325174398,1667,0,active,1.14,,,,,0,,
sensor_combined,2026-08-07T15:03:06.180+08:00,288.733,34.18026400004237,49.558,1325223956,1667,0,active,1.14,,,,,0,,
sensor_combined,2026-08-07T15:03:06.213+08:00,288.766,32.93469699997331,13.455,1325237411,1667,0,active,1.14,,,,,0,,
sensor_combined,2026-08-07T15:03:06.246+08:00,288.797,30.68455500010714,27.006,1325264417,1667,0,active,1.14,,,,,0,,
sensor_combined,2026-08-07T15:03:06.280+08:00,288.831,34.3568299999788,40.508,1325304925,1667,0,active,1.14,,,,,0,,
sensor_combined,2026-08-07T15:03:06.312+08:00,288.864,33.08498899991719,22.505,1325327430,1667,0,active,1.14,,,,,0,,
sensor_combined,2026-08-07T15:03:06.343+08:00,288.897,32.76344300002165,9.05,1325336480,1667,0,active,1.14,,,,,0,,
sensor_combined,2026-08-07T15:03:06.371+08:00,288.927,29.568508000011207,58.464,1325394944,1667,0,active,1.14,,,,,0,,
sensor_combined,2026-08-07T15:03:06.401+08:00,288.955,28.217840000024808,31.555,1325426499,1667,0,active,1.14,,,,,0,,
sensor_combined,2026-08-07T15:03:06.430+08:00,288.984,29.188842999928966,8.954,1325435453,1667,0,active,1.14,,,,,0,,
sensor_combined,2026-08-07T15:03:06.461+08:00,289.014,29.770582000082868,67.514,1325502967,1667,0,active,1.14,,,,,0,,
sensor_combined,2026-08-07T15:03:06.490+08:00,289.044,30.520918000092934,22.505,1325525472,1667,0,active,1.14,,,,,0,,
sensor_combined,2026-08-07T15:03:06.525+08:00,289.075,30.79096699980255,9.002,1325534474,1667,0,active,1.14,,,,,0,,
sensor_combined,2026-08-07T15:03:06.560+08:00,289.110,34.365824000133216,49.558,1325584032,1667,0,active,1.14,,,,,0,,
sensor_combined,2026-08-07T15:03:06.595+08:00,289.144,34.547062999990885,8.955,1325592987,1667,0,active,1.14,,,,,0,,
sensor_combined,2026-08-07T15:03:06.624+08:00,289.179,35.01096299987694,72.015,1325665002,1667,0,active,1.14,,,,,0,,
sensor_combined,2026-08-07T15:03:06.654+08:00,289.208,29.195276000109516,18.004,1325683006,1667,0,active,1.14,,,,,0,,
sensor_combined,2026-08-07T15:03:06.685+08:00,289.238,29.95402900000954,13.55,1325696556,1667,0,active,1.14,,,,,0,,
sensor_combined,2026-08-07T15:03:06.715+08:00,289.269,30.80719400009002,67.515,1325764071,1667,0,active,1.14,,,,,0,,
sensor_combined,2026-08-07T15:03:06.745+08:00,289.299,30.069787999991604,22.504,1325786575,1667,0,active,1.14,,,,,0,,
sensor_combined,2026-08-07T15:03:06.775+08:00,289.329,29.420616999914273,8.954,1325795529,1667,0,active,1.14,,,,,0,,
sensor_combined,2026-08-07T15:03:06.805+08:00,289.359,30.22427099995184,18.004,1325813533,1667,0,active,1.14,,,,,0,,
sensor_combined,2026-08-07T15:03:06.835+08:00,289.388,29.583678000108193,40.557,1325854090,1667,0,active,1.14,,,,,0,,
sensor_combined,2026-08-07T15:03:06.862+08:00,289.418,29.574461000038355,31.459,1325885549,1667,0,active,1.14,,,,,0,,
sensor_combined,2026-08-07T15:03:06.892+08:00,289.446,27.942956999822854,9.002,1325894551,1667,0,active,1.14,,,,,0,,
sensor_combined,2026-08-07T15:03:06.922+08:00,289.476,30.35139100006745,90.019,1325984570,1667,0,active,1.14,,,,,0,,
failsafe_flags,2026-08-07T15:03:06.952+08:00,289.506,,,1326098398,1667,0,active,1.14,,,,,0,,"{'gcs_connection_lost': True, 'manual_control_signal_lost': True, 'offboard_control_signal_lost': True}"
sensor_combined,2026-08-07T15:03:06.981+08:00,289.535,59.24166999989211,9.001,1325993571,1667,0,active,1.14,,,,,0,,
sensor_combined,2026-08-07T15:03:07.012+08:00,289.565,29.418504000204848,72.016,1326065587,1667,0,active,1.14,,,,,0,,
sensor_combined,2026-08-07T15:03:07.042+08:00,289.596,30.658470999924248,9.002,1326074589,1667,0,active,1.14,,,,,0,,
sensor_combined,2026-08-07T15:03:07.074+08:00,289.626,30.56863599999815,9.002,1326083591,1667,0,active,1.14,,,,,0,,
sensor_combined,2026-08-07T15:03:07.108+08:00,289.659,32.87161699995522,81.017,1326164608,1667,0,active,1.14,,,,,0,,
sensor_combined,2026-08-07T15:03:07.141+08:00,289.693,33.61657699997522,9.002,1326173610,1667,0,active,1.14,,,,,0,,
sensor_combined,2026-08-07T15:03:07.173+08:00,289.725,32.41450300015458,22.505,1326196115,1667,0,active,1.14,,,,,0,,
sensor_combined,2026-08-07T15:03:07.207+08:00,289.757,31.548087999908603,49.51,1326245625,1667,0,active,1.14,,,,,0,,
sensor_combined,2026-08-07T15:03:07.239+08:00,289.791,34.70826800003124,18.004,1326263629,1667,0,active,1.14,,,,,0,,
sensor_combined,2026-08-07T15:03:07.274+08:00,289.822,31.116096999994625,72.015,1326335644,1667,0,active,1.14,,,,,0,,
sensor_combined,2026-08-07T15:03:07.314+08:00,289.860,37.25860899999134,9.002,1326344646,1667,0,active,1.14,,,,,0,,
sensor_combined,2026-08-07T15:03:07.355+08:00,289.903,43.342424999991636,58.513,1326403159,1667,0,active,1.14,,,,,0,,
sensor_combined,2026-08-07T15:03:07.390+08:00,289.940,36.93107899994175,22.504,1326425663,1667,0,active,1.14,,,,,0,,
sensor_combined,2026-08-07T15:03:07.426+08:00,289.974,34.41472600002271,9.002,1326434665,1667,0,active,1.14,,,,,0,,
sensor_combined,2026-08-07T15:03:07.463+08:00,290.010,35.970508999980666,72.063,1326506728,1667,0,active,1.14,,,,,0,,
sensor_combined,2026-08-07T15:03:07.505+08:00,290.051,40.791635000005044,17.956,1326524684,1667,0,active,1.14,,,,,0,,
sensor_combined,2026-08-07T15:03:07.535+08:00,290.089,37.51624200003789,58.513,1326583197,1667,0,active,1.14,,,,,0,,
sensor_combined,2026-08-07T15:03:07.565+08:00,290.119,30.07215599996016,13.55,1326596747,1667,0,active,1.14,,,,,0,,
sensor_combined,2026-08-07T15:03:07.599+08:00,290.149,30.6770659999529,8.955,1326605702,1667,0,active,1.14,,,,,0,,
sensor_combined,2026-08-07T15:03:07.633+08:00,290.183,33.71265200007656,49.51,1326655212,1667,0,active,1.14,,,,,0,,
sensor_combined,2026-08-07T15:03:07.661+08:00,290.216,33.31225000010818,31.554,1326686766,1667,0,active,1.14,,,,,0,,
sensor_combined,2026-08-07T15:03:07.690+08:00,290.245,28.611457999886625,8.955,1326695721,1667,0,active,1.14,,,,,0,,
sensor_combined,2026-08-07T15:03:07.719+08:00,290.274,28.839519000030123,90.019,1326785740,1667,0,active,1.14,,,,,0,,
sensor_combined,2026-08-07T15:03:07.747+08:00,290.302,28.410312000005433,9.002,1326794742,1667,0,active,1.14,,,,,0,,
sensor_combined,2026-08-07T15:03:07.775+08:00,290.331,28.799769999977798,9.002,1326803744,1667,0,active,1.14,,,,,0,,
sensor_combined,2026-08-07T15:03:07.804+08:00,290.359,27.577758000006725,13.503,1326817247,1667,0,active,1.14,,,,,0,,
sensor_combined,2026-08-07T15:03:07.832+08:00,290.387,28.7953849999667,9.002,1326826249,1667,0,active,1.14,,,,,0,,
sensor_combined,2026-08-07T15:03:07.862+08:00,290.416,28.11776299995472,18.051,1326844300,1667,0,active,1.14,,,,,0,,
sensor_combined,2026-08-07T15:03:07.891+08:00,290.445,29.842975000065053,8.954,1326853254,1667,0,active,1.14,,,,,0,,
sensor_combined,2026-08-07T15:03:07.923+08:00,290.476,30.221743000083734,31.507,1326884761,1667,0,active,1.14,,,,,0,,
sensor_combined,2026-08-07T15:03:07.957+08:00,290.508,32.66871099981472,9.002,1326893763,1667,0,active,1.14,,,,,0,,
sensor_combined,2026-08-07T15:03:07.986+08:00,290.540,32.161959000177376,22.505,1326916268,1667,0,active,1.14,,,,,0,,
sensor_combined,2026-08-07T15:03:08.018+08:00,290.570,29.643333999956667,9.002,1326925270,1667,0,active,1.14,,,,,0,,
sensor_combined,2026-08-07T15:03:08.718+08:00,291.269,699.0743940000357,1003.713,1327928983,1667,0,active,1.14,,,,,0,,
failsafe_flags,2026-08-07T15:03:08.750+08:00,291.303,,,1327739228,1667,0,active,1.14,,,,,0,,"{'gcs_connection_lost': True, 'manual_control_signal_lost': True, 'offboard_control_signal_lost': True}"
vehicle_status,2026-08-07T15:03:08.785+08:00,291.336,,,1327673127,1667,0,active,1.14,,,,,0,"{'arming_state': 1, 'nav_state': 4, 'failsafe': True}",
sensor_combined,2026-08-07T15:03:08.816+08:00,291.369,99.94929399999819,36.007,1327964990,1667,0,active,1.14,,,,,0,,
sensor_combined,2026-08-07T15:03:08.845+08:00,291.400,30.923304999987522,4.549,1327969539,1667,0,active,1.14,,,,,0,,
sensor_combined,2026-08-07T15:03:08.877+08:00,291.430,29.471215000057782,8.954,1327978493,1667,0,active,1.14,,,,,0,,
sensor_combined,2026-08-07T15:03:08.907+08:00,291.460,30.970798999987892,9.002,1327987495,1667,0,active,1.14,,,,,0,,
sensor_combined,2026-08-07T15:03:08.938+08:00,291.490,29.819419999967067,9.002,1327996497,1667,0,active,1.14,,,,,0,,
sensor_combined,2026-08-07T15:03:08.971+08:00,291.523,32.604222999907506,31.507,1328028004,1667,0,active,1.14,,,,,0,,
sensor_combined,2026-08-07T15:03:09.000+08:00,291.554,31.532695000123567,18.004,1328046008,1667,0,active,1.14,,,,,0,,
vehicle_status,2026-08-07T15:03:09.028+08:00,291.583,,,1328179277,1667,0,active,1.14,,,,,0,"{'arming_state': 1, 'nav_state': 4, 'failsafe': True}",
sensor_combined,2026-08-07T15:03:09.060+08:00,291.612,57.49568599981103,9.002,1328055010,1667,0,active,1.14,,,,,0,,
sensor_combined,2026-08-07T15:03:09.090+08:00,291.644,32.08204500015199,49.558,1328104568,1667,0,active,1.14,,,,,0,,
failsafe_flags,2026-08-07T15:03:09.118+08:00,291.672,,,1328289583,1667,0,active,1.14,,,,,0,,"{'gcs_connection_lost': True, 'manual_control_signal_lost': True, 'offboard_control_signal_lost': True}"
sensor_combined,2026-08-07T15:03:09.150+08:00,291.702,57.89820099994358,13.455,1328118023,1667,0,active,1.14,,,,,0,,
sensor_combined,2026-08-07T15:03:09.178+08:00,291.734,31.678410000040458,108.023,1328226046,1667,0,active,1.14,,,,,0,,
sensor_combined,2026-08-07T15:03:09.207+08:00,291.762,28.567579999844384,22.505,1328248551,1667,0,active,1.14,,,,,0,,
sensor_combined,2026-08-07T15:03:09.236+08:00,291.791,28.655495000066367,9.002,1328257553,1667,0,active,1.14,,,,,0,,
sensor_combined,2026-08-07T15:03:09.265+08:00,291.820,28.913545000023078,67.514,1328325067,1667,0,active,1.14,,,,,0,,
sensor_combined,2026-08-07T15:03:09.294+08:00,291.849,29.000690999964718,22.505,1328347572,1667,0,active,1.14,,,,,0,,
sensor_combined,2026-08-07T15:03:09.324+08:00,291.878,29.039065000006303,9.002,1328356574,1667,0,active,1.14,,,,,0,,
sensor_combined,2026-08-07T15:03:09.355+08:00,291.908,30.051576999994722,31.506,1328388080,1667,0,active,1.14,,,,,0,,
sensor_combined,2026-08-07T15:03:09.386+08:00,291.939,31.263476000049195,27.006,1328415086,1667,0,active,1.14,,,,,0,,
sensor_combined,2026-08-07T15:03:09.416+08:00,291.969,30.17216900002495,13.503,1328428589,1667,0,active,1.14,,,,,0,,
sensor_combined,2026-08-07T15:03:09.445+08:00,292.000,30.592799000032755,58.56,1328487149,1667,0,active,1.21,,,,,0,,
sensor_combined,2026-08-07T15:03:09.478+08:00,292.030,30.575355999872045,17.957,1328505106,1667,0,active,1.21,,,,,0,,
sensor_combined,2026-08-07T15:03:09.509+08:00,292.063,32.168648000151734,13.502,1328518608,1667,0,active,1.21,,,,,0,,
sensor_combined,2026-08-07T15:03:09.543+08:00,292.096,33.0390939998324,49.511,1328568119,1667,0,active,1.21,,,,,0,,
vehicle_status,2026-08-07T15:03:09.572+08:00,292.126,,,1328685088,1667,0,active,1.21,,,,,0,"{'arming_state': 1, 'nav_state': 4, 'failsafe': True}",
sensor_combined,2026-08-07T15:03:09.607+08:00,292.156,60.21030500005509,9.05,1328577169,1667,0,active,1.21,,,,,0,,
sensor_combined,2026-08-07T15:03:09.637+08:00,292.191,34.87315300003502,98.973,1328676142,1667,0,active,1.21,,,,,0,,
sensor_combined,2026-08-07T15:03:09.667+08:00,292.221,29.95438099992498,31.506,1328707648,1667,0,active,1.21,,,,,0,,
sensor_combined,2026-08-07T15:03:09.697+08:00,292.251,30.596286999980293,9.002,1328716650,1667,0,active,1.21,,,,,0,,
sensor_combined,2026-08-07T15:03:09.727+08:00,292.282,30.792120000114664,40.557,1328757207,1667,0,active,1.21,,,,,0,,
failsafe_flags,2026-08-07T15:03:09.756+08:00,292.310,,,1328839212,1667,0,active,1.21,,,,,0,,"{'gcs_connection_lost': True, 'manual_control_signal_lost': True, 'offboard_control_signal_lost': True}"
sensor_combined,2026-08-07T15:03:09.787+08:00,292.340,57.641400999955295,8.957,1328766164,1667,0,active,1.21,,,,,0,,
sensor_combined,2026-08-07T15:03:09.818+08:00,292.371,31.731088000015006,72.012,1328838176,1667,0,active,1.21,,,,,0,,
sensor_combined,2026-08-07T15:03:09.848+08:00,292.402,30.581341000015527,27.006,1328865182,1667,0,active,1.21,,,,,0,,
sensor_combined,2026-08-07T15:03:09.877+08:00,292.432,29.657991000021866,13.503,1328878685,1667,0,active,1.21,,,,,0,,
sensor_combined,2026-08-07T15:03:09.906+08:00,292.461,29.359970000086832,94.52,1328973205,1667,0,active,1.21,,,,,0,,
sensor_combined,2026-08-07T15:03:09.935+08:00,292.490,28.6810019999848,9.05,1328982255,1667,0,active,1.21,,,,,0,,
sensor_combined,2026-08-07T15:03:09.965+08:00,292.519,29.13952599988079,13.455,1328995710,1667,0,active,1.21,,,,,0,,
sensor_combined,2026-08-07T15:03:09.994+08:00,292.548,29.563226999925973,45.009,1329040719,1667,0,active,1.21,,,,,0,,
vehicle_status,2026-08-07T15:03:10.021+08:00,292.576,,,1329192086,1667,0,active,1.21,,,,,0,"{'arming_state': 1, 'nav_state': 4, 'failsafe': True}",
sensor_combined,2026-08-07T15:03:10.050+08:00,292.605,56.57259300005535,22.505,1329063224,1667,0,active,1.21,,,,,0,,
sensor_combined,2026-08-07T15:03:10.079+08:00,292.634,29.13174800005436,49.51,1329112734,1667,0,active,1.21,,,,,0,,
sensor_combined,2026-08-07T15:03:10.108+08:00,292.663,28.997395000033066,27.054,1329139788,1667,0,active,1.21,,,,,0,,
sensor_combined,2026-08-07T15:03:10.137+08:00,292.692,28.537879999930738,22.505,1329162293,1667,0,active,1.21,,,,,0,,
sensor_combined,2026-08-07T15:03:10.166+08:00,292.720,28.69338899995455,13.455,1329175748,1667,0,active,1.21,,,,,0,,
sensor_combined,2026-08-07T15:03:10.194+08:00,292.749,29.000787000086348,67.515,1329243263,1667,0,active,1.21,,,,,0,,
sensor_combined,2026-08-07T15:03:10.224+08:00,292.778,28.584062999925663,22.504,1329265767,1667,0,active,1.21,,,,,0,,
sensor_combined,2026-08-07T15:03:10.255+08:00,292.808,30.45102000010047,9.05,1329274817,1667,0,active,1.21,,,,,0,,
sensor_combined,2026-08-07T15:03:10.284+08:00,292.838,29.996498999935284,58.465,1329333282,1667,0,active,1.21,,,,,0,,
sensor_combined,2026-08-07T15:03:10.315+08:00,292.869,30.13523599997825,22.504,1329355786,1667,0,active,1.21,,,,,0,,
sensor_combined,2026-08-07T15:03:10.344+08:00,292.899,30.028535000155898,9.05,1329364836,1667,0,active,1.21,,,,,0,,
sensor_combined,2026-08-07T15:03:10.373+08:00,292.928,29.55333799991422,40.461,1329405297,1667,0,active,1.21,,,,,0,,
sensor_combined,2026-08-07T15:03:10.402+08:00,292.956,28.399942000078227,18.004,1329423301,1667,0,active,1.21,,,,,0,,
sensor_combined,2026-08-07T15:03:10.432+08:00,292.986,29.014645999950517,9.049,1329432350,1667,0,active,1.21,,,,,0,,
sensor_combined,2026-08-07T15:03:10.460+08:00,293.016,30.37520299994867,71.968,1329504318,1667,0,active,1.21,,,,,0,,
sensor_combined,2026-08-07T15:03:10.490+08:00,293.044,28.14800600003764,18.051,1329522369,1667,0,active,1.21,,,,,0,,
sensor_combined,2026-08-07T15:03:10.521+08:00,293.074,29.59014299995033,13.455,1329535824,1667,0,active,1.21,,,,,0,,
sensor_combined,2026-08-07T15:03:10.550+08:00,293.104,30.618850000109887,49.511,1329585335,1667,0,active,1.21,,,,,0,,
sensor_combined,2026-08-07T15:03:10.580+08:00,293.134,30.157990999896356,9.002,1329594337,1667,0,active,1.21,,,,,0,,
sensor_combined,2026-08-07T15:03:10.611+08:00,293.164,29.74267400009012,31.507,1329625844,1667,0,active,1.21,,,,,0,,
sensor_combined,2026-08-07T15:03:10.640+08:00,293.195,30.62758699979895,36.008,1329661852,1667,0,active,1.21,,,,,0,,
sensor_combined,2026-08-07T15:03:10.669+08:00,293.223,28.509365000218168,22.504,1329684356,1667,0,active,1.21,,,,,0,,
sensor_combined,2026-08-07T15:03:10.698+08:00,293.253,29.290295999999216,9.002,1329693358,1667,0,active,1.21,,,,,0,,
sensor_combined,2026-08-07T15:03:10.729+08:00,293.283,30.71675099999993,121.574,1329814932,1667,0,active,1.21,,,,,0,,
failsafe_flags,2026-08-07T15:03:10.757+08:00,293.312,,,1329920643,1667,0,active,1.21,,,,,0,,"{'gcs_connection_lost': True, 'manual_control_signal_lost': True, 'offboard_control_signal_lost': True}"
sensor_combined,2026-08-07T15:03:10.785+08:00,293.340,56.9952389998889,8.954,1329823886,1667,0,active,1.21,,,,,0,,
sensor_combined,2026-08-07T15:03:10.815+08:00,293.369,29.098848000103317,9.002,1329832888,1667,0,active,1.21,,,,,0,,
sensor_combined,2026-08-07T15:03:10.844+08:00,293.399,29.459981999934826,58.512,1329891400,1667,0,active,1.21,,,,,0,,
sensor_combined,2026-08-07T15:03:10.872+08:00,293.427,28.605921000007584,22.505,1329913905,1667,0,active,1.21,,,,,0,,
sensor_combined,2026-08-07T15:03:10.900+08:00,293.455,27.919400999962818,9.002,1329922907,1667,0,active,1.21,,,,,0,,
sensor_combined,2026-08-07T15:03:10.930+08:00,293.484,29.03855299996394,54.011,1329976918,1667,0,active,1.21,,,,,0,,
sensor_combined,2026-08-07T15:03:10.958+08:00,293.513,28.997395000033066,4.502,1329981420,1667,0,active,1.21,,,,,0,,
sensor_combined,2026-08-07T15:03:10.988+08:00,293.542,28.233361000047807,13.55,1329994970,1667,0,active,1.21,,,,,0,,
sensor_combined,2026-08-07T15:03:11.017+08:00,293.571,29.596511999898212,76.469,1330071439,1667,0,active,1.21,,,,,0,,
sensor_combined,2026-08-07T15:03:11.047+08:00,293.601,29.541335999965668,13.55,1330084989,1667,0,active,1.21,,,,,0,,
sensor_combined,2026-08-07T15:03:11.078+08:00,293.631,30.04213700000946,17.956,1330102945,1667,0,active,1.21,,,,,0,,
sensor_combined,2026-08-07T15:03:11.110+08:00,293.662,31.43889000011768,49.559,1330152504,1667,0,active,1.21,,,,,0,,
vehicle_status,2026-08-07T15:03:11.139+08:00,293.693,,,1330206122,1667,0,active,1.21,,,,,0,"{'arming_state': 1, 'nav_state': 4, 'failsafe': True}",
sensor_combined,2026-08-07T15:03:11.170+08:00,293.723,61.00477399991178,22.504,1330175008,1667,0,active,1.21,,,,,0,,
sensor_combined,2026-08-07T15:03:11.199+08:00,293.754,30.508243999975093,67.517,1330242525,1667,0,active,1.21,,,,,0,,
sensor_combined,2026-08-07T15:03:11.231+08:00,293.784,29.94087600018247,22.502,1330265027,1667,0,active,1.21,,,,,0,,
sensor_combined,2026-08-07T15:03:11.263+08:00,293.816,32.093917999873156,8.955,1330273982,1667,0,active,1.21,,,,,0,,
sensor_combined,2026-08-07T15:03:11.293+08:00,293.847,30.90675800012832,58.56,1330332542,1667,0,active,1.21,,,,,0,,
failsafe_flags,2026-08-07T15:03:11.324+08:00,293.876,,,1330471290,1667,0,active,1.21,,,,,0,,"{'gcs_connection_lost': True, 'manual_control_signal_lost': True, 'offboard_control_signal_lost': True}"
sensor_combined,2026-08-07T15:03:11.354+08:00,293.908,61.26371999994262,8.954,1330341496,1667,0,active,1.21,,,,,0,,
sensor_combined,2026-08-07T15:03:11.382+08:00,293.937,29.342334999910236,72.016,1330413512,1667,0,active,1.21,,,,,0,,
sensor_combined,2026-08-07T15:03:11.410+08:00,293.965,28.098784000121668,18.003,1330431515,1667,0,active,1.21,,,,,0,,
sensor_combined,2026-08-07T15:03:11.439+08:00,293.994,28.39363799989769,13.551,1330445066,1667,0,active,1.21,,,,,0,,
sensor_combined,2026-08-07T15:03:11.468+08:00,294.023,28.86848299999656,49.463,1330494529,1667,0,active,1.21,,,,,0,,
sensor_combined,2026-08-07T15:03:11.497+08:00,294.051,28.73409700009688,9.002,1330503531,1667,0,active,1.21,,,,,0,,
sensor_combined,2026-08-07T15:03:11.526+08:00,294.080,28.763412999978755,31.554,1330535085,1667,0,active,1.21,,,,,0,,
sensor_combined,2026-08-07T15:03:11.554+08:00,294.109,29.288664999967295,35.96,1330571045,1667,0,active,1.21,,,,,0,,
sensor_combined,2026-08-07T15:03:11.583+08:00,294.138,28.263285000093674,22.505,1330593550,1667,0,active,1.21,,,,,0,,
sensor_combined,2026-08-07T15:03:11.614+08:00,294.167,28.973519999908603,9.049,1330602599,1667,0,active,1.21,,,,,0,,
sensor_combined,2026-08-07T15:03:11.644+08:00,294.198,31.56168999998954,71.968,1330674567,1667,0,active,1.21,,,,,0,,
sensor_combined,2026-08-07T15:03:11.672+08:00,294.227,29.118274999973437,18.051,1330692618,1667,0,active,1.21,,,,,0,,
sensor_combined,2026-08-07T15:03:11.701+08:00,294.255,28.018901999985246,8.955,1330701573,1667,0,active,1.21,,,,,0,,
sensor_combined,2026-08-07T15:03:11.732+08:00,294.286,30.782998999939082,63.015,1330764588,1667,0,active,1.21,,,,,0,,
sensor_combined,2026-08-07T15:03:11.761+08:00,294.315,29.315484000107972,27.004,1330791592,1667,0,active,1.21,,,,,0,,
sensor_combined,2026-08-07T15:03:11.790+08:00,294.344,28.531767000004038,13.55,1330805142,1667,0,active,1.21,,,,,0,,
sensor_combined,2026-08-07T15:03:11.819+08:00,294.373,29.33314999995673,17.957,1330823099,1667,0,active,1.21,,,,,0,,
sensor_combined,2026-08-07T15:03:11.847+08:00,294.403,29.30972300009671,40.508,1330863607,1667,0,active,1.21,,,,,0,,
failsafe_flags,2026-08-07T15:03:11.875+08:00,294.430,,,1331022338,1667,0,active,1.21,,,,,0,,"{'gcs_connection_lost': True, 'manual_control_signal_lost': True, 'offboard_control_signal_lost': True}"
sensor_combined,2026-08-07T15:03:11.905+08:00,294.459,55.96621199993024,18.004,1330881611,1667,0,active,1.21,,,,,0,,
sensor_combined,2026-08-07T15:03:11.934+08:00,294.489,30.440330999908838,49.511,1330931122,1667,0,active,1.21,,,,,0,,
sensor_combined,2026-08-07T15:03:11.962+08:00,294.518,28.54181700013214,58.512,1330989634,1667,0,active,1.21,,,,,0,,
sensor_combined,2026-08-07T15:03:11.991+08:00,294.546,28.393829999913578,4.501,1330994135,1667,0,active,1.21,,,,,0,,
sensor_combined,2026-08-07T15:03:12.021+08:00,294.575,28.83580599996094,58.56,1331052695,1667,0,active,1.21,,,,,0,,
sensor_combined,2026-08-07T15:03:12.049+08:00,294.604,29.558971000142265,31.459,1331084154,1667,0,active,1.21,,,,,0,,
sensor_combined,2026-08-07T15:03:12.079+08:00,294.633,28.334557999869503,9.002,1331093156,1667,0,active,1.21,,,,,0,,
sensor_combined,2026-08-07T15:03:12.108+08:00,294.663,30.35596900008386,72.063,1331165219,1667,0,active,1.21,,,,,0,,
vehicle_status,2026-08-07T15:03:12.136+08:00,294.691,,,1331220089,1667,0,active,1.21,,,,,0,"{'arming_state': 1, 'nav_state': 4, 'failsafe': True}",
sensor_combined,2026-08-07T15:03:12.164+08:00,294.720,56.51930599992738,8.955,1331174174,1667,0,active,1.21,,,,,0,,
sensor_combined,2026-08-07T15:03:12.194+08:00,294.748,28.809466999973665,81.064,1331255238,1667,0,active,1.21,,,,,0,,
sensor_combined,2026-08-07T15:03:12.223+08:00,294.778,29.29023199999392,26.958,1331282196,1667,0,active,1.21,,,,,0,,
sensor_combined,2026-08-07T15:03:12.252+08:00,294.807,29.129380000085803,13.503,1331295699,1667,0,active,1.21,,,,,0,,
sensor_combined,2026-08-07T15:03:12.282+08:00,294.836,29.51998999992611,18.004,1331313703,1667,0,active,1.21,,,,,0,,
sensor_combined,2026-08-07T15:03:12.313+08:00,294.866,29.5980480000253,31.555,1331345258,1667,0,active,1.21,,,,,0,,
sensor_combined,2026-08-07T15:03:12.343+08:00,294.897,31.492784999954893,8.954,1331354212,1667,0,active,1.21,,,,,0,,
sensor_combined,2026-08-07T15:03:12.373+08:00,294.927,29.32518100010384,81.065,1331435277,1667,0,active,1.21,,,,,0,,
sensor_combined,2026-08-07T15:03:12.402+08:00,294.957,30.298552999965978,8.954,1331444231,1667,0,active,1.21,,,,,0,,
sensor_combined,2026-08-07T15:03:12.431+08:00,294.986,28.705550000040603,27.006,1331471237,1667,0,active,1.21,,,,,0,,
sensor_combined,2026-08-07T15:03:12.459+08:00,295.015,28.834078000045338,63.013,1331534250,1667,0,active,1.21,,,,,0,,
sensor_combined,2026-08-07T15:03:12.488+08:00,295.043,27.978960999917035,9.002,1331543252,1667,0,active,1.21,,,,,0,,
sensor_combined,2026-08-07T15:03:12.517+08:00,295.071,28.54984999999033,9.002,1331552254,1667,0,active,1.21,,,,,0,,
sensor_combined,2026-08-07T15:03:12.547+08:00,295.101,30.114498000102685,22.505,1331574759,1667,0,active,1.21,,,,,0,,
sensor_combined,2026-08-07T15:03:12.576+08:00,295.130,28.88797299988255,27.005,1331601764,1667,0,active,1.21,,,,,0,,
sensor_combined,2026-08-07T15:03:12.604+08:00,295.159,29.20983800004251,13.551,1331615315,1667,0,active,1.21,,,,,0,,
sensor_combined,2026-08-07T15:03:12.634+08:00,295.189,29.50962099998833,90.019,1331705334,1667,0,active,1.21,,,,,0,,
sensor_combined,2026-08-07T15:03:12.662+08:00,295.217,28.550874000075055,8.954,1331714288,1667,0,active,1.21,,,,,0,,
sensor_combined,2026-08-07T15:03:12.691+08:00,295.246,28.198796999959086,18.004,1331732292,1667,0,active,1.21,,,,,0,,
sensor_combined,2026-08-07T15:03:12.725+08:00,295.277,31.2928880000527,22.505,1331754797,1667,0,active,1.21,,,,,0,,
sensor_combined,2026-08-07T15:03:12.754+08:00,295.308,31.177288999970187,49.511,1331804308,1667,0,active,1.21,,,,,0,,
sensor_combined,2026-08-07T15:03:12.782+08:00,295.338,29.598560000067664,9.002,1331813310,1667,0,active,1.21,,,,,0,,
sensor_combined,2026-08-07T15:03:12.812+08:00,295.366,28.533623999919655,18.003,1331831313,1667,0,active,1.21,,,,,0,,
sensor_combined,2026-08-07T15:03:12.841+08:00,295.396,29.400517999874864,13.503,1331844816,1667,0,active,1.21,,,,,0,,
sensor_combined,2026-08-07T15:03:12.871+08:00,295.425,29.237202000103935,18.052,1331862868,1667,0,active,1.21,,,,,0,,
sensor_combined,2026-08-07T15:03:12.899+08:00,295.454,29.211918000100923,8.954,1331871822,1667,0,active,1.21,,,,,0,,
sensor_combined,2026-08-07T15:03:12.932+08:00,295.483,29.16557699995792,22.505,1331894327,1667,0,active,1.21,,,,,0,,
sensor_combined,2026-08-07T15:03:12.964+08:00,295.516,33.155556999872715,9.002,1331903329,1667,0,active,1.21,,,,,0,,
sensor_combined,2026-08-07T15:03:13.001+08:00,295.548,32.01141199997437,31.506,1331934835,1667,0,active,1.21,,,,,0,,
sensor_combined,2026-08-07T15:03:13.096+08:00,295.588,39.26507300002413,9.002,1331943837,1667,0,active,1.21,,,,,0,,
failsafe_flags,2026-08-07T15:03:13.755+08:00,296.302,,,1332652411,1667,0,active,1.21,,,,,0,,"{'gcs_connection_lost': True, 'manual_control_signal_lost': True, 'offboard_control_signal_lost': True}"
sensor_combined,2026-08-07T15:03:13.793+08:00,296.342,753.8643909999792,1008.215,1332952052,1667,0,active,1.21,,,,,0,,
vehicle_status,2026-08-07T15:03:13.826+08:00,296.377,,,1332740083,1667,0,active,1.21,,,,,0,"{'arming_state': 1, 'nav_state': 4, 'failsafe': True}",
sensor_combined,2026-08-07T15:03:13.860+08:00,296.411,68.96284599997671,45.01,1332997062,1667,0,active,1.21,,,,,0,,
sensor_combined,2026-08-07T15:03:13.894+08:00,296.446,35.178759000018545,4.501,1333001563,1667,0,active,1.21,,,,,0,,
sensor_combined,2026-08-07T15:03:13.931+08:00,296.478,32.68173700007537,9.049,1333010612,1667,0,active,1.21,,,,,0,,
sensor_combined,2026-08-07T15:03:13.963+08:00,296.515,37.01505799995175,8.954,1333019566,1667,0,active,1.21,,,,,0,,
sensor_combined,2026-08-07T15:03:13.998+08:00,296.547,31.838654000011957,13.551,1333033117,1667,0,active,1.21,,,,,0,,
sensor_combined,2026-08-07T15:03:14.029+08:00,296.582,34.942825000143785,40.461,1333073578,1667,0,active,1.21,,,,,0,,
sensor_combined,2026-08-07T15:03:14.059+08:00,296.613,30.409126999984437,18.004,1333091582,1667,0,active,1.21,,,,,0,,
sensor_combined,2026-08-07T15:03:14.089+08:00,296.643,30.237457999874096,9.049,1333100631,1667,0,active,1.21,,,,,0,,
sensor_combined,2026-08-07T15:03:14.117+08:00,296.672,29.651142000147956,90.02,1333190651,1667,0,active,1.21,,,,,0,,
sensor_combined,2026-08-07T15:03:14.148+08:00,296.701,28.771125999810465,8.954,1333199605,1667,0,active,1.21,,,,,0,,
sensor_combined,2026-08-07T15:03:14.179+08:00,296.731,29.797882000138998,22.505,1333222110,1667,0,active,1.21,,,,,0,,
sensor_combined,2026-08-07T15:03:14.209+08:00,296.763,31.684906000009505,40.508,1333262618,1667,0,active,1.21,,,,,0,,
sensor_combined,2026-08-07T15:03:14.239+08:00,296.793,30.728526999837413,9.002,1333271620,1667,0,active,1.21,,,,,0,,
sensor_combined,2026-08-07T15:03:14.269+08:00,296.823,29.47720100019069,9.051,1333280671,1667,0,active,1.21,,,,,0,,
sensor_combined,2026-08-07T15:03:14.297+08:00,296.853,30.12076999993951,71.966,1333352637,1667,0,active,1.21,,,,,0,,
sensor_combined,2026-08-07T15:03:14.329+08:00,296.881,28.191723999952956,9.002,1333361639,1667,0,active,1.21,,,,,0,,
sensor_combined,2026-08-07T15:03:14.362+08:00,296.912,31.036408000090887,18.004,1333379643,1667,0,active,1.21,,,,,0,,
sensor_combined,2026-08-07T15:03:14.395+08:00,296.947,34.974668999893765,54.012,1333433655,1667,0,active,1.21,,,,,0,,
sensor_combined,2026-08-07T15:03:14.425+08:00,296.979,31.967694000059055,18.004,1333451659,1667,0,active,1.21,,,,,0,,
sensor_combined,2026-08-07T15:03:14.455+08:00,297.009,29.50453199991898,9.049,1333460708,1667,0,active,1.35,,,,,0,,
sensor_combined,2026-08-07T15:03:14.484+08:00,297.039,30.173641000146745,62.966,1333523674,1667,0,active,1.35,,,,,0,,
sensor_combined,2026-08-07T15:03:14.512+08:00,297.067,28.453485999989425,9.002,1333532676,1667,0,active,1.35,,,,,0,,
sensor_combined,2026-08-07T15:03:14.543+08:00,297.096,28.57865399982984,18.051,1333550727,1667,0,active,1.35,,,,,0,,
sensor_combined,2026-08-07T15:03:14.572+08:00,297.126,30.47476699998697,62.966,1333613693,1667,0,active,1.35,,,,,0,,
sensor_combined,2026-08-07T15:03:14.600+08:00,297.155,28.844384000194623,9.002,1333622695,1667,0,active,1.35,,,,,0,,
sensor_combined,2026-08-07T15:03:14.631+08:00,297.183,28.12221099998169,27.006,1333649701,1667,0,active,1.35,,,,,0,,
sensor_combined,2026-08-07T15:03:14.669+08:00,297.214,31.047448999970584,40.509,1333690210,1667,0,active,1.35,,,,,0,,
sensor_combined,2026-08-07T15:03:14.701+08:00,297.253,38.95018399998662,22.504,1333712714,1667,0,active,1.35,,,,,0,,
sensor_combined,2026-08-07T15:03:14.731+08:00,297.285,31.717805999960547,9.002,1333721716,1667,0,active,1.35,,,,,0,,
sensor_combined,2026-08-07T15:03:14.761+08:00,297.315,29.95454200004133,90.019,1333811735,1667,0,active,1.35,,,,,0,,
sensor_combined,2026-08-07T15:03:14.791+08:00,297.345,29.549880999866218,9.05,1333820785,1667,0,active,1.35,,,,,0,,
sensor_combined,2026-08-07T15:03:14.829+08:00,297.383,38.510609000013574,17.956,1333838741,1667,0,active,1.35,,,,,0,,
sensor_combined,2026-08-07T15:03:14.859+08:00,297.413,30.03439100007199,13.503,1333852244,1667,0,active,1.35,,,,,0,,
sensor_combined,2026-08-07T15:03:14.889+08:00,297.443,29.79644099991674,31.507,1333883751,1667,0,active,1.35,,,,,0,,
sensor_combined,2026-08-07T15:03:14.918+08:00,297.473,30.298009000034654,9.002,1333892753,1667,0,active,1.35,,,,,0,,
sensor_combined,2026-08-07T15:03:14.947+08:00,297.501,28.216976000067007,18.051,1333910804,1667,0,active,1.35,,,,,0,,
sensor_combined,2026-08-07T15:03:14.977+08:00,297.531,29.257268000037584,8.954,1333919758,1667,0,active,1.35,,,,,0,,
sensor_combined,2026-08-07T15:03:15.007+08:00,297.561,30.186699000068984,22.505,1333942263,1667,0,active,1.35,,,,,0,,
sensor_combined,2026-08-07T15:03:15.038+08:00,297.591,30.383299999812152,9.002,1333951265,1667,0,active,1.35,,,,,0,,
failsafe_flags,2026-08-07T15:03:15.748+08:00,298.300,,,1334832226,1667,0,active,1.35,,,,,0,,"{'gcs_connection_lost': True, 'manual_control_signal_lost': True, 'offboard_control_signal_lost': True}"
sensor_combined,2026-08-07T15:03:15.780+08:00,298.333,741.4752590000262,1003.715,1334954980,1667,0,active,1.35,,,,,0,,
vehicle_status,2026-08-07T15:03:15.811+08:00,298.364,,,1334766632,1667,0,active,1.35,,,,,0,"{'arming_state': 1, 'nav_state': 4, 'failsafe': True}",
sensor_combined,2026-08-07T15:03:15.845+08:00,298.398,64.8363350001091,40.508,1334995488,1667,0,active,1.35,,,,,0,,
sensor_combined,2026-08-07T15:03:15.874+08:00,298.429,31.197226999893246,4.501,1334999989,1667,0,active,1.35,,,,,0,,
sensor_combined,2026-08-07T15:03:15.905+08:00,298.458,29.547066000077393,9.002,1335008991,1667,0,active,1.35,,,,,0,,
sensor_combined,2026-08-07T15:03:15.935+08:00,298.489,30.796728000041185,9.002,1335017993,1667,0,active,1.35,,,,,0,,
sensor_combined,2026-08-07T15:03:15.964+08:00,298.519,29.465806999951383,9.002,1335026995,1667,0,active,1.35,,,,,0,,
sensor_combined,2026-08-07T15:03:15.994+08:00,298.547,28.473231999896598,31.554,1335058549,1667,0,active,1.35,,,,,0,,
sensor_combined,2026-08-07T15:03:16.024+08:00,298.578,30.535896000174034,8.954,1335067503,1667,0,active,1.35,,,,,0,,
sensor_combined,2026-08-07T15:03:16.052+08:00,298.607,29.630850999865288,18.004,1335085507,1667,0,active,1.35,,,,,0,,
sensor_combined,2026-08-07T15:03:16.080+08:00,298.635,28.033848999939437,9.002,1335094509,1667,0,active,1.35,,,,,0,,
sensor_combined,2026-08-07T15:03:16.111+08:00,298.664,29.21323000009579,81.017,1335175526,1667,0,active,1.35,,,,,0,,
sensor_combined,2026-08-07T15:03:16.142+08:00,298.696,31.060186000104295,9.002,1335184528,1667,0,active,1.35,,,,,0,,
sensor_combined,2026-08-07T15:03:16.173+08:00,298.726,30.06588399989596,31.554,1335216082,1667,0,active,1.35,,,,,0,,
sensor_combined,2026-08-07T15:03:16.202+08:00,298.756,30.796921000046495,40.462,1335256544,1667,0,active,1.35,,,,,0,,
sensor_combined,2026-08-07T15:03:16.233+08:00,298.787,30.512627999996766,22.504,1335279048,1667,0,active,1.35,,,,,0,,
sensor_combined,2026-08-07T15:03:16.262+08:00,298.817,29.705004999868834,9.002,1335288050,1667,0,active,1.35,,,,,0,,
sensor_combined,2026-08-07T15:03:16.290+08:00,298.845,28.762389000121402,40.556,1335328606,1667,0,active,1.35,,,,,0,,
sensor_combined,2026-08-07T15:03:16.319+08:00,298.874,28.187595999952464,17.957,1335346563,1667,0,active,1.35,,,,,0,,
sensor_combined,2026-08-07T15:03:16.365+08:00,298.904,30.178890000115643,9.002,1335355565,1667,0,active,1.35,,,,,0,,
sensor_combined,2026-08-07T15:03:16.404+08:00,298.950,46.190339999839125,90.019,1335445584,1667,0,active,1.35,,,,,0,,
sensor_combined,2026-08-07T15:03:16.441+08:00,298.989,38.65760400003637,9.002,1335454586,1667,0,active,1.35,,,,,0,,
sensor_combined,2026-08-07T15:03:16.475+08:00,299.025,36.45604200005437,63.013,1335517599,1667,0,active,1.35,,,,,0,,
sensor_combined,2026-08-07T15:03:16.510+08:00,299.059,34.09458999999515,27.006,1335544605,1667,0,active,1.35,,,,,0,,
sensor_combined,2026-08-07T15:03:16.564+08:00,299.096,36.538420999931986,13.503,1335558108,1667,0,active,1.35,,,,,0,,
sensor_combined,2026-08-07T15:03:16.602+08:00,299.149,53.19837000001826,49.511,1335607619,1667,0,active,1.35,,,,,0,,
sensor_combined,2026-08-07T15:03:16.641+08:00,299.188,38.67936599999666,9.001,1335616620,1667,0,active,1.35,,,,,0,,
sensor_combined,2026-08-07T15:03:16.690+08:00,299.227,39.14694600007351,72.063,1335688683,1667,0,active,1.35,,,,,0,,
sensor_combined,2026-08-07T15:03:16.740+08:00,299.275,48.771534000024985,17.957,1335706640,1667,0,active,1.35,,,,,0,,
sensor_combined,2026-08-07T15:03:16.782+08:00,299.324,49.00477899991529,99.021,1335805661,1667,0,active,1.35,,,,,0,,
sensor_combined,2026-08-07T15:03:16.822+08:00,299.371,46.13404499991702,9.002,1335814663,1667,0,active,1.35,,,,,0,,
sensor_combined,2026-08-07T15:03:16.866+08:00,299.407,36.34806100012611,22.505,1335837168,1667,0,active,1.35,,,,,0,,
sensor_combined,2026-08-07T15:03:16.899+08:00,299.450,43.08165599991298,9.049,1335846217,1667,0,active,1.35,,,,,0,,
sensor_combined,2026-08-07T15:03:16.933+08:00,299.483,33.183560999987094,22.505,1335868722,1667,0,active,1.35,,,,,0,,
sensor_combined,2026-08-07T15:03:16.967+08:00,299.519,35.69360900019092,8.954,1335877676,1667,0,active,1.35,,,,,0,,
sensor_combined,2026-08-07T15:03:17.006+08:00,299.552,32.68964199992297,18.004,1335895680,1667,0,active,1.35,,,,,0,,
sensor_combined,2026-08-07T15:03:17.041+08:00,299.590,38.11459000007744,9.002,1335904682,1667,0,active,1.35,,,,,0,,
sensor_combined,2026-08-07T15:03:17.079+08:00,299.627,37.251631999879464,31.554,1335936236,1667,0,active,1.35,,,,,0,,
sensor_combined,2026-08-07T15:03:17.116+08:00,299.667,39.90422700007912,8.955,1335945191,1667,0,active,1.35,,,,,0,,
