sequence,monotonic_ns,elapsed_ms,publish_gap_ms,phase,offboard_subscriptions,setpoint_subscriptions,command_subscriptions,arming_state,nav_state,failsafe,target_x,target_y,target_z,actual_x,actual_y,actual_z
1,947357005376,906.148,,PREROLL,1,1,1,1,15,0,-14.6532,10.4615,-17.0733,-14.6532,10.4615,-17.0733
2,947459322208,1008.465,102.317,PREROLL,1,1,1,1,15,0,-14.6532,10.4615,-17.0733,-14.6520,10.4504,-17.0695
3,947562830528,1111.973,103.508,PREROLL,1,1,1,1,15,0,-14.6532,10.4615,-17.0733,-14.6512,10.4402,-17.0657
4,947659423584,1208.566,96.593,PREROLL,1,1,1,1,15,0,-14.6532,10.4615,-17.0733,-14.6484,10.4272,-17.0617
5,947761401408,1310.544,101.978,PREROLL,1,1,1,1,15,0,-14.6532,10.4615,-17.0733,-14.6457,10.4157,-17.0590
6,947858392096,1407.535,96.991,PREROLL,1,1,1,1,15,0,-14.6532,10.4615,-17.0733,-14.6440,10.4033,-17.0575
7,947958937312,1508.080,100.545,PREROLL,1,1,1,1,15,0,-14.6532,10.4615,-17.0733,-14.6430,10.3921,-17.0572
8,948059992576,1609.135,101.055,PREROLL,1,1,1,1,15,0,-14.6532,10.4615,-17.0733,-14.6419,10.3798,-17.0567
9,948158284352,1707.427,98.292,PREROLL,1,1,1,1,15,0,-14.6532,10.4615,-17.0733,-14.6412,10.3698,-17.0564
10,948262322240,1811.465,104.038,PREROLL,1,1,1,1,15,0,-14.6532,10.4615,-17.0733,-14.6382,10.3600,-17.0559
11,948357846080,1906.989,95.524,PREROLL,1,1,1,1,15,0,-14.6532,10.4615,-17.0733,-14.6350,10.3522,-17.0554
12,948460949088,2010.092,103.103,PREROLL,1,1,1,1,15,0,-14.6532,10.4615,-17.0733,-14.6321,10.3400,-17.0543
13,948558546784,2107.690,97.598,PREROLL,1,1,1,1,15,0,-14.6532,10.4615,-17.0733,-14.6299,10.3286,-17.0538
14,948663273056,2212.416,104.726,PREROLL,1,1,1,1,15,0,-14.6532,10.4615,-17.0733,-14.6270,10.3178,-17.0540
15,948761267744,2310.411,97.995,PREROLL,1,1,1,1,15,0,-14.6532,10.4615,-17.0733,-14.6244,10.3092,-17.0537
16,948859462592,2408.606,98.195,PREROLL,1,1,1,1,15,0,-14.6532,10.4615,-17.0733,-14.6219,10.2983,-17.0543
17,948960465376,2509.608,101.003,PREROLL,1,1,1,1,15,0,-14.6532,10.4615,-17.0733,-14.6202,10.2894,-17.0547
18,949060936608,2610.080,100.471,PREROLL,1,1,1,1,15,0,-14.6532,10.4615,-17.0733,-14.6183,10.2787,-17.0554
19,949157779456,2706.922,96.843,PREROLL,1,1,1,1,15,0,-14.6532,10.4615,-17.0733,-14.6167,10.2696,-17.0552
20,949257219360,2806.362,99.440,PREROLL,1,1,1,1,15,0,-14.6532,10.4615,-17.0733,-14.6150,10.2608,-17.0562
21,949359141344,2908.284,101.922,REQUEST_OFFBOARD_DISARMED,1,1,1,1,15,0,-14.6532,10.4615,-17.0733,-14.6134,10.2529,-17.0566
22,949458208128,3007.351,99.067,REQUEST_OFFBOARD_DISARMED,1,1,1,1,15,0,-14.6532,10.4615,-17.0733,-14.6134,10.2529,-17.0566
23,949561289568,3110.432,103.081,REQUEST_OFFBOARD_DISARMED,1,1,1,1,15,0,-14.6532,10.4615,-17.0733,-14.6079,10.2351,-17.0559
24,949658659104,3207.802,97.370,REQUEST_OFFBOARD_DISARMED,1,1,1,1,15,0,-14.6532,10.4615,-17.0733,-14.6051,10.2261,-17.0562
25,949766986880,3316.130,108.328,REQUEST_OFFBOARD_DISARMED,1,1,1,1,15,0,-14.6532,10.4615,-17.0733,-14.6023,10.2161,-17.0568
26,949859166464,3408.309,92.180,REQUEST_OFFBOARD_DISARMED,1,1,1,1,15,0,-14.6532,10.4615,-17.0733,-14.5999,10.2056,-17.0589
27,949962682560,3511.825,103.516,REQUEST_OFFBOARD_DISARMED,1,1,1,1,15,0,-14.6532,10.4615,-17.0733,-14.5979,10.1957,-17.0612
28,950061893472,3611.036,99.211,REQUEST_OFFBOARD_DISARMED,1,1,1,1,15,0,-14.6532,10.4615,-17.0733,-14.5952,10.1862,-17.0643
29,950157304416,3706.447,95.411,REQUEST_OFFBOARD_DISARMED,1,1,1,1,15,0,-14.6532,10.4615,-17.0733,-14.5926,10.1782,-17.0672
30,950261501568,3810.644,104.197,REQUEST_OFFBOARD_DISARMED,1,1,1,1,15,0,-14.6532,10.4615,-17.0733,-14.5888,10.1677,-17.0699
31,950358555840,3907.699,97.054,REQUEST_OFFBOARD_DISARMED,1,1,1,1,15,0,-14.6532,10.4615,-17.0733,-14.5854,10.1585,-17.0722
32,950461991808,4011.135,103.436,REQUEST_OFFBOARD_DISARMED,1,1,1,1,15,0,-14.6532,10.4615,-17.0733,-14.5817,10.1483,-17.0723
33,950557490208,4106.633,95.498,REQUEST_OFFBOARD_DISARMED,1,1,1,1,15,0,-14.6532,10.4615,-17.0733,-14.5784,10.1390,-17.0710
34,950668150144,4217.293,110.660,REQUEST_OFFBOARD_DISARMED,1,1,1,1,15,0,-14.6532,10.4615,-17.0733,-14.5751,10.1289,-17.0691
35,950759855712,4308.999,91.706,REQUEST_OFFBOARD_DISARMED,1,1,1,1,15,0,-14.6532,10.4615,-17.0733,-14.5723,10.1203,-17.0676
36,950858823040,4407.966,98.967,REQUEST_OFFBOARD_DISARMED,1,1,1,1,15,0,-14.6532,10.4615,-17.0733,-14.5685,10.1076,-17.0668
37,950965887168,4515.030,107.064,VIRTUAL_TAKEOFF,1,1,1,1,14,0,-14.6532,10.4615,-18.0733,-14.5652,10.0960,-17.0658
38,951063443744,4612.587,97.557,VIRTUAL_TAKEOFF,1,1,1,1,14,0,-14.6532,10.4615,-18.0733,-14.5628,10.0849,-17.0644
39,951161414592,4710.558,97.971,VIRTUAL_TAKEOFF,1,1,1,1,14,0,-14.6532,10.4615,-18.0733,-14.5614,10.0754,-17.0630
40,951259254208,4808.397,97.840,VIRTUAL_TAKEOFF,1,1,1,1,14,0,-14.6532,10.4615,-18.0733,-14.5590,10.0643,-17.0621
41,951357964832,4907.108,98.711,VIRTUAL_TAKEOFF,1,1,1,1,14,0,-14.6532,10.4615,-18.0733,-14.5562,10.0527,-17.0618
42,951458410944,5007.554,100.446,VIRTUAL_TAKEOFF,1,1,1,1,14,0,-14.6532,10.4615,-18.0733,-14.5535,10.0397,-17.0606
43,951558358688,5107.502,99.948,VIRTUAL_TAKEOFF,1,1,1,1,14,0,-14.6532,10.4615,-18.0733,-14.5518,10.0297,-17.0598
44,951657002080,5206.145,98.643,VIRTUAL_TAKEOFF,1,1,1,1,14,0,-14.6532,10.4615,-18.0733,-14.5483,10.0195,-17.0587
45,951759414304,5308.557,102.412,VIRTUAL_TAKEOFF,1,1,1,1,14,0,-14.6532,10.4615,-18.0733,-14.5450,10.0110,-17.0592
46,951860185568,5409.328,100.771,VIRTUAL_TAKEOFF,1,1,1,1,14,0,-14.6532,10.4615,-18.0733,-14.5403,10.0009,-17.0595
47,951959566752,5508.710,99.381,VIRTUAL_TAKEOFF,1,1,1,1,14,0,-14.6532,10.4615,-18.0733,-14.5360,9.9921,-17.0609
48,952059366912,5608.510,99.800,VIRTUAL_TAKEOFF,1,1,1,1,14,0,-14.6532,10.4615,-18.0733,-14.5317,9.9821,-17.0617
49,952157756960,5706.900,98.390,VIRTUAL_TAKEOFF,1,1,1,1,14,0,-14.6532,10.4615,-18.0733,-14.5278,9.9728,-17.0611
50,952259942880,5809.086,102.186,VIRTUAL_TAKEOFF,1,1,1,1,14,0,-14.6532,10.4615,-18.0733,-14.5246,9.9621,-17.0602
51,952358303232,5907.446,98.360,VIRTUAL_TAKEOFF,1,1,1,1,14,0,-14.6532,10.4615,-18.0733,-14.5221,9.9521,-17.0609
52,952457915232,6007.058,99.612,VIRTUAL_TAKEOFF,1,1,1,1,14,0,-14.6532,10.4615,-18.0733,-14.5193,9.9402,-17.0613
53,952557427680,6106.571,99.512,VIRTUAL_TAKEOFF,1,1,1,1,14,0,-14.6532,10.4615,-18.0733,-14.5172,9.9308,-17.0623
54,952659145792,6208.289,101.718,VIRTUAL_TAKEOFF,1,1,1,1,14,0,-14.6532,10.4615,-18.0733,-14.5132,9.9197,-17.0636
55,952760788384,6309.931,101.643,VIRTUAL_TAKEOFF,1,1,1,1,14,0,-14.6532,10.4615,-18.0733,-14.5089,9.9091,-17.0639
56,952863485600,6412.629,102.697,VIRTUAL_TAKEOFF,1,1,1,1,14,0,-14.6532,10.4615,-18.0733,-14.5050,9.8972,-17.0624
57,952959770752,6508.914,96.285,VIRTUAL_TAKEOFF,1,1,1,1,14,0,-14.6532,10.4615,-18.0733,-14.5018,9.8861,-17.0599
58,953057740160,6606.883,97.969,VIRTUAL_TAKEOFF,1,1,1,1,14,0,-14.6532,10.4615,-18.0733,-14.4980,9.8762,-17.0587
59,953161495872,6710.639,103.756,VIRTUAL_TAKEOFF,1,1,1,1,14,0,-14.6532,10.4615,-18.0733,-14.4949,9.8685,-17.0571
60,953258273184,6807.416,96.777,VIRTUAL_TAKEOFF,1,1,1,1,14,0,-14.6532,10.4615,-18.0733,-14.4912,9.8588,-17.0563
61,953365273856,6914.417,107.001,VIRTUAL_TAKEOFF,1,1,1,1,14,0,-14.6532,10.4615,-18.0733,-14.4870,9.8474,-17.0564
62,953467154336,7016.297,101.880,VIRTUAL_TAKEOFF,1,1,1,1,14,0,-14.6532,10.4615,-18.0733,-14.4836,9.8367,-17.0572
63,953560670528,7109.813,93.516,VIRTUAL_TAKEOFF,1,1,1,1,14,0,-14.6532,10.4615,-18.0733,-14.4808,9.8271,-17.0577
64,953660231360,7209.374,99.561,VIRTUAL_TAKEOFF,1,1,1,1,14,0,-14.6532,10.4615,-18.0733,-14.4778,9.8159,-17.0563
65,953757509984,7306.653,97.279,VIRTUAL_TAKEOFF,1,1,1,1,14,0,-14.6532,10.4615,-18.0733,-14.4750,9.8052,-17.0550
66,953860973760,7410.117,103.464,VIRTUAL_TAKEOFF,1,1,1,1,14,0,-14.6532,10.4615,-18.0733,-14.4723,9.7943,-17.0524
67,953962631392,7511.774,101.658,VIRTUAL_TAKEOFF,1,1,1,1,14,0,-14.6532,10.4615,-18.0733,-14.4701,9.7847,-17.0500
68,954060590656,7609.734,97.959,VIRTUAL_TAKEOFF,1,1,1,1,14,0,-14.6532,10.4615,-18.0733,-14.4675,9.7729,-17.0480
69,954161910528,7711.053,101.320,VIRTUAL_TAKEOFF,1,1,1,1,14,0,-14.6532,10.4615,-18.0733,-14.4648,9.7605,-17.0469
70,954260958272,7810.101,99.048,VIRTUAL_TAKEOFF,1,1,1,1,14,0,-14.6532,10.4615,-18.0733,-14.4612,9.7480,-17.0463
71,954361446176,7910.589,100.488,VIRTUAL_TAKEOFF,1,1,1,1,14,0,-14.6532,10.4615,-18.0733,-14.4581,9.7372,-17.0470
72,954458204608,8007.348,96.758,VIRTUAL_TAKEOFF,1,1,1,1,14,0,-14.6532,10.4615,-18.0733,-14.4549,9.7259,-17.0472
73,954563289120,8112.432,105.085,VIRTUAL_TAKEOFF,1,1,1,1,14,0,-14.6532,10.4615,-18.0733,-14.4523,9.7164,-17.0477
74,954664560896,8213.704,101.272,VIRTUAL_TAKEOFF,1,1,1,1,14,0,-14.6532,10.4615,-18.0733,-14.4496,9.7051,-17.0494
75,954758409216,8307.552,93.848,VIRTUAL_TAKEOFF,1,1,1,1,14,0,-14.6532,10.4615,-18.0733,-14.4472,9.6944,-17.0523
76,954864200096,8413.343,105.791,VIRTUAL_TAKEOFF,1,1,1,1,14,0,-14.6532,10.4615,-18.0733,-14.4446,9.6837,-17.0545
77,954958389536,8507.532,94.189,VIRTUAL_TAKEOFF,1,1,1,1,14,0,-14.6532,10.4615,-18.0733,-14.4419,9.6735,-17.0564
78,955060940736,8610.084,102.551,VIRTUAL_TAKEOFF,1,1,1,1,14,0,-14.6532,10.4615,-18.0733,-14.4387,9.6608,-17.0584
79,955158914976,8708.058,97.974,VIRTUAL_TAKEOFF,1,1,1,1,14,0,-14.6532,10.4615,-18.0733,-14.4363,9.6504,-17.0595
80,955262894336,8812.037,103.979,VIRTUAL_TAKEOFF,1,1,1,1,14,0,-14.6532,10.4615,-18.0733,-14.4333,9.6396,-17.0597
81,955361511104,8910.654,98.617,VIRTUAL_TAKEOFF,1,1,1,1,14,0,-14.6532,10.4615,-18.0733,-14.4300,9.6291,-17.0586
82,955458944000,9008.087,97.433,VIRTUAL_TAKEOFF,1,1,1,1,14,0,-14.6532,10.4615,-18.0733,-14.4257,9.6198,-17.0568
83,955558776000,9107.919,99.832,VIRTUAL_TAKEOFF,1,1,1,1,14,0,-14.6532,10.4615,-18.0733,-14.4219,9.6127,-17.0550
84,955664618016,9213.761,105.842,VIRTUAL_TAKEOFF,1,1,1,1,14,0,-14.6532,10.4615,-18.0733,-14.4182,9.6015,-17.0532
85,955762640256,9311.783,98.022,VIRTUAL_TAKEOFF,1,1,1,1,14,0,-14.6532,10.4615,-18.0733,-14.4152,9.5897,-17.0516
86,955914448064,9463.591,151.808,VIRTUAL_TAKEOFF,1,1,1,1,14,0,-14.6532,10.4615,-18.0733,-14.4112,9.5793,-17.0500
87,955959379936,9508.523,44.932,VIRTUAL_TAKEOFF,1,1,1,1,14,0,-14.6532,10.4615,-18.0733,-14.4069,9.5702,-17.0491
88,956060804992,9609.948,101.425,VIRTUAL_TAKEOFF,1,1,1,1,14,0,-14.6532,10.4615,-18.0733,-14.4017,9.5602,-17.0499
89,956158666400,9707.809,97.861,VIRTUAL_TAKEOFF,1,1,1,1,14,0,-14.6532,10.4615,-18.0733,-14.3970,9.5513,-17.0498
90,956264350400,9813.493,105.684,VIRTUAL_TAKEOFF,1,1,1,1,14,0,-14.6532,10.4615,-18.0733,-14.3926,9.5432,-17.0514
91,956359224736,9908.368,94.874,VIRTUAL_TAKEOFF,1,1,1,1,14,0,-14.6532,10.4615,-18.0733,-14.3889,9.5364,-17.0533
92,956461230944,10010.374,102.006,VIRTUAL_TAKEOFF,1,1,1,1,14,0,-14.6532,10.4615,-18.0733,-14.3850,9.5281,-17.0550
93,956560822944,10109.966,99.592,VIRTUAL_TAKEOFF,1,1,1,1,14,0,-14.6532,10.4615,-18.0733,-14.3817,9.5208,-17.0563
94,956657282624,10206.426,96.460,VIRTUAL_TAKEOFF,1,1,1,1,14,0,-14.6532,10.4615,-18.0733,-14.3776,9.5107,-17.0564
95,956761998912,10311.142,104.716,VIRTUAL_TAKEOFF,1,1,1,1,14,0,-14.6532,10.4615,-18.0733,-14.3745,9.5030,-17.0563
96,956862891200,10412.034,100.892,VIRTUAL_TAKEOFF,1,1,1,1,14,0,-14.6532,10.4615,-18.0733,-14.3712,9.4927,-17.0549
97,956958444704,10507.588,95.554,VIRTUAL_TAKEOFF,1,1,1,1,14,0,-14.6532,10.4615,-18.0733,-14.3690,9.4846,-17.0524
98,957057480480,10606.623,99.036,VIRTUAL_TAKEOFF,1,1,1,1,14,0,-14.6532,10.4615,-18.0733,-14.3650,9.4738,-17.0488
99,957172452480,10721.595,114.972,VIRTUAL_TAKEOFF,1,1,1,1,14,0,-14.6532,10.4615,-18.0733,-14.3606,9.4629,-17.0455
100,957258224512,10807.367,85.772,VIRTUAL_TAKEOFF,1,1,1,1,14,0,-14.6532,10.4615,-18.0733,-14.3565,9.4519,-17.0425
101,957363411808,10912.555,105.187,VIRTUAL_TAKEOFF,1,1,1,1,14,0,-14.6532,10.4615,-18.0733,-14.3525,9.4400,-17.0391
102,957457259968,11006.403,93.848,VIRTUAL_TAKEOFF,1,1,1,1,14,0,-14.6532,10.4615,-18.0733,-14.3484,9.4269,-17.0342
103,957557783232,11106.926,100.523,VIRTUAL_TAKEOFF,1,1,1,1,14,0,-14.6532,10.4615,-18.0733,-14.3447,9.4145,-17.0309
104,957657692640,11206.836,99.909,VIRTUAL_TAKEOFF,1,1,1,1,14,0,-14.6532,10.4615,-18.0733,-14.3410,9.4037,-17.0269
105,957757338944,11306.482,99.646,VIRTUAL_TAKEOFF,1,1,1,1,14,0,-14.6532,10.4615,-18.0733,-14.3370,9.3939,-17.0218
106,957859631584,11408.774,102.293,VIRTUAL_TAKEOFF,1,1,1,1,14,0,-14.6532,10.4615,-18.0733,-14.3326,9.3839,-17.0179
107,957957474432,11506.617,97.843,VIRTUAL_TAKEOFF,1,1,1,1,14,0,-14.6532,10.4615,-18.0733,-14.3288,9.3760,-17.0159
108,958058477408,11607.620,101.003,VIRTUAL_TAKEOFF,1,1,1,1,14,0,-14.6532,10.4615,-18.0733,-14.3240,9.3670,-17.0148
109,958160198144,11709.341,101.721,VIRTUAL_TAKEOFF,1,1,1,1,14,0,-14.6532,10.4615,-18.0733,-14.3192,9.3586,-17.0137
110,958260824096,11809.967,100.626,VIRTUAL_TAKEOFF,1,1,1,1,14,0,-14.6532,10.4615,-18.0733,-14.3140,9.3485,-17.0140
111,958360267872,11909.411,99.444,VIRTUAL_TAKEOFF,1,1,1,1,14,0,-14.6532,10.4615,-18.0733,-14.3095,9.3397,-17.0147
112,958459726048,12008.869,99.458,VIRTUAL_TAKEOFF,1,1,1,1,14,0,-14.6532,10.4615,-18.0733,-14.3063,9.3307,-17.0153
113,958558687712,12107.831,98.962,VIRTUAL_TAKEOFF,1,1,1,1,14,0,-14.6532,10.4615,-18.0733,-14.3042,9.3220,-17.0153
114,958662336896,12211.480,103.649,VIRTUAL_TAKEOFF,1,1,1,1,14,0,-14.6532,10.4615,-18.0733,-14.3010,9.3124,-17.0148
115,958757003584,12306.146,94.667,VIRTUAL_TAKEOFF,1,1,1,1,14,0,-14.6532,10.4615,-18.0733,-14.2968,9.3017,-17.0142
116,958861542144,12410.685,104.539,VIRTUAL_TAKEOFF,1,1,1,1,14,0,-14.6532,10.4615,-18.0733,-14.2934,9.2914,-17.0143
117,958957563840,12506.707,96.022,VIRTUAL_TAKEOFF,1,1,1,1,14,0,-14.6532,10.4615,-18.0733,-14.2906,9.2819,-17.0135
118,959057920960,12607.064,100.357,VIRTUAL_TAKEOFF,1,1,1,1,14,0,-14.6532,10.4615,-18.0733,-14.2873,9.2722,-17.0120
119,959159339360,12708.482,101.418,VIRTUAL_TAKEOFF,1,1,1,1,14,0,-14.6532,10.4615,-18.0733,-14.2841,9.2636,-17.0098
120,959264610240,12813.753,105.271,VIRTUAL_TAKEOFF,1,1,1,1,14,0,-14.6532,10.4615,-18.0733,-14.2803,9.2561,-17.0074
121,959361839712,12910.983,97.229,VIRTUAL_TAKEOFF,1,1,1,1,14,0,-14.6532,10.4615,-18.0733,-14.2761,9.2497,-17.0048
122,959458869216,13008.012,97.030,VIRTUAL_TAKEOFF,1,1,1,1,14,0,-14.6532,10.4615,-18.0733,-14.2700,9.2419,-17.0028
123,959562642880,13111.786,103.774,VIRTUAL_TAKEOFF,1,1,1,1,14,0,-14.6532,10.4615,-18.0733,-14.2631,9.2339,-17.0017
124,959662402144,13211.545,99.759,VIRTUAL_TAKEOFF,1,1,1,1,14,0,-14.6532,10.4615,-18.0733,-14.2562,9.2269,-17.0003
125,959762216640,13311.360,99.814,VIRTUAL_TAKEOFF,1,1,1,1,14,0,-14.6532,10.4615,-18.0733,-14.2496,9.2208,-16.9991
126,959862172672,13411.316,99.956,VIRTUAL_TAKEOFF,1,1,1,1,14,0,-14.6532,10.4615,-18.0733,-14.2432,9.2139,-16.9986
127,959958202176,13507.345,96.030,VIRTUAL_TAKEOFF,1,1,1,1,14,0,-14.6532,10.4615,-18.0733,-14.2377,9.2081,-16.9972
128,960058233344,13607.376,100.031,VIRTUAL_TAKEOFF,1,1,1,1,14,0,-14.6532,10.4615,-18.0733,-14.2322,9.2010,-16.9971
129,960163283840,13712.427,105.050,VIRTUAL_TAKEOFF,1,1,1,1,14,0,-14.6532,10.4615,-18.0733,-14.2276,9.1956,-16.9986
130,960261005888,13810.149,97.722,VIRTUAL_TAKEOFF,1,1,1,1,14,0,-14.6532,10.4615,-18.0733,-14.2230,9.1861,-16.9992
131,960358792992,13907.936,97.787,VIRTUAL_TAKEOFF,1,1,1,1,14,0,-14.6532,10.4615,-18.0733,-14.2191,9.1772,-16.9990
132,960463452352,14012.595,104.659,VIRTUAL_TAKEOFF,1,1,1,1,14,0,-14.6532,10.4615,-18.0733,-14.2156,9.1660,-16.9997
133,960557903744,14107.047,94.451,VIRTUAL_TAKEOFF,1,1,1,1,14,0,-14.6532,10.4615,-18.0733,-14.2131,9.1583,-17.0015
134,960660989056,14210.132,103.085,VIRTUAL_TAKEOFF,1,1,1,1,14,0,-14.6532,10.4615,-18.0733,-14.2112,9.1463,-17.0031
135,960760867584,14310.010,99.879,VIRTUAL_TAKEOFF,1,1,1,1,14,0,-14.6532,10.4615,-18.0733,-14.2097,9.1362,-17.0041
136,960858975616,14408.119,98.108,VIRTUAL_TAKEOFF,1,1,1,1,14,0,-14.6532,10.4615,-18.0733,-14.2066,9.1252,-17.0042
137,960961870400,14511.013,102.895,VIRTUAL_TAKEOFF,1,1,1,1,14,0,-14.6532,10.4615,-18.0733,-14.2039,9.1171,-17.0045
138,961061477632,14610.621,99.607,VIRTUAL_TAKEOFF,1,1,1,1,14,0,-14.6532,10.4615,-18.0733,-14.2016,9.1060,-17.0050
139,961164139104,14713.282,102.661,VIRTUAL_TAKEOFF,1,1,1,1,14,0,-14.6532,10.4615,-18.0733,-14.1998,9.0970,-17.0055
140,961260139840,14809.283,96.001,VIRTUAL_TAKEOFF,1,1,1,1,14,0,-14.6532,10.4615,-18.0733,-14.1977,9.0870,-17.0067
141,961359730048,14908.873,99.590,VIRTUAL_TAKEOFF,1,1,1,1,14,0,-14.6532,10.4615,-18.0733,-14.1955,9.0769,-17.0072
142,961457060512,15006.203,97.330,VIRTUAL_TAKEOFF,1,1,1,1,14,0,-14.6532,10.4615,-18.0733,-14.1943,9.0628,-17.0085
143,961557161824,15106.305,100.101,VIRTUAL_TAKEOFF,1,1,1,1,14,0,-14.6532,10.4615,-18.0733,-14.1937,9.0518,-17.0099
144,961662772704,15211.916,105.611,VIRTUAL_TAKEOFF,1,1,1,1,14,0,-14.6532,10.4615,-18.0733,-14.1916,9.0405,-17.0101
145,961760514880,15309.658,97.742,VIRTUAL_TAKEOFF,1,1,1,1,14,0,-14.6532,10.4615,-18.0733,-14.1896,9.0317,-17.0098
146,961861291008,15410.434,100.776,VIRTUAL_TAKEOFF,1,1,1,1,14,0,-14.6532,10.4615,-18.0733,-14.1883,9.0198,-17.0104
147,961961504256,15510.647,100.213,VIRTUAL_TAKEOFF,1,1,1,1,14,0,-14.6532,10.4615,-18.0733,-14.1874,9.0090,-17.0107
148,962058390880,15607.534,96.887,VIRTUAL_TAKEOFF,1,1,1,1,14,0,-14.6532,10.4615,-18.0733,-14.1848,8.9964,-17.0110
149,962165239904,15714.383,106.849,VIRTUAL_TAKEOFF,1,1,1,1,14,0,-14.6532,10.4615,-18.0733,-14.1821,8.9855,-17.0104
150,962259024384,15808.167,93.784,VIRTUAL_TAKEOFF,1,1,1,1,14,0,-14.6532,10.4615,-18.0733,-14.1808,8.9729,-17.0104
151,962362312352,15911.455,103.288,VIRTUAL_TAKEOFF,1,1,1,1,14,0,-14.6532,10.4615,-18.0733,-14.1803,8.9636,-17.0113
152,962466729760,16015.873,104.417,VIRTUAL_TAKEOFF,1,1,1,1,14,0,-14.6532,10.4615,-18.0733,-14.1800,8.9518,-17.0117
153,962560677184,16109.820,93.947,VIRTUAL_TAKEOFF,1,1,1,1,14,0,-14.6532,10.4615,-18.0733,-14.1799,8.9423,-17.0121
154,962662506208,16211.649,101.829,VIRTUAL_TAKEOFF,1,1,1,1,14,0,-14.6532,10.4615,-18.0733,-14.1799,8.9310,-17.0125
155,962758478432,16307.621,95.972,VIRTUAL_TAKEOFF,1,1,1,1,14,0,-14.6532,10.4615,-18.0733,-14.1800,8.9221,-17.0126
156,962858874176,16408.017,100.396,VIRTUAL_TAKEOFF,1,1,1,1,14,0,-14.6532,10.4615,-18.0733,-14.1789,8.9116,-17.0135
157,962958959200,16508.102,100.085,VIRTUAL_TAKEOFF,1,1,1,1,14,0,-14.6532,10.4615,-18.0733,-14.1777,8.9026,-17.0139
158,963061981984,16611.125,103.023,VIRTUAL_TAKEOFF,1,1,1,1,14,0,-14.6532,10.4615,-18.0733,-14.1774,8.8901,-17.0139
159,963160099712,16709.243,98.118,VIRTUAL_TAKEOFF,1,1,1,1,14,0,-14.6532,10.4615,-18.0733,-14.1774,8.8777,-17.0136
160,963257875840,16807.019,97.776,VIRTUAL_TAKEOFF,1,1,1,1,14,0,-14.6532,10.4615,-18.0733,-14.1777,8.8658,-17.0129
161,963360985568,16910.128,103.110,VIRTUAL_TAKEOFF,1,1,1,1,14,0,-14.6532,10.4615,-18.0733,-14.1781,8.8558,-17.0111
162,963460619104,17009.762,99.634,VIRTUAL_TAKEOFF,1,1,1,1,14,0,-14.6532,10.4615,-18.0733,-14.1792,8.8416,-17.0095
163,963566333568,17115.476,105.714,VIRTUAL_TAKEOFF,1,1,1,1,14,0,-14.6532,10.4615,-18.0733,-14.1803,8.8295,-17.0085
164,963662252608,17211.396,95.919,VIRTUAL_TAKEOFF,1,1,1,1,14,0,-14.6532,10.4615,-18.0733,-14.1813,8.8155,-17.0083
165,963757523232,17306.666,95.271,VIRTUAL_TAKEOFF,1,1,1,1,14,0,-14.6532,10.4615,-18.0733,-14.1821,8.8033,-17.0078
166,963858655712,17407.799,101.132,VIRTUAL_TAKEOFF,1,1,1,1,14,0,-14.6532,10.4615,-18.0733,-14.1815,8.7907,-17.0094
167,963960444096,17509.587,101.788,VIRTUAL_TAKEOFF,1,1,1,1,14,0,-14.6532,10.4615,-18.0733,-14.1806,8.7791,-17.0110
168,964062674592,17611.818,102.230,VIRTUAL_TAKEOFF,1,1,1,1,14,0,-14.6532,10.4615,-18.0733,-14.1821,8.7667,-17.0134
169,964158114848,17707.258,95.440,VIRTUAL_TAKEOFF,1,1,1,1,14,0,-14.6532,10.4615,-18.0733,-14.1838,8.7566,-17.0155
170,964259278976,17808.422,101.164,VIRTUAL_TAKEOFF,1,1,1,1,14,0,-14.6532,10.4615,-18.0733,-14.1851,8.7444,-17.0178
171,964361173856,17910.317,101.895,VIRTUAL_TAKEOFF,1,1,1,1,14,0,-14.6532,10.4615,-18.0733,-14.1863,8.7345,-17.0198
172,964460572032,18009.715,99.398,VIRTUAL_TAKEOFF,1,1,1,1,14,0,-14.6532,10.4615,-18.0733,-14.1861,8.7226,-17.0220
173,964560656832,18109.800,100.085,VIRTUAL_TAKEOFF,1,1,1,1,14,0,-14.6532,10.4615,-18.0733,-14.1855,8.7121,-17.0236
174,964661440640,18210.584,100.784,VIRTUAL_TAKEOFF,1,1,1,1,14,0,-14.6532,10.4615,-18.0733,-14.1858,8.7006,-17.0252
175,964757172704,18306.316,95.732,VIRTUAL_TAKEOFF,1,1,1,1,14,0,-14.6532,10.4615,-18.0733,-14.1866,8.6899,-17.0272
176,964858937984,18408.081,101.765,VIRTUAL_TAKEOFF,1,1,1,1,14,0,-14.6532,10.4615,-18.0733,-14.1876,8.6760,-17.0295
177,964959483552,18508.626,100.546,VIRTUAL_TAKEOFF,1,1,1,1,14,0,-14.6532,10.4615,-18.0733,-14.1885,8.6644,-17.0313
178,965063740480,18612.883,104.257,VIRTUAL_TAKEOFF,1,1,1,1,14,0,-14.6532,10.4615,-18.0733,-14.1893,8.6533,-17.0322
179,965159132256,18708.275,95.392,VIRTUAL_TAKEOFF,1,1,1,1,14,0,-14.6532,10.4615,-18.0733,-14.1900,8.6438,-17.0326
180,965262514848,18811.658,103.383,VIRTUAL_TAKEOFF,1,1,1,1,14,0,-14.6532,10.4615,-18.0733,-14.1908,8.6317,-17.0340
181,965359474464,18908.617,96.960,VIRTUAL_TAKEOFF,1,1,1,1,14,0,-14.6532,10.4615,-18.0733,-14.1915,8.6208,-17.0360
182,965464628480,19013.771,105.154,VIRTUAL_TAKEOFF,1,1,1,1,14,0,-14.6532,10.4615,-18.0733,-14.1926,8.6075,-17.0387
183,965563262368,19112.405,98.634,VIRTUAL_TAKEOFF,1,1,1,1,14,0,-14.6532,10.4615,-18.0733,-14.1936,8.5956,-17.0418
184,965657434304,19206.577,94.172,VIRTUAL_TAKEOFF,1,1,1,1,14,0,-14.6532,10.4615,-18.0733,-14.1967,8.5823,-17.0449
185,965757450304,19306.593,100.016,VIRTUAL_TAKEOFF,1,1,1,1,14,0,-14.6532,10.4615,-18.0733,-14.2004,8.5698,-17.0478
186,965857485952,19406.629,100.036,VIRTUAL_TAKEOFF,1,1,1,1,14,0,-14.6532,10.4615,-18.0733,-14.2017,8.5582,-17.0501
187,965960938816,19510.082,103.453,VIRTUAL_TAKEOFF,1,1,1,1,14,0,-14.6532,10.4615,-18.0733,-14.2021,8.5483,-17.0515
188,966057301120,19606.444,96.362,VIRTUAL_TAKEOFF,1,1,1,1,14,0,-14.6532,10.4615,-18.0733,-14.2025,8.5375,-17.0532
189,966163143808,19712.287,105.843,VIRTUAL_TAKEOFF,1,1,1,1,14,0,-14.6532,10.4615,-18.0733,-14.2027,8.5285,-17.0559
190,966258564288,19807.707,95.420,VIRTUAL_TAKEOFF,1,1,1,1,14,0,-14.6532,10.4615,-18.0733,-14.2037,8.5192,-17.0582
191,966361447296,19910.590,102.883,VIRTUAL_TAKEOFF,1,1,1,1,14,0,-14.6532,10.4615,-18.0733,-14.2048,8.5112,-17.0609
192,966460117312,20009.260,98.670,VIRTUAL_TAKEOFF,1,1,1,1,14,0,-14.6532,10.4615,-18.0733,-14.2061,8.5031,-17.0653
193,966560091648,20109.235,99.974,VIRTUAL_TAKEOFF,1,1,1,1,14,0,-14.6532,10.4615,-18.0733,-14.2074,8.4963,-17.0686
194,966660444928,20209.588,100.353,VIRTUAL_TAKEOFF,1,1,1,1,14,0,-14.6532,10.4615,-18.0733,-14.2088,8.4879,-17.0715
195,966762731168,20311.874,102.286,VIRTUAL_TAKEOFF,1,1,1,1,14,0,-14.6532,10.4615,-18.0733,-14.2098,8.4810,-17.0734
196,966861305792,20410.449,98.575,VIRTUAL_TAKEOFF,1,1,1,1,14,0,-14.6532,10.4615,-18.0733,-14.2110,8.4740,-17.0752
197,966960724160,20509.867,99.418,VIRTUAL_TAKEOFF,1,1,1,1,14,0,-14.6532,10.4615,-18.0733,-14.2121,8.4681,-17.0764
198,967059870464,20609.013,99.146,VIRTUAL_TAKEOFF,1,1,1,1,14,0,-14.6532,10.4615,-18.0733,-14.2135,8.4613,-17.0776
199,967159597664,20708.741,99.727,VIRTUAL_TAKEOFF,1,1,1,1,14,0,-14.6532,10.4615,-18.0733,-14.2147,8.4553,-17.0784
200,967263927328,20813.070,104.330,VIRTUAL_TAKEOFF,1,1,1,1,14,0,-14.6532,10.4615,-18.0733,-14.2159,8.4493,-17.0783
201,967362191232,20911.334,98.264,VIRTUAL_TAKEOFF,1,1,1,1,14,0,-14.6532,10.4615,-18.0733,-14.2170,8.4434,-17.0783
202,967461981504,21011.124,99.790,VIRTUAL_TAKEOFF,1,1,1,1,14,0,-14.6532,10.4615,-18.0733,-14.2182,8.4376,-17.0800
203,967560516000,21109.659,98.534,VIRTUAL_TAKEOFF,1,1,1,1,14,0,-14.6532,10.4615,-18.0733,-14.2193,8.4320,-17.0819
204,967658495232,21207.638,97.979,VIRTUAL_TAKEOFF,1,1,1,1,14,0,-14.6532,10.4615,-18.0733,-14.2210,8.4264,-17.0816
205,967761801888,21310.945,103.307,VIRTUAL_TAKEOFF,1,1,1,1,14,0,-14.6532,10.4615,-18.0733,-14.2225,8.4224,-17.0818
206,967865062432,21414.205,103.261,VIRTUAL_TAKEOFF,1,1,1,1,14,0,-14.6532,10.4615,-18.0733,-14.2230,8.4190,-17.0821
207,967963222176,21512.365,98.160,VIRTUAL_TAKEOFF,1,1,1,1,14,0,-14.6532,10.4615,-18.0733,-14.2233,8.4166,-17.0815
208,968057994048,21607.137,94.772,VIRTUAL_TAKEOFF,1,1,1,1,14,0,-14.6532,10.4615,-18.0733,-14.2247,8.4134,-17.0807
209,968163912832,21713.056,105.919,VIRTUAL_TAKEOFF,1,1,1,1,14,0,-14.6532,10.4615,-18.0733,-14.2264,8.4107,-17.0808
210,968259359136,21808.502,95.446,VIRTUAL_TAKEOFF,1,1,1,1,14,0,-14.6532,10.4615,-18.0733,-14.2280,8.4059,-17.0816
211,968358352032,21907.495,98.993,VIRTUAL_TAKEOFF,1,1,1,1,14,0,-14.6532,10.4615,-18.0733,-14.2294,8.4014,-17.0832
212,968460466368,22009.609,102.114,VIRTUAL_TAKEOFF,1,1,1,1,14,0,-14.6532,10.4615,-18.0733,-14.2306,8.3960,-17.0848
213,968562159168,22111.302,101.693,VIRTUAL_TAKEOFF,1,1,1,1,14,0,-14.6532,10.4615,-18.0733,-14.2317,8.3911,-17.0853
214,968662014304,22211.157,99.855,VIRTUAL_TAKEOFF,1,1,1,1,14,0,-14.6532,10.4615,-18.0733,-14.2341,8.3860,-17.0834
215,968759712576,22308.855,97.698,VIRTUAL_TAKEOFF,1,1,1,1,14,0,-14.6532,10.4615,-18.0733,-14.2361,8.3822,-17.0826
216,968859707456,22408.850,99.995,VIRTUAL_TAKEOFF,1,1,1,1,14,0,-14.6532,10.4615,-18.0733,-14.2386,8.3751,-17.0812
217,968958703872,22507.847,98.996,VIRTUAL_TAKEOFF,1,1,1,1,14,0,-14.6532,10.4615,-18.0733,-14.2386,8.3751,-17.0812
218,969060854624,22609.998,102.151,VIRTUAL_TAKEOFF,1,1,1,1,14,0,-14.6532,10.4615,-18.0733,-14.2402,8.3687,-17.0781
219,969163939776,22713.083,103.085,VIRTUAL_TAKEOFF,1,1,1,1,14,0,-14.6532,10.4615,-18.0733,-14.2405,8.3669,-17.0772
220,969257867264,22807.010,93.927,VIRTUAL_TAKEOFF,1,1,1,1,14,0,-14.6532,10.4615,-18.0733,-14.2423,8.3639,-17.0769
221,969361044800,22910.188,103.178,VIRTUAL_TAKEOFF,1,1,1,1,14,0,-14.6532,10.4615,-18.0733,-14.2445,8.3612,-17.0772
222,969467715200,23016.858,106.670,VIRTUAL_TAKEOFF,1,1,1,1,14,0,-14.6532,10.4615,-18.0733,-14.2465,8.3572,-17.0774
223,969564909440,23114.052,97.194,VIRTUAL_TAKEOFF,1,1,1,1,14,0,-14.6532,10.4615,-18.0733,-14.2482,8.3538,-17.0771
224,969660087968,23209.231,95.179,VIRTUAL_TAKEOFF,1,1,1,1,14,0,-14.6532,10.4615,-18.0733,-14.2498,8.3510,-17.0761
225,969757693792,23306.837,97.606,VIRTUAL_TAKEOFF,1,1,1,1,14,0,-14.6532,10.4615,-18.0733,-14.2510,8.3490,-17.0744
226,969857336032,23406.479,99.642,VIRTUAL_TAKEOFF,1,1,1,1,14,0,-14.6532,10.4615,-18.0733,-14.2528,8.3467,-17.0720
227,969961260608,23510.404,103.925,VIRTUAL_TAKEOFF,1,1,1,1,14,0,-14.6532,10.4615,-18.0733,-14.2544,8.3449,-17.0701
228,970061106656,23610.250,99.846,VIRTUAL_TAKEOFF,1,1,1,1,14,0,-14.6532,10.4615,-18.0733,-14.2556,8.3427,-17.0690
229,970162491104,23711.634,101.384,VIRTUAL_TAKEOFF,1,1,1,1,14,0,-14.6532,10.4615,-18.0733,-14.2564,8.3409,-17.0687
230,970259537376,23808.680,97.046,VIRTUAL_TAKEOFF,1,1,1,1,14,0,-14.6532,10.4615,-18.0733,-14.2574,8.3387,-17.0678
231,970357883808,23907.027,98.346,VIRTUAL_TAKEOFF,1,1,1,1,14,0,-14.6532,10.4615,-18.0733,-14.2582,8.3373,-17.0668
232,970457044896,24006.188,99.161,VIRTUAL_TAKEOFF,1,1,1,1,14,0,-14.6532,10.4615,-18.0733,-14.2588,8.3358,-17.0668
233,970560645792,24109.789,103.601,VIRTUAL_TAKEOFF,1,1,1,1,14,0,-14.6532,10.4615,-18.0733,-14.2591,8.3348,-17.0686
234,970660900992,24210.044,100.255,VIRTUAL_TAKEOFF,1,1,1,1,14,0,-14.6532,10.4615,-18.0733,-14.2602,8.3322,-17.0689
235,970760428128,24309.571,99.527,VIRTUAL_TAKEOFF,1,1,1,1,14,0,-14.6532,10.4615,-18.0733,-14.2612,8.3299,-17.0675
236,970861580576,24410.723,101.152,VIRTUAL_TAKEOFF,1,1,1,1,14,0,-14.6532,10.4615,-18.0733,-14.2624,8.3298,-17.0664
237,970959401568,24508.544,97.821,VIRTUAL_TAKEOFF,1,1,1,1,14,0,-14.6532,10.4615,-18.0733,-14.2633,8.3306,-17.0661
238,971059449472,24608.592,100.048,VIRTUAL_TAKEOFF,1,1,1,1,14,0,-14.6532,10.4615,-18.0733,-14.2633,8.3306,-17.0673
239,971162246784,24711.390,102.797,VIRTUAL_TAKEOFF,1,1,1,1,14,0,-14.6532,10.4615,-18.0733,-14.2629,8.3306,-17.0692
240,971262332864,24811.476,100.086,VIRTUAL_TAKEOFF,1,1,1,1,14,0,-14.6532,10.4615,-18.0733,-14.2615,8.3301,-17.0718
241,971365838304,24914.981,103.505,VIRTUAL_TAKEOFF,1,1,1,1,14,0,-14.6532,10.4615,-18.0733,-14.2601,8.3299,-17.0735
242,971459231328,25008.374,93.393,VIRTUAL_TAKEOFF,1,1,1,1,14,0,-14.6532,10.4615,-18.0733,-14.2593,8.3288,-17.0749
243,971561962176,25111.105,102.731,VIRTUAL_TAKEOFF,1,1,1,1,14,0,-14.6532,10.4615,-18.0733,-14.2588,8.3281,-17.0765
244,971669423456,25218.566,107.461,VIRTUAL_TAKEOFF,1,1,1,1,14,0,-14.6532,10.4615,-18.0733,-14.2588,8.3267,-17.0781
245,971763452096,25312.595,94.029,VIRTUAL_TAKEOFF,1,1,1,1,14,0,-14.6532,10.4615,-18.0733,-14.2590,8.3258,-17.0786
246,971858695008,25407.838,95.243,VIRTUAL_TAKEOFF,1,1,1,1,14,0,-14.6532,10.4615,-18.0733,-14.2599,8.3235,-17.0780
247,971957423136,25506.566,98.728,VIRTUAL_TAKEOFF,1,1,1,1,14,0,-14.6532,10.4615,-18.0733,-14.2610,8.3209,-17.0784
248,972059336224,25608.479,101.913,VIRTUAL_TAKEOFF,1,1,1,1,14,0,-14.6532,10.4615,-18.0733,-14.2627,8.3177,-17.0810
249,972159898560,25709.041,100.562,VIRTUAL_TAKEOFF,1,1,1,1,14,0,-14.6532,10.4615,-18.0733,-14.2627,8.3177,-17.0810
250,972259374464,25808.517,99.476,VIRTUAL_TAKEOFF,1,1,1,1,14,0,-14.6532,10.4615,-18.0733,-14.2649,8.3108,-17.0870
251,972369183424,25918.326,109.809,VIRTUAL_TAKEOFF,1,1,1,1,14,0,-14.6532,10.4615,-18.0733,-14.2652,8.3080,-17.0886
252,972457753760,26006.897,88.570,VIRTUAL_TAKEOFF,1,1,1,1,14,0,-14.6532,10.4615,-18.0733,-14.2648,8.3043,-17.0890
253,972558844864,26107.988,101.091,VIRTUAL_TAKEOFF,1,1,1,1,14,0,-14.6532,10.4615,-18.0733,-14.2640,8.3015,-17.0888
254,972665074304,26214.217,106.229,VIRTUAL_TAKEOFF,1,1,1,1,14,0,-14.6532,10.4615,-18.0733,-14.2627,8.2995,-17.0890
255,972761375264,26310.518,96.301,VIRTUAL_TAKEOFF,1,1,1,1,14,0,-14.6532,10.4615,-18.0733,-14.2611,8.2983,-17.0896
256,972861555584,26410.698,100.180,VIRTUAL_TAKEOFF,1,1,1,1,14,0,-14.6532,10.4615,-18.0733,-14.2599,8.2967,-17.0899
257,972962013248,26511.156,100.458,VIRTUAL_TAKEOFF,1,1,1,1,14,0,-14.6532,10.4615,-18.0733,-14.2586,8.2956,-17.0898
258,973060221728,26609.365,98.208,VIRTUAL_TAKEOFF,1,1,1,1,14,0,-14.6532,10.4615,-18.0733,-14.2586,8.2918,-17.0895
259,973157357664,26706.501,97.136,VIRTUAL_TAKEOFF,1,1,1,1,14,0,-14.6532,10.4615,-18.0733,-14.2589,8.2887,-17.0905
260,973264338176,26813.481,106.981,VIRTUAL_TAKEOFF,1,1,1,1,14,0,-14.6532,10.4615,-18.0733,-14.2585,8.2859,-17.0902
261,973359472608,26908.616,95.134,VIRTUAL_TAKEOFF,1,1,1,1,14,0,-14.6532,10.4615,-18.0733,-14.2575,8.2831,-17.0895
262,973457483680,27006.627,98.011,VIRTUAL_TAKEOFF,1,1,1,1,14,0,-14.6532,10.4615,-18.0733,-14.2575,8.2831,-17.0895
263,973558061696,27107.205,100.578,VIRTUAL_TAKEOFF,1,1,1,1,14,0,-14.6532,10.4615,-18.0733,-14.2578,8.2815,-17.0877
264,973657337472,27206.480,99.276,VIRTUAL_TAKEOFF,1,1,1,1,14,0,-14.6532,10.4615,-18.0733,-14.2563,8.2801,-17.0875
265,973757325312,27306.468,99.988,VIRTUAL_TAKEOFF,1,1,1,1,14,0,-14.6532,10.4615,-18.0733,-14.2545,8.2790,-17.0877
266,973858897792,27408.041,101.572,VIRTUAL_TAKEOFF,1,1,1,1,14,0,-14.6532,10.4615,-18.0733,-14.2531,8.2787,-17.0883
267,973957246752,27506.390,98.349,VIRTUAL_TAKEOFF,1,1,1,1,14,0,-14.6532,10.4615,-18.0733,-14.2518,8.2790,-17.0879
268,974060570816,27609.714,103.324,VIRTUAL_TAKEOFF,1,1,1,1,14,0,-14.6532,10.4615,-18.0733,-14.2498,8.2799,-17.0868
269,974159737408,27708.880,99.167,VIRTUAL_TAKEOFF,1,1,1,1,14,0,-14.6532,10.4615,-18.0733,-14.2477,8.2812,-17.0855
270,974262352320,27811.495,102.615,VIRTUAL_TAKEOFF,1,1,1,1,14,0,-14.6532,10.4615,-18.0733,-14.2451,8.2828,-17.0857
271,974362371488,27911.514,100.019,VIRTUAL_TAKEOFF,1,1,1,1,14,0,-14.6532,10.4615,-18.0733,-14.2425,8.2845,-17.0863
272,974461193088,28010.336,98.822,VIRTUAL_TAKEOFF,1,1,1,1,14,0,-14.6532,10.4615,-18.0733,-14.2399,8.2850,-17.0870
273,974557064640,28106.208,95.872,VIRTUAL_TAKEOFF,1,1,1,1,14,0,-14.6532,10.4615,-18.0733,-14.2376,8.2854,-17.0877
274,974657797248,28206.940,100.733,VIRTUAL_TAKEOFF,1,1,1,1,14,0,-14.6532,10.4615,-18.0733,-14.2352,8.2848,-17.0877
275,974757431968,28306.575,99.635,VIRTUAL_TAKEOFF,1,1,1,1,14,0,-14.6532,10.4615,-18.0733,-14.2344,8.2847,-17.0875
276,974860952704,28410.096,103.521,VIRTUAL_TAKEOFF,1,1,1,1,14,0,-14.6532,10.4615,-18.0733,-14.2310,8.2854,-17.0870
277,974960076832,28509.220,99.124,VIRTUAL_TAKEOFF,1,1,1,1,14,0,-14.6532,10.4615,-18.0733,-14.2273,8.2864,-17.0871
278,975059063520,28608.206,98.987,VIRTUAL_TAKEOFF,1,1,1,1,14,0,-14.6532,10.4615,-18.0733,-14.2233,8.2869,-17.0862
279,975158742080,28707.885,99.679,VIRTUAL_TAKEOFF,1,1,1,1,14,0,-14.6532,10.4615,-18.0733,-14.2196,8.2874,-17.0845
280,975257154848,28806.298,98.413,VIRTUAL_TAKEOFF,1,1,1,1,14,0,-14.6532,10.4615,-18.0733,-14.2168,8.2886,-17.0831
281,975362135968,28911.279,104.981,VIRTUAL_TAKEOFF,1,1,1,1,14,0,-14.6532,10.4615,-18.0733,-14.2145,8.2901,-17.0818
282,975458336160,29007.479,96.200,VIRTUAL_TAKEOFF,1,1,1,1,14,0,-14.6532,10.4615,-18.0733,-14.2114,8.2913,-17.0807
283,975561523456,29110.666,103.187,VIRTUAL_TAKEOFF,1,1,1,1,14,0,-14.6532,10.4615,-18.0733,-14.2080,8.2925,-17.0795
284,975661318912,29210.462,99.795,VIRTUAL_TAKEOFF,1,1,1,1,14,0,-14.6532,10.4615,-18.0733,-14.2042,8.2945,-17.0785
285,975757508736,29306.652,96.190,VIRTUAL_TAKEOFF,1,1,1,1,14,0,-14.6532,10.4615,-18.0733,-14.2000,8.2970,-17.0783
286,975857335744,29406.479,99.827,VIRTUAL_TAKEOFF,1,1,1,1,14,0,-14.6532,10.4615,-18.0733,-14.1978,8.2984,-17.0782
287,975958463680,29507.607,101.128,VIRTUAL_TAKEOFF,1,1,1,1,14,0,-14.6532,10.4615,-18.0733,-14.1962,8.2994,-17.0786
288,976063755616,29612.899,105.292,VIRTUAL_TAKEOFF,1,1,1,1,14,0,-14.6532,10.4615,-18.0733,-14.1935,8.3024,-17.0789
289,976162104224,29711.247,98.349,VIRTUAL_TAKEOFF,1,1,1,1,14,0,-14.6532,10.4615,-18.0733,-14.1908,8.3058,-17.0786
290,976314648704,29863.792,152.544,VIRTUAL_TAKEOFF,1,1,1,1,14,0,-14.6532,10.4615,-18.0733,-14.1908,8.3058,-17.0786
291,976361453472,29910.596,46.805,VIRTUAL_TAKEOFF,1,1,1,1,14,0,-14.6532,10.4615,-18.0733,-14.1841,8.3104,-17.0793
292,976457346752,30006.490,95.893,VIRTUAL_TAKEOFF,1,1,1,1,14,0,-14.6532,10.4615,-18.0733,-14.1801,8.3122,-17.0802
293,976562178336,30111.321,104.832,VIRTUAL_TAKEOFF,1,1,1,1,14,0,-14.6532,10.4615,-18.0733,-14.1764,8.3139,-17.0816
294,976661085472,30210.228,98.907,VIRTUAL_TAKEOFF,1,1,1,1,14,0,-14.6532,10.4615,-18.0733,-14.1723,8.3175,-17.0839
295,976762015936,30311.159,100.930,VIRTUAL_TAKEOFF,1,1,1,1,14,0,-14.6532,10.4615,-18.0733,-14.1686,8.3210,-17.0855
296,976861998912,30411.142,99.983,VIRTUAL_TAKEOFF,1,1,1,1,14,0,-14.6532,10.4615,-18.0733,-14.1655,8.3237,-17.0856
297,976961069824,30510.213,99.071,VIRTUAL_TAKEOFF,1,1,1,1,14,0,-14.6532,10.4615,-18.0733,-14.1628,8.3258,-17.0855
298,977061413056,30610.556,100.343,VIRTUAL_TAKEOFF,1,1,1,1,14,0,-14.6532,10.4615,-18.0733,-14.1594,8.3283,-17.0850
299,977158334208,30707.477,96.921,VIRTUAL_TAKEOFF,1,1,1,1,14,0,-14.6532,10.4615,-18.0733,-14.1562,8.3305,-17.0843
300,977260246848,30809.390,101.913,VIRTUAL_TAKEOFF,1,1,1,1,14,0,-14.6532,10.4615,-18.0733,-14.1521,8.3330,-17.0832
301,977357986528,30907.129,97.740,VIRTUAL_TAKEOFF,1,1,1,1,14,0,-14.6532,10.4615,-18.0733,-14.1480,8.3354,-17.0820
302,977458946496,31008.089,100.960,VIRTUAL_TAKEOFF,1,1,1,1,14,0,-14.6532,10.4615,-18.0733,-14.1439,8.3394,-17.0813
303,977557205088,31106.348,98.259,VIRTUAL_TAKEOFF,1,1,1,1,14,0,-14.6532,10.4615,-18.0733,-14.1406,8.3435,-17.0809
304,977657779904,31206.923,100.575,VIRTUAL_TAKEOFF,1,1,1,1,14,0,-14.6532,10.4615,-18.0733,-14.1367,8.3496,-17.0806
305,977761374176,31310.517,103.594,VIRTUAL_TAKEOFF,1,1,1,1,14,0,-14.6532,10.4615,-18.0733,-14.1367,8.3496,-17.0806
306,977864814240,31413.957,103.440,VIRTUAL_TAKEOFF,1,1,1,1,14,0,-14.6532,10.4615,-18.0733,-14.1263,8.3622,-17.0808
307,977961093856,31510.237,96.280,VIRTUAL_TAKEOFF,1,1,1,1,14,0,-14.6532,10.4615,-18.0733,-14.1241,8.3641,-17.0808
308,978062302528,31611.445,101.209,VIRTUAL_TAKEOFF,1,1,1,1,14,0,-14.6532,10.4615,-18.0733,-14.1198,8.3702,-17.0819
309,978158566464,31707.709,96.264,VIRTUAL_TAKEOFF,1,1,1,1,14,0,-14.6532,10.4615,-18.0733,-14.1160,8.3762,-17.0843
310,978258322112,31807.465,99.756,VIRTUAL_TAKEOFF,1,1,1,1,14,0,-14.6532,10.4615,-18.0733,-14.1120,8.3830,-17.0865
311,978366225792,31915.369,107.904,VIRTUAL_TAKEOFF,1,1,1,1,14,0,-14.6532,10.4615,-18.0733,-14.1088,8.3884,-17.0889
312,978460543072,32009.686,94.317,VIRTUAL_TAKEOFF,1,1,1,1,14,0,-14.6532,10.4615,-18.0733,-14.1046,8.3968,-17.0902
313,978561364896,32110.508,100.822,VIRTUAL_TAKEOFF,1,1,1,1,14,0,-14.6532,10.4615,-18.0733,-14.1008,8.4043,-17.0912
314,978658240576,32207.383,96.876,VIRTUAL_TAKEOFF,1,1,1,1,14,0,-14.6532,10.4615,-18.0733,-14.0968,8.4117,-17.0910
315,978761489120,32310.632,103.249,VIRTUAL_TAKEOFF,1,1,1,1,14,0,-14.6532,10.4615,-18.0733,-14.0935,8.4173,-17.0899
316,978858114272,32407.257,96.625,VIRTUAL_TAKEOFF,1,1,1,1,14,0,-14.6532,10.4615,-18.0733,-14.0906,8.4241,-17.0884
317,978958465280,32507.608,100.351,VIRTUAL_TAKEOFF,1,1,1,1,14,0,-14.6532,10.4615,-18.0733,-14.0878,8.4303,-17.0867
318,979059619776,32608.763,101.154,VIRTUAL_TAKEOFF,1,1,1,1,14,0,-14.6532,10.4615,-18.0733,-14.0842,8.4365,-17.0843
319,979161643136,32710.786,102.023,VIRTUAL_TAKEOFF,1,1,1,1,14,0,-14.6532,10.4615,-18.0733,-14.0809,8.4418,-17.0830
320,979260509408,32809.652,98.866,VIRTUAL_TAKEOFF,1,1,1,1,14,0,-14.6532,10.4615,-18.0733,-14.0775,8.4483,-17.0812
321,979366185920,32915.329,105.677,VIRTUAL_TAKEOFF,1,1,1,1,14,0,-14.6532,10.4615,-18.0733,-14.0746,8.4540,-17.0793
322,979462388224,33011.531,96.202,VIRTUAL_TAKEOFF,1,1,1,1,14,0,-14.6532,10.4615,-18.0733,-14.0715,8.4605,-17.0769
323,979562587904,33111.731,100.200,VIRTUAL_TAKEOFF,1,1,1,1,14,0,-14.6532,10.4615,-18.0733,-14.0692,8.4650,-17.0753
324,979657032896,33206.176,94.445,VIRTUAL_TAKEOFF,1,1,1,1,14,0,-14.6532,10.4615,-18.0733,-14.0658,8.4725,-17.0719
325,979760481376,33309.624,103.448,VIRTUAL_TAKEOFF,1,1,1,1,14,0,-14.6532,10.4615,-18.0733,-14.0631,8.4781,-17.0702
326,979860616704,33409.760,100.135,VIRTUAL_TAKEOFF,1,1,1,1,14,0,-14.6532,10.4615,-18.0733,-14.0591,8.4854,-17.0675
327,979958931584,33508.074,98.315,VIRTUAL_TAKEOFF,1,1,1,1,14,0,-14.6532,10.4615,-18.0733,-14.0557,8.4911,-17.0663
328,980058910176,33608.053,99.979,VIRTUAL_TAKEOFF,1,1,1,1,14,0,-14.6532,10.4615,-18.0733,-14.0524,8.4993,-17.0647
329,980159561408,33708.704,100.651,VIRTUAL_TAKEOFF,1,1,1,1,14,0,-14.6532,10.4615,-18.0733,-14.0495,8.5064,-17.0629
330,980264223552,33813.366,104.662,VIRTUAL_TAKEOFF,1,1,1,1,14,0,-14.6532,10.4615,-18.0733,-14.0459,8.5167,-17.0628
331,980362158304,33911.301,97.935,VIRTUAL_TAKEOFF,1,1,1,1,14,0,-14.6532,10.4615,-18.0733,-14.0432,8.5241,-17.0625
332,980460887072,34010.030,98.729,VIRTUAL_TAKEOFF,1,1,1,1,14,0,-14.6532,10.4615,-18.0733,-14.0393,8.5348,-17.0636
333,980560132768,34109.276,99.246,VIRTUAL_TAKEOFF,1,1,1,1,14,0,-14.6532,10.4615,-18.0733,-14.0361,8.5435,-17.0642
334,980658265920,34207.409,98.133,VIRTUAL_TAKEOFF,1,1,1,1,14,0,-14.6532,10.4615,-18.0733,-14.0331,8.5543,-17.0656
335,980760705088,34309.848,102.439,VIRTUAL_TAKEOFF,1,1,1,1,14,0,-14.6532,10.4615,-18.0733,-14.0306,8.5626,-17.0675
336,980859942400,34409.085,99.237,VIRTUAL_TAKEOFF,1,1,1,1,14,0,-14.6532,10.4615,-18.0733,-14.0281,8.5712,-17.0686
337,980957008576,34506.151,97.066,VIRTUAL_TAKEOFF,1,1,1,1,14,0,-14.6532,10.4615,-18.0733,-14.0255,8.5792,-17.0695
338,981058563424,34607.706,101.555,VIRTUAL_TAKEOFF,1,1,1,1,14,0,-14.6532,10.4615,-18.0733,-14.0220,8.5896,-17.0697
339,981159535232,34708.678,100.972,VIRTUAL_TAKEOFF,1,1,1,1,14,0,-14.6532,10.4615,-18.0733,-14.0185,8.5994,-17.0702
340,981261642048,34810.785,102.107,VIRTUAL_TAKEOFF,1,1,1,1,14,0,-14.6532,10.4615,-18.0733,-14.0165,8.6079,-17.0696
341,981357102016,34906.245,95.460,VIRTUAL_TAKEOFF,1,1,1,1,14,0,-14.6532,10.4615,-18.0733,-14.0148,8.6154,-17.0685
342,981460918016,35010.061,103.816,VIRTUAL_TAKEOFF,1,1,1,1,14,0,-14.6532,10.4615,-18.0733,-14.0142,8.6232,-17.0671
343,981562444096,35111.587,101.526,VIRTUAL_TAKEOFF,1,1,1,1,14,0,-14.6532,10.4615,-18.0733,-14.0134,8.6304,-17.0663
344,981659974304,35209.117,97.530,VIRTUAL_TAKEOFF,1,1,1,1,14,0,-14.6532,10.4615,-18.0733,-14.0102,8.6396,-17.0649
345,981758001056,35307.144,98.027,VIRTUAL_TAKEOFF,1,1,1,1,14,0,-14.6532,10.4615,-18.0733,-14.0076,8.6467,-17.0631
346,981857014144,35406.157,99.013,VIRTUAL_TAKEOFF,1,1,1,1,14,0,-14.6532,10.4615,-18.0733,-14.0072,8.6552,-17.0619
347,981960368288,35509.511,103.354,VIRTUAL_TAKEOFF,1,1,1,1,14,0,-14.6532,10.4615,-18.0733,-14.0072,8.6552,-17.0619
348,982057141728,35606.285,96.773,VIRTUAL_TAKEOFF,1,1,1,1,14,0,-14.6532,10.4615,-18.0733,-14.0045,8.6695,-17.0595
349,982161109056,35710.252,103.967,VIRTUAL_TAKEOFF,1,1,1,1,14,0,-14.6532,10.4615,-18.0733,-14.0006,8.6823,-17.0571
350,982258480320,35807.623,97.371,VIRTUAL_TAKEOFF,1,1,1,1,14,0,-14.6532,10.4615,-18.0733,-13.9989,8.6878,-17.0569
351,982361050368,35910.193,102.570,VIRTUAL_TAKEOFF,1,1,1,1,14,0,-14.6532,10.4615,-18.0733,-13.9969,8.6951,-17.0567
352,982464765344,36013.908,103.715,VIRTUAL_TAKEOFF,1,1,1,1,14,0,-14.6532,10.4615,-18.0733,-13.9955,8.7049,-17.0545
353,982565554688,36114.698,100.789,VIRTUAL_TAKEOFF,1,1,1,1,14,0,-14.6532,10.4615,-18.0733,-13.9943,8.7127,-17.0524
354,982662919904,36212.063,97.365,VIRTUAL_TAKEOFF,1,1,1,1,14,0,-14.6532,10.4615,-18.0733,-13.9917,8.7227,-17.0493
355,982757023744,36306.167,94.104,VIRTUAL_TAKEOFF,1,1,1,1,14,0,-14.6532,10.4615,-18.0733,-13.9896,8.7308,-17.0468
356,982861685696,36410.829,104.662,VIRTUAL_TAKEOFF,1,1,1,1,14,0,-14.6532,10.4615,-18.0733,-13.9866,8.7421,-17.0445
357,982957671232,36506.814,95.986,VIRTUAL_TAKEOFF,1,1,1,1,14,0,-14.6532,10.4615,-18.0733,-13.9846,8.7495,-17.0429
358,983061255584,36610.398,103.584,VIRTUAL_TAKEOFF,1,1,1,1,14,0,-14.6532,10.4615,-18.0733,-13.9823,8.7599,-17.0395
359,983165565088,36714.708,104.310,VIRTUAL_TAKEOFF,1,1,1,1,14,0,-14.6532,10.4615,-18.0733,-13.9806,8.7667,-17.0367
360,983260863616,36810.007,95.299,VIRTUAL_TAKEOFF,1,1,1,1,14,0,-14.6532,10.4615,-18.0733,-13.9782,8.7788,-17.0334
361,983357641120,36906.784,96.778,VIRTUAL_TAKEOFF,1,1,1,1,14,0,-14.6532,10.4615,-18.0733,-13.9761,8.7884,-17.0301
362,983457664320,37006.807,100.023,VIRTUAL_TAKEOFF,1,1,1,1,14,0,-14.6532,10.4615,-18.0733,-13.9729,8.8008,-17.0283
363,983557688608,37106.832,100.024,VIRTUAL_TAKEOFF,1,1,1,1,14,0,-14.6532,10.4615,-18.0733,-13.9704,8.8107,-17.0270
364,983657699776,37206.843,100.011,VIRTUAL_TAKEOFF,1,1,1,1,14,0,-14.6532,10.4615,-18.0733,-13.9682,8.8241,-17.0263
365,983758842656,37307.986,101.143,VIRTUAL_TAKEOFF,1,1,1,1,14,0,-14.6532,10.4615,-18.0733,-13.9661,8.8356,-17.0259
366,983860252640,37409.396,101.410,VIRTUAL_TAKEOFF,1,1,1,1,14,0,-14.6532,10.4615,-18.0733,-13.9629,8.8478,-17.0250
367,983959397088,37508.540,99.144,VIRTUAL_TAKEOFF,1,1,1,1,14,0,-14.6532,10.4615,-18.0733,-13.9599,8.8601,-17.0232
368,984062089600,37611.233,102.693,VIRTUAL_TAKEOFF,1,1,1,1,14,0,-14.6532,10.4615,-18.0733,-13.9582,8.8723,-17.0211
369,984157902048,37707.045,95.812,VIRTUAL_TAKEOFF,1,1,1,1,14,0,-14.6532,10.4615,-18.0733,-13.9565,8.8831,-17.0196
370,984257697856,37806.841,99.796,VIRTUAL_TAKEOFF,1,1,1,1,14,0,-14.6532,10.4615,-18.0733,-13.9534,8.8964,-17.0196
371,984363554688,37912.698,105.857,VIRTUAL_TAKEOFF,1,1,1,1,14,0,-14.6532,10.4615,-18.0733,-13.9511,8.9070,-17.0198
372,984458143840,38007.287,94.589,VIRTUAL_TAKEOFF,1,1,1,1,14,0,-14.6532,10.4615,-18.0733,-13.9485,8.9193,-17.0208
373,984560087776,38109.231,101.944,VIRTUAL_TAKEOFF,1,1,1,1,14,0,-14.6532,10.4615,-18.0733,-13.9463,8.9292,-17.0201
374,984659919360,38209.062,99.832,VIRTUAL_TAKEOFF,1,1,1,1,14,0,-14.6532,10.4615,-18.0733,-13.9422,8.9423,-17.0192
375,984761955136,38311.098,102.036,VIRTUAL_TAKEOFF,1,1,1,1,14,0,-14.6532,10.4615,-18.0733,-13.9388,8.9535,-17.0181
376,984865972640,38415.116,104.018,VIRTUAL_TAKEOFF,1,1,1,1,14,0,-14.6532,10.4615,-18.0733,-13.9365,8.9663,-17.0162
377,984958714048,38507.857,92.741,VIRTUAL_TAKEOFF,1,1,1,1,14,0,-14.6532,10.4615,-18.0733,-13.9347,8.9765,-17.0149
378,985058522016,38607.665,99.808,VIRTUAL_TAKEOFF,1,1,1,1,14,0,-14.6532,10.4615,-18.0733,-13.9325,8.9896,-17.0135
379,985162524352,38711.667,104.002,VIRTUAL_TAKEOFF,1,1,1,1,14,0,-14.6532,10.4615,-18.0733,-13.9309,8.9994,-17.0121
380,985263416800,38812.560,100.892,VIRTUAL_TAKEOFF,1,1,1,1,14,0,-14.6532,10.4615,-18.0733,-13.9309,8.9994,-17.0121
381,985359880064,38909.023,96.463,VIRTUAL_TAKEOFF,1,1,1,1,14,0,-14.6532,10.4615,-18.0733,-13.9270,9.0239,-17.0079
382,985460657024,39009.800,100.777,VIRTUAL_TAKEOFF,1,1,1,1,14,0,-14.6532,10.4615,-18.0733,-13.9256,9.0359,-17.0069
383,985559748896,39108.892,99.092,VIRTUAL_TAKEOFF,1,1,1,1,14,0,-14.6532,10.4615,-18.0733,-13.9243,9.0456,-17.0072
384,985661232480,39210.375,101.484,VIRTUAL_TAKEOFF,1,1,1,1,14,0,-14.6532,10.4615,-18.0733,-13.9198,9.0601,-17.0105
385,985761610048,39310.753,100.378,VIRTUAL_TAKEOFF,1,1,1,1,14,0,-14.6532,10.4615,-18.0733,-13.9162,9.0725,-17.0128
386,985859451360,39408.594,97.841,VIRTUAL_TAKEOFF,1,1,1,1,14,0,-14.6532,10.4615,-18.0733,-13.9143,9.0865,-17.0152
387,985957985504,39507.128,98.534,VIRTUAL_TAKEOFF,1,1,1,1,14,0,-14.6532,10.4615,-18.0733,-13.9126,9.0977,-17.0173
388,986062253632,39611.397,104.268,VIRTUAL_TAKEOFF,1,1,1,1,14,0,-14.6532,10.4615,-18.0733,-13.9090,9.1127,-17.0194
389,986161309696,39710.453,99.056,VIRTUAL_TAKEOFF,1,1,1,1,14,0,-14.6532,10.4615,-18.0733,-13.9060,9.1247,-17.0208
390,986261026336,39810.169,99.717,VIRTUAL_TAKEOFF,1,1,1,1,14,0,-14.6532,10.4615,-18.0733,-13.9028,9.1415,-17.0215
391,986357075328,39906.218,96.049,VIRTUAL_TAKEOFF,1,1,1,1,14,0,-14.6532,10.4615,-18.0733,-13.8995,9.1574,-17.0204
392,986458149920,40007.293,101.075,VIRTUAL_TAKEOFF,1,1,1,1,14,0,-14.6532,10.4615,-18.0733,-13.8969,9.1676,-17.0198
393,986562999200,40112.142,104.849,VIRTUAL_TAKEOFF,1,1,1,1,14,0,-14.6532,10.4615,-18.0733,-13.8943,9.1784,-17.0184
394,986658653920,40207.797,95.655,VIRTUAL_TAKEOFF,1,1,1,1,14,0,-14.6532,10.4615,-18.0733,-13.8907,9.1968,-17.0177
395,986757671232,40306.814,99.017,VIRTUAL_TAKEOFF,1,1,1,1,14,0,-14.6532,10.4615,-18.0733,-13.8880,9.2105,-17.0159
396,986866695296,40415.838,109.024,VIRTUAL_TAKEOFF,1,1,1,1,14,0,-14.6532,10.4615,-18.0733,-13.8849,9.2254,-17.0150
397,986960600416,40509.743,93.905,VIRTUAL_TAKEOFF,1,1,1,1,14,0,-14.6532,10.4615,-18.0733,-13.8823,9.2372,-17.0143
398,987057365792,40606.509,96.765,VIRTUAL_TAKEOFF,1,1,1,1,14,0,-14.6532,10.4615,-18.0733,-13.8779,9.2522,-17.0136
399,987161337792,40710.481,103.972,VIRTUAL_TAKEOFF,1,1,1,1,14,0,-14.6532,10.4615,-18.0733,-13.8742,9.2648,-17.0120
400,987257099648,40806.243,95.762,VIRTUAL_TAKEOFF,1,1,1,1,14,0,-14.6532,10.4615,-18.0733,-13.8716,9.2769,-17.0101
401,987362090816,40911.234,104.991,VIRTUAL_TAKEOFF,1,1,1,1,14,0,-14.6532,10.4615,-18.0733,-13.8690,9.2884,-17.0079
402,987461877920,41011.021,99.787,VIRTUAL_TAKEOFF,1,1,1,1,14,0,-14.6532,10.4615,-18.0733,-13.8654,9.3010,-17.0059
403,987557466336,41106.609,95.588,VIRTUAL_TAKEOFF,1,1,1,1,14,0,-14.6532,10.4615,-18.0733,-13.8622,9.3122,-17.0044
404,987661370976,41210.514,103.905,VIRTUAL_TAKEOFF,1,1,1,1,14,0,-14.6532,10.4615,-18.0733,-13.8589,9.3279,-17.0026
405,987762036864,41311.180,100.666,VIRTUAL_TAKEOFF,1,1,1,1,14,0,-14.6532,10.4615,-18.0733,-13.8565,9.3392,-17.0019
406,987858958400,41408.101,96.922,VIRTUAL_TAKEOFF,1,1,1,1,14,0,-14.6532,10.4615,-18.0733,-13.8532,9.3547,-17.0019
407,987957117504,41506.260,98.159,VIRTUAL_TAKEOFF,1,1,1,1,14,0,-14.6532,10.4615,-18.0733,-13.8505,9.3684,-17.0029
408,988059406752,41608.550,102.289,VIRTUAL_TAKEOFF,1,1,1,1,14,0,-14.6532,10.4615,-18.0733,-13.8489,9.3807,-17.0027
409,988157753504,41706.896,98.347,VIRTUAL_TAKEOFF,1,1,1,1,14,0,-14.6532,10.4615,-18.0733,-13.8472,9.3926,-17.0010
410,988262300192,41811.443,104.547,VIRTUAL_TAKEOFF,1,1,1,1,14,0,-14.6532,10.4615,-18.0733,-13.8443,9.4064,-16.9987
411,988357177184,41906.320,94.877,VIRTUAL_TAKEOFF,1,1,1,1,14,0,-14.6532,10.4615,-18.0733,-13.8417,9.4196,-16.9961
412,988460581184,42009.724,103.404,VIRTUAL_TAKEOFF,1,1,1,1,14,0,-14.6532,10.4615,-18.0733,-13.8412,9.4330,-16.9951
413,988559832512,42108.975,99.251,VIRTUAL_TAKEOFF,1,1,1,1,14,0,-14.6532,10.4615,-18.0733,-13.8405,9.4459,-16.9942
414,988657333920,42206.477,97.501,VIRTUAL_TAKEOFF,1,1,1,1,14,0,-14.6532,10.4615,-18.0733,-13.8372,9.4608,-16.9937
415,988760382976,42309.526,103.049,VIRTUAL_TAKEOFF,1,1,1,1,14,0,-14.6532,10.4615,-18.0733,-13.8345,9.4724,-16.9936
416,988857712896,42406.856,97.330,VIRTUAL_TAKEOFF,1,1,1,1,14,0,-14.6532,10.4615,-18.0733,-13.8317,9.4871,-16.9928
417,988957918944,42507.062,100.206,VIRTUAL_TAKEOFF,1,1,1,1,14,0,-14.6532,10.4615,-18.0733,-13.8294,9.4986,-16.9908
418,989064268160,42613.411,106.349,VIRTUAL_TAKEOFF,1,1,1,1,14,0,-14.6532,10.4615,-18.0733,-13.8262,9.5132,-16.9890
419,989158572224,42707.715,94.304,VIRTUAL_TAKEOFF,1,1,1,1,14,0,-14.6532,10.4615,-18.0733,-13.8233,9.5264,-16.9868
420,989257742304,42806.885,99.170,VIRTUAL_TAKEOFF,1,1,1,1,14,0,-14.6532,10.4615,-18.0733,-13.8210,9.5397,-16.9860
421,989359118496,42908.261,101.376,VIRTUAL_TAKEOFF,1,1,1,1,14,0,-14.6532,10.4615,-18.0733,-13.8184,9.5539,-16.9857
422,989462256320,43011.399,103.138,VIRTUAL_TAKEOFF,1,1,1,1,14,0,-14.6532,10.4615,-18.0733,-13.8184,9.5539,-16.9857
423,989557142176,43106.285,94.886,VIRTUAL_TAKEOFF,1,1,1,1,14,0,-14.6532,10.4615,-18.0733,-13.8130,9.5815,-16.9867
424,989657667456,43206.810,100.525,VIRTUAL_TAKEOFF,1,1,1,1,14,0,-14.6532,10.4615,-18.0733,-13.8116,9.5944,-16.9865
425,989761707456,43310.850,104.040,VIRTUAL_TAKEOFF,1,1,1,1,14,0,-14.6532,10.4615,-18.0733,-13.8104,9.6050,-16.9870
426,989867435808,43416.579,105.728,VIRTUAL_TAKEOFF,1,1,1,1,14,0,-14.6532,10.4615,-18.0733,-13.8091,9.6199,-16.9873
427,989958925216,43508.068,91.489,VIRTUAL_TAKEOFF,1,1,1,1,14,0,-14.6532,10.4615,-18.0733,-13.8081,9.6315,-16.9891
428,990060296128,43609.439,101.371,VIRTUAL_TAKEOFF,1,1,1,1,14,0,-14.6532,10.4615,-18.0733,-13.8063,9.6461,-16.9929
429,990158915680,43708.059,98.620,VIRTUAL_TAKEOFF,1,1,1,1,14,0,-14.6532,10.4615,-18.0733,-13.8049,9.6567,-16.9956
430,990259956992,43809.100,101.041,VIRTUAL_TAKEOFF,1,1,1,1,14,0,-14.6532,10.4615,-18.0733,-13.8018,9.6708,-16.9981
431,990358740448,43907.883,98.783,VIRTUAL_TAKEOFF,1,1,1,1,14,0,-14.6532,10.4615,-18.0733,-13.7986,9.6843,-16.9995
432,990459467168,44008.610,100.727,VIRTUAL_TAKEOFF,1,1,1,1,14,0,-14.6532,10.4615,-18.0733,-13.7969,9.6982,-17.0004
433,990563037504,44112.180,103.570,VIRTUAL_TAKEOFF,1,1,1,1,14,0,-14.6532,10.4615,-18.0733,-13.7951,9.7124,-17.0009
434,990662102464,44211.245,99.065,VIRTUAL_TAKEOFF,1,1,1,1,14,0,-14.6532,10.4615,-18.0733,-13.7929,9.7271,-17.0000
435,990760971104,44310.114,98.869,VIRTUAL_TAKEOFF,1,1,1,1,14,0,-14.6532,10.4615,-18.0733,-13.7910,9.7392,-16.9989
436,990857561184,44406.704,96.590,VIRTUAL_TAKEOFF,1,1,1,1,14,0,-14.6532,10.4615,-18.0733,-13.7882,9.7554,-16.9980
437,990959025312,44508.168,101.464,VIRTUAL_TAKEOFF,1,1,1,1,14,0,-14.6532,10.4615,-18.0733,-13.7859,9.7679,-16.9969
438,991058012288,44607.155,98.987,VIRTUAL_TAKEOFF,1,1,1,1,14,0,-14.6532,10.4615,-18.0733,-13.7833,9.7830,-16.9957
439,991160450944,44709.594,102.439,VIRTUAL_TAKEOFF,1,1,1,1,14,0,-14.6532,10.4615,-18.0733,-13.7811,9.7947,-16.9938
440,991260199648,44809.343,99.749,VIRTUAL_TAKEOFF,1,1,1,1,14,0,-14.6532,10.4615,-18.0733,-13.7787,9.8091,-16.9928
441,991362560512,44911.703,102.361,VIRTUAL_TAKEOFF,1,1,1,1,14,0,-14.6532,10.4615,-18.0733,-13.7766,9.8209,-16.9924
442,991457137952,45006.281,94.577,VIRTUAL_TAKEOFF,1,1,1,1,14,0,-14.6532,10.4615,-18.0733,-13.7729,9.8351,-16.9927
443,991561244800,45110.388,104.107,VIRTUAL_TAKEOFF,1,1,1,1,14,0,-14.6532,10.4615,-18.0733,-13.7702,9.8459,-16.9928
444,991660730208,45209.873,99.485,VIRTUAL_TAKEOFF,1,1,1,1,14,0,-14.6532,10.4615,-18.0733,-13.7702,9.8459,-16.9928
445,991759563104,45308.706,98.833,VIRTUAL_TAKEOFF,1,1,1,1,14,0,-14.6532,10.4615,-18.0733,-13.7680,9.8622,-16.9942
446,991862542560,45411.685,102.979,VIRTUAL_TAKEOFF,1,1,1,1,14,0,-14.6532,10.4615,-18.0733,-13.7651,9.8828,-16.9967
447,991959020896,45508.164,96.478,VIRTUAL_TAKEOFF,1,1,1,1,14,0,-14.6532,10.4615,-18.0733,-13.7633,9.8947,-16.9992
448,992060403904,45609.547,101.383,VIRTUAL_TAKEOFF,1,1,1,1,14,0,-14.6532,10.4615,-18.0733,-13.7604,9.9075,-17.0018
449,992161300864,45710.444,100.897,VIRTUAL_TAKEOFF,1,1,1,1,14,0,-14.6532,10.4615,-18.0733,-13.7579,9.9184,-17.0052
450,992258964768,45808.108,97.664,VIRTUAL_TAKEOFF,1,1,1,1,14,0,-14.6532,10.4615,-18.0733,-13.7554,9.9328,-17.0060
451,992360348768,45909.492,101.384,VIRTUAL_TAKEOFF,1,1,1,1,14,0,-14.6532,10.4615,-18.0733,-13.7532,9.9449,-17.0064
452,992461626592,46010.770,101.278,VIRTUAL_TAKEOFF,1,1,1,1,14,0,-14.6532,10.4615,-18.0733,-13.7506,9.9577,-17.0055
453,992562780960,46111.924,101.154,VIRTUAL_TAKEOFF,1,1,1,1,14,0,-14.6532,10.4615,-18.0733,-13.7480,9.9697,-17.0045
454,992659528000,46208.671,96.747,VIRTUAL_TAKEOFF,1,1,1,1,14,0,-14.6532,10.4615,-18.0733,-13.7448,9.9820,-17.0035
455,992758982176,46308.125,99.454,VIRTUAL_TAKEOFF,1,1,1,1,14,0,-14.6532,10.4615,-18.0733,-13.7448,9.9820,-17.0035
456,992858253632,46407.397,99.271,VIRTUAL_TAKEOFF,1,1,1,1,14,0,-14.6532,10.4615,-18.0733,-13.7379,10.0082,-17.0016
457,992962075616,46511.219,103.822,VIRTUAL_TAKEOFF,1,1,1,1,14,0,-14.6532,10.4615,-18.0733,-13.7343,10.0226,-16.9999
458,993059044096,46608.187,96.968,VIRTUAL_TAKEOFF,1,1,1,1,14,0,-14.6532,10.4615,-18.0733,-13.7319,10.0336,-16.9979
459,993159754112,46708.897,100.710,VIRTUAL_TAKEOFF,1,1,1,1,14,0,-14.6532,10.4615,-18.0733,-13.7293,10.0452,-16.9961
460,993257369504,46806.512,97.615,VIRTUAL_TAKEOFF,1,1,1,1,14,0,-14.6532,10.4615,-18.0733,-13.7266,10.0570,-16.9923
461,993361127264,46910.270,103.758,VIRTUAL_TAKEOFF,1,1,1,1,14,0,-14.6532,10.4615,-18.0733,-13.7246,10.0662,-16.9895
462,993460495808,47009.639,99.369,VIRTUAL_TAKEOFF,1,1,1,1,14,0,-14.6532,10.4615,-18.0733,-13.7226,10.0807,-16.9850
463,993559960736,47109.104,99.465,VIRTUAL_TAKEOFF,1,1,1,1,14,0,-14.6532,10.4615,-18.0733,-13.7212,10.0899,-16.9828
464,993658072640,47207.216,98.112,VIRTUAL_TAKEOFF,1,1,1,1,14,0,-14.6532,10.4615,-18.0733,-13.7189,10.1037,-16.9804
465,993761309728,47310.453,103.237,VIRTUAL_TAKEOFF,1,1,1,1,14,0,-14.6532,10.4615,-18.0733,-13.7168,10.1142,-16.9783
466,993858485792,47407.629,97.176,VIRTUAL_TAKEOFF,1,1,1,1,14,0,-14.6532,10.4615,-18.0733,-13.7132,10.1276,-16.9761
467,993961883296,47511.026,103.398,VIRTUAL_TAKEOFF,1,1,1,1,14,0,-14.6532,10.4615,-18.0733,-13.7105,10.1377,-16.9747
468,994061226560,47610.369,99.343,VIRTUAL_TAKEOFF,1,1,1,1,14,0,-14.6532,10.4615,-18.0733,-13.7099,10.1501,-16.9721
469,994162240288,47711.383,101.014,VIRTUAL_TAKEOFF,1,1,1,1,14,0,-14.6532,10.4615,-18.0733,-13.7091,10.1609,-16.9695
470,994260279520,47809.422,98.039,VIRTUAL_TAKEOFF,1,1,1,1,14,0,-14.6532,10.4615,-18.0733,-13.7066,10.1724,-16.9678
471,994362973632,47912.117,102.694,VIRTUAL_TAKEOFF,1,1,1,1,14,0,-14.6532,10.4615,-18.0733,-13.7047,10.1810,-16.9668
472,994457400704,48006.544,94.427,VIRTUAL_TAKEOFF,1,1,1,1,14,0,-14.6532,10.4615,-18.0733,-13.7029,10.1919,-16.9639
473,994557799584,48106.942,100.399,VIRTUAL_TAKEOFF,1,1,1,1,14,0,-14.6532,10.4615,-18.0733,-13.7011,10.2020,-16.9598
474,994660482752,48209.626,102.683,VIRTUAL_TAKEOFF,1,1,1,1,14,0,-14.6532,10.4615,-18.0733,-13.6991,10.2142,-16.9558
475,994759932896,48309.076,99.450,VIRTUAL_TAKEOFF,1,1,1,1,14,0,-14.6532,10.4615,-18.0733,-13.6974,10.2236,-16.9527
476,994857685184,48406.828,97.752,VIRTUAL_TAKEOFF,1,1,1,1,14,0,-14.6532,10.4615,-18.0733,-13.6956,10.2366,-16.9521
477,994961852352,48510.995,104.167,VIRTUAL_TAKEOFF,1,1,1,1,14,0,-14.6532,10.4615,-18.0733,-13.6941,10.2478,-16.9530
478,995058338720,48607.482,96.486,VIRTUAL_TAKEOFF,1,1,1,1,14,0,-14.6532,10.4615,-18.0733,-13.6926,10.2592,-16.9531
479,995159063072,48708.206,100.724,VIRTUAL_TAKEOFF,1,1,1,1,14,0,-14.6532,10.4615,-18.0733,-13.6914,10.2678,-16.9535
480,995257520320,48806.663,98.457,VIRTUAL_TAKEOFF,1,1,1,1,14,0,-14.6532,10.4615,-18.0733,-13.6901,10.2790,-16.9552
481,995357122848,48906.266,99.603,VIRTUAL_TAKEOFF,1,1,1,1,14,0,-14.6532,10.4615,-18.0733,-13.6890,10.2875,-16.9565
482,995462172288,49011.315,105.049,VIRTUAL_TAKEOFF,1,1,1,1,14,0,-14.6532,10.4615,-18.0733,-13.6867,10.2998,-16.9571
483,995558730240,49107.873,96.558,VIRTUAL_TAKEOFF,1,1,1,1,14,0,-14.6532,10.4615,-18.0733,-13.6846,10.3097,-16.9578
484,995659205408,49208.348,100.475,VIRTUAL_TAKEOFF,1,1,1,1,14,0,-14.6532,10.4615,-18.0733,-13.6816,10.3197,-16.9579
485,995757564128,49306.707,98.359,VIRTUAL_TAKEOFF,1,1,1,1,14,0,-14.6532,10.4615,-18.0733,-13.6789,10.3284,-16.9571
486,995857494080,49406.637,99.930,VIRTUAL_TAKEOFF,1,1,1,1,14,0,-14.6532,10.4615,-18.0733,-13.6759,10.3425,-16.9557
487,995964066624,49513.210,106.573,VIRTUAL_TAKEOFF,1,1,1,1,14,0,-14.6532,10.4615,-18.0733,-13.6759,10.3425,-16.9557
488,996059473568,49608.616,95.407,VIRTUAL_TAKEOFF,1,1,1,1,14,0,-14.6532,10.4615,-18.0733,-13.6681,10.3669,-16.9521
489,996164338912,49713.482,104.865,VIRTUAL_TAKEOFF,1,1,1,1,14,0,-14.6532,10.4615,-18.0733,-13.6646,10.3778,-16.9506
490,996259263776,49808.407,94.925,VIRTUAL_TAKEOFF,1,1,1,1,14,0,-14.6532,10.4615,-18.0733,-13.6632,10.3895,-16.9478
491,996357145120,49906.288,97.881,VIRTUAL_TAKEOFF,1,1,1,1,14,0,-14.6532,10.4615,-18.0733,-13.6618,10.3996,-16.9460
492,996457497824,50006.641,100.353,VIRTUAL_TAKEOFF,1,1,1,1,14,0,-14.6532,10.4615,-18.0733,-13.6592,10.4139,-16.9463
493,996557978368,50107.121,100.481,VIRTUAL_TAKEOFF,1,1,1,1,14,0,-14.6532,10.4615,-18.0733,-13.6570,10.4248,-16.9460
494,996657476416,50206.619,99.498,VIRTUAL_TAKEOFF,1,1,1,1,14,0,-14.6532,10.4615,-18.0733,-13.6520,10.4381,-16.9455
495,996761930528,50311.073,104.454,VIRTUAL_TAKEOFF,1,1,1,1,14,0,-14.6532,10.4615,-18.0733,-13.6477,10.4497,-16.9452
496,996863392704,50412.536,101.462,VIRTUAL_TAKEOFF,1,1,1,1,14,0,-14.6532,10.4615,-18.0733,-13.6446,10.4615,-16.9472
497,996962400032,50511.543,99.007,VIRTUAL_TAKEOFF,1,1,1,1,14,0,-14.6532,10.4615,-18.0733,-13.6417,10.4713,-16.9488
498,997062023136,50611.166,99.623,VIRTUAL_TAKEOFF,1,1,1,1,14,0,-14.6532,10.4615,-18.0733,-13.6377,10.4836,-16.9492
499,997170709728,50719.853,108.687,VIRTUAL_TAKEOFF,1,1,1,1,14,0,-14.6532,10.4615,-18.0733,-13.6343,10.4936,-16.9490
500,997269810240,50818.953,99.101,VIRTUAL_TAKEOFF,1,1,1,1,14,0,-14.6532,10.4615,-18.0733,-13.6317,10.5048,-16.9480
501,997357661760,50906.805,87.852,VIRTUAL_TAKEOFF,1,1,1,1,14,0,-14.6532,10.4615,-18.0733,-13.6295,10.5141,-16.9468
502,997460323392,51009.466,102.662,VIRTUAL_TAKEOFF,1,1,1,1,14,0,-14.6532,10.4615,-18.0733,-13.6272,10.5242,-16.9468
503,997557618560,51106.761,97.295,VIRTUAL_TAKEOFF,1,1,1,1,14,0,-14.6532,10.4615,-18.0733,-13.6251,10.5326,-16.9470
504,997662841600,51211.985,105.223,VIRTUAL_TAKEOFF,1,1,1,1,14,0,-14.6532,10.4615,-18.0733,-13.6217,10.5442,-16.9464
505,997757457440,51306.600,94.616,VIRTUAL_TAKEOFF,1,1,1,1,14,0,-14.6532,10.4615,-18.0733,-13.6182,10.5543,-16.9461
506,997864753184,51413.896,107.296,VIRTUAL_TAKEOFF,1,1,1,1,14,0,-14.6532,10.4615,-18.0733,-13.6128,10.5610,-16.9466
507,997961573056,51510.716,96.820,VIRTUAL_TAKEOFF,1,1,1,1,14,0,-14.6532,10.4615,-18.0733,-13.6128,10.5610,-16.9466
508,998061002016,51610.145,99.429,VIRTUAL_TAKEOFF,1,1,1,1,14,0,-14.6532,10.4615,-18.0733,-13.6078,10.5755,-16.9455
509,998161871616,51711.015,100.870,VIRTUAL_TAKEOFF,1,1,1,1,14,0,-14.6532,10.4615,-18.0733,-13.6078,10.5755,-16.9455
510,998262086912,51811.230,100.215,VIRTUAL_TAKEOFF,1,1,1,1,14,0,-14.6532,10.4615,-18.0733,-13.6061,10.5942,-16.9436
511,998362578240,51911.721,100.491,VIRTUAL_TAKEOFF,1,1,1,1,14,0,-14.6532,10.4615,-18.0733,-13.6058,10.5986,-16.9430
512,998458833728,52007.977,96.255,VIRTUAL_TAKEOFF,1,1,1,1,14,0,-14.6532,10.4615,-18.0733,-13.6040,10.6084,-16.9411
513,998560384384,52109.527,101.551,VIRTUAL_TAKEOFF,1,1,1,1,14,0,-14.6532,10.4615,-18.0733,-13.6022,10.6159,-16.9397
514,998661913984,52211.057,101.530,VIRTUAL_TAKEOFF,1,1,1,1,14,0,-14.6532,10.4615,-18.0733,-13.5993,10.6239,-16.9381
515,998767792224,52316.935,105.878,VIRTUAL_TAKEOFF,1,1,1,1,14,0,-14.6532,10.4615,-18.0733,-13.5965,10.6301,-16.9360
516,998859016864,52408.160,91.225,VIRTUAL_TAKEOFF,1,1,1,1,14,0,-14.6532,10.4615,-18.0733,-13.5936,10.6377,-16.9339
517,998961916384,52511.059,102.900,VIRTUAL_TAKEOFF,1,1,1,1,14,0,-14.6532,10.4615,-18.0733,-13.5917,10.6423,-16.9329
518,999060573504,52609.716,98.657,VIRTUAL_TAKEOFF,1,1,1,1,14,0,-14.6532,10.4615,-18.0733,-13.5897,10.6481,-16.9317
519,999157229056,52706.372,96.656,VIRTUAL_TAKEOFF,1,1,1,1,14,0,-14.6532,10.4615,-18.0733,-13.5880,10.6530,-16.9309
520,999259436800,52808.580,102.208,VIRTUAL_TAKEOFF,1,1,1,1,14,0,-14.6532,10.4615,-18.0733,-13.5872,10.6587,-16.9289
521,999359102272,52908.245,99.665,VIRTUAL_TAKEOFF,1,1,1,1,14,0,-14.6532,10.4615,-18.0733,-13.5870,10.6640,-16.9286
522,999458937568,53008.080,99.835,VIRTUAL_TAKEOFF,1,1,1,1,14,0,-14.6532,10.4615,-18.0733,-13.5841,10.6716,-16.9278
523,999561860480,53111.003,102.923,VIRTUAL_TAKEOFF,1,1,1,1,14,0,-14.6532,10.4615,-18.0733,-13.5809,10.6783,-16.9265
524,999662529952,53211.673,100.669,VIRTUAL_TAKEOFF,1,1,1,1,14,0,-14.6532,10.4615,-18.0733,-13.5799,10.6861,-16.9242
525,999762748704,53311.892,100.219,VIRTUAL_TAKEOFF,1,1,1,1,14,0,-14.6532,10.4615,-18.0733,-13.5799,10.6923,-16.9226
526,999859196928,53408.340,96.448,VIRTUAL_TAKEOFF,1,1,1,1,14,0,-14.6532,10.4615,-18.0733,-13.5778,10.6996,-16.9219
527,999960217568,53509.360,101.021,VIRTUAL_TAKEOFF,1,1,1,1,14,0,-14.6532,10.4615,-18.0733,-13.5753,10.7055,-16.9211
528,1000058464384,53607.607,98.247,VIRTUAL_TAKEOFF,1,1,1,1,14,0,-14.6532,10.4615,-18.0733,-13.5737,10.7113,-16.9196
529,1000170169088,53719.312,111.705,VIRTUAL_TAKEOFF,1,1,1,1,14,0,-14.6532,10.4615,-18.0733,-13.5727,10.7161,-16.9178
530,1000257574304,53806.717,87.405,VIRTUAL_TAKEOFF,1,1,1,1,14,0,-14.6532,10.4615,-18.0733,-13.5718,10.7229,-16.9157
531,1000362354592,53911.498,104.780,VIRTUAL_TAKEOFF,1,1,1,1,14,0,-14.6532,10.4615,-18.0733,-13.5709,10.7309,-16.9125
532,1000459989280,54009.132,97.635,VIRTUAL_TAKEOFF,1,1,1,1,14,0,-14.6532,10.4615,-18.0733,-13.5709,10.7309,-16.9125
533,1000557230240,54106.373,97.241,VIRTUAL_TAKEOFF,1,1,1,1,14,0,-14.6532,10.4615,-18.0733,-13.5701,10.7394,-16.9064
534,1000661979296,54211.122,104.749,VIRTUAL_TAKEOFF,1,1,1,1,14,0,-14.6532,10.4615,-18.0733,-13.5692,10.7442,-16.9040
535,1000757695136,54306.838,95.716,VIRTUAL_TAKEOFF,1,1,1,1,14,0,-14.6532,10.4615,-18.0733,-13.5681,10.7493,-16.9015
536,1000857221984,54406.365,99.527,VIRTUAL_TAKEOFF,1,1,1,1,14,0,-14.6532,10.4615,-18.0733,-13.5671,10.7540,-16.9003
537,1000960594176,54509.737,103.372,VIRTUAL_TAKEOFF,1,1,1,1,14,0,-14.6532,10.4615,-18.0733,-13.5662,10.7580,-16.9004
538,1001058752448,54607.895,98.158,VIRTUAL_TAKEOFF,1,1,1,1,14,0,-14.6532,10.4615,-18.0733,-13.5667,10.7647,-16.8978
539,1001166062560,54715.205,107.310,VIRTUAL_TAKEOFF,1,1,1,1,14,0,-14.6532,10.4615,-18.0733,-13.5675,10.7702,-16.8951
540,1001258357856,54807.501,92.295,VIRTUAL_TAKEOFF,1,1,1,1,14,0,-14.6532,10.4615,-18.0733,-13.5684,10.7762,-16.8930
541,1001360558944,54909.702,102.201,VIRTUAL_TAKEOFF,1,1,1,1,14,0,-14.6532,10.4615,-18.0733,-13.5692,10.7812,-16.8912
542,1001460171808,55009.315,99.613,VIRTUAL_TAKEOFF,1,1,1,1,14,0,-14.6532,10.4615,-18.0733,-13.5694,10.7866,-16.8891
543,1001562799200,55111.942,102.627,VIRTUAL_TAKEOFF,1,1,1,1,14,0,-14.6532,10.4615,-18.0733,-13.5692,10.7913,-16.8873
544,1001661367872,55210.511,98.569,VIRTUAL_TAKEOFF,1,1,1,1,14,0,-14.6532,10.4615,-18.0733,-13.5687,10.7970,-16.8858
545,1001757911808,55307.055,96.544,VIRTUAL_TAKEOFF,1,1,1,1,14,0,-14.6532,10.4615,-18.0733,-13.5681,10.8022,-16.8853
546,1001860867072,55410.010,102.955,VIRTUAL_TAKEOFF,1,1,1,1,14,0,-14.6532,10.4615,-18.0733,-13.5675,10.8078,-16.8844
547,1001960196000,55509.339,99.329,VIRTUAL_TAKEOFF,1,1,1,1,14,0,-14.6532,10.4615,-18.0733,-13.5669,10.8134,-16.8841
548,1002062065152,55611.208,101.869,VIRTUAL_TAKEOFF,1,1,1,1,14,0,-14.6532,10.4615,-18.0733,-13.5673,10.8179,-16.8835
549,1002161990400,55711.133,99.925,VIRTUAL_TAKEOFF,1,1,1,1,14,0,-14.6532,10.4615,-18.0733,-13.5682,10.8204,-16.8828
550,1002262902496,55812.045,100.912,VIRTUAL_TAKEOFF,1,1,1,1,14,0,-14.6532,10.4615,-18.0733,-13.5683,10.8246,-16.8821
551,1002357336288,55906.479,94.434,VIRTUAL_TAKEOFF,1,1,1,1,14,0,-14.6532,10.4615,-18.0733,-13.5682,10.8288,-16.8810
552,1002461216128,56010.359,103.880,VIRTUAL_TAKEOFF,1,1,1,1,14,0,-14.6532,10.4615,-18.0733,-13.5675,10.8324,-16.8780
553,1002562518272,56111.661,101.302,VIRTUAL_TAKEOFF,1,1,1,1,14,0,-14.6532,10.4615,-18.0733,-13.5667,10.8351,-16.8744
554,1002658128032,56207.271,95.610,VIRTUAL_TAKEOFF,1,1,1,1,14,0,-14.6532,10.4615,-18.0733,-13.5668,10.8387,-16.8726
555,1002764887456,56314.030,106.759,VIRTUAL_TAKEOFF,1,1,1,1,14,0,-14.6532,10.4615,-18.0733,-13.5675,10.8427,-16.8731
556,1002862113440,56411.256,97.226,VIRTUAL_TAKEOFF,1,1,1,1,14,0,-14.6532,10.4615,-18.0733,-13.5675,10.8468,-16.8740
557,1002962260800,56511.404,100.147,VIRTUAL_TAKEOFF,1,1,1,1,14,0,-14.6532,10.4615,-18.0733,-13.5670,10.8510,-16.8751
558,1003061921024,56611.064,99.660,VIRTUAL_TAKEOFF,1,1,1,1,14,0,-14.6532,10.4615,-18.0733,-13.5680,10.8545,-16.8778
559,1003160681344,56709.824,98.760,VIRTUAL_TAKEOFF,1,1,1,1,14,0,-14.6532,10.4615,-18.0733,-13.5696,10.8572,-16.8814
560,1003258295712,56807.439,97.614,VIRTUAL_TAKEOFF,1,1,1,1,14,0,-14.6532,10.4615,-18.0733,-13.5710,10.8597,-16.8841
561,1003361122784,56910.266,102.827,VIRTUAL_TAKEOFF,1,1,1,1,14,0,-14.6532,10.4615,-18.0733,-13.5721,10.8620,-16.8858
562,1003462595296,57011.738,101.473,VIRTUAL_TAKEOFF,1,1,1,1,14,0,-14.6532,10.4615,-18.0733,-13.5733,10.8644,-16.8868
563,1003561345568,57110.488,98.750,VIRTUAL_TAKEOFF,1,1,1,1,14,0,-14.6532,10.4615,-18.0733,-13.5744,10.8664,-16.8875
564,1003662640512,57211.783,101.295,VIRTUAL_TAKEOFF,1,1,1,1,14,0,-14.6532,10.4615,-18.0733,-13.5765,10.8689,-16.8882
565,1003759032768,57308.176,96.392,VIRTUAL_TAKEOFF,1,1,1,1,14,0,-14.6532,10.4615,-18.0733,-13.5791,10.8712,-16.8892
566,1003862265536,57411.408,103.233,VIRTUAL_TAKEOFF,1,1,1,1,14,0,-14.6532,10.4615,-18.0733,-13.5810,10.8727,-16.8914
567,1003959332864,57508.476,97.067,VIRTUAL_TAKEOFF,1,1,1,1,14,0,-14.6532,10.4615,-18.0733,-13.5827,10.8733,-16.8933
568,1004060178784,57609.322,100.846,VIRTUAL_TAKEOFF,1,1,1,1,14,0,-14.6532,10.4615,-18.0733,-13.5836,10.8752,-16.8961
569,1004160790656,57709.934,100.612,VIRTUAL_TAKEOFF,1,1,1,1,14,0,-14.6532,10.4615,-18.0733,-13.5841,10.8771,-16.8987
570,1004261095392,57810.238,100.305,VIRTUAL_TAKEOFF,1,1,1,1,14,0,-14.6532,10.4615,-18.0733,-13.5856,10.8790,-16.8998
571,1004360537728,57909.681,99.442,VIRTUAL_TAKEOFF,1,1,1,1,14,0,-14.6532,10.4615,-18.0733,-13.5875,10.8803,-16.9008
572,1004459961248,58009.104,99.424,VIRTUAL_TAKEOFF,1,1,1,1,14,0,-14.6532,10.4615,-18.0733,-13.5886,10.8834,-16.9017
573,1004557228032,58106.371,97.267,VIRTUAL_TAKEOFF,1,1,1,1,14,0,-14.6532,10.4615,-18.0733,-13.5892,10.8866,-16.9040
574,1004665497952,58214.641,108.270,VIRTUAL_TAKEOFF,1,1,1,1,14,0,-14.6532,10.4615,-18.0733,-13.5892,10.8866,-16.9040
575,1004760815008,58309.958,95.317,VIRTUAL_TAKEOFF,1,1,1,1,14,0,-14.6532,10.4615,-18.0733,-13.5918,10.8917,-16.9093
576,1004861874208,58411.017,101.059,VIRTUAL_TAKEOFF,1,1,1,1,14,0,-14.6532,10.4615,-18.0733,-13.5934,10.8937,-16.9111
577,1004957089216,58506.232,95.215,VIRTUAL_TAKEOFF,1,1,1,1,14,0,-14.6532,10.4615,-18.0733,-13.5949,10.8951,-16.9129
578,1005061117344,58610.260,104.028,VIRTUAL_TAKEOFF,1,1,1,1,14,0,-14.6532,10.4615,-18.0733,-13.5964,10.8979,-16.9147
579,1005163897952,58713.041,102.781,VIRTUAL_TAKEOFF,1,1,1,1,14,0,-14.6532,10.4615,-18.0733,-13.5976,10.9003,-16.9165
580,1005261416672,58810.560,97.519,VIRTUAL_TAKEOFF,1,1,1,1,14,0,-14.6532,10.4615,-18.0733,-13.5995,10.9039,-16.9168
581,1005361887584,58911.030,100.471,VIRTUAL_TAKEOFF,1,1,1,1,14,0,-14.6532,10.4615,-18.0733,-13.6017,10.9076,-16.9173
582,1005460472768,59009.616,98.585,VIRTUAL_TAKEOFF,1,1,1,1,14,0,-14.6532,10.4615,-18.0733,-13.6036,10.9102,-16.9195
583,1005561059136,59110.202,100.586,VIRTUAL_TAKEOFF,1,1,1,1,14,0,-14.6532,10.4615,-18.0733,-13.6051,10.9115,-16.9220
584,1005658512608,59207.656,97.453,VIRTUAL_TAKEOFF,1,1,1,1,14,0,-14.6532,10.4615,-18.0733,-13.6071,10.9132,-16.9242
585,1005758841120,59307.984,100.329,VIRTUAL_TAKEOFF,1,1,1,1,14,0,-14.6532,10.4615,-18.0733,-13.6091,10.9145,-16.9256
586,1005860340064,59409.483,101.499,VIRTUAL_TAKEOFF,1,1,1,1,14,0,-14.6532,10.4615,-18.0733,-13.6116,10.9161,-16.9266
587,1005961404544,59510.547,101.064,VIRTUAL_TAKEOFF,1,1,1,1,14,0,-14.6532,10.4615,-18.0733,-13.6143,10.9177,-16.9257
588,1006062130016,59611.273,100.725,VIRTUAL_TAKEOFF,1,1,1,1,14,0,-14.6532,10.4615,-18.0733,-13.6158,10.9196,-16.9246
589,1006158246912,59707.390,96.117,VIRTUAL_TAKEOFF,1,1,1,1,14,0,-14.6532,10.4615,-18.0733,-13.6166,10.9213,-16.9225
590,1006258918048,59808.061,100.671,VIRTUAL_TAKEOFF,1,1,1,1,14,0,-14.6532,10.4615,-18.0733,-13.6188,10.9217,-16.9203
591,1006357381952,59906.525,98.464,VIRTUAL_TAKEOFF,1,1,1,1,14,0,-14.6532,10.4615,-18.0733,-13.6219,10.9209,-16.9184
592,1006460653344,60009.796,103.271,VIRTUAL_TAKEOFF,1,1,1,1,14,0,-14.6532,10.4615,-18.0733,-13.6243,10.9208,-16.9176
593,1006559665984,60108.809,99.013,VIRTUAL_TAKEOFF,1,1,1,1,14,0,-14.6532,10.4615,-18.0733,-13.6263,10.9209,-16.9162
594,1006660971200,60210.114,101.305,VIRTUAL_TAKEOFF,1,1,1,1,14,0,-14.6532,10.4615,-18.0733,-13.6275,10.9224,-16.9139
595,1006759376128,60308.519,98.405,VIRTUAL_TAKEOFF,1,1,1,1,14,0,-14.6532,10.4615,-18.0733,-13.6284,10.9243,-16.9119
596,1006858925920,60408.069,99.550,VIRTUAL_TAKEOFF,1,1,1,1,14,0,-14.6532,10.4615,-18.0733,-13.6302,10.9252,-16.9106
597,1006962489216,60511.632,103.563,VIRTUAL_TAKEOFF,1,1,1,1,14,0,-14.6532,10.4615,-18.0733,-13.6323,10.9256,-16.9086
598,1007059477920,60608.621,96.989,VIRTUAL_TAKEOFF,1,1,1,1,14,0,-14.6532,10.4615,-18.0733,-13.6332,10.9259,-16.9065
599,1007161921792,60711.065,102.444,VIRTUAL_TAKEOFF,1,1,1,1,14,0,-14.6532,10.4615,-18.0733,-13.6333,10.9261,-16.9049
600,1007259837696,60808.981,97.916,VIRTUAL_TAKEOFF,1,1,1,1,14,0,-14.6532,10.4615,-18.0733,-13.6348,10.9262,-16.9039
601,1007362358240,60911.501,102.521,VIRTUAL_TAKEOFF,1,1,1,1,14,0,-14.6532,10.4615,-18.0733,-13.6371,10.9261,-16.9037
602,1007460705216,61009.848,98.347,VIRTUAL_TAKEOFF,1,1,1,1,14,0,-14.6532,10.4615,-18.0733,-13.6389,10.9256,-16.9027
603,1007563306208,61112.449,102.601,VIRTUAL_TAKEOFF,1,1,1,1,14,0,-14.6532,10.4615,-18.0733,-13.6399,10.9248,-16.9016
604,1007659373280,61208.516,96.067,VIRTUAL_TAKEOFF,1,1,1,1,14,0,-14.6532,10.4615,-18.0733,-13.6424,10.9235,-16.8975
605,1007757240320,61306.383,97.867,VIRTUAL_TAKEOFF,1,1,1,1,14,0,-14.6532,10.4615,-18.0733,-13.6444,10.9223,-16.8930
606,1007860313024,61409.456,103.073,VIRTUAL_TAKEOFF,1,1,1,1,14,0,-14.6532,10.4615,-18.0733,-13.6471,10.9227,-16.8887
607,1007969091936,61518.235,108.779,VIRTUAL_TAKEOFF,1,1,1,1,14,0,-14.6532,10.4615,-18.0733,-13.6501,10.9241,-16.8858
608,1008057767936,61606.911,88.676,VIRTUAL_TAKEOFF,1,1,1,1,14,0,-14.6532,10.4615,-18.0733,-13.6519,10.9244,-16.8832
609,1008162908640,61712.052,105.141,VIRTUAL_TAKEOFF,1,1,1,1,14,0,-14.6532,10.4615,-18.0733,-13.6526,10.9238,-16.8814
610,1008261486816,61810.630,98.578,VIRTUAL_TAKEOFF,1,1,1,1,14,0,-14.6532,10.4615,-18.0733,-13.6547,10.9224,-4.2734
611,1008358999072,61908.142,97.512,VIRTUAL_TAKEOFF,1,1,1,1,14,0,-14.6532,10.4615,-18.0733,-13.6571,10.9207,-4.2707
612,1008460234944,62009.378,101.236,VIRTUAL_TAKEOFF,1,1,1,1,14,0,-14.6532,10.4615,-18.0733,-13.6597,10.9203,-4.2826
613,1008561710432,62110.853,101.475,VIRTUAL_TAKEOFF,1,1,1,1,14,0,-14.6532,10.4615,-18.0733,-13.6621,10.9205,-4.2884
614,1008659901856,62209.045,98.191,VIRTUAL_TAKEOFF,1,1,1,1,14,0,-14.6532,10.4615,-18.0733,-13.6649,10.9201,-4.3000
615,1008758443296,62307.586,98.541,VIRTUAL_TAKEOFF,1,1,1,1,14,0,-14.6532,10.4615,-18.0733,-13.6676,10.9195,-4.3055
616,1008858855008,62407.998,100.412,VIRTUAL_TAKEOFF,1,1,1,1,14,0,-14.6532,10.4615,-18.0733,-13.6709,10.9193,-4.3089
617,1008961220288,62510.363,102.365,VIRTUAL_TAKEOFF,1,1,1,1,14,0,-14.6532,10.4615,-18.0733,-13.6746,10.9193,-4.3099
618,1009066766208,62615.909,105.546,VIRTUAL_TAKEOFF,1,1,1,1,14,0,-14.6532,10.4615,-18.0733,-13.6779,10.9192,-4.3131
619,1009160637888,62709.781,93.872,VIRTUAL_TAKEOFF,1,1,1,1,14,0,-14.6532,10.4615,-18.0733,-13.6811,10.9188,-4.3205
620,1009260896928,62810.040,100.259,VIRTUAL_TAKEOFF,1,1,1,1,14,0,-14.6532,10.4615,-18.0733,-13.6842,10.9181,-4.3249
621,1009364691808,62913.835,103.795,VIRTUAL_TAKEOFF,1,1,1,1,14,0,-14.6532,10.4615,-18.0733,-13.6877,10.9169,-4.3260
622,1009460532416,63009.675,95.841,VIRTUAL_TAKEOFF,1,1,1,1,14,0,-14.6532,10.4615,-18.0733,-13.6905,10.9148,-4.3278
623,1009557921664,63107.065,97.389,VIRTUAL_TAKEOFF,1,1,1,1,14,0,-14.6532,10.4615,-18.0733,-13.6926,10.9123,-4.3290
624,1009661346336,63210.489,103.425,VIRTUAL_TAKEOFF,1,1,1,1,14,0,-14.6532,10.4615,-18.0733,-13.6938,10.9124,-4.3302
625,1009764065120,63313.208,102.719,VIRTUAL_TAKEOFF,1,1,1,1,14,0,-14.6532,10.4615,-18.0733,-13.6944,10.9136,-4.3291
626,1009858940896,63408.084,94.876,VIRTUAL_TAKEOFF,1,1,1,1,14,0,-14.6532,10.4615,-18.0733,-13.6964,10.9147,-4.3285
627,1009957092192,63506.235,98.151,VIRTUAL_TAKEOFF,1,1,1,1,14,0,-14.6532,10.4615,-18.0733,-13.6988,10.9155,-4.3273
628,1010062073472,63611.216,104.981,VIRTUAL_TAKEOFF,1,1,1,1,14,0,-14.6532,10.4615,-18.0733,-13.7014,10.9148,-4.3251
629,1010162754944,63711.898,100.681,VIRTUAL_TAKEOFF,1,1,1,1,14,0,-14.6532,10.4615,-18.0733,-13.7034,10.9135,-4.3243
630,1010263740896,63812.884,100.986,VIRTUAL_TAKEOFF,1,1,1,1,14,0,-14.6532,10.4615,-18.0733,-13.7057,10.9120,-4.3249
631,1010359473472,63908.616,95.733,VIRTUAL_TAKEOFF,1,1,1,1,14,0,-14.6532,10.4615,-18.0733,-13.7076,10.9103,-4.3251
632,1010463163744,64012.307,103.690,VIRTUAL_TAKEOFF,1,1,1,1,14,0,-14.6532,10.4615,-18.0733,-13.7097,10.9101,-4.3249
633,1010562581280,64111.724,99.418,VIRTUAL_TAKEOFF,1,1,1,1,14,0,-14.6532,10.4615,-18.0733,-13.7117,10.9106,-4.3243
634,1010661479776,64210.623,98.898,VIRTUAL_TAKEOFF,1,1,1,1,14,0,-14.6532,10.4615,-18.0733,-13.7145,10.9101,-4.3237
635,1010762464928,64311.608,100.985,VIRTUAL_TAKEOFF,1,1,1,1,14,0,-14.6532,10.4615,-18.0733,-13.7173,10.9091,-4.3229
636,1010862715360,64411.858,100.250,VIRTUAL_TAKEOFF,1,1,1,1,14,0,-14.6532,10.4615,-18.0733,-13.7195,10.9092,-4.3225
637,1010960814976,64509.958,98.100,VIRTUAL_TAKEOFF,1,1,1,1,14,0,-14.6532,10.4615,-18.0733,-13.7212,10.9101,-4.3225
638,1011060483712,64609.627,99.669,VIRTUAL_TAKEOFF,1,1,1,1,14,0,-14.6532,10.4615,-18.0733,-13.7232,10.9111,-4.3229
639,1011161571328,64710.714,101.088,VIRTUAL_TAKEOFF,1,1,1,1,14,0,-14.6532,10.4615,-18.0733,-13.7250,10.9120,-4.3227
640,1011259922208,64809.065,98.351,VIRTUAL_TAKEOFF,1,1,1,1,14,0,-14.6532,10.4615,-18.0733,-13.7253,10.9132,-4.3237
641,1011358388800,64907.532,98.467,VIRTUAL_TAKEOFF,1,1,1,1,14,0,-14.6532,10.4615,-18.0733,-13.7248,10.9143,-4.3240
642,1011457005024,65006.148,98.616,VIRTUAL_TAKEOFF,1,1,1,1,14,0,-14.6532,10.4615,-18.0733,-13.7246,10.9179,-4.3253
643,1011560799968,65109.943,103.795,VIRTUAL_TAKEOFF,1,1,1,1,14,0,-14.6532,10.4615,-18.0733,-13.7243,10.9211,-4.3256
644,1011658104448,65207.247,97.304,VIRTUAL_TAKEOFF,1,1,1,1,14,0,-14.6532,10.4615,-18.0733,-13.7250,10.9241,-4.3254
645,1011758207744,65307.351,100.103,VIRTUAL_TAKEOFF,1,1,1,1,14,0,-14.6532,10.4615,-18.0733,-13.7259,10.9263,-4.3249
646,1011860563360,65409.706,102.356,VIRTUAL_TAKEOFF,1,1,1,1,14,0,-14.6532,10.4615,-18.0733,-13.7268,10.9291,-4.3245
647,1011959949312,65509.092,99.386,VIRTUAL_TAKEOFF,1,1,1,1,14,0,-14.6532,10.4615,-18.0733,-13.7273,10.9316,-4.3239
648,1012060633408,65609.776,100.684,VIRTUAL_TAKEOFF,1,1,1,1,14,0,-14.6532,10.4615,-18.0733,-13.7284,10.9334,-4.3219
649,1012168165632,65717.309,107.532,VIRTUAL_TAKEOFF,1,1,1,1,14,0,-14.6532,10.4615,-18.0733,-13.7295,10.9346,-4.3192
650,1012263411904,65812.555,95.246,VIRTUAL_TAKEOFF,1,1,1,1,14,0,-14.6532,10.4615,-18.0733,-13.7300,10.9370,-4.3173
651,1012359466912,65908.610,96.055,VIRTUAL_TAKEOFF,1,1,1,1,14,0,-14.6532,10.4615,-18.0733,-13.7299,10.9397,-4.3157
652,1012462280896,66011.424,102.814,VIRTUAL_TAKEOFF,1,1,1,1,14,0,-14.6532,10.4615,-18.0733,-13.7305,10.9412,-4.3132
653,1012558053888,66107.197,95.773,VIRTUAL_TAKEOFF,1,1,1,1,14,0,-14.6532,10.4615,-18.0733,-13.7311,10.9418,-4.3116
654,1012658123680,66207.267,100.070,VIRTUAL_TAKEOFF,1,1,1,1,14,0,-14.6532,10.4615,-18.0733,-13.7318,10.9429,-4.3103
655,1012758854976,66307.998,100.731,VIRTUAL_TAKEOFF,1,1,1,1,14,0,-14.6532,10.4615,-18.0733,-13.7321,10.9441,-4.3102
656,1012862059200,66411.202,103.204,VIRTUAL_TAKEOFF,1,1,1,1,14,0,-14.6532,10.4615,-18.0733,-13.7330,10.9456,-4.3104
657,1012960119360,66509.262,98.060,VIRTUAL_TAKEOFF,1,1,1,1,14,0,-14.6532,10.4615,-18.0733,-13.7337,10.9468,-4.3097
658,1013059392320,66608.535,99.273,VIRTUAL_TAKEOFF,1,1,1,1,14,0,-14.6532,10.4615,-18.0733,-13.7351,10.9482,-4.3089
659,1013162548992,66711.692,103.157,VIRTUAL_TAKEOFF,1,1,1,1,14,0,-14.6532,10.4615,-18.0733,-13.7369,10.9496,-4.3080
660,1013257029216,66806.172,94.480,VIRTUAL_TAKEOFF,1,1,1,1,14,0,-14.6532,10.4615,-18.0733,-13.7376,10.9516,-4.3070
661,1013361651808,66910.795,104.623,VIRTUAL_TAKEOFF,1,1,1,1,14,0,-14.6532,10.4615,-18.0733,-13.7371,10.9546,-4.3058
662,1013468468480,67017.611,106.817,VIRTUAL_TAKEOFF,1,1,1,1,14,0,-14.6532,10.4615,-18.0733,-13.7382,10.9565,-4.3041
663,1013558326848,67107.470,89.858,VIRTUAL_TAKEOFF,1,1,1,1,14,0,-14.6532,10.4615,-18.0733,-13.7404,10.9576,-4.3019
664,1013662029408,67211.172,103.703,VIRTUAL_TAKEOFF,1,1,1,1,14,0,-14.6532,10.4615,-18.0733,-13.7418,10.9585,-4.2998
665,1013762001696,67311.145,99.972,VIRTUAL_TAKEOFF,1,1,1,1,14,0,-14.6532,10.4615,-18.0733,-13.7422,10.9591,-4.2970
666,1013895963776,67445.107,133.962,VIRTUAL_TAKEOFF,1,1,1,1,14,0,-14.6532,10.4615,-18.0733,-13.7436,10.9631,-4.2959
667,1013962796864,67511.940,66.833,VIRTUAL_TAKEOFF,1,1,1,1,14,0,-14.6532,10.4615,-18.0733,-13.7436,10.9631,-4.2959
668,1014058444480,67607.587,95.648,VIRTUAL_TAKEOFF,1,1,1,1,14,0,-14.6532,10.4615,-18.0733,-13.7457,10.9649,-4.2968
669,1014158287936,67707.431,99.843,VIRTUAL_TAKEOFF,1,1,1,1,14,0,-14.6532,10.4615,-18.0733,-13.7480,10.9661,-4.2987
670,1014259011648,67808.155,100.724,VIRTUAL_TAKEOFF,1,1,1,1,14,0,-14.6532,10.4615,-18.0733,-13.7497,10.9683,-4.3009
671,1014360281760,67909.425,101.270,VIRTUAL_TAKEOFF,1,1,1,1,14,0,-14.6532,10.4615,-18.0733,-13.7506,10.9711,-4.3027
672,1014462515104,68011.658,102.233,VIRTUAL_TAKEOFF,1,1,1,1,14,0,-14.6532,10.4615,-18.0733,-13.7514,10.9742,-4.3048
673,1014560447072,68109.590,97.932,VIRTUAL_TAKEOFF,1,1,1,1,14,0,-14.6532,10.4615,-18.0733,-13.7519,10.9782,-4.3069
674,1014662298848,68211.442,101.852,VIRTUAL_TAKEOFF,1,1,1,1,14,0,-14.6532,10.4615,-18.0733,-13.7530,10.9810,-4.3090
675,1014759860256,68309.003,97.561,VIRTUAL_TAKEOFF,1,1,1,1,14,0,-14.6532,10.4615,-18.0733,-13.7544,10.9832,-4.3112
676,1014858920608,68408.064,99.060,VIRTUAL_TAKEOFF,1,1,1,1,14,0,-14.6532,10.4615,-18.0733,-13.7555,10.9865,-4.3133
677,1014958729568,68507.872,99.809,VIRTUAL_TAKEOFF,1,1,1,1,14,0,-14.6532,10.4615,-18.0733,-13.7563,10.9905,-4.3151
678,1015062778336,68611.921,104.049,VIRTUAL_TAKEOFF,1,1,1,1,14,0,-14.6532,10.4615,-18.0733,-13.7580,10.9941,-4.3168
679,1015158837248,68707.980,96.059,VIRTUAL_TAKEOFF,1,1,1,1,14,0,-14.6532,10.4615,-18.0733,-13.7602,10.9973,-4.3184
680,1015259239904,68808.383,100.403,VIRTUAL_TAKEOFF,1,1,1,1,14,0,-14.6532,10.4615,-18.0733,-13.7620,10.9995,-4.3195
681,1015372312064,68921.455,113.072,VIRTUAL_TAKEOFF,1,1,1,1,14,0,-14.6532,10.4615,-18.0733,-13.7638,11.0008,-4.3203
682,1015462479488,69011.622,90.167,VIRTUAL_TAKEOFF,1,1,1,1,14,0,-14.6532,10.4615,-18.0733,-13.7646,11.0034,-4.3211
683,1015558983008,69108.126,96.504,VIRTUAL_TAKEOFF,1,1,1,1,14,0,-14.6532,10.4615,-18.0733,-13.7644,11.0063,-4.3220
684,1015666788896,69215.932,107.806,VIRTUAL_TAKEOFF,1,1,1,1,14,0,-14.6532,10.4615,-18.0733,-13.7655,11.0094,-4.3232
685,1015757690944,69306.834,90.902,VIRTUAL_TAKEOFF,1,1,1,1,14,0,-14.6532,10.4615,-18.0733,-13.7673,11.0127,-4.3251
686,1015860935968,69410.079,103.245,VIRTUAL_TAKEOFF,1,1,1,1,14,0,-14.6532,10.4615,-18.0733,-13.7684,11.0162,-4.3273
687,1015957775936,69506.919,96.840,VIRTUAL_TAKEOFF,1,1,1,1,14,0,-14.6532,10.4615,-18.0733,-13.7691,11.0210,-4.3302
688,1016060394400,69609.537,102.618,VIRTUAL_TAKEOFF,1,1,1,1,14,0,-14.6532,10.4615,-18.0733,-13.7702,11.0251,-4.3329
689,1016158940960,69708.084,98.547,VIRTUAL_TAKEOFF,1,1,1,1,14,0,-14.6532,10.4615,-18.0733,-13.7715,11.0285,-4.3356
690,1016257008608,69806.152,98.068,VIRTUAL_TAKEOFF,1,1,1,1,14,0,-14.6532,10.4615,-18.0733,-13.7733,11.0317,-4.3387
691,1016360415552,69909.558,103.407,VIRTUAL_TAKEOFF,1,1,1,1,14,0,-14.6532,10.4615,-18.0733,-13.7759,11.0350,-4.3417
692,1016459768288,70008.911,99.353,VIRTUAL_TAKEOFF,1,1,1,1,14,0,-14.6532,10.4615,-18.0733,-13.7777,11.0386,-4.3437
693,1016557988032,70107.131,98.220,VIRTUAL_TAKEOFF,1,1,1,1,14,0,-14.6532,10.4615,-18.0733,-13.7790,11.0424,-4.3457
694,1016661369696,70210.513,103.382,VIRTUAL_TAKEOFF,1,1,1,1,14,0,-14.6532,10.4615,-18.0733,-13.7800,11.0470,-4.3471
695,1016760601952,70309.745,99.232,VIRTUAL_TAKEOFF,1,1,1,1,14,0,-14.6532,10.4615,-18.0733,-13.7806,11.0518,-4.3502
696,1016862215040,70411.358,101.613,VIRTUAL_TAKEOFF,1,1,1,1,14,0,-14.6532,10.4615,-18.0733,-13.7808,11.0563,-4.3522
697,1016962680896,70511.824,100.466,VIRTUAL_TAKEOFF,1,1,1,1,14,0,-14.6532,10.4615,-18.0733,-13.7808,11.0606,-4.3542
698,1017062760672,70611.904,100.080,VIRTUAL_TAKEOFF,1,1,1,1,14,0,-14.6532,10.4615,-18.0733,-13.7815,11.0653,-4.3571
699,1017159968000,70709.111,97.207,VIRTUAL_TAKEOFF,1,1,1,1,14,0,-14.6532,10.4615,-18.0733,-13.7833,11.0707,-4.3603
700,1017265217152,70814.360,105.249,VIRTUAL_TAKEOFF,1,1,1,1,14,0,-14.6532,10.4615,-18.0733,-13.7846,11.0769,-4.3625
701,1017358904352,70908.047,93.687,VIRTUAL_TAKEOFF,1,1,1,1,14,0,-14.6532,10.4615,-18.0733,-13.7854,11.0826,-4.3640
702,1017508416128,71057.559,149.512,VIRTUAL_TAKEOFF,1,1,1,1,14,0,-14.6532,10.4615,-18.0733,-13.7854,11.0826,-4.3640
703,1017559011552,71108.154,50.595,VIRTUAL_TAKEOFF,1,1,1,1,14,0,-14.6532,10.4615,-18.0733,-13.7885,11.0933,-4.3671
704,1017659734688,71208.878,100.723,VIRTUAL_TAKEOFF,1,1,1,1,14,0,-14.6532,10.4615,-18.0733,-13.7887,11.0996,-4.3682
705,1017762456544,71311.599,102.722,VIRTUAL_TAKEOFF,1,1,1,1,14,0,-14.6532,10.4615,-18.0733,-13.7877,11.1065,-4.3693
706,1017857841984,71406.985,95.385,VIRTUAL_TAKEOFF,1,1,1,1,14,0,-14.6532,10.4615,-18.0733,-13.7875,11.1128,-4.3701
707,1017957945856,71507.089,100.104,VIRTUAL_TAKEOFF,1,1,1,1,14,0,-14.6532,10.4615,-18.0733,-13.7882,11.1189,-4.3716
708,1018058318720,71607.462,100.373,VIRTUAL_TAKEOFF,1,1,1,1,14,0,-14.6532,10.4615,-18.0733,-13.7894,11.1245,-4.3734
709,1018160795776,71709.939,102.477,VIRTUAL_TAKEOFF,1,1,1,1,14,0,-14.6532,10.4615,-18.0733,-13.7912,11.1298,-4.3752
710,1018266288800,71815.432,105.493,VIRTUAL_TAKEOFF,1,1,1,1,14,0,-14.6532,10.4615,-18.0733,-13.7923,11.1351,-4.3754
711,1018359039232,71908.182,92.750,VIRTUAL_TAKEOFF,1,1,1,1,14,0,-14.6532,10.4615,-18.0733,-13.7931,11.1406,-4.3760
712,1018459216576,72008.359,100.177,VIRTUAL_TAKEOFF,1,1,1,1,14,0,-14.6532,10.4615,-18.0733,-13.7939,11.1469,-4.3759
713,1018559485248,72108.628,100.269,VIRTUAL_TAKEOFF,1,1,1,1,14,0,-14.6532,10.4615,-18.0733,-13.7948,11.1544,-4.3749
714,1018659422304,72208.565,99.937,VIRTUAL_TAKEOFF,1,1,1,1,14,0,-14.6532,10.4615,-18.0733,-13.7955,11.1614,-4.3745
715,1018759067104,72308.210,99.645,VIRTUAL_TAKEOFF,1,1,1,1,14,0,-14.6532,10.4615,-18.0733,-13.7966,11.1690,-4.3756
716,1018865347200,72414.490,106.280,VIRTUAL_TAKEOFF,1,1,1,1,14,0,-14.6532,10.4615,-18.0733,-13.7968,11.1775,-4.3769
717,1018959727040,72508.870,94.380,VIRTUAL_TAKEOFF,1,1,1,1,14,0,-14.6532,10.4615,-18.0733,-13.7962,11.1874,-4.3785
718,1019060083104,72609.226,100.356,VIRTUAL_TAKEOFF,1,1,1,1,14,0,-14.6532,10.4615,-18.0733,-13.7969,11.1952,-4.3789
719,1019161881408,72711.024,101.798,VIRTUAL_TAKEOFF,1,1,1,1,14,0,-14.6532,10.4615,-18.0733,-13.7987,11.2000,-4.3786
720,1019262096576,72811.239,100.215,VIRTUAL_TAKEOFF,1,1,1,1,14,0,-14.6532,10.4615,-18.0733,-13.7997,11.2070,-4.3768
721,1019359952960,72909.096,97.856,VIRTUAL_TAKEOFF,1,1,1,1,14,0,-14.6532,10.4615,-18.0733,-13.8000,11.2143,-4.3749
722,1019462576672,73011.720,102.624,VIRTUAL_TAKEOFF,1,1,1,1,14,0,-14.6532,10.4615,-18.0733,-13.8012,11.2210,-4.3727
723,1019562616512,73111.759,100.040,VIRTUAL_TAKEOFF,1,1,1,1,14,0,-14.6532,10.4615,-18.0733,-13.8025,11.2272,-4.3700
724,1019661341216,73210.484,98.725,VIRTUAL_TAKEOFF,1,1,1,1,14,0,-14.6532,10.4615,-18.0733,-13.8042,11.2335,-4.3680
725,1019759692960,73308.836,98.352,VIRTUAL_TAKEOFF,1,1,1,1,14,0,-14.6532,10.4615,-18.0733,-13.8060,11.2402,-4.3661
726,1019860611712,73409.755,100.919,VIRTUAL_TAKEOFF,1,1,1,1,14,0,-14.6532,10.4615,-18.0733,-13.8071,11.2468,-4.3625
727,1019966200896,73515.344,105.589,VIRTUAL_TAKEOFF,1,1,1,1,14,0,-14.6532,10.4615,-18.0733,-13.8075,11.2532,-4.3587
728,1020060855584,73609.998,94.655,VIRTUAL_TAKEOFF,1,1,1,1,14,0,-14.6532,10.4615,-18.0733,-13.8082,11.2592,-4.3554
729,1020161282560,73710.425,100.427,VIRTUAL_TAKEOFF,1,1,1,1,14,0,-14.6532,10.4615,-18.0733,-13.8084,11.2644,-4.3528
730,1020261219968,73810.363,99.937,VIRTUAL_TAKEOFF,1,1,1,1,14,0,-14.6532,10.4615,-18.0733,-13.8104,11.2694,-4.3500
731,1020363379808,73912.523,102.160,VIRTUAL_TAKEOFF,1,1,1,1,14,0,-14.6532,10.4615,-18.0733,-13.8124,11.2736,-4.3462
732,1020457425984,74006.569,94.046,VIRTUAL_TAKEOFF,1,1,1,1,14,0,-14.6532,10.4615,-18.0733,-13.8134,11.2794,-4.3422
733,1020561707904,74110.851,104.282,VIRTUAL_TAKEOFF,1,1,1,1,14,0,-14.6532,10.4615,-18.0733,-13.8135,11.2853,-4.3375
734,1020660925216,74210.068,99.217,VIRTUAL_TAKEOFF,1,1,1,1,14,0,-14.6532,10.4615,-18.0733,-13.8146,11.2918,-4.3336
735,1020760317024,74309.460,99.392,VIRTUAL_TAKEOFF,1,1,1,1,14,0,-14.6532,10.4615,-18.0733,-13.8160,11.2978,-4.3298
736,1020862750880,74411.894,102.434,VIRTUAL_TAKEOFF,1,1,1,1,14,0,-14.6532,10.4615,-18.0733,-13.8173,11.3047,-4.3267
737,1020958300480,74507.443,95.550,VIRTUAL_TAKEOFF,1,1,1,1,14,0,-14.6532,10.4615,-18.0733,-13.8183,11.3106,-4.3241
738,1021062207872,74611.351,103.907,VIRTUAL_TAKEOFF,1,1,1,1,14,0,-14.6532,10.4615,-18.0733,-13.8199,11.3160,-4.3205
739,1021161069728,74710.213,98.862,VIRTUAL_TAKEOFF,1,1,1,1,14,0,-14.6532,10.4615,-18.0733,-13.8215,11.3207,-4.3165
740,1021261171168,74810.314,100.101,VIRTUAL_TAKEOFF,1,1,1,1,14,0,-14.6532,10.4615,-18.0733,-13.8227,11.3247,-4.3122
741,1021363159360,74912.302,101.988,VIRTUAL_TAKEOFF,1,1,1,1,14,0,-14.6532,10.4615,-18.0733,-13.8236,11.3281,-4.3076
742,1021458434432,75007.577,95.275,VIRTUAL_TAKEOFF,1,1,1,1,14,0,-14.6532,10.4615,-18.0733,-13.8244,11.3318,-4.3027
743,1021568095552,75117.238,109.661,VIRTUAL_TAKEOFF,1,1,1,1,14,0,-14.6532,10.4615,-18.0733,-13.8249,11.3355,-4.2973
744,1021663263744,75212.407,95.168,VIRTUAL_TAKEOFF,1,1,1,1,14,0,-14.6532,10.4615,-18.0733,-13.8268,11.3397,-4.2918
745,1021760135008,75309.278,96.871,VIRTUAL_TAKEOFF,1,1,1,1,14,0,-14.6532,10.4615,-18.0733,-13.8287,11.3431,-4.2872
746,1021860862240,75410.005,100.727,VIRTUAL_TAKEOFF,1,1,1,1,14,0,-14.6532,10.4615,-18.0733,-13.8271,11.3532,-4.2816
747,1021962442624,75511.586,101.580,VIRTUAL_TAKEOFF,1,1,1,1,14,0,-14.6532,10.4615,-18.0733,-13.8271,11.3532,-4.2816
748,1022060611648,75609.755,98.169,VIRTUAL_TAKEOFF,1,1,1,1,14,0,-14.6532,10.4615,-18.0733,-13.8274,11.3632,-4.2771
749,1022157248992,75706.392,96.637,VIRTUAL_TAKEOFF,1,1,1,1,14,0,-14.6532,10.4615,-18.0733,-13.8281,11.3658,-4.2755
750,1022262900224,75812.043,105.651,VIRTUAL_TAKEOFF,1,1,1,1,14,0,-14.6532,10.4615,-18.0733,-13.8291,11.3720,-4.2744
751,1022358360160,75907.503,95.460,VIRTUAL_TAKEOFF,1,1,1,1,14,0,-14.6532,10.4615,-18.0733,-13.8295,11.3777,-4.2734
752,1022461359776,76010.503,103.000,VIRTUAL_TAKEOFF,1,1,1,1,14,0,-14.6532,10.4615,-18.0733,-13.8305,11.3824,-4.2731
753,1022642427392,76191.570,181.068,VIRTUAL_TAKEOFF,1,1,1,1,14,0,-14.6532,10.4615,-18.0733,-13.8305,11.3824,-4.2731
754,1022658347520,76207.490,15.920,VIRTUAL_TAKEOFF,1,1,1,1,14,0,-14.6532,10.4615,-18.0733,-13.8344,11.3904,-4.2717
755,1022759547744,76308.691,101.200,VIRTUAL_TAKEOFF,1,1,1,1,14,0,-14.6532,10.4615,-18.0733,-13.8378,11.3947,-4.2698
756,1022859655040,76408.798,100.107,VIRTUAL_TAKEOFF,1,1,1,1,14,0,-14.6532,10.4615,-18.0733,-13.8397,11.4013,-4.2686
757,1022960957536,76510.100,101.302,VIRTUAL_TAKEOFF,1,1,1,1,14,0,-14.6532,10.4615,-18.0733,-13.8404,11.4082,-4.2678
758,1023061278528,76610.421,100.321,VIRTUAL_TAKEOFF,1,1,1,1,14,0,-14.6532,10.4615,-18.0733,-13.8414,11.4141,-4.2668
759,1023158507168,76707.650,97.229,VIRTUAL_TAKEOFF,1,1,1,1,14,0,-14.6532,10.4615,-18.0733,-13.8420,11.4181,-4.2647
760,1023259429216,76808.572,100.922,VIRTUAL_TAKEOFF,1,1,1,1,14,0,-14.6532,10.4615,-18.0733,-13.8447,11.4229,-4.2639
761,1023360508224,76909.651,101.079,VIRTUAL_TAKEOFF,1,1,1,1,14,0,-14.6532,10.4615,-18.0733,-13.8475,11.4272,-4.2639
762,1023484836256,77033.979,124.328,VIRTUAL_TAKEOFF,1,1,1,1,14,0,-14.6532,10.4615,-18.0733,-13.8496,11.4328,-4.2637
763,1023571965472,77121.108,87.129,VIRTUAL_TAKEOFF,1,1,1,1,14,0,-14.6532,10.4615,-18.0733,-13.8510,11.4384,-4.2648
764,1023659287488,77208.430,87.322,VIRTUAL_TAKEOFF,1,1,1,1,14,0,-14.6532,10.4615,-18.0733,-13.8528,11.4450,-4.2666
765,1023757306464,77306.449,98.019,VIRTUAL_TAKEOFF,1,1,1,1,14,0,-14.6532,10.4615,-18.0733,-13.8544,11.4512,-4.2683
766,1023871989440,77421.132,114.683,VIRTUAL_TAKEOFF,1,1,1,1,14,0,-14.6532,10.4615,-18.0733,-13.8571,11.4576,-4.2702
767,1023961267296,77510.410,89.278,VIRTUAL_TAKEOFF,1,1,1,1,14,0,-14.6532,10.4615,-18.0733,-13.8599,11.4639,-4.2717
768,1024061061824,77610.205,99.795,VIRTUAL_TAKEOFF,1,1,1,1,14,0,-14.6532,10.4615,-18.0733,-13.8620,11.4707,-4.2735
769,1024158488736,77707.632,97.427,VIRTUAL_TAKEOFF,1,1,1,1,14,0,-14.6532,10.4615,-18.0733,-13.8633,11.4773,-4.2752
770,1024257274432,77806.417,98.786,VIRTUAL_TAKEOFF,1,1,1,1,14,0,-14.6532,10.4615,-18.0733,-13.8649,11.4839,-4.2771
771,1024362020800,77911.164,104.746,VIRTUAL_TAKEOFF,1,1,1,1,14,0,-14.6532,10.4615,-18.0733,-13.8662,11.4897,-4.2784
772,1024462524672,78011.668,100.504,VIRTUAL_TAKEOFF,1,1,1,1,14,0,-14.6532,10.4615,-18.0733,-13.8693,11.4968,-4.2818
773,1024566708128,78115.851,104.183,VIRTUAL_TAKEOFF,1,1,1,1,14,0,-14.6532,10.4615,-18.0733,-13.8728,11.5038,-4.2853
774,1024662299008,78211.442,95.591,VIRTUAL_TAKEOFF,1,1,1,1,14,0,-14.6532,10.4615,-18.0733,-13.8751,11.5120,-4.2894
775,1024761819552,78310.962,99.521,VIRTUAL_TAKEOFF,1,1,1,1,14,0,-14.6532,10.4615,-18.0733,-13.8764,11.5199,-4.2926
776,1024862720640,78411.864,100.901,VIRTUAL_TAKEOFF,1,1,1,1,14,0,-14.6532,10.4615,-18.0733,-13.8791,11.5280,-4.2964
777,1024960358080,78509.501,97.637,VIRTUAL_TAKEOFF,1,1,1,1,14,0,-14.6532,10.4615,-18.0733,-13.8815,11.5340,-4.2994
778,1025073948864,78623.092,113.591,VIRTUAL_TAKEOFF,1,1,1,1,14,0,-14.6532,10.4615,-18.0733,-13.8839,11.5414,-4.3039
779,1025157960800,78707.104,84.012,VIRTUAL_TAKEOFF,1,1,1,1,14,0,-14.6532,10.4615,-18.0733,-13.8856,11.5481,-4.3082
780,1025261588032,78810.731,103.627,VIRTUAL_TAKEOFF,1,1,1,1,14,0,-14.6532,10.4615,-18.0733,-13.8890,11.5542,-4.3128
781,1025358293792,78907.437,96.706,VIRTUAL_TAKEOFF,1,1,1,1,14,0,-14.6532,10.4615,-18.0733,-13.8928,11.5593,-4.3153
782,1025461543680,79010.687,103.250,VIRTUAL_TAKEOFF,1,1,1,1,14,0,-14.6532,10.4615,-18.0733,-13.8969,11.5656,-4.3180
783,1025557069248,79106.212,95.526,VIRTUAL_TAKEOFF,1,1,1,1,14,0,-14.6532,10.4615,-18.0733,-13.9007,11.5717,-4.3200
784,1025663961760,79213.105,106.893,VIRTUAL_TAKEOFF,1,1,1,1,14,0,-14.6532,10.4615,-18.0733,-13.9039,11.5777,-4.3216
785,1025757893088,79307.036,93.931,VIRTUAL_TAKEOFF,1,1,1,1,14,0,-14.6532,10.4615,-18.0733,-13.9066,11.5833,-4.3230
786,1025858813760,79407.957,100.921,VIRTUAL_TAKEOFF,1,1,1,1,14,0,-14.6532,10.4615,-18.0733,-13.9111,11.5918,-4.3258
787,1025957889984,79507.033,99.076,HOLD_AFTER_TAKEOFF,1,1,1,1,14,0,-14.6532,10.4615,-18.0733,-13.9150,11.5993,-4.3273
788,1026061409472,79610.552,103.519,HOLD_AFTER_TAKEOFF,1,1,1,1,14,0,-14.6532,10.4615,-18.0733,-13.9184,11.6053,-4.3289
789,1026160283968,79709.427,98.874,HOLD_AFTER_TAKEOFF,1,1,1,1,14,0,-14.6532,10.4615,-18.0733,-13.9211,11.6098,-4.3306
790,1026259905536,79809.048,99.622,HOLD_AFTER_TAKEOFF,1,1,1,1,14,0,-14.6532,10.4615,-18.0733,-13.9239,11.6151,-4.3334
791,1026361110880,79910.254,101.205,HOLD_AFTER_TAKEOFF,1,1,1,1,14,0,-14.6532,10.4615,-18.0733,-13.9263,11.6201,-4.3359
792,1026461804704,80010.948,100.694,HOLD_AFTER_TAKEOFF,1,1,1,1,14,0,-14.6532,10.4615,-18.0733,-13.9295,11.6262,-4.3407
793,1026560276544,80109.419,98.472,HOLD_AFTER_TAKEOFF,1,1,1,1,14,0,-14.6532,10.4615,-18.0733,-13.9321,11.6317,-4.3449
794,1026662012736,80211.156,101.736,HOLD_AFTER_TAKEOFF,1,1,1,1,14,0,-14.6532,10.4615,-18.0733,-13.9349,11.6389,-4.3495
795,1026761009440,80310.152,98.997,HOLD_AFTER_TAKEOFF,1,1,1,1,14,0,-14.6532,10.4615,-18.0733,-13.9373,11.6467,-4.3537
796,1026862308928,80411.452,101.299,HOLD_AFTER_TAKEOFF,1,1,1,1,14,0,-14.6532,10.4615,-18.0733,-13.9402,11.6532,-4.3584
797,1026966266592,80515.410,103.958,HOLD_AFTER_TAKEOFF,1,1,1,1,14,0,-14.6532,10.4615,-18.0733,-13.9426,11.6585,-4.3619
798,1027062606496,80611.749,96.340,HOLD_AFTER_TAKEOFF,1,1,1,1,14,0,-14.6532,10.4615,-18.0733,-13.9455,11.6641,-4.3661
799,1027159547488,80708.690,96.941,HOLD_AFTER_TAKEOFF,1,1,1,1,14,0,-14.6532,10.4615,-18.0733,-13.9478,11.6689,-4.3689
800,1027266408384,80815.551,106.861,HOLD_AFTER_TAKEOFF,1,1,1,1,14,0,-14.6532,10.4615,-18.0733,-13.9505,11.6746,-4.3724
801,1027363629728,80912.773,97.221,HOLD_AFTER_TAKEOFF,1,1,1,1,14,0,-14.6532,10.4615,-18.0733,-13.9533,11.6807,-4.3753
802,1027459914272,81009.057,96.285,HOLD_AFTER_TAKEOFF,1,1,1,1,14,0,-14.6532,10.4615,-18.0733,-13.9573,11.6870,-4.3796
803,1027558991232,81108.134,99.077,HOLD_AFTER_TAKEOFF,1,1,1,1,14,0,-14.6532,10.4615,-18.0733,-13.9611,11.6927,-4.3827
804,1027715366240,81264.509,156.375,HOLD_AFTER_TAKEOFF,1,1,1,1,14,0,-14.6532,10.4615,-18.0733,-13.9611,11.6927,-4.3827
805,1027757461600,81306.605,42.095,HOLD_AFTER_TAKEOFF,1,1,1,1,14,0,-14.6532,10.4615,-18.0733,-13.9656,11.7032,-4.3886
806,1027861873056,81411.016,104.411,HOLD_AFTER_TAKEOFF,1,1,1,1,14,0,-14.6532,10.4615,-18.0733,-13.9682,11.7091,-4.3937
807,1027962483552,81511.626,100.610,HOLD_AFTER_TAKEOFF,1,1,1,1,14,0,-14.6532,10.4615,-18.0733,-13.9703,11.7143,-4.3978
808,1028061456544,81610.599,98.973,HOLD_AFTER_TAKEOFF,1,1,1,1,14,0,-14.6532,10.4615,-18.0733,-13.9735,11.7208,-4.4027
809,1028158319200,81707.462,96.863,HOLD_AFTER_TAKEOFF,1,1,1,1,14,0,-14.6532,10.4615,-18.0733,-13.9767,11.7273,-4.4072
810,1028260329376,81809.472,102.010,HOLD_AFTER_TAKEOFF,1,1,1,1,14,0,-14.6532,10.4615,-18.0733,-13.9796,11.7328,-4.4129
811,1028357488544,81906.631,97.159,HOLD_AFTER_TAKEOFF,1,1,1,1,14,0,-14.6532,10.4615,-18.0733,-13.9818,11.7372,-4.4167
812,1028458600448,82007.743,101.112,HOLD_AFTER_TAKEOFF,1,1,1,1,14,0,-14.6532,10.4615,-18.0733,-13.9848,11.7430,-4.4209
813,1028563510208,82112.653,104.910,HOLD_AFTER_TAKEOFF,1,1,1,1,14,0,-14.6532,10.4615,-18.0733,-13.9878,11.7492,-4.4246
814,1028663811168,82212.954,100.301,HOLD_AFTER_TAKEOFF,1,1,1,1,14,0,-14.6532,10.4615,-18.0733,-13.9901,11.7579,-4.4304
815,1028761491616,82310.635,97.680,HOLD_AFTER_TAKEOFF,1,1,1,1,14,0,-14.6532,10.4615,-18.0733,-13.9913,11.7649,-4.4346
816,1028864597952,82413.741,103.106,HOLD_AFTER_TAKEOFF,1,1,1,1,14,0,-14.6532,10.4615,-18.0733,-13.9940,11.7717,-4.4429
817,1028960453024,82509.596,95.855,HOLD_AFTER_TAKEOFF,1,1,1,1,14,0,-14.6532,10.4615,-18.0733,-13.9970,11.7771,-4.4498
818,1029063645792,82612.789,103.193,HOLD_AFTER_TAKEOFF,1,1,1,1,14,0,-14.6532,10.4615,-18.0733,-14.0004,11.7834,-4.4581
819,1029161669824,82710.813,98.024,HOLD_AFTER_TAKEOFF,1,1,1,1,14,0,-14.6532,10.4615,-18.0733,-14.0036,11.7893,-4.4656
820,1029259399936,82808.543,97.730,HOLD_AFTER_TAKEOFF,1,1,1,1,14,0,-14.6532,10.4615,-18.0733,-14.0074,11.7959,-4.4742
821,1029373293920,82922.437,113.894,HOLD_AFTER_TAKEOFF,1,1,1,1,14,0,-14.6532,10.4615,-18.0733,-14.0120,11.8031,-4.4836
822,1029457999328,83007.142,84.705,HOLD_AFTER_TAKEOFF,1,1,1,1,14,0,-14.6532,10.4615,-18.0733,-14.0152,11.8105,-4.4940
823,1029559457376,83108.600,101.458,HOLD_AFTER_TAKEOFF,1,1,1,1,14,0,-14.6532,10.4615,-18.0733,-14.0175,11.8174,-4.5032
824,1029660883232,83210.026,101.426,HOLD_AFTER_TAKEOFF,1,1,1,1,14,0,-14.6532,10.4615,-18.0733,-14.0207,11.8236,-4.5140
825,1029761844384,83310.987,100.961,HOLD_AFTER_TAKEOFF,1,1,1,1,14,0,-14.6532,10.4615,-18.0733,-14.0237,11.8286,-4.5237
826,1029860372448,83409.515,98.528,HOLD_AFTER_TAKEOFF,1,1,1,1,14,0,-14.6532,10.4615,-18.0733,-14.0271,11.8340,-4.5344
827,1029959466944,83508.610,99.094,HOLD_AFTER_TAKEOFF,1,1,1,1,14,0,-14.6532,10.4615,-18.0733,-14.0301,11.8389,-4.5438
828,1030057280192,83606.423,97.813,HOLD_AFTER_TAKEOFF,1,1,1,1,14,0,-14.6532,10.4615,-18.0733,-14.0342,11.8449,-4.5553
829,1030160092704,83709.236,102.813,HOLD_AFTER_TAKEOFF,1,1,1,1,14,0,-14.6532,10.4615,-18.0733,-14.0386,11.8511,-4.5657
830,1030257443200,83806.586,97.350,HOLD_AFTER_TAKEOFF,1,1,1,1,14,0,-14.6532,10.4615,-18.0733,-14.0422,11.8559,-4.5749
831,1030362024352,83911.167,104.581,HOLD_AFTER_TAKEOFF,1,1,1,1,14,0,-14.6532,10.4615,-18.0733,-14.0457,11.8607,-4.5843
832,1030459256672,84008.400,97.232,HOLD_AFTER_TAKEOFF,1,1,1,1,14,0,-14.6532,10.4615,-18.0733,-14.0481,11.8654,-4.5928
833,1030558680480,84107.823,99.424,HOLD_AFTER_TAKEOFF,1,1,1,1,14,0,-14.6532,10.4615,-18.0733,-14.0499,11.8696,-4.6002
834,1030662449696,84211.593,103.769,HOLD_AFTER_TAKEOFF,1,1,1,1,14,0,-14.6532,10.4615,-18.0733,-14.0515,11.8738,-4.6087
835,1030760572992,84309.716,98.123,HOLD_AFTER_TAKEOFF,1,1,1,1,14,0,-14.6532,10.4615,-18.0733,-14.0528,11.8778,-4.6176
836,1030859011616,84408.155,98.439,HOLD_AFTER_TAKEOFF,1,1,1,1,14,0,-14.6532,10.4615,-18.0733,-14.0546,11.8822,-4.6276
837,1030959933472,84509.076,100.922,HOLD_AFTER_TAKEOFF,1,1,1,1,14,0,-14.6532,10.4615,-18.0733,-14.0563,11.8863,-4.6359
838,1031060288256,84609.431,100.355,HOLD_AFTER_TAKEOFF,1,1,1,1,14,0,-14.6532,10.4615,-18.0733,-14.0579,11.8915,-4.6451
839,1031160494112,84709.637,100.206,HOLD_AFTER_TAKEOFF,1,1,1,1,14,0,-14.6532,10.4615,-18.0733,-14.0590,11.8962,-4.6508
840,1031262683584,84811.826,102.189,HOLD_AFTER_TAKEOFF,1,1,1,1,14,0,-14.6532,10.4615,-18.0733,-14.0618,11.9007,-4.6579
841,1031359088032,84908.231,96.404,HOLD_AFTER_TAKEOFF,1,1,1,1,14,0,-14.6532,10.4615,-18.0733,-14.0648,11.9041,-4.6632
842,1031461872480,85011.015,102.784,HOLD_AFTER_TAKEOFF,1,1,1,1,14,0,-14.6532,10.4615,-18.0733,-14.0671,11.9077,-4.6703
843,1031557423296,85106.566,95.551,HOLD_AFTER_TAKEOFF,1,1,1,1,14,0,-14.6532,10.4615,-18.0733,-14.0686,11.9111,-4.6763
844,1031657569440,85206.712,100.146,HOLD_AFTER_TAKEOFF,1,1,1,1,14,0,-14.6532,10.4615,-18.0733,-14.0699,11.9147,-4.6844
845,1031757166912,85306.310,99.597,HOLD_AFTER_TAKEOFF,1,1,1,1,14,0,-14.6532,10.4615,-18.0733,-14.0709,11.9180,-4.6918
846,1031858168256,85407.311,101.001,HOLD_AFTER_TAKEOFF,1,1,1,1,14,0,-14.6532,10.4615,-18.0733,-14.0720,11.9218,-4.6998
847,1031957239744,85506.383,99.071,HOLD_AFTER_TAKEOFF,1,1,1,1,14,0,-14.6532,10.4615,-18.0733,-14.0733,11.9260,-4.7078
848,1032059812192,85608.955,102.572,HOLD_AFTER_TAKEOFF,1,1,1,1,14,0,-14.6532,10.4615,-18.0733,-14.0749,11.9311,-4.7179
849,1032160920800,85710.064,101.109,HOLD_AFTER_TAKEOFF,1,1,1,1,14,0,-14.6532,10.4615,-18.0733,-14.0762,11.9356,-4.7260
850,1032263379392,85812.522,102.459,HOLD_AFTER_TAKEOFF,1,1,1,1,14,0,-14.6532,10.4615,-18.0733,-14.0775,11.9389,-4.7353
851,1032358945088,85908.088,95.566,HOLD_AFTER_TAKEOFF,1,1,1,1,14,0,-14.6532,10.4615,-18.0733,-14.0784,11.9411,-4.7429
852,1032459022560,86008.165,100.077,HOLD_AFTER_TAKEOFF,1,1,1,1,14,0,-14.6532,10.4615,-18.0733,-14.0810,11.9445,-4.7524
853,1032562949568,86112.092,103.927,HOLD_AFTER_TAKEOFF,1,1,1,1,14,0,-14.6532,10.4615,-18.0733,-14.0840,11.9480,-4.7607
854,1032659412864,86208.556,96.463,HOLD_AFTER_TAKEOFF,1,1,1,1,14,0,-14.6532,10.4615,-18.0733,-14.0855,11.9513,-4.7692
855,1032757786656,86306.930,98.374,HOLD_AFTER_TAKEOFF,1,1,1,1,14,0,-14.6532,10.4615,-18.0733,-14.0861,11.9540,-4.7764
856,1032861826912,86410.970,104.040,HOLD_AFTER_TAKEOFF,1,1,1,1,14,0,-14.6532,10.4615,-18.0733,-14.0861,11.9566,-4.7841
857,1032957432448,86506.575,95.606,HOLD_AFTER_TAKEOFF,1,1,1,1,14,0,-14.6532,10.4615,-18.0733,-14.0856,11.9591,-4.7923
858,1033063295360,86612.438,105.863,HOLD_AFTER_TAKEOFF,1,1,1,1,14,0,-14.6532,10.4615,-18.0733,-14.0862,11.9609,-4.8024
859,1033160373888,86709.517,97.079,HOLD_AFTER_TAKEOFF,1,1,1,1,14,0,-14.6532,10.4615,-18.0733,-14.0871,11.9619,-4.8104
860,1033259607744,86808.751,99.234,HOLD_AFTER_TAKEOFF,1,1,1,1,14,0,-14.6532,10.4615,-18.0733,-14.0898,11.9679,-4.8237
861,1033360316256,86909.459,100.709,HOLD_AFTER_TAKEOFF,1,1,1,1,14,0,-14.6532,10.4615,-18.0733,-14.0905,11.9697,-4.8263
862,1033461500960,87010.644,101.185,HOLD_AFTER_TAKEOFF,1,1,1,1,14,0,-14.6532,10.4615,-18.0733,-14.0917,11.9729,-4.8342
863,1033560313344,87109.456,98.812,HOLD_AFTER_TAKEOFF,1,1,1,1,14,0,-14.6532,10.4615,-18.0733,-14.0921,11.9749,-4.8407
864,1033662948544,87212.091,102.635,HOLD_AFTER_TAKEOFF,1,1,1,1,14,0,-14.6532,10.4615,-18.0733,-14.0915,11.9790,-4.8499
865,1033759958368,87309.101,97.010,HOLD_AFTER_TAKEOFF,1,1,1,1,14,0,-14.6532,10.4615,-18.0733,-14.0903,11.9832,-4.8566
866,1033859677824,87408.821,99.719,HOLD_AFTER_TAKEOFF,1,1,1,1,14,0,-14.6532,10.4615,-18.0733,-14.0899,11.9859,-4.8628
867,1033957384352,87506.527,97.707,HOLD_AFTER_TAKEOFF,1,1,1,1,14,0,-14.6532,10.4615,-18.0733,-14.0900,11.9875,-4.8682
868,1034061569408,87610.712,104.185,HOLD_AFTER_TAKEOFF,1,1,1,1,14,0,-14.6532,10.4615,-18.0733,-14.0918,11.9873,-4.8752
869,1034162849696,87711.993,101.280,HOLD_AFTER_TAKEOFF,1,1,1,1,14,0,-14.6532,10.4615,-18.0733,-14.0941,11.9864,-4.8811
870,1034261206208,87810.349,98.357,HOLD_AFTER_TAKEOFF,1,1,1,1,14,0,-14.6532,10.4615,-18.0733,-14.0954,11.9867,-4.8885
871,1034362164224,87911.307,100.958,HOLD_AFTER_TAKEOFF,1,1,1,1,14,0,-14.6532,10.4615,-18.0733,-14.0960,11.9875,-4.8944
872,1034460784640,88009.928,98.620,HOLD_AFTER_TAKEOFF,1,1,1,1,14,0,-14.6532,10.4615,-18.0733,-14.0960,11.9885,-4.9013
873,1034560345568,88109.488,99.561,HOLD_AFTER_TAKEOFF,1,1,1,1,14,0,-14.6532,10.4615,-18.0733,-14.0956,11.9893,-4.9076
874,1034657082464,88206.225,96.737,HOLD_AFTER_TAKEOFF,1,1,1,1,14,0,-14.6532,10.4615,-18.0733,-14.0956,11.9902,-4.9162
875,1034763635328,88312.778,106.553,HOLD_AFTER_TAKEOFF,1,1,1,1,14,0,-14.6532,10.4615,-18.0733,-14.0955,11.9910,-4.9242
876,1034861975840,88411.119,98.341,HOLD_AFTER_TAKEOFF,1,1,1,1,14,0,-14.6532,10.4615,-18.0733,-14.0955,11.9933,-4.9321
877,1034961036128,88510.179,99.060,HOLD_AFTER_TAKEOFF,1,1,1,1,14,0,-14.6532,10.4615,-18.0733,-14.0953,11.9961,-4.9385
878,1035060203392,88609.346,99.167,HOLD_AFTER_TAKEOFF,1,1,1,1,14,0,-14.6532,10.4615,-18.0733,-14.0946,11.9990,-4.9465
879,1035162321952,88711.465,102.119,HOLD_AFTER_TAKEOFF,1,1,1,1,14,0,-14.6532,10.4615,-18.0733,-14.0934,12.0017,-4.9531
880,1035259639488,88808.782,97.318,HOLD_AFTER_TAKEOFF,1,1,1,1,14,0,-14.6532,10.4615,-18.0733,-14.0924,12.0032,-4.9599
881,1035362000832,88911.144,102.361,HOLD_AFTER_TAKEOFF,1,1,1,1,14,0,-14.6532,10.4615,-18.0733,-14.0916,12.0037,-4.9666
882,1035459563168,89008.706,97.562,HOLD_AFTER_TAKEOFF,1,1,1,1,14,0,-14.6532,10.4615,-18.0733,-14.0912,12.0034,-4.9742
883,1035557228992,89106.372,97.666,HOLD_AFTER_TAKEOFF,1,1,1,1,14,0,-14.6532,10.4615,-18.0733,-14.0911,12.0024,-4.9813
884,1035659174432,89208.317,101.945,HOLD_AFTER_TAKEOFF,1,1,1,1,14,0,-14.6532,10.4615,-18.0733,-14.0903,12.0028,-4.9886
885,1035760553728,89309.697,101.379,HOLD_AFTER_TAKEOFF,1,1,1,1,14,0,-14.6532,10.4615,-18.0733,-14.0890,12.0039,-4.9939
886,1035861730016,89410.873,101.176,HOLD_AFTER_TAKEOFF,1,1,1,1,14,0,-14.6532,10.4615,-18.0733,-14.0872,12.0053,-4.9990
887,1035961879712,89511.023,100.150,HOLD_AFTER_TAKEOFF,1,1,1,1,14,0,-14.6532,10.4615,-18.0733,-14.0850,12.0069,-5.0040
888,1036060248992,89609.392,98.369,HOLD_AFTER_TAKEOFF,1,1,1,1,14,0,-14.6532,10.4615,-18.0733,-14.0818,12.0060,-5.0109
889,1036158763552,89707.906,98.515,HOLD_AFTER_TAKEOFF,1,1,1,1,14,0,-14.6532,10.4615,-18.0733,-14.0779,12.0033,-5.0177
890,1036260177184,89809.320,101.414,HOLD_AFTER_TAKEOFF,1,1,1,1,14,0,-14.6532,10.4615,-18.0733,-14.0763,12.0031,-5.0255
891,1036359591008,89908.734,99.414,HOLD_AFTER_TAKEOFF,1,1,1,1,14,0,-14.6532,10.4615,-18.0733,-14.0758,12.0042,-5.0321
892,1036462626656,90011.770,103.036,HOLD_AFTER_TAKEOFF,1,1,1,1,14,0,-14.6532,10.4615,-18.0733,-14.0742,12.0049,-5.0374
893,1036557412192,90106.555,94.786,HOLD_AFTER_TAKEOFF,1,1,1,1,14,0,-14.6532,10.4615,-18.0733,-14.0711,12.0056,-5.0448
894,1036661084000,90210.227,103.672,HOLD_AFTER_TAKEOFF,1,1,1,1,14,0,-14.6532,10.4615,-18.0733,-14.0694,12.0073,-5.0519
895,1036761144096,90310.287,100.060,HOLD_AFTER_TAKEOFF,1,1,1,1,14,0,-14.6532,10.4615,-18.0733,-14.0684,12.0096,-5.0578
896,1036858002144,90407.145,96.858,HOLD_AFTER_TAKEOFF,1,1,1,1,14,0,-14.6532,10.4615,-18.0733,-14.0677,12.0118,-5.0636
897,1036958759424,90507.902,100.757,HOLD_AFTER_TAKEOFF,1,1,1,1,14,0,-14.6532,10.4615,-18.0733,-14.0670,12.0138,-5.0691
898,1037061232704,90610.376,102.473,HOLD_AFTER_TAKEOFF,1,1,1,1,14,0,-14.6532,10.4615,-18.0733,-14.0658,12.0156,-5.0746
899,1037157632608,90706.776,96.400,HOLD_AFTER_TAKEOFF,1,1,1,1,14,0,-14.6532,10.4615,-18.0733,-14.0641,12.0172,-5.0792
900,1037257828736,90806.972,100.196,HOLD_AFTER_TAKEOFF,1,1,1,1,14,0,-14.6532,10.4615,-18.0733,-14.0627,12.0176,-5.0835
901,1037357847008,90906.990,100.018,HOLD_AFTER_TAKEOFF,1,1,1,1,14,0,-14.6532,10.4615,-18.0733,-14.0614,12.0173,-5.0869
902,1037458730240,91007.873,100.883,HOLD_AFTER_TAKEOFF,1,1,1,1,14,0,-14.6532,10.4615,-18.0733,-14.0609,12.0178,-5.0911
903,1037562739360,91111.882,104.009,HOLD_AFTER_TAKEOFF,1,1,1,1,14,0,-14.6532,10.4615,-18.0733,-14.0608,12.0189,-5.0948
904,1037659663680,91208.807,96.924,HOLD_AFTER_TAKEOFF,1,1,1,1,14,0,-14.6532,10.4615,-18.0733,-14.0602,12.0210,-5.0999
905,1037760743200,91309.886,101.080,HOLD_AFTER_TAKEOFF,1,1,1,1,14,0,-14.6532,10.4615,-18.0733,-14.0593,12.0235,-5.1044
906,1037864711680,91413.855,103.968,HOLD_AFTER_TAKEOFF,1,1,1,1,14,0,-14.6532,10.4615,-18.0733,-14.0581,12.0251,-5.1081
907,1037963995648,91513.139,99.284,HOLD_AFTER_TAKEOFF,1,1,1,1,14,0,-14.6532,10.4615,-18.0733,-14.0566,12.0262,-5.1114
908,1038061396064,91610.539,97.400,HOLD_AFTER_TAKEOFF,1,1,1,1,14,0,-14.6532,10.4615,-18.0733,-14.0552,12.0258,-5.1145
909,1038164255136,91713.398,102.859,HOLD_AFTER_TAKEOFF,1,1,1,1,14,0,-14.6532,10.4615,-18.0733,-14.0539,12.0246,-5.1170
910,1038259782016,91808.925,95.527,HOLD_AFTER_TAKEOFF,1,1,1,1,14,0,-14.6532,10.4615,-18.0733,-14.0519,12.0228,-5.1179
911,1038361469440,91910.612,101.687,HOLD_AFTER_TAKEOFF,1,1,1,1,14,0,-14.6532,10.4615,-18.0733,-14.0482,12.0194,-5.1194
912,1038458488576,92007.631,97.019,HOLD_AFTER_TAKEOFF,1,1,1,1,14,0,-14.6532,10.4615,-18.0733,-14.0445,12.0167,-5.1207
913,1038561428192,92110.571,102.940,HOLD_AFTER_TAKEOFF,1,1,1,1,14,0,-14.6532,10.4615,-18.0733,-14.0404,12.0144,-5.1212
914,1038660129984,92209.273,98.702,HOLD_AFTER_TAKEOFF,1,1,1,1,14,0,-14.6532,10.4615,-18.0733,-14.0369,12.0105,-5.1224
915,1038759836224,92308.979,99.706,HOLD_AFTER_TAKEOFF,1,1,1,1,14,0,-14.6532,10.4615,-18.0733,-14.0338,12.0067,-5.1224
916,1038857162144,92406.305,97.326,HOLD_AFTER_TAKEOFF,1,1,1,1,14,0,-14.6532,10.4615,-18.0733,-14.0302,12.0026,-5.1243
917,1038960716960,92509.860,103.555,HOLD_AFTER_TAKEOFF,1,1,1,1,14,0,-14.6532,10.4615,-18.0733,-14.0268,11.9993,-5.1238
918,1039059258240,92608.401,98.541,HOLD_AFTER_TAKEOFF,1,1,1,1,14,0,-14.6532,10.4615,-18.0733,-14.0237,11.9952,-5.1247
919,1039159344128,92708.487,100.086,HOLD_AFTER_TAKEOFF,1,1,1,1,14,0,-14.6532,10.4615,-18.0733,-14.0207,11.9917,-5.1247
920,1039263368896,92812.512,104.025,HOLD_AFTER_TAKEOFF,1,1,1,1,14,0,-14.6532,10.4615,-18.0733,-14.0178,11.9879,-5.1252
921,1039366963136,92916.106,103.594,HOLD_AFTER_TAKEOFF,1,1,1,1,14,0,-14.6532,10.4615,-18.0733,-14.0155,11.9847,-5.1245
922,1039459960768,93009.104,92.998,HOLD_AFTER_TAKEOFF,1,1,1,1,14,0,-14.6532,10.4615,-18.0733,-14.0129,11.9810,-5.1254
923,1039559971648,93109.115,100.011,HOLD_AFTER_TAKEOFF,1,1,1,1,14,0,-14.6532,10.4615,-18.0733,-14.0103,11.9779,-5.1256
924,1039659701888,93208.845,99.730,HOLD_AFTER_TAKEOFF,1,1,1,1,14,0,-14.6532,10.4615,-18.0733,-14.0098,11.9744,-5.1267
925,1039758174784,93307.318,98.473,HOLD_AFTER_TAKEOFF,1,1,1,1,14,0,-14.6532,10.4615,-18.0733,-14.0098,11.9714,-5.1263
926,1039874304384,93423.447,116.130,HOLD_AFTER_TAKEOFF,1,1,1,1,14,0,-14.6532,10.4615,-18.0733,-14.0082,11.9663,-5.1258
927,1039957442880,93506.586,83.138,HOLD_AFTER_TAKEOFF,1,1,1,1,14,0,-14.6532,10.4615,-18.0733,-14.0064,11.9625,-5.1243
928,1040062885568,93612.028,105.443,HOLD_AFTER_TAKEOFF,1,1,1,1,14,0,-14.6532,10.4615,-18.0733,-14.0047,11.9574,-5.1252
929,1040162439072,93711.582,99.554,HOLD_AFTER_TAKEOFF,1,1,1,1,14,0,-14.6532,10.4615,-18.0733,-14.0030,11.9534,-5.1261
930,1040259014560,93808.157,96.575,HOLD_AFTER_TAKEOFF,1,1,1,1,14,0,-14.6532,10.4615,-18.0733,-14.0014,11.9484,-5.1271
931,1040357052384,93906.195,98.038,HOLD_AFTER_TAKEOFF,1,1,1,1,14,0,-14.6532,10.4615,-18.0733,-13.9995,11.9440,-5.1272
932,1040458815008,94007.958,101.763,HOLD_AFTER_TAKEOFF,1,1,1,1,14,0,-14.6532,10.4615,-18.0733,-13.9982,11.9396,-5.1271
933,1040558179584,94107.322,99.365,HOLD_AFTER_TAKEOFF,1,1,1,1,14,0,-14.6532,10.4615,-18.0733,-13.9969,11.9357,-5.1269
934,1040658985600,94208.129,100.806,HOLD_AFTER_TAKEOFF,1,1,1,1,14,0,-14.6532,10.4615,-18.0733,-13.9956,11.9302,-5.1273
935,1040760193728,94309.337,101.208,HOLD_AFTER_TAKEOFF,1,1,1,1,14,0,-14.6532,10.4615,-18.0733,-13.9942,11.9237,-5.1270
936,1040862359520,94411.502,102.166,HOLD_AFTER_TAKEOFF,1,1,1,1,14,0,-14.6532,10.4615,-18.0733,-13.9932,11.9171,-5.1265
937,1040958682304,94507.825,96.323,HOLD_AFTER_TAKEOFF,1,1,1,1,14,0,-14.6532,10.4615,-18.0733,-13.9925,11.9100,-5.1253
938,1041059374720,94608.518,100.692,HOLD_AFTER_TAKEOFF,1,1,1,1,14,0,-14.6532,10.4615,-18.0733,-13.9906,11.9041,-5.1244
939,1041157859424,94707.002,98.485,HOLD_AFTER_TAKEOFF,1,1,1,1,14,0,-14.6532,10.4615,-18.0733,-13.9881,11.8991,-5.1229
940,1041257108576,94806.251,99.249,HOLD_AFTER_TAKEOFF,1,1,1,1,14,0,-14.6532,10.4615,-18.0733,-13.9864,11.8926,-5.1210
941,1041362616672,94911.760,105.508,HOLD_AFTER_TAKEOFF,1,1,1,1,14,0,-14.6532,10.4615,-18.0733,-13.9849,11.8861,-5.1182
942,1041460184096,95009.327,97.567,HOLD_AFTER_TAKEOFF,1,1,1,1,14,0,-14.6532,10.4615,-18.0733,-13.9849,11.8809,-5.1179
943,1041558597280,95107.740,98.413,HOLD_AFTER_TAKEOFF,1,1,1,1,14,0,-14.6532,10.4615,-18.0733,-13.9849,11.8770,-5.1167
944,1041661483424,95210.626,102.886,HOLD_AFTER_TAKEOFF,1,1,1,1,14,0,-14.6532,10.4615,-18.0733,-13.9846,11.8720,-5.1163
945,1041758505728,95307.649,97.022,HOLD_AFTER_TAKEOFF,1,1,1,1,14,0,-14.6532,10.4615,-18.0733,-13.9840,11.8665,-5.1164
946,1041859796480,95408.939,101.291,HOLD_AFTER_TAKEOFF,1,1,1,1,14,0,-14.6532,10.4615,-18.0733,-13.9835,11.8604,-5.1169
947,1041959340544,95508.483,99.544,HOLD_AFTER_TAKEOFF,1,1,1,1,14,0,-14.6532,10.4615,-18.0733,-13.9827,11.8544,-5.1174
948,1042057243904,95606.387,97.903,HOLD_AFTER_TAKEOFF,1,1,1,1,14,0,-14.6532,10.4615,-18.0733,-13.9828,11.8479,-5.1183
949,1042161388960,95710.532,104.145,HOLD_AFTER_TAKEOFF,1,1,1,1,14,0,-14.6532,10.4615,-18.0733,-13.9830,11.8416,-5.1197
950,1042260613152,95809.756,99.224,HOLD_AFTER_TAKEOFF,1,1,1,1,14,0,-14.6532,10.4615,-18.0733,-13.9831,11.8353,-5.1219
951,1042360536192,95909.679,99.923,HOLD_AFTER_TAKEOFF,1,1,1,1,14,0,-14.6532,10.4615,-18.0733,-13.9828,11.8297,-5.1229
952,1042462419872,96011.563,101.884,HOLD_AFTER_TAKEOFF,1,1,1,1,14,0,-14.6532,10.4615,-18.0733,-13.9820,11.8246,-5.1239
953,1042561995328,96111.138,99.575,HOLD_AFTER_TAKEOFF,1,1,1,1,14,0,-14.6532,10.4615,-18.0733,-13.9806,11.8199,-5.1248
954,1042662303264,96211.446,100.308,HOLD_AFTER_TAKEOFF,1,1,1,1,14,0,-14.6532,10.4615,-18.0733,-13.9809,11.8149,-5.1257
955,1042760993664,96310.137,98.690,HOLD_AFTER_TAKEOFF,1,1,1,1,14,0,-14.6532,10.4615,-18.0733,-13.9817,11.8078,-5.1267
956,1042860263520,96409.406,99.270,HOLD_AFTER_TAKEOFF,1,1,1,1,14,0,-14.6532,10.4615,-18.0733,-13.9824,11.8016,-5.1276
957,1042963497216,96512.640,103.234,HOLD_AFTER_TAKEOFF,1,1,1,1,14,0,-14.6532,10.4615,-18.0733,-13.9830,11.7956,-5.1282
958,1043063410112,96612.553,99.913,HOLD_AFTER_TAKEOFF,1,1,1,1,14,0,-14.6532,10.4615,-18.0733,-13.9824,11.7864,-5.1283
959,1043159082496,96708.225,95.672,HOLD_AFTER_TAKEOFF,1,1,1,1,14,0,-14.6532,10.4615,-18.0733,-13.9812,11.7767,-5.1279
960,1043265815360,96814.958,106.733,HOLD_AFTER_TAKEOFF,1,1,1,1,14,0,-14.6532,10.4615,-18.0733,-13.9804,11.7691,-5.1270
961,1043362110400,96911.253,96.295,HOLD_AFTER_TAKEOFF,1,1,1,1,14,0,-14.6532,10.4615,-18.0733,-13.9798,11.7627,-5.1267
962,1043459247552,97008.390,97.137,HOLD_AFTER_TAKEOFF,1,1,1,1,14,0,-14.6532,10.4615,-18.0733,-13.9800,11.7574,-5.1266
963,1043558743552,97107.886,99.496,HOLD_AFTER_TAKEOFF,1,1,1,1,14,0,-14.6532,10.4615,-18.0733,-13.9804,11.7520,-5.1275
964,1043657093728,97206.237,98.350,HOLD_AFTER_TAKEOFF,1,1,1,1,14,0,-14.6532,10.4615,-18.0733,-13.9801,11.7450,-5.1288
965,1043762143136,97311.286,105.049,HOLD_AFTER_TAKEOFF,1,1,1,1,14,0,-14.6532,10.4615,-18.0733,-13.9791,11.7388,-5.1290
966,1043860185952,97409.329,98.043,HOLD_AFTER_TAKEOFF,1,1,1,1,14,0,-14.6532,10.4615,-18.0733,-13.9785,11.7328,-5.1286
967,1043961238432,97510.381,101.052,HOLD_AFTER_TAKEOFF,1,1,1,1,14,0,-14.6532,10.4615,-18.0733,-13.9780,11.7274,-5.1278
968,1044058121344,97607.264,96.883,HOLD_AFTER_TAKEOFF,1,1,1,1,14,0,-14.6532,10.4615,-18.0733,-13.9780,11.7198,-5.1273
969,1044162485376,97711.628,104.364,HOLD_AFTER_TAKEOFF,1,1,1,1,14,0,-14.6532,10.4615,-18.0733,-13.9776,11.7130,-5.1265
970,1044261307616,97810.451,98.822,HOLD_AFTER_TAKEOFF,1,1,1,1,14,0,-14.6532,10.4615,-18.0733,-13.9780,11.7040,-5.1256
971,1044362737664,97911.881,101.430,HOLD_AFTER_TAKEOFF,1,1,1,1,14,0,-14.6532,10.4615,-18.0733,-13.9784,11.6950,-5.1242
972,1044462394432,98011.537,99.657,HOLD_AFTER_TAKEOFF,1,1,1,1,14,0,-14.6532,10.4615,-18.0733,-13.9775,11.6872,-5.1233
973,1044558120736,98107.264,95.726,HOLD_AFTER_TAKEOFF,1,1,1,1,14,0,-14.6532,10.4615,-18.0733,-13.9760,11.6810,-5.1217
974,1044658514880,98207.658,100.394,HOLD_AFTER_TAKEOFF,1,1,1,1,14,0,-14.6532,10.4615,-18.0733,-13.9755,11.6660,-5.1210
975,1044762259040,98311.402,103.744,HOLD_AFTER_TAKEOFF,1,1,1,1,14,0,-14.6532,10.4615,-18.0733,-13.9755,11.6660,-5.1210
976,1044858790112,98407.933,96.531,HOLD_AFTER_TAKEOFF,1,1,1,1,14,0,-14.6532,10.4615,-18.0733,-13.9751,11.6506,-5.1186
977,1044957257792,98506.401,98.468,HOLD_AFTER_TAKEOFF,1,1,1,1,14,0,-14.6532,10.4615,-18.0733,-13.9748,11.6471,-5.1187
978,1045057776800,98606.920,100.519,HOLD_AFTER_TAKEOFF,1,1,1,1,14,0,-14.6532,10.4615,-18.0733,-13.9746,11.6392,-5.1185
979,1045158873440,98708.016,101.097,HOLD_AFTER_TAKEOFF,1,1,1,1,14,0,-14.6532,10.4615,-18.0733,-13.9744,11.6314,-5.1176
980,1045258081088,98807.224,99.208,HOLD_AFTER_TAKEOFF,1,1,1,1,14,0,-14.6532,10.4615,-18.0733,-13.9746,11.6243,-5.1171
981,1045358414400,98907.557,100.333,HOLD_AFTER_TAKEOFF,1,1,1,1,14,0,-14.6532,10.4615,-18.0733,-13.9756,11.6172,-5.1176
982,1045459611072,99008.754,101.197,HOLD_AFTER_TAKEOFF,1,1,1,1,14,0,-14.6532,10.4615,-18.0733,-13.9752,11.6095,-5.1171
983,1045558319520,99107.462,98.708,HOLD_AFTER_TAKEOFF,1,1,1,1,14,0,-14.6532,10.4615,-18.0733,-13.9740,11.6035,-5.1155
984,1045658216672,99207.360,99.897,HOLD_AFTER_TAKEOFF,1,1,1,1,14,0,-14.6532,10.4615,-18.0733,-13.9727,11.5988,-5.1141
985,1045762116864,99311.260,103.900,HOLD_AFTER_TAKEOFF,1,1,1,1,14,0,-14.6532,10.4615,-18.0733,-13.9711,11.5954,-5.1130
986,1045858519872,99407.663,96.403,HOLD_AFTER_TAKEOFF,1,1,1,1,14,0,-14.6532,10.4615,-18.0733,-13.9698,11.5918,-5.1129
987,1045957317088,99506.460,98.797,HOLD_AFTER_TAKEOFF,1,1,1,1,14,0,-14.6532,10.4615,-18.0733,-13.9689,11.5877,-5.1134
988,1046061917888,99611.061,104.601,HOLD_AFTER_TAKEOFF,1,1,1,1,14,0,-14.6532,10.4615,-18.0733,-13.9688,11.5838,-5.1148
989,1046160430144,99709.573,98.512,HOLD_AFTER_TAKEOFF,1,1,1,1,14,0,-14.6532,10.4615,-18.0733,-13.9693,11.5803,-5.1167
990,1046266343648,99815.487,105.914,HOLD_AFTER_TAKEOFF,1,1,1,1,14,0,-14.6532,10.4615,-18.0733,-13.9678,11.5763,-5.1198
991,1046359799680,99908.943,93.456,HOLD_AFTER_TAKEOFF,1,1,1,1,14,0,-14.6532,10.4615,-18.0733,-13.9649,11.5726,-5.1228
992,1046462276896,100011.420,102.477,HOLD_AFTER_TAKEOFF,1,1,1,1,14,0,-14.6532,10.4615,-18.0733,-13.9640,11.5688,-5.1249
993,1046562369344,100111.512,100.092,HOLD_AFTER_TAKEOFF,1,1,1,1,14,0,-14.6532,10.4615,-18.0733,-13.9642,11.5650,-5.1262
994,1046663385184,100212.528,101.016,HOLD_AFTER_TAKEOFF,1,1,1,1,14,0,-14.6532,10.4615,-18.0733,-13.9641,11.5606,-5.1311
995,1046759100960,100308.244,95.716,HOLD_AFTER_TAKEOFF,1,1,1,1,14,0,-14.6532,10.4615,-18.0733,-13.9635,11.5569,-5.1354
996,1046859132832,100408.276,100.032,HOLD_AFTER_TAKEOFF,1,1,1,1,14,0,-14.6532,10.4615,-18.0733,-13.9630,11.5536,-5.1395
997,1046962678912,100511.822,103.546,HOLD_AFTER_TAKEOFF,1,1,1,1,14,0,-14.6532,10.4615,-18.0733,-13.9624,11.5506,-5.1431
998,1047058897216,100608.040,96.218,HOLD_AFTER_TAKEOFF,1,1,1,1,14,0,-14.6532,10.4615,-18.0733,-13.9620,11.5479,-5.1474
999,1047158569408,100707.712,99.672,HOLD_AFTER_TAKEOFF,1,1,1,1,14,0,-14.6532,10.4615,-18.0733,-13.9618,11.5455,-5.1511
1000,1047258101344,100807.244,99.532,HOLD_AFTER_TAKEOFF,1,1,1,1,14,0,-14.6532,10.4615,-18.0733,-13.9615,11.5428,-5.1546
1001,1047362896384,100912.039,104.795,HOLD_AFTER_TAKEOFF,1,1,1,1,14,0,-14.6532,10.4615,-18.0733,-13.9611,11.5404,-5.1563
1002,1047459159616,101008.303,96.263,HOLD_AFTER_TAKEOFF,1,1,1,1,14,0,-14.6532,10.4615,-18.0733,-13.9613,11.5380,-5.1571
1003,1047557861536,101107.004,98.702,HOLD_AFTER_TAKEOFF,1,1,1,1,14,0,-14.6532,10.4615,-18.0733,-13.9616,11.5360,-5.1577
1004,1047659964928,101209.108,102.103,HOLD_AFTER_TAKEOFF,1,1,1,1,14,0,-14.6532,10.4615,-18.0733,-13.9619,11.5333,-5.1587
1005,1047758941536,101308.084,98.977,HOLD_AFTER_TAKEOFF,1,1,1,1,14,0,-14.6532,10.4615,-18.0733,-13.9620,11.5304,-5.1589
1006,1047862006528,101411.149,103.065,HOLD_AFTER_TAKEOFF,1,1,1,1,14,0,-14.6532,10.4615,-18.0733,-13.9615,11.5286,-5.1590
1007,1047957916224,101507.059,95.910,HOLD_AFTER_TAKEOFF,1,1,1,1,14,0,-14.6532,10.4615,-18.0733,-13.9596,11.5274,-5.1602
1008,1048058033984,101607.177,100.118,HOLD_AFTER_TAKEOFF,1,1,1,1,14,0,-14.6532,10.4615,-18.0733,-13.9592,11.5273,-5.1621
1009,1048157869568,101707.012,99.836,HOLD_AFTER_TAKEOFF,1,1,1,1,14,0,-14.6532,10.4615,-18.0733,-13.9581,11.5276,-5.1656
1010,1048261690400,101810.833,103.821,HOLD_AFTER_TAKEOFF,1,1,1,1,14,0,-14.6532,10.4615,-18.0733,-13.9574,11.5270,-5.1688
1011,1048362328480,101911.471,100.638,HOLD_AFTER_TAKEOFF,1,1,1,1,14,0,-14.6532,10.4615,-18.0733,-13.9576,11.5241,-5.1727
1012,1048458700896,102007.844,96.372,HOLD_AFTER_TAKEOFF,1,1,1,1,14,0,-14.6532,10.4615,-18.0733,-13.9574,11.5220,-5.1757
1013,1048559142112,102108.285,100.441,HOLD_AFTER_TAKEOFF,1,1,1,1,14,0,-14.6532,10.4615,-18.0733,-13.9566,11.5202,-5.1787
1014,1048658059008,102207.202,98.917,HOLD_AFTER_TAKEOFF,1,1,1,1,14,0,-14.6532,10.4615,-18.0733,-13.9560,11.5187,-5.1825
1015,1048757608832,102306.752,99.550,HOLD_AFTER_TAKEOFF,1,1,1,1,14,0,-14.6532,10.4615,-18.0733,-13.9556,11.5171,-5.1866
1016,1048861274720,102410.418,103.666,HOLD_AFTER_TAKEOFF,1,1,1,1,14,0,-14.6532,10.4615,-18.0733,-13.9556,11.5157,-5.1911
1017,1048960928864,102510.072,99.654,HOLD_AFTER_TAKEOFF,1,1,1,1,14,0,-14.6532,10.4615,-18.0733,-13.9557,11.5148,-5.1957
1018,1049062622656,102611.766,101.694,HOLD_AFTER_TAKEOFF,1,1,1,1,14,0,-14.6532,10.4615,-18.0733,-13.9554,11.5149,-5.2015
1019,1049157585856,102706.729,94.963,HOLD_AFTER_TAKEOFF,1,1,1,1,14,0,-14.6532,10.4615,-18.0733,-13.9547,11.5160,-5.2057
1020,1049257259104,102806.402,99.673,HOLD_AFTER_TAKEOFF,1,1,1,1,14,0,-14.6532,10.4615,-18.0733,-13.9558,11.5151,-5.2104
1021,1049361807552,102910.950,104.548,HOLD_AFTER_TAKEOFF,1,1,1,1,14,0,-14.6532,10.4615,-18.0733,-13.9573,11.5138,-5.2142
1022,1049458749632,103007.893,96.942,HOLD_AFTER_TAKEOFF,1,1,1,1,14,0,-14.6532,10.4615,-18.0733,-13.9585,11.5141,-5.2180
1023,1049559690272,103108.833,100.941,HOLD_AFTER_TAKEOFF,1,1,1,1,14,0,-14.6532,10.4615,-18.0733,-13.9592,11.5154,-5.2212
1024,1049661695136,103210.838,102.005,HOLD_AFTER_TAKEOFF,1,1,1,1,14,0,-14.6532,10.4615,-18.0733,-13.9592,11.5147,-5.2254
1025,1049761705984,103310.849,100.011,HOLD_AFTER_TAKEOFF,1,1,1,1,14,0,-14.6532,10.4615,-18.0733,-13.9587,11.5128,-5.2299
1026,1049858155680,103407.299,96.450,HOLD_AFTER_TAKEOFF,1,1,1,1,14,0,-14.6532,10.4615,-18.0733,-13.9586,11.5129,-5.2325
1027,1049961132768,103510.276,102.977,HOLD_AFTER_TAKEOFF,1,1,1,1,14,0,-14.6532,10.4615,-18.0733,-13.9587,11.5146,-5.2340
1028,1050058775008,103607.918,97.642,HOLD_AFTER_TAKEOFF,1,1,1,1,14,0,-14.6532,10.4615,-18.0733,-13.9584,11.5155,-5.2352
1029,1050161289184,103710.432,102.514,HOLD_AFTER_TAKEOFF,1,1,1,1,14,0,-14.6532,10.4615,-18.0733,-13.9577,11.5157,-5.2357
1030,1050259729152,103808.872,98.440,HOLD_AFTER_TAKEOFF,1,1,1,1,14,0,-14.6532,10.4615,-18.0733,-13.9582,11.5156,-5.2362
1031,1050357455232,103906.598,97.726,HOLD_AFTER_TAKEOFF,1,1,1,1,14,0,-14.6532,10.4615,-18.0733,-13.9595,11.5154,-5.2365
1032,1050458253056,104007.396,100.798,HOLD_AFTER_TAKEOFF,1,1,1,1,14,0,-14.6532,10.4615,-18.0733,-13.9599,11.5149,-5.2365
1033,1050558980768,104108.124,100.728,HOLD_AFTER_TAKEOFF,1,1,1,1,14,0,-14.6532,10.4615,-18.0733,-13.9597,11.5143,-5.2360
1034,1050659649408,104208.792,100.669,HOLD_AFTER_TAKEOFF,1,1,1,1,14,0,-14.6532,10.4615,-18.0733,-13.9597,11.5140,-5.2361
1035,1050758497376,104307.640,98.848,HOLD_AFTER_TAKEOFF,1,1,1,1,14,0,-14.6532,10.4615,-18.0733,-13.9601,11.5138,-5.2377
1036,1050868228864,104417.372,109.731,HOLD_AFTER_TAKEOFF,1,1,1,1,14,0,-14.6532,10.4615,-18.0733,-13.9613,11.5141,-5.2415
1037,1050959259584,104508.402,91.031,HOLD_AFTER_TAKEOFF,1,1,1,1,14,0,-14.6532,10.4615,-18.0733,-13.9625,11.5146,-5.2446
1038,1051061372768,104610.516,102.113,HOLD_AFTER_TAKEOFF,1,1,1,1,14,0,-14.6532,10.4615,-18.0733,-13.9638,11.5134,-5.2458
1039,1051161303296,104710.446,99.931,HOLD_AFTER_TAKEOFF,1,1,1,1,14,0,-14.6532,10.4615,-18.0733,-13.9648,11.5116,-5.2470
1040,1051259738496,104808.881,98.435,HOLD_AFTER_TAKEOFF,1,1,1,1,14,0,-14.6532,10.4615,-18.0733,-13.9655,11.5104,-5.2484
1041,1051361197248,104910.340,101.459,HOLD_AFTER_TAKEOFF,1,1,1,1,14,0,-14.6532,10.4615,-18.0733,-13.9658,11.5097,-5.2502
1042,1051457251840,105006.395,96.055,HOLD_AFTER_TAKEOFF,1,1,1,1,14,0,-14.6532,10.4615,-18.0733,-13.9664,11.5098,-5.2525
1043,1051557836928,105106.980,100.585,HOLD_AFTER_TAKEOFF,1,1,1,1,14,0,-14.6532,10.4615,-18.0733,-13.9668,11.5105,-5.2551
1044,1051657002976,105206.146,99.166,HOLD_AFTER_TAKEOFF,1,1,1,1,14,0,-14.6532,10.4615,-18.0733,-13.9683,11.5101,-5.2598
1045,1051757395968,105306.539,100.393,HOLD_AFTER_TAKEOFF,1,1,1,1,14,0,-14.6532,10.4615,-18.0733,-13.9700,11.5094,-5.2647
1046,1051861427872,105410.571,104.032,HOLD_AFTER_TAKEOFF,1,1,1,1,14,0,-14.6532,10.4615,-18.0733,-13.9710,11.5097,-5.2708
1047,1051958631520,105507.774,97.204,HOLD_AFTER_TAKEOFF,1,1,1,1,14,0,-14.6532,10.4615,-18.0733,-13.9714,11.5106,-5.2752
1048,1052070442560,105619.585,111.811,HOLD_AFTER_TAKEOFF,1,1,1,1,14,0,-14.6532,10.4615,-18.0733,-13.9722,11.5111,-5.2801
1049,1052158848160,105707.991,88.406,HOLD_AFTER_TAKEOFF,1,1,1,1,14,0,-14.6532,10.4615,-18.0733,-13.9728,11.5115,-5.2842
1050,1052257482848,105806.626,98.635,HOLD_AFTER_TAKEOFF,1,1,1,1,14,0,-14.6532,10.4615,-18.0733,-13.9743,11.5121,-5.2886
1051,1052357425088,105906.568,99.942,HOLD_AFTER_TAKEOFF,1,1,1,1,14,0,-14.6532,10.4615,-18.0733,-13.9758,11.5131,-5.2916
1052,1052459749344,106008.892,102.324,HOLD_AFTER_TAKEOFF,1,1,1,1,14,0,-14.6532,10.4615,-18.0733,-13.9780,11.5143,-5.2948
1053,1052562371520,106111.514,102.622,HOLD_AFTER_TAKEOFF,1,1,1,1,14,0,-14.6532,10.4615,-18.0733,-13.9796,11.5156,-5.2978
1054,1052657366816,106206.510,94.995,HOLD_AFTER_TAKEOFF,1,1,1,1,14,0,-14.6532,10.4615,-18.0733,-13.9821,11.5168,-5.3021
1055,1052763068896,106312.212,105.702,HOLD_AFTER_TAKEOFF,1,1,1,1,14,0,-14.6532,10.4615,-18.0733,-13.9843,11.5179,-5.3062
1056,1052858439328,106407.582,95.370,HOLD_AFTER_TAKEOFF,1,1,1,1,14,0,-14.6532,10.4615,-18.0733,-13.9866,11.5202,-5.3094
1057,1052958235296,106507.378,99.796,HOLD_AFTER_TAKEOFF,1,1,1,1,14,0,-14.6532,10.4615,-18.0733,-13.9888,11.5234,-5.3109
1058,1053061886496,106611.029,103.651,HOLD_AFTER_TAKEOFF,1,1,1,1,14,0,-14.6532,10.4615,-18.0733,-13.9907,11.5254,-5.3119
1059,1053158313024,106707.456,96.427,HOLD_AFTER_TAKEOFF,1,1,1,1,14,0,-14.6532,10.4615,-18.0733,-13.9919,11.5269,-5.3119
1060,1053260397824,106809.541,102.085,HOLD_AFTER_TAKEOFF,1,1,1,1,14,0,-14.6532,10.4615,-18.0733,-13.9934,11.5279,-5.3136
1061,1053361396960,106910.540,100.999,HOLD_AFTER_TAKEOFF,1,1,1,1,14,0,-14.6532,10.4615,-18.0733,-13.9954,11.5282,-5.3183
1062,1053459896128,107009.039,98.499,HOLD_AFTER_TAKEOFF,1,1,1,1,14,0,-14.6532,10.4615,-18.0733,-13.9977,11.5290,-5.3231
1063,1053563932224,107113.075,104.036,HOLD_AFTER_TAKEOFF,1,1,1,1,14,0,-14.6532,10.4615,-18.0733,-14.0004,11.5304,-5.3277
1064,1053659541056,107208.684,95.609,HOLD_AFTER_TAKEOFF,1,1,1,1,14,0,-14.6532,10.4615,-18.0733,-14.0041,11.5292,-5.3324
1065,1053760584480,107309.727,101.043,HOLD_AFTER_TAKEOFF,1,1,1,1,14,0,-14.6532,10.4615,-18.0733,-14.0079,11.5272,-5.3371
1066,1053860934144,107410.077,100.350,HOLD_AFTER_TAKEOFF,1,1,1,1,14,0,-14.6532,10.4615,-18.0733,-14.0105,11.5259,-5.3413
1067,1053960297600,107509.441,99.363,HOLD_AFTER_TAKEOFF,1,1,1,1,14,0,-14.6532,10.4615,-18.0733,-14.0120,11.5254,-5.3449
1068,1054062502304,107611.645,102.205,HOLD_AFTER_TAKEOFF,1,1,1,1,14,0,-14.6532,10.4615,-18.0733,-14.0144,11.5244,-5.3492
1069,1054157306976,107706.450,94.805,HOLD_AFTER_TAKEOFF,1,1,1,1,14,0,-14.6532,10.4615,-18.0733,-14.0166,11.5234,-5.3529
1070,1054257535328,107806.678,100.228,HOLD_AFTER_TAKEOFF,1,1,1,1,14,0,-14.6532,10.4615,-18.0733,-14.0189,11.5232,-5.3559
1071,1054361715232,107910.858,104.180,HOLD_AFTER_TAKEOFF,1,1,1,1,14,0,-14.6532,10.4615,-18.0733,-14.0207,11.5237,-5.3582
1072,1054462116416,108011.259,100.401,HOLD_AFTER_TAKEOFF,1,1,1,1,14,0,-14.6532,10.4615,-18.0733,-14.0232,11.5225,-5.3612
1073,1054560554048,108109.697,98.438,HOLD_AFTER_TAKEOFF,1,1,1,1,14,0,-14.6532,10.4615,-18.0733,-14.0249,11.5217,-5.3639
1074,1054660521408,108209.664,99.967,HOLD_AFTER_TAKEOFF,1,1,1,1,14,0,-14.6532,10.4615,-18.0733,-14.0269,11.5209,-5.3679
1075,1054758849728,108307.993,98.328,HOLD_AFTER_TAKEOFF,1,1,1,1,14,0,-14.6532,10.4615,-18.0733,-14.0282,11.5205,-5.3712
1076,1054865588896,108414.732,106.739,HOLD_AFTER_TAKEOFF,1,1,1,1,14,0,-14.6532,10.4615,-18.0733,-14.0309,11.5201,-5.3745
1077,1054957925504,108507.068,92.337,HOLD_AFTER_TAKEOFF,1,1,1,1,14,0,-14.6532,10.4615,-18.0733,-14.0335,11.5199,-5.3764
1078,1055062655744,108611.799,104.730,HOLD_AFTER_TAKEOFF,1,1,1,1,14,0,-14.6532,10.4615,-18.0733,-14.0368,11.5196,-5.3794
1079,1055159227680,108708.371,96.572,HOLD_AFTER_TAKEOFF,1,1,1,1,14,0,-14.6532,10.4615,-18.0733,-14.0398,11.5195,-5.3827
1080,1055258647008,108807.790,99.419,HOLD_AFTER_TAKEOFF,1,1,1,1,14,0,-14.6532,10.4615,-18.0733,-14.0430,11.5181,-5.3871
1081,1055362496992,108911.640,103.850,HOLD_AFTER_TAKEOFF,1,1,1,1,14,0,-14.6532,10.4615,-18.0733,-14.0451,11.5168,-5.3899
1082,1055459186368,109008.329,96.689,HOLD_AFTER_TAKEOFF,1,1,1,1,14,0,-14.6532,10.4615,-18.0733,-14.0482,11.5170,-5.3929
1083,1055562580224,109111.723,103.394,HOLD_AFTER_TAKEOFF,1,1,1,1,14,0,-14.6532,10.4615,-18.0733,-14.0507,11.5180,-5.3949
1084,1055659619520,109208.762,97.039,HOLD_AFTER_TAKEOFF,1,1,1,1,14,0,-14.6532,10.4615,-18.0733,-14.0550,11.5187,-5.3958
1085,1055764103392,109313.246,104.484,HOLD_AFTER_TAKEOFF,1,1,1,1,14,0,-14.6532,10.4615,-18.0733,-14.0588,11.5195,-5.3961
1086,1055860872832,109410.016,96.769,HOLD_AFTER_TAKEOFF,1,1,1,1,14,0,-14.6532,10.4615,-18.0733,-14.0616,11.5196,-5.3967
1087,1055962979616,109512.123,102.107,VIRTUAL_FORWARD,1,1,1,1,14,0,-11.5540,14.3852,-18.0733,-14.0633,11.5195,-5.3961
1088,1056059122272,109608.265,96.143,VIRTUAL_FORWARD,1,1,1,1,14,0,-11.5540,14.3852,-18.0733,-14.0663,11.5197,-5.3956
1089,1056162586432,109711.729,103.464,VIRTUAL_FORWARD,1,1,1,1,14,0,-11.5540,14.3852,-18.0733,-14.0701,11.5200,-5.3955
1090,1056259200896,109808.344,96.614,VIRTUAL_FORWARD,1,1,1,1,14,0,-11.5540,14.3852,-18.0733,-14.0733,11.5216,-5.3936
1091,1056361822272,109910.965,102.621,VIRTUAL_FORWARD,1,1,1,1,14,0,-11.5540,14.3852,-18.0733,-14.0751,11.5235,-5.3903
1092,1056462122848,110011.266,100.301,VIRTUAL_FORWARD,1,1,1,1,14,0,-11.5540,14.3852,-18.0733,-14.0790,11.5260,-5.3876
1093,1056562345376,110111.488,100.223,VIRTUAL_FORWARD,1,1,1,1,14,0,-11.5540,14.3852,-18.0733,-14.0826,11.5286,-5.3855
1094,1056662085856,110211.229,99.740,VIRTUAL_FORWARD,1,1,1,1,14,0,-11.5540,14.3852,-18.0733,-14.0870,11.5295,-5.3852
1095,1056761682048,110310.825,99.596,VIRTUAL_FORWARD,1,1,1,1,14,0,-11.5540,14.3852,-18.0733,-14.0906,11.5300,-5.3855
1096,1056862350688,110411.494,100.669,VIRTUAL_FORWARD,1,1,1,1,14,0,-11.5540,14.3852,-18.0733,-14.0955,11.5318,-5.3869
1097,1056957159936,110506.303,94.809,VIRTUAL_FORWARD,1,1,1,1,14,0,-11.5540,14.3852,-18.0733,-14.0996,11.5339,-5.3880
1098,1057062462144,110611.605,105.302,VIRTUAL_FORWARD,1,1,1,1,14,0,-11.5540,14.3852,-18.0733,-14.1046,11.5356,-5.3873
1099,1057157946848,110707.090,95.485,VIRTUAL_FORWARD,1,1,1,1,14,0,-11.5540,14.3852,-18.0733,-14.1078,11.5370,-5.3851
1100,1057258063168,110807.206,100.116,VIRTUAL_FORWARD,1,1,1,1,14,0,-11.5540,14.3852,-18.0733,-14.1112,11.5382,-5.3834
1101,1057359344352,110908.487,101.281,VIRTUAL_FORWARD,1,1,1,1,14,0,-11.5540,14.3852,-18.0733,-14.1145,11.5393,-5.3814
1102,1057457064736,111006.208,97.720,VIRTUAL_FORWARD,1,1,1,1,14,0,-11.5540,14.3852,-18.0733,-14.1194,11.5394,-5.3802
1103,1057557321440,111106.464,100.257,VIRTUAL_FORWARD,1,1,1,1,14,0,-11.5540,14.3852,-18.0733,-14.1235,11.5395,-5.3783
1104,1057661927328,111211.070,104.606,VIRTUAL_FORWARD,1,1,1,1,14,0,-11.5540,14.3852,-18.0733,-14.1287,11.5397,-5.3774
1105,1057771331808,111320.475,109.404,VIRTUAL_FORWARD,1,1,1,1,14,0,-11.5540,14.3852,-18.0733,-14.1329,11.5401,-5.3758
1106,1057857562720,111406.706,86.231,VIRTUAL_FORWARD,1,1,1,1,14,0,-11.5540,14.3852,-18.0733,-14.1385,11.5415,-5.3754
1107,1057957815008,111506.958,100.252,VIRTUAL_FORWARD,1,1,1,1,14,0,-11.5540,14.3852,-18.0733,-14.1436,11.5433,-5.3757
1108,1058057214368,111606.357,99.399,VIRTUAL_FORWARD,1,1,1,1,14,0,-11.5540,14.3852,-18.0733,-14.1498,11.5450,-5.3766
1109,1058161432768,111710.576,104.218,VIRTUAL_FORWARD,1,1,1,1,14,0,-11.5540,14.3852,-18.0733,-14.1498,11.5450,-5.3766
1110,1058257668704,111806.812,96.236,VIRTUAL_FORWARD,1,1,1,1,14,0,-11.5540,14.3852,-18.0733,-14.1607,11.5497,-5.3797
1111,1058360754368,111909.897,103.086,VIRTUAL_FORWARD,1,1,1,1,14,0,-11.5540,14.3852,-18.0733,-14.1627,11.5512,-5.3799
1112,1058459903264,112009.046,99.149,VIRTUAL_FORWARD,1,1,1,1,14,0,-11.5540,14.3852,-18.0733,-14.1676,11.5540,-5.3799
1113,1058561853248,112110.996,101.950,VIRTUAL_FORWARD,1,1,1,1,14,0,-11.5540,14.3852,-18.0733,-14.1719,11.5567,-5.3791
1114,1058657710080,112206.853,95.857,VIRTUAL_FORWARD,1,1,1,1,14,0,-11.5540,14.3852,-18.0733,-14.1791,11.5582,-5.3791
1115,1058757985920,112307.129,100.276,VIRTUAL_FORWARD,1,1,1,1,14,0,-11.5540,14.3852,-18.0733,-14.1858,11.5592,-5.3788
1116,1058860594720,112409.738,102.609,VIRTUAL_FORWARD,1,1,1,1,14,0,-11.5540,14.3852,-18.0733,-14.1939,11.5622,-5.3781
1117,1058960504800,112509.648,99.910,VIRTUAL_FORWARD,1,1,1,1,14,0,-11.5540,14.3852,-18.0733,-14.2007,11.5655,-5.3772
1118,1059059476288,112608.619,98.971,VIRTUAL_FORWARD,1,1,1,1,14,0,-11.5540,14.3852,-18.0733,-14.2086,11.5702,-5.3767
1119,1059162449184,112711.592,102.973,VIRTUAL_FORWARD,1,1,1,1,14,0,-11.5540,14.3852,-18.0733,-14.2149,11.5748,-5.3753
1120,1059261587648,112810.731,99.138,VIRTUAL_FORWARD,1,1,1,1,14,0,-11.5540,14.3852,-18.0733,-14.2221,11.5783,-5.3750
1121,1059361507200,112910.650,99.920,VIRTUAL_FORWARD,1,1,1,1,14,0,-11.5540,14.3852,-18.0733,-14.2281,11.5811,-5.3730
1122,1059461642624,113010.786,100.135,VIRTUAL_FORWARD,1,1,1,1,14,0,-11.5540,14.3852,-18.0733,-14.2354,11.5852,-5.3712
1123,1059559899744,113109.043,98.257,VIRTUAL_FORWARD,1,1,1,1,14,0,-11.5540,14.3852,-18.0733,-14.2415,11.5894,-5.3696
1124,1059661917824,113211.061,102.018,VIRTUAL_FORWARD,1,1,1,1,14,0,-11.5540,14.3852,-18.0733,-14.2482,11.5939,-5.3681
1125,1059758620128,113307.763,96.702,VIRTUAL_FORWARD,1,1,1,1,14,0,-11.5540,14.3852,-18.0733,-14.2532,11.5980,-5.3661
1126,1059862946624,113412.090,104.326,VIRTUAL_FORWARD,1,1,1,1,14,0,-11.5540,14.3852,-18.0733,-14.2601,11.6038,-5.3658
1127,1059961639808,113510.783,98.693,VIRTUAL_FORWARD,1,1,1,1,14,0,-11.5540,14.3852,-18.0733,-14.2652,11.6087,-5.3654
1128,1060057018048,113606.161,95.378,VIRTUAL_FORWARD,1,1,1,1,14,0,-11.5540,14.3852,-18.0733,-14.2728,11.6145,-5.3669
1129,1060160405760,113709.549,103.388,VIRTUAL_FORWARD,1,1,1,1,14,0,-11.5540,14.3852,-18.0733,-14.2791,11.6197,-5.3686
1130,1060259368256,113808.511,98.962,VIRTUAL_FORWARD,1,1,1,1,14,0,-11.5540,14.3852,-18.0733,-14.2863,11.6240,-5.3714
1131,1060357629216,113906.772,98.261,VIRTUAL_FORWARD,1,1,1,1,14,0,-11.5540,14.3852,-18.0733,-14.2918,11.6276,-5.3736
1132,1060461867296,114011.010,104.238,VIRTUAL_FORWARD,1,1,1,1,14,0,-11.5540,14.3852,-18.0733,-14.2971,11.6317,-5.3753
1133,1060562496832,114111.640,100.630,VIRTUAL_FORWARD,1,1,1,1,14,0,-11.5540,14.3852,-18.0733,-14.3010,11.6354,-5.3766
1134,1060659326752,114208.470,96.830,VIRTUAL_FORWARD,1,1,1,1,14,0,-11.5540,14.3852,-18.0733,-14.3060,11.6395,-5.3785
1135,1060766297664,114315.441,106.971,VIRTUAL_FORWARD,1,1,1,1,14,0,-11.5540,14.3852,-18.0733,-14.3105,11.6437,-5.3800
1136,1060865130688,114414.274,98.833,VIRTUAL_FORWARD,1,1,1,1,14,0,-11.5540,14.3852,-18.0733,-14.3154,11.6483,-5.3815
1137,1060959589152,114508.732,94.458,VIRTUAL_FORWARD,1,1,1,1,14,0,-11.5540,14.3852,-18.0733,-14.3194,11.6528,-5.3826
1138,1061058107872,114607.251,98.519,VIRTUAL_FORWARD,1,1,1,1,14,0,-11.5540,14.3852,-18.0733,-14.3262,11.6587,-5.3845
1139,1061159459264,114708.602,101.351,VIRTUAL_FORWARD,1,1,1,1,14,0,-11.5540,14.3852,-18.0733,-14.3318,11.6642,-5.3854
1140,1061261902112,114811.045,102.443,VIRTUAL_FORWARD,1,1,1,1,14,0,-11.5540,14.3852,-18.0733,-14.3379,11.6692,-5.3859
1141,1061357837184,114906.980,95.935,VIRTUAL_FORWARD,1,1,1,1,14,0,-11.5540,14.3852,-18.0733,-14.3428,11.6737,-5.3863
1142,1061464063776,115013.207,106.227,VIRTUAL_FORWARD,1,1,1,1,14,0,-11.5540,14.3852,-18.0733,-14.3484,11.6784,-5.3871
1143,1061562442944,115111.586,98.379,VIRTUAL_FORWARD,1,1,1,1,14,0,-11.5540,14.3852,-18.0733,-14.3530,11.6830,-5.3877
1144,1061657435008,115206.578,94.992,VIRTUAL_FORWARD,1,1,1,1,14,0,-11.5540,14.3852,-18.0733,-14.3585,11.6878,-5.3900
1145,1061759554048,115308.697,102.119,VIRTUAL_FORWARD,1,1,1,1,14,0,-11.5540,14.3852,-18.0733,-14.3632,11.6923,-5.3915
1146,1061861492512,115410.635,101.938,VIRTUAL_FORWARD,1,1,1,1,14,0,-11.5540,14.3852,-18.0733,-14.3689,11.6963,-5.3937
1147,1061957527424,115506.670,96.035,VIRTUAL_FORWARD,1,1,1,1,14,0,-11.5540,14.3852,-18.0733,-14.3736,11.6998,-5.3962
1148,1062058925856,115608.069,101.398,VIRTUAL_FORWARD,1,1,1,1,14,0,-11.5540,14.3852,-18.0733,-14.3790,11.7041,-5.3984
1149,1062159334080,115708.477,100.408,VIRTUAL_FORWARD,1,1,1,1,14,0,-11.5540,14.3852,-18.0733,-14.3832,11.7081,-5.4000
1150,1062259860992,115809.004,100.527,VIRTUAL_FORWARD,1,1,1,1,14,0,-11.5540,14.3852,-18.0733,-14.3892,11.7121,-5.4008
1151,1062359118880,115908.262,99.258,VIRTUAL_FORWARD,1,1,1,1,14,0,-11.5540,14.3852,-18.0733,-14.3939,11.7157,-5.4009
1152,1062462956384,116012.099,103.838,VIRTUAL_FORWARD,1,1,1,1,14,0,-11.5540,14.3852,-18.0733,-14.3987,11.7195,-5.4014
1153,1062558560448,116107.703,95.604,VIRTUAL_FORWARD,1,1,1,1,14,0,-11.5540,14.3852,-18.0733,-14.4030,11.7234,-5.4011
1154,1062658740288,116207.883,100.180,VIRTUAL_FORWARD,1,1,1,1,14,0,-11.5540,14.3852,-18.0733,-14.4084,11.7267,-5.4018
1155,1062758912704,116308.056,100.172,VIRTUAL_FORWARD,1,1,1,1,14,0,-11.5540,14.3852,-18.0733,-14.4131,11.7297,-5.4021
1156,1062862981728,116412.125,104.069,VIRTUAL_FORWARD,1,1,1,1,14,0,-11.5540,14.3852,-18.0733,-14.4183,11.7320,-5.4011
1157,1062959225024,116508.368,96.243,VIRTUAL_FORWARD,1,1,1,1,14,0,-11.5540,14.3852,-18.0733,-14.4225,11.7339,-5.3992
1158,1063057470496,116606.613,98.245,VIRTUAL_FORWARD,1,1,1,1,14,0,-11.5540,14.3852,-18.0733,-14.4280,11.7361,-5.3979
1159,1063157909888,116707.053,100.439,VIRTUAL_FORWARD,1,1,1,1,14,0,-11.5540,14.3852,-18.0733,-14.4326,11.7382,-5.3961
1160,1063261492288,116810.635,103.582,VIRTUAL_FORWARD,1,1,1,1,14,0,-11.5540,14.3852,-18.0733,-14.4369,11.7398,-5.3949
1161,1063362082688,116911.226,100.590,VIRTUAL_FORWARD,1,1,1,1,14,0,-11.5540,14.3852,-18.0733,-14.4409,11.7410,-5.3930
1162,1063459891904,117009.035,97.809,VIRTUAL_FORWARD,1,1,1,1,14,0,-11.5540,14.3852,-18.0733,-14.4463,11.7440,-5.3908
1163,1063558341440,117107.484,98.450,VIRTUAL_FORWARD,1,1,1,1,14,0,-11.5540,14.3852,-18.0733,-14.4510,11.7475,-5.3889
1164,1063663303968,117212.447,104.963,VIRTUAL_FORWARD,1,1,1,1,14,0,-11.5540,14.3852,-18.0733,-14.4565,11.7498,-5.3872
1165,1063761945920,117311.089,98.642,VIRTUAL_FORWARD,1,1,1,1,14,0,-11.5540,14.3852,-18.0733,-14.4611,11.7516,-5.3851
1166,1063858420032,117407.563,96.474,VIRTUAL_FORWARD,1,1,1,1,14,0,-11.5540,14.3852,-18.0733,-14.4666,11.7543,-5.3830
1167,1063960426368,117509.569,102.006,VIRTUAL_FORWARD,1,1,1,1,14,0,-11.5540,14.3852,-18.0733,-14.4717,11.7573,-5.3806
1168,1064059364864,117608.508,98.938,VIRTUAL_FORWARD,1,1,1,1,14,0,-11.5540,14.3852,-18.0733,-14.4773,11.7584,-5.3771
1169,1064159862432,117709.005,100.498,VIRTUAL_FORWARD,1,1,1,1,14,0,-11.5540,14.3852,-18.0733,-14.4817,11.7589,-5.3730
1170,1064264292416,117813.435,104.430,VIRTUAL_FORWARD,1,1,1,1,14,0,-11.5540,14.3852,-18.0733,-14.4880,11.7601,-5.3696
1171,1064367569504,117916.712,103.277,VIRTUAL_FORWARD,1,1,1,1,14,0,-11.5540,14.3852,-18.0733,-14.4938,11.7617,-5.3664
1172,1064460457824,118009.601,92.888,VIRTUAL_FORWARD,1,1,1,1,14,0,-11.5540,14.3852,-18.0733,-14.4992,11.7615,-5.3627
1173,1064561950944,118111.094,101.493,VIRTUAL_FORWARD,1,1,1,1,14,0,-11.5540,14.3852,-18.0733,-14.5030,11.7612,-5.3593
1174,1064658110368,118207.253,96.159,VIRTUAL_FORWARD,1,1,1,1,14,0,-11.5540,14.3852,-18.0733,-14.5077,11.7618,-5.3552
1175,1064760832032,118309.975,102.722,VIRTUAL_FORWARD,1,1,1,1,14,0,-11.5540,14.3852,-18.0733,-14.5116,11.7627,-5.3512
1176,1064861228096,118410.371,100.396,VIRTUAL_FORWARD,1,1,1,1,14,0,-11.5540,14.3852,-18.0733,-14.5161,11.7637,-5.3473
1177,1064961909440,118511.052,100.681,VIRTUAL_FORWARD,1,1,1,1,14,0,-11.5540,14.3852,-18.0733,-14.5193,11.7648,-5.3437
1178,1065061147648,118610.291,99.238,VIRTUAL_FORWARD,1,1,1,1,14,0,-11.5540,14.3852,-18.0733,-14.5239,11.7661,-5.3404
1179,1065159897728,118709.041,98.750,VIRTUAL_FORWARD,1,1,1,1,14,0,-11.5540,14.3852,-18.0733,-14.5287,11.7676,-5.3372
1180,1065258329184,118807.472,98.431,VIRTUAL_FORWARD,1,1,1,1,14,0,-11.5540,14.3852,-18.0733,-14.5345,11.7684,-5.3340
1181,1065362178240,118911.321,103.849,VIRTUAL_FORWARD,1,1,1,1,14,0,-11.5540,14.3852,-18.0733,-14.5403,11.7690,-5.3304
1182,1065458491680,119007.635,96.313,VIRTUAL_FORWARD,1,1,1,1,14,0,-11.5540,14.3852,-18.0733,-14.5453,11.7699,-5.3269
1183,1065562316224,119111.459,103.825,VIRTUAL_FORWARD,1,1,1,1,14,0,-11.5540,14.3852,-18.0733,-14.5488,11.7710,-5.3237
1184,1065659970944,119209.114,97.655,VIRTUAL_FORWARD,1,1,1,1,14,0,-11.5540,14.3852,-18.0733,-14.5545,11.7725,-5.3194
1185,1065758708576,119307.851,98.738,VIRTUAL_FORWARD,1,1,1,1,14,0,-11.5540,14.3852,-18.0733,-14.5602,11.7741,-5.3169
1186,1065861422240,119410.565,102.714,VIRTUAL_FORWARD,1,1,1,1,14,0,-11.5540,14.3852,-18.0733,-14.5652,11.7751,-5.3128
1187,1065958958016,119508.101,97.536,VIRTUAL_FORWARD,1,1,1,1,14,0,-11.5540,14.3852,-18.0733,-14.5691,11.7759,-5.3087
1188,1066059896864,119609.040,100.939,VIRTUAL_FORWARD,1,1,1,1,14,0,-11.5540,14.3852,-18.0733,-14.5733,11.7776,-5.3043
1189,1066161170528,119710.313,101.274,VIRTUAL_FORWARD,1,1,1,1,14,0,-11.5540,14.3852,-18.0733,-14.5764,11.7795,-5.2999
1190,1066259189888,119808.333,98.019,VIRTUAL_FORWARD,1,1,1,1,14,0,-11.5540,14.3852,-18.0733,-14.5802,11.7800,-5.2953
1191,1066363450144,119912.593,104.260,VIRTUAL_FORWARD,1,1,1,1,14,0,-11.5540,14.3852,-18.0733,-14.5838,11.7798,-5.2911
1192,1066458979040,120008.122,95.529,VIRTUAL_FORWARD,1,1,1,1,14,0,-11.5540,14.3852,-18.0733,-14.5884,11.7806,-5.2863
1193,1066562683872,120111.827,103.705,VIRTUAL_FORWARD,1,1,1,1,14,0,-11.5540,14.3852,-18.0733,-14.5921,11.7818,-5.2816
1194,1066661636032,120210.779,98.952,VIRTUAL_FORWARD,1,1,1,1,14,0,-11.5540,14.3852,-18.0733,-14.5961,11.7833,-5.2777
1195,1066757696160,120306.839,96.060,VIRTUAL_FORWARD,1,1,1,1,14,0,-11.5540,14.3852,-18.0733,-14.5991,11.7849,-5.2753
1196,1066858004800,120407.148,100.309,VIRTUAL_FORWARD,1,1,1,1,14,0,-11.5540,14.3852,-18.0733,-14.6052,11.7863,-5.2717
1197,1066961882976,120511.026,103.878,VIRTUAL_FORWARD,1,1,1,1,14,0,-11.5540,14.3852,-18.0733,-14.6112,11.7878,-5.2666
1198,1067059831584,120608.974,97.949,VIRTUAL_FORWARD,1,1,1,1,14,0,-11.5540,14.3852,-18.0733,-14.6159,11.7883,-5.2601
1199,1067162039168,120711.182,102.208,VIRTUAL_FORWARD,1,1,1,1,14,0,-11.5540,14.3852,-18.0733,-14.6190,11.7889,-5.2548
1200,1067258652800,120807.796,96.614,VIRTUAL_FORWARD,1,1,1,1,14,0,-11.5540,14.3852,-18.0733,-14.6235,11.7906,-5.2479
1201,1067357667712,120906.811,99.015,VIRTUAL_FORWARD,1,1,1,1,14,0,-11.5540,14.3852,-18.0733,-14.6235,11.7906,-5.2479
1202,1067460548256,121009.691,102.881,VIRTUAL_FORWARD,1,1,1,1,14,0,-11.5540,14.3852,-18.0733,-14.6349,11.7944,-5.2294
1203,1067560952832,121110.096,100.405,VIRTUAL_FORWARD,1,1,1,1,14,0,-11.5540,14.3852,-18.0733,-14.6368,11.7950,-5.2265
1204,1067657262144,121206.405,96.309,VIRTUAL_FORWARD,1,1,1,1,14,0,-11.5540,14.3852,-18.0733,-14.6414,11.7963,-5.2204
1205,1067759615552,121308.758,102.353,VIRTUAL_FORWARD,1,1,1,1,14,0,-11.5540,14.3852,-18.0733,-14.6443,11.7976,-5.2151
1206,1067857334688,121406.478,97.719,VIRTUAL_FORWARD,1,1,1,1,14,0,-11.5540,14.3852,-18.0733,-14.6485,11.7987,-5.2076
1207,1067957544256,121506.687,100.210,VIRTUAL_FORWARD,1,1,1,1,14,0,-11.5540,14.3852,-18.0733,-14.6510,11.7998,-5.2006
1208,1068059346624,121608.490,101.802,VIRTUAL_FORWARD,1,1,1,1,14,0,-11.5540,14.3852,-18.0733,-14.6565,11.8027,-5.1922
1209,1068161682432,121710.825,102.336,VIRTUAL_FORWARD,1,1,1,1,14,0,-11.5540,14.3852,-18.0733,-14.6606,11.8055,-5.1841
1210,1068257245376,121806.388,95.563,VIRTUAL_FORWARD,1,1,1,1,14,0,-11.5540,14.3852,-18.0733,-14.6659,11.8087,-5.1767
1211,1068362128576,121911.271,104.883,VIRTUAL_FORWARD,1,1,1,1,14,0,-11.5540,14.3852,-18.0733,-14.6694,11.8115,-5.1712
1212,1068511409568,122060.552,149.281,VIRTUAL_FORWARD,1,1,1,1,14,0,-11.5540,14.3852,-18.0733,-14.6748,11.8146,-5.1661
1213,1068568829312,122117.972,57.420,VIRTUAL_FORWARD,1,1,1,1,14,0,-11.5540,14.3852,-18.0733,-14.6793,11.8175,-5.1621
1214,1068661870816,122211.014,93.042,VIRTUAL_FORWARD,1,1,1,1,14,0,-11.5540,14.3852,-18.0733,-14.6834,11.8209,-5.1580
1215,1068758501856,122307.645,96.631,VIRTUAL_FORWARD,1,1,1,1,14,0,-11.5540,14.3852,-18.0733,-14.6868,11.8244,-5.1531
1216,1068857951104,122407.094,99.449,VIRTUAL_FORWARD,1,1,1,1,14,0,-11.5540,14.3852,-18.0733,-14.6909,11.8287,-5.1471
1217,1068961500448,122510.643,103.549,VIRTUAL_FORWARD,1,1,1,1,14,0,-11.5540,14.3852,-18.0733,-14.6941,11.8327,-5.1412
1218,1069057994720,122607.138,96.494,VIRTUAL_FORWARD,1,1,1,1,14,0,-11.5540,14.3852,-18.0733,-14.6997,11.8390,-5.1359
1219,1069157780064,122706.923,99.785,VIRTUAL_FORWARD,1,1,1,1,14,0,-11.5540,14.3852,-18.0733,-14.7034,11.8441,-5.1321
1220,1069259295616,122808.439,101.516,VIRTUAL_FORWARD,1,1,1,1,14,0,-11.5540,14.3852,-18.0733,-14.7081,11.8486,-5.1271
1221,1069358017920,122907.161,98.722,VIRTUAL_FORWARD,1,1,1,1,14,0,-11.5540,14.3852,-18.0733,-14.7114,11.8524,-5.1224
1222,1069458663904,123007.807,100.646,VIRTUAL_FORWARD,1,1,1,1,14,0,-11.5540,14.3852,-18.0733,-14.7160,11.8569,-5.1169
1223,1069564612352,123113.755,105.948,VIRTUAL_FORWARD,1,1,1,1,14,0,-11.5540,14.3852,-18.0733,-14.7160,11.8569,-5.1169
1224,1069661000480,123210.143,96.388,VIRTUAL_FORWARD,1,1,1,1,14,0,-11.5540,14.3852,-18.0733,-14.7247,11.8683,-5.1074
1225,1069757267872,123306.411,96.267,VIRTUAL_FORWARD,1,1,1,1,14,0,-11.5540,14.3852,-18.0733,-14.7272,11.8727,-5.1053
1226,1069859454336,123408.597,102.186,VIRTUAL_FORWARD,1,1,1,1,14,0,-11.5540,14.3852,-18.0733,-14.7302,11.8753,-5.1018
1227,1069959247392,123508.390,99.793,VIRTUAL_FORWARD,1,1,1,1,14,0,-11.5540,14.3852,-18.0733,-14.7325,11.8778,-5.0992
1228,1070057529088,123606.672,98.282,VIRTUAL_FORWARD,1,1,1,1,14,0,-11.5540,14.3852,-18.0733,-14.7388,11.8819,-5.0972
1229,1070167111424,123716.254,109.582,VIRTUAL_FORWARD,1,1,1,1,14,0,-11.5540,14.3852,-18.0733,-14.7427,11.8854,-5.0954
1230,1070261045728,123810.189,93.934,VIRTUAL_FORWARD,1,1,1,1,14,0,-11.5540,14.3852,-18.0733,-14.7481,11.8911,-5.0913
1231,1070357396128,123906.539,96.350,VIRTUAL_FORWARD,1,1,1,1,14,0,-11.5540,14.3852,-18.0733,-14.7516,11.8961,-5.0878
1232,1070459973472,124009.116,102.577,VIRTUAL_FORWARD,1,1,1,1,14,0,-11.5540,14.3852,-18.0733,-14.7573,11.9006,-5.0834
1233,1070562616512,124111.759,102.643,VIRTUAL_FORWARD,1,1,1,1,14,0,-11.5540,14.3852,-18.0733,-14.7611,11.9043,-5.0791
1234,1070661033216,124210.176,98.417,VIRTUAL_FORWARD,1,1,1,1,14,0,-11.5540,14.3852,-18.0733,-14.7676,11.9107,-5.0713
1235,1070759792320,124308.935,98.759,VIRTUAL_FORWARD,1,1,1,1,14,0,-11.5540,14.3852,-18.0733,-14.7709,11.9149,-5.0665
1236,1070857467200,124406.610,97.675,VIRTUAL_FORWARD,1,1,1,1,14,0,-11.5540,14.3852,-18.0733,-14.7745,11.9220,-5.0622
1237,1070959680192,124508.823,102.213,VIRTUAL_FORWARD,1,1,1,1,14,0,-11.5540,14.3852,-18.0733,-14.7764,11.9280,-5.0594
1238,1071060513472,124609.656,100.833,VIRTUAL_FORWARD,1,1,1,1,14,0,-11.5540,14.3852,-18.0733,-14.7792,11.9347,-5.0555
1239,1071158822592,124707.966,98.309,VIRTUAL_FORWARD,1,1,1,1,14,0,-11.5540,14.3852,-18.0733,-14.7810,11.9411,-5.0505
1240,1071257082016,124806.225,98.259,VIRTUAL_FORWARD,1,1,1,1,14,0,-11.5540,14.3852,-18.0733,-14.7866,11.9486,-5.0446
1241,1071360640352,124909.783,103.558,VIRTUAL_FORWARD,1,1,1,1,14,0,-11.5540,14.3852,-18.0733,-14.7906,11.9554,-5.0387
1242,1071459122112,125008.265,98.482,VIRTUAL_FORWARD,1,1,1,1,14,0,-11.5540,14.3852,-18.0733,-14.7959,11.9618,-5.0342
1243,1071562823776,125111.967,103.702,VIRTUAL_FORWARD,1,1,1,1,14,0,-11.5540,14.3852,-18.0733,-14.7999,11.9671,-5.0306
1244,1071677170560,125226.313,114.347,VIRTUAL_FORWARD,1,1,1,1,14,0,-11.5540,14.3852,-18.0733,-14.8048,11.9749,-5.0268
1245,1071757565920,125306.709,80.395,VIRTUAL_FORWARD,1,1,1,1,14,0,-11.5540,14.3852,-18.0733,-14.8077,11.9810,-5.0237
1246,1071860566208,125409.709,103.000,VIRTUAL_FORWARD,1,1,1,1,14,0,-11.5540,14.3852,-18.0733,-14.8129,11.9893,-5.0223
1247,1071959070624,125508.214,98.504,VIRTUAL_FORWARD,1,1,1,1,14,0,-11.5540,14.3852,-18.0733,-14.8165,11.9963,-5.0211
1248,1072061096800,125610.240,102.026,VIRTUAL_FORWARD,1,1,1,1,14,0,-11.5540,14.3852,-18.0733,-14.8212,12.0040,-5.0224
1249,1072161820576,125710.963,100.724,VIRTUAL_FORWARD,1,1,1,1,14,0,-11.5540,14.3852,-18.0733,-14.8242,12.0104,-5.0241
1250,1072258011488,125807.154,96.191,VIRTUAL_FORWARD,1,1,1,1,14,0,-11.5540,14.3852,-18.0733,-14.8309,12.0178,-5.0265
1251,1072358281632,125907.425,100.270,VIRTUAL_FORWARD,1,1,1,1,14,0,-11.5540,14.3852,-18.0733,-14.8358,12.0239,-5.0276
1252,1072462369632,126011.513,104.088,VIRTUAL_FORWARD,1,1,1,1,14,0,-11.5540,14.3852,-18.0733,-14.8418,12.0305,-5.0296
1253,1072558648352,126107.791,96.279,VIRTUAL_FORWARD,1,1,1,1,14,0,-11.5540,14.3852,-18.0733,-14.8463,12.0361,-5.0310
1254,1072660431104,126209.574,101.783,VIRTUAL_FORWARD,1,1,1,1,14,0,-11.5540,14.3852,-18.0733,-14.8517,12.0441,-5.0351
1255,1072760907808,126310.051,100.477,VIRTUAL_FORWARD,1,1,1,1,14,0,-11.5540,14.3852,-18.0733,-14.8547,12.0501,-5.0379
1256,1072861104928,126410.248,100.197,VIRTUAL_FORWARD,1,1,1,1,14,0,-11.5540,14.3852,-18.0733,-14.8612,12.0571,-5.0414
1257,1072959530208,126508.673,98.425,VIRTUAL_FORWARD,1,1,1,1,14,0,-11.5540,14.3852,-18.0733,-14.8662,12.0634,-5.0438
1258,1073062109728,126611.253,102.580,VIRTUAL_FORWARD,1,1,1,1,14,0,-11.5540,14.3852,-18.0733,-14.8725,12.0683,-5.0464
1259,1073157784224,126706.927,95.674,VIRTUAL_FORWARD,1,1,1,1,14,0,-11.5540,14.3852,-18.0733,-14.8772,12.0728,-5.0486
1260,1073257415136,126806.558,99.631,VIRTUAL_FORWARD,1,1,1,1,14,0,-11.5540,14.3852,-18.0733,-14.8829,12.0799,-5.0514
1261,1073360105312,126909.248,102.690,VIRTUAL_FORWARD,1,1,1,1,14,0,-11.5540,14.3852,-18.0733,-14.8872,12.0863,-5.0535
1262,1073461427040,127010.570,101.322,VIRTUAL_FORWARD,1,1,1,1,14,0,-11.5540,14.3852,-18.0733,-14.8911,12.0964,-5.0576
1263,1073560905408,127110.048,99.478,VIRTUAL_FORWARD,1,1,1,1,14,0,-11.5540,14.3852,-18.0733,-14.8931,12.1044,-5.0609
1264,1073660983200,127210.126,100.078,VIRTUAL_FORWARD,1,1,1,1,14,0,-11.5540,14.3852,-18.0733,-14.8979,12.1120,-5.0661
1265,1073762490272,127311.633,101.507,VIRTUAL_FORWARD,1,1,1,1,14,0,-11.5540,14.3852,-18.0733,-14.9012,12.1183,-5.0703
1266,1073857490368,127406.633,95.000,VIRTUAL_FORWARD,1,1,1,1,14,0,-11.5540,14.3852,-18.0733,-14.9071,12.1257,-5.0768
1267,1073957451072,127506.594,99.961,VIRTUAL_FORWARD,1,1,1,1,14,0,-11.5540,14.3852,-18.0733,-14.9113,12.1318,-5.0818
1268,1074059543552,127608.686,102.092,VIRTUAL_FORWARD,1,1,1,1,14,0,-11.5540,14.3852,-18.0733,-14.9178,12.1401,-5.0893
1269,1074162908000,127712.051,103.364,VIRTUAL_FORWARD,1,1,1,1,14,0,-11.5540,14.3852,-18.0733,-14.9215,12.1458,-5.0928
1270,1074259839424,127808.982,96.931,VIRTUAL_FORWARD,1,1,1,1,14,0,-11.5540,14.3852,-18.0733,-14.9275,12.1524,-5.0989
1271,1074359572000,127908.715,99.733,VIRTUAL_FORWARD,1,1,1,1,14,0,-11.5540,14.3852,-18.0733,-14.9324,12.1585,-5.1039
1272,1074462053536,128011.196,102.482,VIRTUAL_FORWARD,1,1,1,1,14,0,-11.5540,14.3852,-18.0733,-14.9371,12.1664,-5.1093
1273,1074557794880,128106.938,95.741,VIRTUAL_FORWARD,1,1,1,1,14,0,-11.5540,14.3852,-18.0733,-14.9401,12.1731,-5.1138
1274,1074661259488,128210.402,103.465,VIRTUAL_FORWARD,1,1,1,1,14,0,-11.5540,14.3852,-18.0733,-14.9450,12.1817,-5.1210
1275,1074759659200,128308.802,98.400,VIRTUAL_FORWARD,1,1,1,1,14,0,-11.5540,14.3852,-18.0733,-14.9482,12.1889,-5.1261
1276,1074857824896,128406.968,98.166,VIRTUAL_FORWARD,1,1,1,1,14,0,-11.5540,14.3852,-18.0733,-14.9547,12.1955,-5.1317
1277,1074961837664,128510.981,104.013,VIRTUAL_FORWARD,1,1,1,1,14,0,-11.5540,14.3852,-18.0733,-14.9593,12.2009,-5.1352
1278,1075063285856,128612.429,101.448,VIRTUAL_FORWARD,1,1,1,1,14,0,-11.5540,14.3852,-18.0733,-14.9644,12.2089,-5.1394
1279,1075159124768,128708.268,95.839,VIRTUAL_FORWARD,1,1,1,1,14,0,-11.5540,14.3852,-18.0733,-14.9679,12.2163,-5.1418
1280,1075262759392,128811.902,103.635,VIRTUAL_FORWARD,1,1,1,1,14,0,-11.5540,14.3852,-18.0733,-14.9734,12.2239,-5.1469
1281,1075357441248,128906.584,94.682,VIRTUAL_FORWARD,1,1,1,1,14,0,-11.5540,14.3852,-18.0733,-14.9771,12.2302,-5.1506
1282,1075458256480,129007.399,100.815,VIRTUAL_FORWARD,1,1,1,1,14,0,-11.5540,14.3852,-18.0733,-14.9830,12.2363,-5.1558
1283,1075560859488,129110.002,102.603,VIRTUAL_FORWARD,1,1,1,1,14,0,-11.5540,14.3852,-18.0733,-14.9871,12.2412,-5.1596
1284,1075661627168,129210.770,100.768,VIRTUAL_FORWARD,1,1,1,1,14,0,-11.5540,14.3852,-18.0733,-14.9917,12.2492,-5.1661
1285,1075759242496,129308.385,97.615,VIRTUAL_FORWARD,1,1,1,1,14,0,-11.5540,14.3852,-18.0733,-14.9948,12.2560,-5.1708
1286,1075862787168,129411.930,103.545,VIRTUAL_FORWARD,1,1,1,1,14,0,-11.5540,14.3852,-18.0733,-14.9998,12.2640,-5.1774
1287,1075961493184,129510.636,98.706,VIRTUAL_FORWARD,1,1,1,1,14,0,-11.5540,14.3852,-18.0733,-15.0037,12.2709,-5.1829
1288,1076059667200,129608.810,98.174,VIRTUAL_FORWARD,1,1,1,1,14,0,-11.5540,14.3852,-18.0733,-15.0091,12.2770,-5.1914
1289,1076160812416,129709.955,101.145,VIRTUAL_FORWARD,1,1,1,1,14,0,-11.5540,14.3852,-18.0733,-15.0131,12.2823,-5.1979
1290,1076257373376,129806.516,96.561,VIRTUAL_FORWARD,1,1,1,1,14,0,-11.5540,14.3852,-18.0733,-15.0176,12.2885,-5.2059
1291,1076360943840,129910.087,103.570,VIRTUAL_FORWARD,1,1,1,1,14,0,-11.5540,14.3852,-18.0733,-15.0203,12.2935,-5.2113
1292,1076457847648,130006.991,96.904,VIRTUAL_FORWARD,1,1,1,1,14,0,-11.5540,14.3852,-18.0733,-15.0241,12.2989,-5.2197
1293,1076562087424,130111.230,104.240,VIRTUAL_FORWARD,1,1,1,1,14,0,-11.5540,14.3852,-18.0733,-15.0268,12.3035,-5.2265
1294,1076660772160,130209.915,98.685,VIRTUAL_FORWARD,1,1,1,1,14,0,-11.5540,14.3852,-18.0733,-15.0319,12.3069,-5.2365
1295,1076762631264,130311.774,101.859,VIRTUAL_FORWARD,1,1,1,1,14,0,-11.5540,14.3852,-18.0733,-15.0360,12.3095,-5.2441
1296,1076861323104,130410.466,98.692,VIRTUAL_FORWARD,1,1,1,1,14,0,-11.5540,14.3852,-18.0733,-15.0403,12.3135,-5.2542
1297,1076959314048,130508.457,97.991,VIRTUAL_FORWARD,1,1,1,1,14,0,-11.5540,14.3852,-18.0733,-15.0436,12.3173,-5.2635
1298,1077061043680,130610.187,101.730,VIRTUAL_FORWARD,1,1,1,1,14,0,-11.5540,14.3852,-18.0733,-15.0474,12.3224,-5.2773
1299,1077160281024,130709.424,99.237,VIRTUAL_FORWARD,1,1,1,1,14,0,-11.5540,14.3852,-18.0733,-15.0498,12.3266,-5.2879
1300,1077260203200,130809.346,99.922,VIRTUAL_FORWARD,1,1,1,1,14,0,-11.5540,14.3852,-18.0733,-15.0547,12.3331,-5.3001
1301,1077361997088,130911.140,101.794,VIRTUAL_FORWARD,1,1,1,1,14,0,-11.5540,14.3852,-18.0733,-15.0589,12.3393,-5.3105
1302,1077461913984,131011.057,99.917,VIRTUAL_FORWARD,1,1,1,1,14,0,-11.5540,14.3852,-18.0733,-15.0637,12.3458,-5.3235
1303,1077558221568,131107.364,96.308,VIRTUAL_FORWARD,1,1,1,1,14,0,-11.5540,14.3852,-18.0733,-15.0672,12.3514,-5.3330
1304,1077661655488,131210.798,103.434,VIRTUAL_FORWARD,1,1,1,1,14,0,-11.5540,14.3852,-18.0733,-15.0732,12.3577,-5.3457
1305,1077765464896,131314.608,103.809,VIRTUAL_FORWARD,1,1,1,1,14,0,-11.5540,14.3852,-18.0733,-15.0790,12.3642,-5.3588
1306,1077860590432,131409.733,95.126,VIRTUAL_FORWARD,1,1,1,1,14,0,-11.5540,14.3852,-18.0733,-15.0833,12.3699,-5.3709
1307,1077959093152,131508.236,98.503,VIRTUAL_FORWARD,1,1,1,1,14,0,-11.5540,14.3852,-18.0733,-15.0873,12.3762,-5.3830
1308,1078057281536,131606.424,98.188,VIRTUAL_FORWARD,1,1,1,1,14,0,-11.5540,14.3852,-18.0733,-15.0928,12.3825,-5.3990
1309,1078157041664,131706.185,99.760,VIRTUAL_FORWARD,1,1,1,1,14,0,-11.5540,14.3852,-18.0733,-15.0968,12.3877,-5.4109
1310,1078261985344,131811.128,104.944,VIRTUAL_FORWARD,1,1,1,1,14,0,-11.5540,14.3852,-18.0733,-15.1002,12.3922,-5.4262
1311,1078359467168,131908.610,97.482,VIRTUAL_FORWARD,1,1,1,1,14,0,-11.5540,14.3852,-18.0733,-15.1025,12.3959,-5.4381
1312,1078462391680,132011.535,102.925,VIRTUAL_FORWARD,1,1,1,1,14,0,-11.5540,14.3852,-18.0733,-15.1057,12.4020,-5.4536
1313,1078560772512,132109.915,98.381,VIRTUAL_FORWARD,1,1,1,1,14,0,-11.5540,14.3852,-18.0733,-15.1075,12.4064,-5.4631
1314,1078670872640,132220.016,110.100,VIRTUAL_FORWARD,1,1,1,1,14,0,-11.5540,14.3852,-18.0733,-15.1109,12.4123,-5.4757
1315,1078760590944,132309.734,89.718,VIRTUAL_FORWARD,1,1,1,1,14,0,-11.5540,14.3852,-18.0733,-15.1139,12.4180,-5.4874
1316,1078859903328,132409.046,99.312,VIRTUAL_FORWARD,1,1,1,1,14,0,-11.5540,14.3852,-18.0733,-15.1185,12.4232,-5.5005
1317,1078963748672,132512.892,103.845,VIRTUAL_FORWARD,1,1,1,1,14,0,-11.5540,14.3852,-18.0733,-15.1216,12.4273,-5.5097
1318,1079063403840,132612.547,99.655,VIRTUAL_FORWARD,1,1,1,1,14,0,-11.5540,14.3852,-18.0733,-15.1255,12.4323,-5.5224
1319,1079162721312,132711.864,99.317,VIRTUAL_FORWARD,1,1,1,1,14,0,-11.5540,14.3852,-18.0733,-15.1281,12.4363,-5.5322
1320,1079258335136,132807.478,95.614,VIRTUAL_FORWARD,1,1,1,1,14,0,-11.5540,14.3852,-18.0733,-15.1327,12.4444,-5.5459
1321,1079360583296,132909.726,102.248,VIRTUAL_FORWARD,1,1,1,1,14,0,-11.5540,14.3852,-18.0733,-15.1359,12.4511,-5.5557
1322,1079458859456,133008.002,98.276,VIRTUAL_FORWARD,1,1,1,1,14,0,-11.5540,14.3852,-18.0733,-15.1411,12.4562,-5.5707
1323,1079562710176,133111.853,103.851,VIRTUAL_FORWARD,1,1,1,1,14,0,-11.5540,14.3852,-18.0733,-15.1454,12.4611,-5.5838
1324,1079661268320,133210.411,98.558,VIRTUAL_FORWARD,1,1,1,1,14,0,-11.5540,14.3852,-18.0733,-15.1476,12.4658,-5.5951
1325,1079762384576,133311.527,101.116,VIRTUAL_FORWARD,1,1,1,1,14,0,-11.5540,14.3852,-18.0733,-15.1493,12.4708,-5.6058
1326,1079862462848,133411.606,100.078,VIRTUAL_FORWARD,1,1,1,1,14,0,-11.5540,14.3852,-18.0733,-15.1512,12.4751,-5.6234
1327,1079961589824,133510.733,99.127,VIRTUAL_FORWARD,1,1,1,1,14,0,-11.5540,14.3852,-18.0733,-15.1514,12.4765,-5.6282
1328,1080057739680,133606.883,96.150,VIRTUAL_FORWARD,1,1,1,1,14,0,-11.5540,14.3852,-18.0733,-15.1545,12.4803,-5.6411
1329,1080162053440,133711.196,104.314,VIRTUAL_FORWARD,1,1,1,1,14,0,-11.5540,14.3852,-18.0733,-15.1562,12.4831,-5.6498
1330,1080262418336,133811.561,100.365,VIRTUAL_FORWARD,1,1,1,1,14,0,-11.5540,14.3852,-18.0733,-15.1591,12.4880,-5.6597
1331,1080361928704,133911.072,99.510,VIRTUAL_FORWARD,1,1,1,1,14,0,-11.5540,14.3852,-18.0733,-15.1608,12.4920,-5.6658
1332,1080464195712,134013.339,102.267,VIRTUAL_FORWARD,1,1,1,1,14,0,-11.5540,14.3852,-18.0733,-15.1638,12.4988,-5.6755
1333,1080562460448,134111.603,98.265,VIRTUAL_FORWARD,1,1,1,1,14,0,-11.5540,14.3852,-18.0733,-15.1656,12.5050,-5.6840
1334,1080657372832,134206.516,94.912,VIRTUAL_FORWARD,1,1,1,1,14,0,-11.5540,14.3852,-18.0733,-15.1678,12.5109,-5.6952
1335,1080760969792,134310.113,103.597,VIRTUAL_FORWARD,1,1,1,1,14,0,-11.5540,14.3852,-18.0733,-15.1690,12.5157,-5.7034
1336,1080867785312,134416.928,106.816,VIRTUAL_FORWARD,1,1,1,1,14,0,-11.5540,14.3852,-18.0733,-15.1720,12.5212,-5.7133
1337,1080962575776,134511.719,94.790,VIRTUAL_FORWARD,1,1,1,1,14,0,-11.5540,14.3852,-18.0733,-15.1742,12.5259,-5.7208
1338,1081062750432,134611.893,100.175,VIRTUAL_FORWARD,1,1,1,1,14,0,-11.5540,14.3852,-18.0733,-15.1776,12.5321,-5.7308
1339,1081162466016,134711.609,99.716,VIRTUAL_FORWARD,1,1,1,1,14,0,-11.5540,14.3852,-18.0733,-15.1800,12.5375,-5.7383
1340,1081262385184,134811.528,99.919,VIRTUAL_FORWARD,1,1,1,1,14,0,-11.5540,14.3852,-18.0733,-15.1836,12.5415,-5.7468
1341,1081358768544,134907.911,96.383,VIRTUAL_FORWARD,1,1,1,1,14,0,-11.5540,14.3852,-18.0733,-15.1871,12.5443,-5.7541
1342,1081461896416,135011.039,103.128,VIRTUAL_FORWARD,1,1,1,1,14,0,-11.5540,14.3852,-18.0733,-15.1906,12.5501,-5.7636
1343,1081560437760,135109.581,98.541,VIRTUAL_FORWARD,1,1,1,1,14,0,-11.5540,14.3852,-18.0733,-15.1931,12.5558,-5.7698
1344,1081657445152,135206.588,97.007,VIRTUAL_FORWARD,1,1,1,1,14,0,-11.5540,14.3852,-18.0733,-15.1972,12.5583,-5.7789
1345,1081758293856,135307.437,100.849,VIRTUAL_FORWARD,1,1,1,1,14,0,-11.5540,14.3852,-18.0733,-15.1999,12.5600,-5.7837
1346,1081859147424,135408.290,100.854,VIRTUAL_FORWARD,1,1,1,1,14,0,-11.5540,14.3852,-18.0733,-15.2041,12.5626,-5.7926
1347,1081964577024,135513.720,105.430,VIRTUAL_FORWARD,1,1,1,1,14,0,-11.5540,14.3852,-18.0733,-15.2072,12.5649,-5.7982
1348,1082064695808,135613.839,100.119,VIRTUAL_FORWARD,1,1,1,1,14,0,-11.5540,14.3852,-18.0733,-15.2091,12.5674,-5.8070
1349,1082158989696,135708.133,94.294,VIRTUAL_FORWARD,1,1,1,1,14,0,-11.5540,14.3852,-18.0733,-15.2098,12.5693,-5.8132
1350,1082264108160,135813.251,105.118,VIRTUAL_FORWARD,1,1,1,1,14,0,-11.5540,14.3852,-18.0733,-15.2124,12.5721,-5.8238
1351,1082360393664,135909.537,96.286,VIRTUAL_FORWARD,1,1,1,1,14,0,-11.5540,14.3852,-18.0733,-15.2139,12.5743,-5.8294
1352,1082459070976,136008.214,98.677,VIRTUAL_FORWARD,1,1,1,1,14,0,-11.5540,14.3852,-18.0733,-15.2167,12.5790,-5.8398
1353,1082557675968,136106.819,98.605,VIRTUAL_FORWARD,1,1,1,1,14,0,-11.5540,14.3852,-18.0733,-15.2182,12.5827,-5.8461
1354,1082660268992,136209.412,102.593,VIRTUAL_FORWARD,1,1,1,1,14,0,-11.5540,14.3852,-18.0733,-15.2208,12.5859,-5.8568
1355,1082758727808,136307.871,98.459,VIRTUAL_FORWARD,1,1,1,1,14,0,-11.5540,14.3852,-18.0733,-15.2223,12.5883,-5.8644
1356,1082868605344,136417.748,109.878,VIRTUAL_FORWARD,1,1,1,1,14,0,-11.5540,14.3852,-18.0733,-15.2259,12.5913,-5.8765
1357,1082958367104,136507.510,89.762,VIRTUAL_FORWARD,1,1,1,1,14,0,-11.5540,14.3852,-18.0733,-15.2285,12.5938,-5.8843
1358,1083062427872,136611.571,104.061,VIRTUAL_FORWARD,1,1,1,1,14,0,-11.5540,14.3852,-18.0733,-15.2319,12.5977,-5.8947
1359,1083160089088,136709.232,97.661,VIRTUAL_FORWARD,1,1,1,1,14,0,-11.5540,14.3852,-18.0733,-15.2342,12.6009,-5.9010
1360,1083266055264,136815.198,105.966,VIRTUAL_FORWARD,1,1,1,1,14,0,-11.5540,14.3852,-18.0733,-15.2397,12.6056,-5.9103
1361,1083358321280,136907.464,92.266,VIRTUAL_FORWARD,1,1,1,1,14,0,-11.5540,14.3852,-18.0733,-15.2446,12.6100,-5.9171
1362,1083458821408,137007.964,100.500,VIRTUAL_FORWARD,1,1,1,1,14,0,-11.5540,14.3852,-18.0733,-15.2468,12.6135,-5.9266
1363,1083558423040,137107.566,99.602,VIRTUAL_FORWARD,1,1,1,1,14,0,-11.5540,14.3852,-18.0733,-15.2478,12.6163,-5.9321
1364,1083658336000,137207.479,99.913,VIRTUAL_FORWARD,1,1,1,1,14,0,-11.5540,14.3852,-18.0733,-15.2495,12.6197,-5.9408
1365,1083758300320,137307.443,99.964,VIRTUAL_FORWARD,1,1,1,1,14,0,-11.5540,14.3852,-18.0733,-15.2504,12.6226,-5.9465
1366,1083905389984,137454.533,147.090,VIRTUAL_FORWARD,1,1,1,1,14,0,-11.5540,14.3852,-18.0733,-15.2504,12.6226,-5.9465
1367,1083960937600,137510.081,55.548,VIRTUAL_FORWARD,1,1,1,1,14,0,-11.5540,14.3852,-18.0733,-15.2519,12.6278,-5.9611
1368,1084065445824,137614.589,104.508,VIRTUAL_FORWARD,1,1,1,1,14,0,-11.5540,14.3852,-18.0733,-15.2502,12.6263,-5.9729
1369,1084159084864,137708.228,93.639,VIRTUAL_FORWARD,1,1,1,1,14,0,-11.5540,14.3852,-18.0733,-15.2488,12.6254,-5.9758
1370,1084260225376,137809.368,101.141,VIRTUAL_FORWARD,1,1,1,1,14,0,-11.5540,14.3852,-18.0733,-15.2483,12.6232,-5.9852
1371,1084359330240,137908.473,99.105,VIRTUAL_FORWARD,1,1,1,1,14,0,-11.5540,14.3852,-18.0733,-15.2471,12.6211,-5.9900
1372,1084463713312,138012.856,104.383,VIRTUAL_FORWARD,1,1,1,1,14,0,-11.5540,14.3852,-18.0733,-15.2468,12.6212,-5.9976
1373,1084560683264,138109.826,96.970,VIRTUAL_FORWARD,1,1,1,1,14,0,-11.5540,14.3852,-18.0733,-15.2457,12.6211,-6.0009
1374,1084657717344,138206.860,97.034,VIRTUAL_FORWARD,1,1,1,1,14,0,-11.5540,14.3852,-18.0733,-15.2449,12.6202,-6.0072
1375,1084762401440,138311.544,104.684,VIRTUAL_FORWARD,1,1,1,1,14,0,-11.5540,14.3852,-18.0733,-15.2433,12.6190,-6.0096
1376,1084858306048,138407.449,95.905,VIRTUAL_FORWARD,1,1,1,1,14,0,-11.5540,14.3852,-18.0733,-15.2438,12.6211,-6.0164
1377,1084958221632,138507.365,99.916,VIRTUAL_FORWARD,1,1,1,1,14,0,-11.5540,14.3852,-18.0733,-15.2437,12.6232,-6.0212
1378,1085059062464,138608.205,100.841,VIRTUAL_FORWARD,1,1,1,1,14,0,-11.5540,14.3852,-18.0733,-15.2468,12.6232,-6.0294
1379,1085162311552,138711.454,103.249,VIRTUAL_FORWARD,1,1,1,1,14,0,-11.5540,14.3852,-18.0733,-15.2492,12.6225,-6.0360
1380,1085262000672,138811.144,99.689,VIRTUAL_FORWARD,1,1,1,1,14,0,-11.5540,14.3852,-18.0733,-15.2524,12.6266,-6.0461
1381,1085357565568,138906.708,95.565,VIRTUAL_FORWARD,1,1,1,1,14,0,-11.5540,14.3852,-18.0733,-15.2541,12.6300,-6.0523
1382,1085459442560,139008.585,101.877,VIRTUAL_FORWARD,1,1,1,1,14,0,-11.5540,14.3852,-18.0733,-15.2589,12.6330,-6.0622
1383,1085562012384,139111.155,102.570,VIRTUAL_FORWARD,1,1,1,1,14,0,-11.5540,14.3852,-18.0733,-15.2626,12.6351,-6.0688
1384,1085661354880,139210.498,99.342,VIRTUAL_FORWARD,1,1,1,1,14,0,-11.5540,14.3852,-18.0733,-15.2665,12.6360,-6.0774
1385,1085762822400,139311.965,101.468,VIRTUAL_FORWARD,1,1,1,1,14,0,-11.5540,14.3852,-18.0733,-15.2687,12.6365,-6.0811
1386,1085863495488,139412.638,100.673,VIRTUAL_FORWARD,1,1,1,1,14,0,-11.5540,14.3852,-18.0733,-15.2723,12.6334,-6.0897
1387,1085957941280,139507.084,94.446,VIRTUAL_FORWARD,1,1,1,1,14,0,-11.5540,14.3852,-18.0733,-15.2752,12.6293,-6.0962
1388,1086057747488,139606.890,99.806,VIRTUAL_FORWARD,1,1,1,1,14,0,-11.5540,14.3852,-18.0733,-15.2769,12.6345,-6.1037
1389,1086159756256,139708.899,102.009,VIRTUAL_FORWARD,1,1,1,1,14,0,-11.5540,14.3852,-18.0733,-15.2769,12.6345,-6.1037
1390,1086262193472,139811.336,102.437,VIRTUAL_FORWARD,1,1,1,1,14,0,-11.5540,14.3852,-18.0733,-15.2807,12.6469,-6.1156
1391,1086358054528,139907.197,95.861,VIRTUAL_FORWARD,1,1,1,1,14,0,-11.5540,14.3852,-18.0733,-15.2821,12.6516,-6.1187
1392,1086457073760,140006.217,99.019,VIRTUAL_FORWARD,1,1,1,1,14,0,-11.5540,14.3852,-18.0733,-15.2811,12.6572,-6.1247
1393,1086557459424,140106.602,100.386,VIRTUAL_FORWARD,1,1,1,1,14,0,-11.5540,14.3852,-18.0733,-15.2794,12.6617,-6.1273
1394,1086660492448,140209.635,103.033,VIRTUAL_FORWARD,1,1,1,1,14,0,-11.5540,14.3852,-18.0733,-15.2826,12.6777,-6.1301
1395,1086759779808,140308.923,99.287,VIRTUAL_FORWARD,1,1,1,1,14,0,-11.5540,14.3852,-18.0733,-15.2849,12.6916,-6.1296
1396,1086861863424,140411.006,102.084,VIRTUAL_FORWARD,1,1,1,1,14,0,-11.5540,14.3852,-18.0733,-15.2899,12.7084,-6.1337
1397,1086962205568,140511.348,100.342,VIRTUAL_FORWARD,1,1,1,1,14,0,-11.5540,14.3852,-18.0733,-15.2930,12.7209,-6.1332
1398,1087058857024,140608.000,96.651,VIRTUAL_FORWARD,1,1,1,1,14,0,-11.5540,14.3852,-18.0733,-15.2961,12.7328,-6.1395
1399,1087159627840,140708.771,100.771,VIRTUAL_FORWARD,1,1,1,1,14,0,-11.5540,14.3852,-18.0733,-15.2979,12.7426,-6.1412
1400,1087259917376,140809.060,100.290,VIRTUAL_FORWARD,1,1,1,1,14,0,-11.5540,14.3852,-18.0733,-15.3032,12.7507,-6.1474
1401,1087357500448,140906.643,97.583,VIRTUAL_FORWARD,1,1,1,1,14,0,-11.5540,14.3852,-18.0733,-15.3092,12.7583,-6.1527
1402,1087457235808,141006.379,99.735,VIRTUAL_FORWARD,1,1,1,1,14,0,-11.5540,14.3852,-18.0733,-15.3092,12.7583,-6.1527
1403,1087561822016,141110.965,104.586,VIRTUAL_FORWARD,1,1,1,1,14,0,-11.5540,14.3852,-18.0733,-15.3127,12.7595,-6.1601
1404,1087662150592,141211.294,100.329,VIRTUAL_FORWARD,1,1,1,1,14,0,-11.5540,14.3852,-18.0733,-15.3134,12.7623,-6.1660
1405,1087760155264,141309.298,98.005,VIRTUAL_FORWARD,1,1,1,1,14,0,-11.5540,14.3852,-18.0733,-15.3134,12.7653,-6.1686
1406,1087861958528,141411.101,101.803,VIRTUAL_FORWARD,1,1,1,1,14,0,-11.5540,14.3852,-18.0733,-15.3151,12.7671,-6.1741
1407,1087959249952,141508.393,97.291,VIRTUAL_FORWARD,1,1,1,1,14,0,-11.5540,14.3852,-18.0733,-15.3162,12.7686,-6.1752
1408,1088062227808,141611.371,102.978,VIRTUAL_FORWARD,1,1,1,1,14,0,-11.5540,14.3852,-18.0733,-15.3177,12.7681,-6.1778
1409,1088159556544,141708.699,97.329,VIRTUAL_FORWARD,1,1,1,1,14,0,-11.5540,14.3852,-18.0733,-15.3186,12.7678,-6.1773
1410,1088258296832,141807.440,98.740,VIRTUAL_FORWARD,1,1,1,1,14,0,-11.5540,14.3852,-18.0733,-15.3202,12.7683,-6.1814
1411,1088358405888,141907.549,100.109,VIRTUAL_FORWARD,1,1,1,1,14,0,-11.5540,14.3852,-18.0733,-15.3210,12.7689,-6.1822
1412,1088458394464,142007.537,99.989,VIRTUAL_FORWARD,1,1,1,1,14,0,-11.5540,14.3852,-18.0733,-15.3213,12.7715,-6.1870
1413,1088557064512,142106.207,98.670,VIRTUAL_FORWARD,1,1,1,1,14,0,-11.5540,14.3852,-18.0733,-15.3211,12.7739,-6.1885
1414,1088660318784,142209.462,103.254,VIRTUAL_FORWARD,1,1,1,1,14,0,-11.5540,14.3852,-18.0733,-15.3231,12.7776,-6.1928
1415,1088762491648,142311.635,102.173,VIRTUAL_FORWARD,1,1,1,1,14,0,-11.5540,14.3852,-18.0733,-15.3249,12.7813,-6.1948
1416,1088861540704,142410.684,99.049,VIRTUAL_FORWARD,1,1,1,1,14,0,-11.5540,14.3852,-18.0733,-15.3269,12.7853,-6.2018
1417,1088958989696,142508.133,97.449,VIRTUAL_FORWARD,1,1,1,1,14,0,-11.5540,14.3852,-18.0733,-15.3284,12.7888,-6.2059
1418,1089060180320,142609.323,101.191,VIRTUAL_FORWARD,1,1,1,1,14,0,-11.5540,14.3852,-18.0733,-15.3309,12.7943,-6.2118
1419,1089158674720,142707.818,98.494,VIRTUAL_FORWARD,1,1,1,1,14,0,-11.5540,14.3852,-18.0733,-15.3326,12.7990,-6.2141
1420,1089262066272,142811.209,103.392,VIRTUAL_FORWARD,1,1,1,1,14,0,-11.5540,14.3852,-18.0733,-15.3345,12.8048,-6.2178
1421,1089363701024,142912.844,101.635,VIRTUAL_FORWARD,1,1,1,1,14,0,-11.5540,14.3852,-18.0733,-15.3359,12.8102,-6.2186
1422,1089458303904,143007.447,94.603,VIRTUAL_FORWARD,1,1,1,1,14,0,-11.5540,14.3852,-18.0733,-15.3362,12.8137,-6.2206
1423,1089561686752,143110.830,103.383,VIRTUAL_FORWARD,1,1,1,1,14,0,-11.5540,14.3852,-18.0733,-15.3359,12.8168,-6.2198
1424,1089660642784,143209.786,98.956,VIRTUAL_FORWARD,1,1,1,1,14,0,-11.5540,14.3852,-18.0733,-15.3369,12.8188,-6.2236
1425,1089758613600,143307.757,97.971,VIRTUAL_FORWARD,1,1,1,1,14,0,-11.5540,14.3852,-18.0733,-15.3372,12.8205,-6.2230
1426,1089858568864,143407.712,99.955,VIRTUAL_FORWARD,1,1,1,1,14,0,-11.5540,14.3852,-18.0733,-15.3377,12.8256,-6.2260
1427,1089958836768,143507.980,100.268,VIRTUAL_FORWARD,1,1,1,1,14,0,-11.5540,14.3852,-18.0733,-15.3376,12.8298,-6.2256
1428,1090061256576,143610.399,102.420,VIRTUAL_FORWARD,1,1,1,1,14,0,-11.5540,14.3852,-18.0733,-15.3383,12.8337,-6.2289
1429,1090162856512,143711.999,101.600,VIRTUAL_FORWARD,1,1,1,1,14,0,-11.5540,14.3852,-18.0733,-15.3384,12.8370,-6.2285
1430,1090262174944,143811.318,99.318,VIRTUAL_FORWARD,1,1,1,1,14,0,-11.5540,14.3852,-18.0733,-15.3406,12.8392,-6.2321
1431,1090358139616,143907.283,95.965,VIRTUAL_FORWARD,1,1,1,1,14,0,-11.5540,14.3852,-18.0733,-15.3421,12.8411,-6.2335
1432,1090460629280,144009.772,102.490,VIRTUAL_FORWARD,1,1,1,1,14,0,-11.5540,14.3852,-18.0733,-15.3450,12.8422,-6.2384
1433,1090559142624,144108.286,98.513,VIRTUAL_FORWARD,1,1,1,1,14,0,-11.5540,14.3852,-18.0733,-15.3472,12.8432,-6.2404
1434,1090658429984,144207.573,99.287,VIRTUAL_FORWARD,1,1,1,1,14,0,-11.5540,14.3852,-18.0733,-15.3489,12.8448,-6.2448
1435,1090757354336,144306.497,98.924,VIRTUAL_FORWARD,1,1,1,1,14,0,-11.5540,14.3852,-18.0733,-15.3498,12.8463,-6.2464
1436,1090860061696,144409.205,102.707,VIRTUAL_FORWARD,1,1,1,1,14,0,-11.5540,14.3852,-18.0733,-15.3512,12.8477,-6.2524
1437,1090960870528,144510.013,100.809,VIRTUAL_FORWARD,1,1,1,1,14,0,-11.5540,14.3852,-18.0733,-15.3519,12.8490,-6.2550
1438,1091062983136,144612.126,102.113,VIRTUAL_FORWARD,1,1,1,1,14,0,-11.5540,14.3852,-18.0733,-15.3535,12.8493,-6.2596
1439,1091164476544,144713.619,101.493,VIRTUAL_FORWARD,1,1,1,1,14,0,-11.5540,14.3852,-18.0733,-15.3545,12.8497,-6.2622
1440,1091261068160,144810.211,96.592,VIRTUAL_FORWARD,1,1,1,1,14,0,-11.5540,14.3852,-18.0733,-15.3561,12.8513,-6.2671
1441,1091357112064,144906.255,96.044,VIRTUAL_FORWARD,1,1,1,1,14,0,-11.5540,14.3852,-18.0733,-15.3570,12.8529,-6.2690
1442,1091461093440,145010.236,103.981,VIRTUAL_FORWARD,1,1,1,1,14,0,-11.5540,14.3852,-18.0733,-15.3599,12.8555,-6.2744
1443,1091559271488,145108.414,98.178,VIRTUAL_FORWARD,1,1,1,1,14,0,-11.5540,14.3852,-18.0733,-15.3617,12.8578,-6.2758
1444,1091657026496,145206.169,97.755,VIRTUAL_FORWARD,1,1,1,1,14,0,-11.5540,14.3852,-18.0733,-15.3643,12.8596,-6.2801
1445,1091757091296,145306.234,100.065,VIRTUAL_FORWARD,1,1,1,1,14,0,-11.5540,14.3852,-18.0733,-15.3665,12.8614,-6.2821
1446,1091862187616,145411.331,105.096,VIRTUAL_FORWARD,1,1,1,1,14,0,-11.5540,14.3852,-18.0733,-15.3682,12.8620,-6.2855
1447,1091960901600,145510.045,98.714,VIRTUAL_FORWARD,1,1,1,1,14,0,-11.5540,14.3852,-18.0733,-15.3700,12.8627,-6.2877
1448,1092060930240,145610.073,100.029,VIRTUAL_FORWARD,1,1,1,1,14,0,-11.5540,14.3852,-18.0733,-15.3726,12.8607,-6.2922
1449,1092160533760,145709.677,99.604,VIRTUAL_FORWARD,1,1,1,1,14,0,-11.5540,14.3852,-18.0733,-15.3744,12.8591,-6.2942
1450,1092267845504,145816.988,107.312,VIRTUAL_FORWARD,1,1,1,1,14,0,-11.5540,14.3852,-18.0733,-15.3749,12.8584,-6.3004
1451,1092362566496,145911.709,94.721,VIRTUAL_FORWARD,1,1,1,1,14,0,-11.5540,14.3852,-18.0733,-15.3748,12.8581,-6.3033
1452,1092459073888,146008.217,96.507,VIRTUAL_FORWARD,1,1,1,1,14,0,-11.5540,14.3852,-18.0733,-15.3766,12.8554,-6.3090
1453,1092561385120,146110.528,102.311,VIRTUAL_FORWARD,1,1,1,1,14,0,-11.5540,14.3852,-18.0733,-15.3776,12.8534,-6.3108
1454,1092662215936,146211.359,100.831,VIRTUAL_FORWARD,1,1,1,1,14,0,-11.5540,14.3852,-18.0733,-15.3787,12.8521,-6.3147
1455,1092757678336,146306.821,95.462,VIRTUAL_FORWARD,1,1,1,1,14,0,-11.5540,14.3852,-18.0733,-15.3790,12.8511,-6.3146
1456,1092861907456,146411.050,104.229,VIRTUAL_FORWARD,1,1,1,1,14,0,-11.5540,14.3852,-18.0733,-15.3807,12.8485,-6.3167
1457,1092959041600,146508.185,97.134,VIRTUAL_FORWARD,1,1,1,1,14,0,-11.5540,14.3852,-18.0733,-15.3814,12.8468,-6.3161
1458,1093061143136,146610.286,102.102,VIRTUAL_FORWARD,1,1,1,1,14,0,-11.5540,14.3852,-18.0733,-15.3832,12.8493,-6.3193
1459,1093160303648,146709.447,99.161,VIRTUAL_FORWARD,1,1,1,1,14,0,-11.5540,14.3852,-18.0733,-15.3844,12.8520,-6.3190
1460,1093258980608,146808.124,98.677,VIRTUAL_FORWARD,1,1,1,1,14,0,-11.5540,14.3852,-18.0733,-15.3858,12.8530,-6.3216
1461,1093358040736,146907.184,99.060,VIRTUAL_FORWARD,1,1,1,1,14,0,-11.5540,14.3852,-18.0733,-15.3870,12.8539,-6.3234
1462,1093458508992,147007.652,100.468,VIRTUAL_FORWARD,1,1,1,1,14,0,-11.5540,14.3852,-18.0733,-15.3888,12.8550,-6.3277
1463,1093563052352,147112.195,104.543,VIRTUAL_FORWARD,1,1,1,1,14,0,-11.5540,14.3852,-18.0733,-15.3900,12.8561,-6.3307
1464,1093661092192,147210.235,98.040,VIRTUAL_FORWARD,1,1,1,1,14,0,-11.5540,14.3852,-18.0733,-15.3909,12.8555,-6.3368
1465,1093764062624,147313.206,102.970,VIRTUAL_FORWARD,1,1,1,1,14,0,-11.5540,14.3852,-18.0733,-15.3911,12.8550,-6.3409
1466,1093861053472,147410.196,96.991,VIRTUAL_FORWARD,1,1,1,1,14,0,-11.5540,14.3852,-18.0733,-15.3930,12.8548,-6.3470
1467,1093958060544,147507.203,97.007,VIRTUAL_FORWARD,1,1,1,1,14,0,-11.5540,14.3852,-18.0733,-15.3944,12.8548,-6.3509
1468,1094060164928,147609.308,102.104,VIRTUAL_FORWARD,1,1,1,1,14,0,-11.5540,14.3852,-18.0733,-15.3960,12.8548,-6.3579
1469,1094168373664,147717.517,108.209,VIRTUAL_FORWARD,1,1,1,1,14,0,-11.5540,14.3852,-18.0733,-15.3968,12.8549,-6.3612
1470,1094258337760,147807.481,89.964,VIRTUAL_FORWARD,1,1,1,1,14,0,-11.5540,14.3852,-18.0733,-15.3988,12.8553,-6.3668
1471,1094359121664,147908.265,100.784,VIRTUAL_FORWARD,1,1,1,1,14,0,-11.5540,14.3852,-18.0733,-15.4002,12.8558,-6.3698
1472,1094458312064,148007.455,99.190,VIRTUAL_FORWARD,1,1,1,1,14,0,-11.5540,14.3852,-18.0733,-15.4012,12.8582,-6.3736
1473,1094559984192,148109.127,101.672,VIRTUAL_FORWARD,1,1,1,1,14,0,-11.5540,14.3852,-18.0733,-15.4016,12.8606,-6.3743
1474,1094662058176,148211.201,102.074,VIRTUAL_FORWARD,1,1,1,1,14,0,-11.5540,14.3852,-18.0733,-15.4037,12.8628,-6.3783
1475,1094758787392,148307.930,96.729,VIRTUAL_FORWARD,1,1,1,1,14,0,-11.5540,14.3852,-18.0733,-15.4051,12.8649,-6.3795
1476,1094861890464,148411.033,103.103,VIRTUAL_FORWARD,1,1,1,1,14,0,-11.5540,14.3852,-18.0733,-15.4066,12.8649,-6.3829
1477,1094958540512,148507.683,96.650,VIRTUAL_FORWARD,1,1,1,1,14,0,-11.5540,14.3852,-18.0733,-15.4074,12.8650,-6.3839
1478,1095060968672,148610.112,102.428,VIRTUAL_FORWARD,1,1,1,1,14,0,-11.5540,14.3852,-18.0733,-15.4098,12.8664,-6.3859
1479,1095163661312,148712.804,102.693,VIRTUAL_FORWARD,1,1,1,1,14,0,-11.5540,14.3852,-18.0733,-15.4113,12.8678,-6.3853
1480,1095259543968,148808.687,95.883,VIRTUAL_FORWARD,1,1,1,1,14,0,-11.5540,14.3852,-18.0733,-15.4133,12.8671,-6.3886
1481,1095359413152,148908.556,99.869,VIRTUAL_FORWARD,1,1,1,1,14,0,-11.5540,14.3852,-18.0733,-15.4146,12.8666,-6.3898
1482,1095464650240,149013.793,105.237,VIRTUAL_FORWARD,1,1,1,1,14,0,-11.5540,14.3852,-18.0733,-15.4164,12.8669,-6.3920
1483,1095558694208,149107.837,94.044,VIRTUAL_FORWARD,1,1,1,1,14,0,-11.5540,14.3852,-18.0733,-15.4175,12.8675,-6.3925
1484,1095661599360,149210.742,102.905,VIRTUAL_FORWARD,1,1,1,1,14,0,-11.5540,14.3852,-18.0733,-15.4175,12.8675,-6.3925
1485,1095757264992,149306.408,95.666,VIRTUAL_FORWARD,1,1,1,1,14,0,-11.5540,14.3852,-18.0733,-15.4214,12.8703,-6.3928
1486,1095858236000,149407.379,100.971,VIRTUAL_FORWARD,1,1,1,1,14,0,-11.5540,14.3852,-18.0733,-15.4244,12.8713,-6.3954
1487,1095957287040,149506.430,99.051,VIRTUAL_FORWARD,1,1,1,1,14,0,-11.5540,14.3852,-18.0733,-15.4268,12.8724,-6.3968
1488,1096059886912,149609.030,102.600,VIRTUAL_FORWARD,1,1,1,1,14,0,-11.5540,14.3852,-18.0733,-15.4298,12.8735,-6.4004
1489,1096157162048,149706.305,97.275,VIRTUAL_FORWARD,1,1,1,1,14,0,-11.5540,14.3852,-18.0733,-15.4319,12.8748,-6.4022
1490,1096259842112,149808.985,102.680,VIRTUAL_FORWARD,1,1,1,1,14,0,-11.5540,14.3852,-18.0733,-15.4340,12.8752,-6.4057
1491,1096357355488,149906.498,97.513,VIRTUAL_FORWARD,1,1,1,1,14,0,-11.5540,14.3852,-18.0733,-15.4356,12.8759,-6.4065
1492,1096460831360,150009.974,103.476,VIRTUAL_FORWARD,1,1,1,1,14,0,-11.5540,14.3852,-18.0733,-15.4390,12.8779,-6.4094
1493,1096559770592,150108.914,98.939,VIRTUAL_FORWARD,1,1,1,1,14,0,-11.5540,14.3852,-18.0733,-15.4419,12.8801,-6.4110
1494,1096658790528,150207.933,99.020,VIRTUAL_FORWARD,1,1,1,1,14,0,-11.5540,14.3852,-18.0733,-15.4448,12.8821,-6.4137
1495,1096759821984,150308.965,101.031,VIRTUAL_FORWARD,1,1,1,1,14,0,-11.5540,14.3852,-18.0733,-15.4467,12.8838,-6.4157
1496,1096858059712,150407.203,98.238,VIRTUAL_FORWARD,1,1,1,1,14,0,-11.5540,14.3852,-18.0733,-15.4502,12.8867,-6.4193
1497,1096959822688,150508.966,101.763,VIRTUAL_FORWARD,1,1,1,1,14,0,-11.5540,14.3852,-18.0733,-15.4532,12.8896,-6.4215
1498,1097058851904,150607.995,99.029,VIRTUAL_FORWARD,1,1,1,1,14,0,-11.5540,14.3852,-18.0733,-15.4571,12.8924,-6.4245
1499,1097163691840,150712.835,104.840,VIRTUAL_FORWARD,1,1,1,1,14,0,-11.5540,14.3852,-18.0733,-15.4600,12.8950,-6.4254
1500,1097261864736,150811.008,98.173,VIRTUAL_FORWARD,1,1,1,1,14,0,-11.5540,14.3852,-18.0733,-15.4644,12.8995,-6.4289
1501,1097360701216,150909.844,98.836,VIRTUAL_FORWARD,1,1,1,1,14,0,-11.5540,14.3852,-18.0733,-15.4674,12.9031,-6.4303
1502,1097460941312,151010.084,100.240,VIRTUAL_FORWARD,1,1,1,1,14,0,-11.5540,14.3852,-18.0733,-15.4712,12.9043,-6.4334
1503,1097560102592,151109.246,99.161,VIRTUAL_FORWARD,1,1,1,1,14,0,-11.5540,14.3852,-18.0733,-15.4742,12.9056,-6.4345
1504,1097658253600,151207.397,98.151,VIRTUAL_FORWARD,1,1,1,1,14,0,-11.5540,14.3852,-18.0733,-15.4765,12.9050,-6.4371
1505,1097758293280,151307.436,100.040,VIRTUAL_FORWARD,1,1,1,1,14,0,-11.5540,14.3852,-18.0733,-15.4780,12.9050,-6.4374
1506,1097866474464,151415.617,108.181,VIRTUAL_FORWARD,1,1,1,1,14,0,-11.5540,14.3852,-18.0733,-15.4802,12.9058,-6.4391
1507,1097960968448,151510.111,94.494,VIRTUAL_FORWARD,1,1,1,1,14,0,-11.5540,14.3852,-18.0733,-15.4815,12.9068,-6.4395
1508,1098058319264,151607.462,97.351,VIRTUAL_FORWARD,1,1,1,1,14,0,-11.5540,14.3852,-18.0733,-15.4835,12.9093,-6.4406
1509,1098160230400,151709.373,101.911,VIRTUAL_FORWARD,1,1,1,1,14,0,-11.5540,14.3852,-18.0733,-15.4849,12.9119,-6.4407
1510,1098259349888,151808.493,99.119,VIRTUAL_FORWARD,1,1,1,1,14,0,-11.5540,14.3852,-18.0733,-15.4872,12.9109,-6.4421
1511,1098361974272,151911.117,102.624,VIRTUAL_FORWARD,1,1,1,1,14,0,-11.5540,14.3852,-18.0733,-15.4893,12.9103,-6.4432
1512,1098462480864,152011.624,100.507,VIRTUAL_FORWARD,1,1,1,1,14,0,-11.5540,14.3852,-18.0733,-15.4929,12.9117,-6.4471
1513,1098558806336,152107.949,96.325,VIRTUAL_FORWARD,1,1,1,1,14,0,-11.5540,14.3852,-18.0733,-15.4960,12.9132,-6.4490
1514,1098658864800,152208.008,100.058,VIRTUAL_FORWARD,1,1,1,1,14,0,-11.5540,14.3852,-18.0733,-15.4977,12.9135,-6.4492
1515,1098762726304,152311.869,103.862,VIRTUAL_FORWARD,1,1,1,1,14,0,-11.5540,14.3852,-18.0733,-15.4987,12.9140,-6.4479
1516,1098860681888,152409.825,97.956,VIRTUAL_FORWARD,1,1,1,1,14,0,-11.5540,14.3852,-18.0733,-15.4987,12.9140,-6.4479
1517,1098959552000,152508.695,98.870,VIRTUAL_FORWARD,1,1,1,1,14,0,-11.5540,14.3852,-18.0733,-15.5044,12.9160,-6.4489
1518,1099061360256,152610.503,101.808,VIRTUAL_FORWARD,1,1,1,1,14,0,-11.5540,14.3852,-18.0733,-15.5067,12.9157,-6.4517
1519,1099158660608,152707.804,97.300,VIRTUAL_FORWARD,1,1,1,1,14,0,-11.5540,14.3852,-18.0733,-15.5082,12.9156,-6.4524
1520,1099258433696,152807.577,99.773,VIRTUAL_FORWARD,1,1,1,1,14,0,-11.5540,14.3852,-18.0733,-15.5119,12.9152,-6.4554
1521,1099359889408,152909.032,101.456,VIRTUAL_FORWARD,1,1,1,1,14,0,-11.5540,14.3852,-18.0733,-15.5158,12.9148,-6.4579
1522,1099460436768,153009.580,100.547,VIRTUAL_FORWARD,1,1,1,1,14,0,-11.5540,14.3852,-18.0733,-15.5209,12.9156,-6.4613
1523,1099561339136,153110.482,100.902,VIRTUAL_FORWARD,1,1,1,1,14,0,-11.5540,14.3852,-18.0733,-15.5244,12.9166,-6.4616
1524,1099660477888,153209.621,99.139,VIRTUAL_FORWARD,1,1,1,1,14,0,-11.5540,14.3852,-18.0733,-15.5274,12.9175,-6.4625
1525,1099762310432,153311.453,101.833,VIRTUAL_FORWARD,1,1,1,1,14,0,-11.5540,14.3852,-18.0733,-15.5294,12.9185,-6.4614
1526,1099860966144,153410.109,98.656,VIRTUAL_FORWARD,1,1,1,1,14,0,-11.5540,14.3852,-18.0733,-15.5343,12.9198,-6.4633
1527,1099957317792,153506.461,96.352,VIRTUAL_FORWARD,1,1,1,1,14,0,-11.5540,14.3852,-18.0733,-15.5343,12.9198,-6.4633
1528,1100061741024,153610.884,104.423,VIRTUAL_FORWARD,1,1,1,1,14,0,-11.5540,14.3852,-18.0733,-15.5435,12.9241,-6.4669
1529,1100161872480,153711.015,100.131,VIRTUAL_FORWARD,1,1,1,1,14,0,-11.5540,14.3852,-18.0733,-15.5435,12.9241,-6.4669
1530,1100257803968,153806.947,95.931,VIRTUAL_FORWARD,1,1,1,1,14,0,-11.5540,14.3852,-18.0733,-15.5508,12.9272,-6.4731
1531,1100357477344,153906.620,99.673,VIRTUAL_FORWARD,1,1,1,1,14,0,-11.5540,14.3852,-18.0733,-15.5529,12.9280,-6.4750
1532,1100459090144,154008.233,101.613,VIRTUAL_FORWARD,1,1,1,1,14,0,-11.5540,14.3852,-18.0733,-15.5565,12.9287,-6.4786
1533,1100562070336,154111.213,102.980,VIRTUAL_FORWARD,1,1,1,1,14,0,-11.5540,14.3852,-18.0733,-15.5601,12.9292,-6.4814
1534,1100657415200,154206.558,95.345,VIRTUAL_FORWARD,1,1,1,1,14,0,-11.5540,14.3852,-18.0733,-15.5634,12.9312,-6.4843
1535,1100760786752,154309.930,103.372,VIRTUAL_FORWARD,1,1,1,1,14,0,-11.5540,14.3852,-18.0733,-15.5663,12.9341,-6.4881
1536,1100861695712,154410.839,100.909,VIRTUAL_FORWARD,1,1,1,1,14,0,-11.5540,14.3852,-18.0733,-15.5691,12.9364,-6.4912
1537,1100959458752,154508.602,97.763,VIRTUAL_FORWARD,1,1,1,1,14,0,-11.5540,14.3852,-18.0733,-15.5723,12.9381,-6.4942
1538,1101060282240,154609.425,100.823,VIRTUAL_FORWARD,1,1,1,1,14,0,-11.5540,14.3852,-18.0733,-15.5766,12.9396,-6.4971
1539,1101164922528,154714.065,104.640,VIRTUAL_FORWARD,1,1,1,1,14,0,-11.5540,14.3852,-18.0733,-15.5811,12.9410,-6.4998
1540,1101261897664,154811.041,96.975,VIRTUAL_FORWARD,1,1,1,1,14,0,-11.5540,14.3852,-18.0733,-15.5851,12.9428,-6.5036
1541,1101358749568,154907.892,96.852,VIRTUAL_FORWARD,1,1,1,1,14,0,-11.5540,14.3852,-18.0733,-15.5883,12.9449,-6.5064
1542,1101461258080,155010.401,102.509,VIRTUAL_FORWARD,1,1,1,1,14,0,-11.5540,14.3852,-18.0733,-15.5911,12.9470,-6.5092
1543,1101559450784,155108.594,98.193,VIRTUAL_FORWARD,1,1,1,1,14,0,-11.5540,14.3852,-18.0733,-15.5936,12.9490,-6.5119
1544,1101660405408,155209.548,100.955,VIRTUAL_FORWARD,1,1,1,1,14,0,-11.5540,14.3852,-18.0733,-15.5966,12.9508,-6.5143
1545,1101762440832,155311.584,102.035,VIRTUAL_FORWARD,1,1,1,1,14,0,-11.5540,14.3852,-18.0733,-15.5999,12.9524,-6.5162
1546,1101861360832,155410.504,98.920,VIRTUAL_FORWARD,1,1,1,1,14,0,-11.5540,14.3852,-18.0733,-15.6026,12.9537,-6.5180
1547,1101958471424,155507.614,97.111,VIRTUAL_FORWARD,1,1,1,1,14,0,-11.5540,14.3852,-18.0733,-15.6043,12.9547,-6.5192
1548,1102060532448,155609.675,102.061,VIRTUAL_FORWARD,1,1,1,1,14,0,-11.5540,14.3852,-18.0733,-15.6058,12.9557,-6.5199
1549,1102160993056,155710.136,100.461,VIRTUAL_FORWARD,1,1,1,1,14,0,-11.5540,14.3852,-18.0733,-15.6067,12.9567,-6.5201
1550,1102262134560,155811.277,101.142,VIRTUAL_FORWARD,1,1,1,1,14,0,-11.5540,14.3852,-18.0733,-15.6085,12.9579,-6.5200
1551,1102358532640,155907.676,96.398,VIRTUAL_FORWARD,1,1,1,1,14,0,-11.5540,14.3852,-18.0733,-15.6104,12.9592,-6.5198
1552,1102458428672,156007.572,99.896,VIRTUAL_FORWARD,1,1,1,1,14,0,-11.5540,14.3852,-18.0733,-15.6133,12.9603,-6.5198
1553,1102559075872,156108.219,100.647,VIRTUAL_FORWARD,1,1,1,1,14,0,-11.5540,14.3852,-18.0733,-15.6167,12.9612,-6.5179
1554,1102660621792,156209.765,101.546,VIRTUAL_FORWARD,1,1,1,1,14,0,-11.5540,14.3852,-18.0733,-15.6197,12.9625,-6.5153
1555,1102758903680,156308.047,98.282,VIRTUAL_FORWARD,1,1,1,1,14,0,-11.5540,14.3852,-18.0733,-15.6226,12.9640,-6.5123
1556,1102857602400,156406.745,98.699,VIRTUAL_FORWARD,1,1,1,1,14,0,-11.5540,14.3852,-18.0733,-15.6254,12.9647,-6.5088
1557,1102962588384,156511.731,104.986,VIRTUAL_FORWARD,1,1,1,1,14,0,-11.5540,14.3852,-18.0733,-15.6278,12.9649,-6.5066
1558,1103061327776,156610.471,98.739,VIRTUAL_FORWARD,1,1,1,1,14,0,-11.5540,14.3852,-18.0733,-15.6301,12.9659,-6.5037
1559,1103162398688,156711.542,101.071,VIRTUAL_FORWARD,1,1,1,1,14,0,-11.5540,14.3852,-18.0733,-15.6319,12.9672,-6.5007
1560,1103260142080,156809.285,97.743,VIRTUAL_FORWARD,1,1,1,1,14,0,-11.5540,14.3852,-18.0733,-15.6336,12.9686,-6.4987
1561,1103362160512,156911.303,102.018,VIRTUAL_FORWARD,1,1,1,1,14,0,-11.5540,14.3852,-18.0733,-15.6350,12.9699,-6.4974
1562,1103462115168,157011.258,99.955,VIRTUAL_FORWARD,1,1,1,1,14,0,-11.5540,14.3852,-18.0733,-15.6362,12.9714,-6.4954
1563,1103564638240,157113.781,102.523,VIRTUAL_FORWARD,1,1,1,1,14,0,-11.5540,14.3852,-18.0733,-15.6371,12.9729,-6.4934
1564,1103660078080,157209.221,95.440,VIRTUAL_FORWARD,1,1,1,1,14,0,-11.5540,14.3852,-18.0733,-15.6379,12.9750,-6.4912
1565,1103760951488,157310.094,100.873,VIRTUAL_FORWARD,1,1,1,1,14,0,-11.5540,14.3852,-18.0733,-15.6386,12.9775,-6.4889
1566,1103860230528,157409.373,99.279,VIRTUAL_FORWARD,1,1,1,1,14,0,-11.5540,14.3852,-18.0733,-15.6414,12.9805,-6.4883
1567,1103960176736,157509.320,99.946,VIRTUAL_FORWARD,1,1,1,1,14,0,-11.5540,14.3852,-18.0733,-15.6443,12.9832,-6.4875
1568,1104061363168,157610.506,101.186,VIRTUAL_FORWARD,1,1,1,1,14,0,-11.5540,14.3852,-18.0733,-15.6464,12.9874,-6.4871
1569,1104161402976,157710.546,100.040,VIRTUAL_FORWARD,1,1,1,1,14,0,-11.5540,14.3852,-18.0733,-15.6477,12.9925,-6.4867
1570,1104257351392,157806.494,95.948,VIRTUAL_FORWARD,1,1,1,1,14,0,-11.5540,14.3852,-18.0733,-15.6487,12.9961,-6.4869
1571,1104358683328,157907.826,101.332,VIRTUAL_FORWARD,1,1,1,1,14,0,-11.5540,14.3852,-18.0733,-15.6492,12.9986,-6.4876
1572,1104458672256,158007.815,99.989,VIRTUAL_FORWARD,1,1,1,1,14,0,-11.5540,14.3852,-18.0733,-15.6491,13.0014,-6.4874
1573,1104561395104,158110.538,102.723,VIRTUAL_FORWARD,1,1,1,1,14,0,-11.5540,14.3852,-18.0733,-15.6482,13.0044,-6.4853
1574,1104657266016,158206.409,95.871,VIRTUAL_FORWARD,1,1,1,1,14,0,-11.5540,14.3852,-18.0733,-15.6483,13.0078,-6.4838
1575,1104761404128,158310.547,104.138,VIRTUAL_FORWARD,1,1,1,1,14,0,-11.5540,14.3852,-18.0733,-15.6485,13.0112,-6.4823
1576,1104862547392,158411.690,101.143,VIRTUAL_FORWARD,1,1,1,1,14,0,-11.5540,14.3852,-18.0733,-15.6491,13.0151,-6.4803
1577,1104959286912,158508.430,96.740,VIRTUAL_FORWARD,1,1,1,1,14,0,-11.5540,14.3852,-18.0733,-15.6500,13.0192,-6.4783
1578,1105061471872,158610.615,102.185,VIRTUAL_FORWARD,1,1,1,1,14,0,-11.5540,14.3852,-18.0733,-15.6505,13.0240,-6.4774
1579,1105159635328,158708.778,98.163,VIRTUAL_FORWARD,1,1,1,1,14,0,-11.5540,14.3852,-18.0733,-15.6508,13.0292,-6.4762
1580,1105257139776,158806.283,97.504,VIRTUAL_FORWARD,1,1,1,1,14,0,-11.5540,14.3852,-18.0733,-15.6518,13.0338,-6.4761
1581,1105357710048,158906.853,100.570,VIRTUAL_FORWARD,1,1,1,1,14,0,-11.5540,14.3852,-18.0733,-15.6550,13.0410,-6.4793
1582,1105458106624,159007.250,100.397,VIRTUAL_FORWARD,1,1,1,1,14,0,-11.5540,14.3852,-18.0733,-15.6554,13.0429,-6.4802
1583,1105559264512,159108.407,101.158,VIRTUAL_FORWARD,1,1,1,1,14,0,-11.5540,14.3852,-18.0733,-15.6559,13.0465,-6.4827
1584,1105661333984,159210.477,102.069,VIRTUAL_FORWARD,1,1,1,1,14,0,-11.5540,14.3852,-18.0733,-15.6564,13.0513,-6.4851
1585,1105759981856,159309.125,98.648,VIRTUAL_FORWARD,1,1,1,1,14,0,-11.5540,14.3852,-18.0733,-15.6568,13.0561,-6.4858
1586,1105857022496,159406.165,97.041,VIRTUAL_FORWARD,1,1,1,1,14,0,-11.5540,14.3852,-18.0733,-15.6565,13.0590,-6.4859
1587,1105959870848,159509.014,102.848,VIRTUAL_FORWARD,1,1,1,1,14,0,-11.5540,14.3852,-18.0733,-15.6558,13.0607,-6.4849
1588,1106063320672,159612.464,103.450,VIRTUAL_FORWARD,1,1,1,1,14,0,-11.5540,14.3852,-18.0733,-15.6551,13.0640,-6.4835
1589,1106157827072,159706.970,94.506,VIRTUAL_FORWARD,1,1,1,1,14,0,-11.5540,14.3852,-18.0733,-15.6544,13.0684,-6.4825
1590,1106259453344,159808.596,101.626,VIRTUAL_FORWARD,1,1,1,1,14,0,-11.5540,14.3852,-18.0733,-15.6538,13.0726,-6.4807
1591,1106360364576,159909.507,100.911,VIRTUAL_FORWARD,1,1,1,1,14,0,-11.5540,14.3852,-18.0733,-15.6532,13.0769,-6.4778
1592,1106462233408,160011.376,101.869,VIRTUAL_FORWARD,1,1,1,1,14,0,-11.5540,14.3852,-18.0733,-15.6534,13.0821,-6.4763
1593,1106559096160,160108.239,96.863,VIRTUAL_FORWARD,1,1,1,1,14,0,-11.5540,14.3852,-18.0733,-15.6534,13.0881,-6.4745
1594,1106659728256,160208.871,100.632,VIRTUAL_FORWARD,1,1,1,1,14,0,-11.5540,14.3852,-18.0733,-15.6527,13.0912,-6.4734
1595,1106761127168,160310.270,101.399,VIRTUAL_FORWARD,1,1,1,1,14,0,-11.5540,14.3852,-18.0733,-15.6513,13.0951,-6.4715
1596,1106861752480,160410.895,100.625,VIRTUAL_FORWARD,1,1,1,1,14,0,-11.5540,14.3852,-18.0733,-15.6499,13.0994,-6.4703
1597,1106958608608,160507.752,96.856,VIRTUAL_FORWARD,1,1,1,1,14,0,-11.5540,14.3852,-18.0733,-15.6489,13.1045,-6.4699
1598,1107061096256,160610.239,102.488,VIRTUAL_FORWARD,1,1,1,1,14,0,-11.5540,14.3852,-18.0733,-15.6470,13.1105,-6.4691
1599,1107158159904,160707.303,97.064,VIRTUAL_FORWARD,1,1,1,1,14,0,-11.5540,14.3852,-18.0733,-15.6443,13.1173,-6.4676
1600,1107262826272,160811.969,104.666,VIRTUAL_FORWARD,1,1,1,1,14,0,-11.5540,14.3852,-18.0733,-15.6422,13.1237,-6.4662
1601,1107360616672,160909.760,97.790,VIRTUAL_FORWARD,1,1,1,1,14,0,-11.5540,14.3852,-18.0733,-15.6404,13.1302,-6.4650
1602,1107462324800,161011.468,101.708,VIRTUAL_FORWARD,1,1,1,1,14,0,-11.5540,14.3852,-18.0733,-15.6391,13.1361,-6.4630
1603,1107562215872,161111.359,99.891,VIRTUAL_FORWARD,1,1,1,1,14,0,-11.5540,14.3852,-18.0733,-15.6381,13.1410,-6.4595
1604,1107658243680,161207.387,96.028,VIRTUAL_FORWARD,1,1,1,1,14,0,-11.5540,14.3852,-18.0733,-15.6361,13.1462,-6.4574
1605,1107759556000,161308.699,101.312,VIRTUAL_FORWARD,1,1,1,1,14,0,-11.5540,14.3852,-18.0733,-15.6335,13.1514,-6.4554
1606,1107857465344,161406.608,97.909,VIRTUAL_FORWARD,1,1,1,1,14,0,-11.5540,14.3852,-18.0733,-15.6316,13.1561,-6.4533
1607,1107959497664,161508.641,102.032,VIRTUAL_FORWARD,1,1,1,1,14,0,-11.5540,14.3852,-18.0733,-15.6303,13.1601,-6.4501
1608,1108060450944,161609.594,100.953,VIRTUAL_FORWARD,1,1,1,1,14,0,-11.5540,14.3852,-18.0733,-15.6286,13.1654,-6.4462
1609,1108159316128,161708.459,98.865,VIRTUAL_FORWARD,1,1,1,1,14,0,-11.5540,14.3852,-18.0733,-15.6270,13.1702,-6.4427
1610,1108261105152,161810.248,101.789,VIRTUAL_FORWARD,1,1,1,1,14,0,-11.5540,14.3852,-18.0733,-15.6251,13.1757,-6.4389
1611,1108360385024,161909.528,99.280,VIRTUAL_FORWARD,1,1,1,1,14,0,-11.5540,14.3852,-18.0733,-15.6230,13.1814,-6.4358
1612,1108458249696,162007.393,97.865,VIRTUAL_FORWARD,1,1,1,1,14,0,-11.5540,14.3852,-18.0733,-15.6209,13.1883,-6.4333
1613,1108558430816,162107.574,100.181,VIRTUAL_FORWARD,1,1,1,1,14,0,-11.5540,14.3852,-18.0733,-15.6189,13.1956,-6.4310
1614,1108669029344,162218.172,110.599,VIRTUAL_FORWARD,1,1,1,1,14,0,-11.5540,14.3852,-18.0733,-15.6178,13.2015,-6.4289
1615,1108762403552,162311.546,93.374,VIRTUAL_FORWARD,1,1,1,1,14,0,-11.5540,14.3852,-18.0733,-15.6177,13.2061,-6.4273
1616,1108861431296,162410.574,99.028,VIRTUAL_FORWARD,1,1,1,1,14,0,-11.5540,14.3852,-18.0733,-15.6170,13.2117,-6.4260
1617,1108961416672,162510.560,99.985,VIRTUAL_FORWARD,1,1,1,1,14,0,-11.5540,14.3852,-18.0733,-15.6159,13.2190,-6.4247
1618,1109064922848,162614.066,103.506,VIRTUAL_FORWARD,1,1,1,1,14,0,-11.5540,14.3852,-18.0733,-15.6159,13.2253,-6.4262
1619,1109161694400,162710.837,96.772,VIRTUAL_FORWARD,1,1,1,1,14,0,-11.5540,14.3852,-18.0733,-15.6165,13.2305,-6.4273
1620,1109316863136,162866.006,155.169,VIRTUAL_FORWARD,1,1,1,1,14,0,-11.5540,14.3852,-18.0733,-15.6165,13.2305,-6.4273
1621,1109362868864,162912.012,46.006,VIRTUAL_FORWARD,1,1,1,1,14,0,-11.5540,14.3852,-18.0733,-15.6129,13.2400,-6.4272
1622,1109459384800,163008.528,96.516,VIRTUAL_FORWARD,1,1,1,1,14,0,-11.5540,14.3852,-18.0733,-15.6105,13.2453,-6.4289
1623,1109557839360,163106.982,98.455,VIRTUAL_FORWARD,1,1,1,1,14,0,-11.5540,14.3852,-18.0733,-15.6084,13.2508,-6.4304
1624,1109659725504,163208.868,101.886,VIRTUAL_FORWARD,1,1,1,1,14,0,-11.5540,14.3852,-18.0733,-15.6069,13.2562,-6.4316
1625,1109760204096,163309.347,100.479,VIRTUAL_FORWARD,1,1,1,1,14,0,-11.5540,14.3852,-18.0733,-15.6058,13.2612,-6.4328
1626,1109859255328,163408.398,99.051,VIRTUAL_FORWARD,1,1,1,1,14,0,-11.5540,14.3852,-18.0733,-15.6037,13.2680,-6.4342
1627,1109957341088,163506.484,98.086,VIRTUAL_FORWARD,1,1,1,1,14,0,-11.5540,14.3852,-18.0733,-15.6015,13.2739,-6.4340
1628,1110062478144,163611.621,105.137,VIRTUAL_FORWARD,1,1,1,1,14,0,-11.5540,14.3852,-18.0733,-15.5986,13.2790,-6.4345
1629,1110157430368,163706.573,94.952,VIRTUAL_FORWARD,1,1,1,1,14,0,-11.5540,14.3852,-18.0733,-15.5958,13.2832,-6.4354
1630,1110259829632,163808.973,102.399,VIRTUAL_FORWARD,1,1,1,1,14,0,-11.5540,14.3852,-18.0733,-15.5942,13.2883,-6.4365
1631,1110359572672,163908.716,99.743,VIRTUAL_FORWARD,1,1,1,1,14,0,-11.5540,14.3852,-18.0733,-15.5933,13.2932,-6.4373
1632,1110462497920,164011.641,102.925,VIRTUAL_FORWARD,1,1,1,1,14,0,-11.5540,14.3852,-18.0733,-15.5918,13.2989,-6.4381
1633,1110561530208,164110.673,99.032,VIRTUAL_FORWARD,1,1,1,1,14,0,-11.5540,14.3852,-18.0733,-15.5901,13.3044,-6.4384
1634,1110659611648,164208.755,98.081,VIRTUAL_FORWARD,1,1,1,1,14,0,-11.5540,14.3852,-18.0733,-15.5874,13.3094,-6.4378
1635,1110758544000,164307.687,98.932,VIRTUAL_FORWARD,1,1,1,1,14,0,-11.5540,14.3852,-18.0733,-15.5845,13.3136,-6.4362
1636,1110857349824,164406.493,98.806,VIRTUAL_FORWARD,1,1,1,1,14,0,-11.5540,14.3852,-18.0733,-15.5823,13.3185,-6.4349
1637,1110961133216,164510.276,103.783,VIRTUAL_FORWARD,1,1,1,1,14,0,-11.5540,14.3852,-18.0733,-15.5808,13.3226,-6.4337
1638,1111060353120,164609.496,99.220,VIRTUAL_FORWARD,1,1,1,1,14,0,-11.5540,14.3852,-18.0733,-15.5790,13.3277,-6.4341
1639,1111161012320,164710.155,100.659,VIRTUAL_FORWARD,1,1,1,1,14,0,-11.5540,14.3852,-18.0733,-15.5771,13.3328,-6.4354
1640,1111261952064,164811.095,100.940,VIRTUAL_FORWARD,1,1,1,1,14,0,-11.5540,14.3852,-18.0733,-15.5747,13.3377,-6.4358
1641,1111357472928,164906.616,95.521,VIRTUAL_FORWARD,1,1,1,1,14,0,-11.5540,14.3852,-18.0733,-15.5719,13.3428,-6.4355
1642,1111458565760,165007.709,101.093,VIRTUAL_FORWARD,1,1,1,1,14,0,-11.5540,14.3852,-18.0733,-15.5699,13.3483,-6.4354
1643,1111563401504,165112.544,104.836,VIRTUAL_FORWARD,1,1,1,1,14,0,-11.5540,14.3852,-18.0733,-15.5684,13.3539,-6.4352
1644,1111661956608,165211.100,98.555,VIRTUAL_FORWARD,1,1,1,1,14,0,-11.5540,14.3852,-18.0733,-15.5663,13.3622,-6.4356
1645,1111759817472,165308.960,97.861,VIRTUAL_FORWARD,1,1,1,1,14,0,-11.5540,14.3852,-18.0733,-15.5640,13.3704,-6.4360
1646,1111857292768,165406.436,97.475,VIRTUAL_FORWARD,1,1,1,1,14,0,-11.5540,14.3852,-18.0733,-15.5621,13.3766,-6.4366
1647,1111959093376,165508.236,101.801,VIRTUAL_FORWARD,1,1,1,1,14,0,-11.5540,14.3852,-18.0733,-15.5600,13.3823,-6.4368
1648,1112062143584,165611.286,103.050,VIRTUAL_FORWARD,1,1,1,1,14,0,-11.5540,14.3852,-18.0733,-15.5576,13.3877,-6.4387
1649,1112161338656,165710.482,99.195,VIRTUAL_FORWARD,1,1,1,1,14,0,-11.5540,14.3852,-18.0733,-15.5553,13.3922,-6.4412
1650,1112259999424,165809.142,98.661,VIRTUAL_FORWARD,1,1,1,1,14,0,-11.5540,14.3852,-18.0733,-15.5524,13.3972,-6.4436
1651,1112357692352,165906.835,97.693,VIRTUAL_FORWARD,1,1,1,1,14,0,-11.5540,14.3852,-18.0733,-15.5495,13.4019,-6.4461
1652,1112460313472,166009.456,102.621,VIRTUAL_FORWARD,1,1,1,1,14,0,-11.5540,14.3852,-18.0733,-15.5470,13.4062,-6.4485
1653,1112561122816,166110.266,100.809,VIRTUAL_FORWARD,1,1,1,1,14,0,-11.5540,14.3852,-18.0733,-15.5449,13.4104,-6.4519
1654,1112664477440,166213.620,103.355,VIRTUAL_FORWARD,1,1,1,1,14,0,-11.5540,14.3852,-18.0733,-15.5429,13.4144,-6.4534
1655,1112762631776,166311.775,98.154,VIRTUAL_FORWARD,1,1,1,1,14,0,-11.5540,14.3852,-18.0733,-15.5411,13.4181,-6.4549
1656,1112859310656,166408.454,96.679,VIRTUAL_FORWARD,1,1,1,1,14,0,-11.5540,14.3852,-18.0733,-15.5387,13.4228,-6.4576
1657,1112958443840,166507.587,99.133,VIRTUAL_FORWARD,1,1,1,1,14,0,-11.5540,14.3852,-18.0733,-15.5362,13.4275,-6.4598
1658,1113058213024,166607.356,99.769,VIRTUAL_FORWARD,1,1,1,1,14,0,-11.5540,14.3852,-18.0733,-15.5338,13.4329,-6.4625
1659,1113158819680,166707.963,100.607,VIRTUAL_FORWARD,1,1,1,1,14,0,-11.5540,14.3852,-18.0733,-15.5316,13.4387,-6.4661
1660,1113261930592,166811.074,103.111,VIRTUAL_FORWARD,1,1,1,1,14,0,-11.5540,14.3852,-18.0733,-15.5292,13.4434,-6.4711
1661,1113363209664,166912.353,101.279,VIRTUAL_FORWARD,1,1,1,1,14,0,-11.5540,14.3852,-18.0733,-15.5266,13.4471,-6.4764
1662,1113458181472,167007.324,94.972,VIRTUAL_FORWARD,1,1,1,1,14,0,-11.5540,14.3852,-18.0733,-15.5237,13.4522,-6.4805
1663,1113561477056,167110.620,103.296,VIRTUAL_FORWARD,1,1,1,1,14,0,-11.5540,14.3852,-18.0733,-15.5201,13.4586,-6.4828
1664,1113669236832,167218.380,107.760,VIRTUAL_FORWARD,1,1,1,1,14,0,-11.5540,14.3852,-18.0733,-15.5132,13.4671,-6.4861
1665,1113758586816,167307.730,89.350,VIRTUAL_FORWARD,1,1,1,1,14,0,-11.5540,14.3852,-18.0733,-15.5132,13.4671,-6.4861
1666,1113859555232,167408.698,100.968,VIRTUAL_FORWARD,1,1,1,1,14,0,-11.5540,14.3852,-18.0733,-15.5105,13.4711,-6.4884
1667,1113961867968,167511.011,102.313,VIRTUAL_FORWARD,1,1,1,1,14,0,-11.5540,14.3852,-18.0733,-15.5083,13.4748,-6.4895
1668,1114058305824,167607.449,96.438,VIRTUAL_FORWARD,1,1,1,1,14,0,-11.5540,14.3852,-18.0733,-15.5054,13.4783,-6.4906
1669,1114162284896,167711.428,103.979,VIRTUAL_FORWARD,1,1,1,1,14,0,-11.5540,14.3852,-18.0733,-15.5022,13.4814,-6.4913
1670,1114261966848,167811.110,99.682,VIRTUAL_FORWARD,1,1,1,1,14,0,-11.5540,14.3852,-18.0733,-15.4988,13.4860,-6.4927
1671,1114362129344,167911.272,100.162,VIRTUAL_FORWARD,1,1,1,1,14,0,-11.5540,14.3852,-18.0733,-15.4953,13.4909,-6.4934
1672,1114457436416,168006.579,95.307,VIRTUAL_FORWARD,1,1,1,1,14,0,-11.5540,14.3852,-18.0733,-15.4917,13.4936,-6.4954
1673,1114559536960,168108.680,102.101,VIRTUAL_FORWARD,1,1,1,1,14,0,-11.5540,14.3852,-18.0733,-15.4885,13.4943,-6.4978
1674,1114660439744,168209.583,100.903,VIRTUAL_FORWARD,1,1,1,1,14,0,-11.5540,14.3852,-18.0733,-15.4847,13.4968,-6.5004
1675,1114758032448,168307.175,97.593,VIRTUAL_FORWARD,1,1,1,1,14,0,-11.5540,14.3852,-18.0733,-15.4806,13.5004,-6.5033
1676,1114862635744,168411.779,104.603,VIRTUAL_FORWARD,1,1,1,1,14,0,-11.5540,14.3852,-18.0733,-15.4770,13.5032,-6.5072
1677,1114965062080,168514.205,102.426,VIRTUAL_FORWARD,1,1,1,1,14,0,-11.5540,14.3852,-18.0733,-15.4739,13.5054,-6.5112
1678,1115058924512,168608.067,93.862,VIRTUAL_FORWARD,1,1,1,1,14,0,-11.5540,14.3852,-18.0733,-15.4711,13.5086,-6.5160
1679,1115160766976,168709.910,101.842,VIRTUAL_FORWARD,1,1,1,1,14,0,-11.5540,14.3852,-18.0733,-15.4685,13.5125,-6.5200
1680,1115261975456,168811.118,101.208,VIRTUAL_FORWARD,1,1,1,1,14,0,-11.5540,14.3852,-18.0733,-15.4653,13.5168,-6.5226
1681,1115362207584,168911.350,100.232,VIRTUAL_FORWARD,1,1,1,1,14,0,-11.5540,14.3852,-18.0733,-15.4608,13.5224,-6.5250
1682,1115459868512,169009.011,97.661,VIRTUAL_FORWARD,1,1,1,1,14,0,-11.5540,14.3852,-18.0733,-15.4571,13.5279,-6.5296
1683,1115557690208,169106.833,97.822,VIRTUAL_FORWARD,1,1,1,1,14,0,-11.5540,14.3852,-18.0733,-15.4539,13.5331,-6.5348
1684,1115661008864,169210.152,103.319,VIRTUAL_FORWARD,1,1,1,1,14,0,-11.5540,14.3852,-18.0733,-15.4508,13.5369,-6.5389
1685,1115759663200,169308.806,98.654,VIRTUAL_FORWARD,1,1,1,1,14,0,-11.5540,14.3852,-18.0733,-15.4479,13.5395,-6.5434
1686,1115859818496,169408.961,100.155,VIRTUAL_FORWARD,1,1,1,1,14,0,-11.5540,14.3852,-18.0733,-15.4448,13.5419,-6.5478
1687,1115959437824,169508.581,99.619,VIRTUAL_FORWARD,1,1,1,1,14,0,-11.5540,14.3852,-18.0733,-15.4415,13.5440,-6.5514
1688,1116057535232,169606.678,98.097,VIRTUAL_FORWARD,1,1,1,1,14,0,-11.5540,14.3852,-18.0733,-15.4384,13.5469,-6.5564
1689,1116159113888,169708.257,101.579,VIRTUAL_FORWARD,1,1,1,1,14,0,-11.5540,14.3852,-18.0733,-15.4352,13.5504,-6.5624
1690,1116264802624,169813.946,105.689,VIRTUAL_FORWARD,1,1,1,1,14,0,-11.5540,14.3852,-18.0733,-15.4315,13.5535,-6.5672
1691,1116362003616,169911.147,97.201,VIRTUAL_FORWARD,1,1,1,1,14,0,-11.5540,14.3852,-18.0733,-15.4277,13.5562,-6.5706
1692,1116459442304,170008.585,97.439,VIRTUAL_FORWARD,1,1,1,1,14,0,-11.5540,14.3852,-18.0733,-15.4237,13.5594,-6.5745
1693,1116559204448,170108.347,99.762,VIRTUAL_FORWARD,1,1,1,1,14,0,-11.5540,14.3852,-18.0733,-15.4199,13.5628,-6.5780
1694,1116662155328,170211.298,102.951,VIRTUAL_FORWARD,1,1,1,1,14,0,-11.5540,14.3852,-18.0733,-15.4160,13.5661,-6.5811
1695,1116759020864,170308.164,96.866,VIRTUAL_FORWARD,1,1,1,1,14,0,-11.5540,14.3852,-18.0733,-15.4122,13.5692,-6.5836
1696,1116861277120,170410.420,102.256,VIRTUAL_FORWARD,1,1,1,1,14,0,-11.5540,14.3852,-18.0733,-15.4084,13.5723,-6.5876
1697,1116957748576,170506.891,96.471,VIRTUAL_FORWARD,1,1,1,1,14,0,-11.5540,14.3852,-18.0733,-15.4049,13.5750,-6.5912
1698,1117059938752,170609.082,102.190,VIRTUAL_FORWARD,1,1,1,1,14,0,-11.5540,14.3852,-18.0733,-15.4010,13.5777,-6.5949
1699,1117158110368,170707.253,98.172,VIRTUAL_FORWARD,1,1,1,1,14,0,-11.5540,14.3852,-18.0733,-15.3978,13.5797,-6.5987
1700,1117257261440,170806.404,99.151,VIRTUAL_FORWARD,1,1,1,1,14,0,-11.5540,14.3852,-18.0733,-15.3940,13.5827,-6.6024
1701,1117364413888,170913.557,107.152,VIRTUAL_FORWARD,1,1,1,1,14,0,-11.5540,14.3852,-18.0733,-15.3899,13.5862,-6.6051
1702,1117461884352,171011.027,97.470,VIRTUAL_FORWARD,1,1,1,1,14,0,-11.5540,14.3852,-18.0733,-15.3853,13.5904,-6.6093
1703,1117562044000,171111.187,100.160,VIRTUAL_FORWARD,1,1,1,1,14,0,-11.5540,14.3852,-18.0733,-15.3808,13.5944,-6.6131
1704,1117659604672,171208.748,97.561,VIRTUAL_FORWARD,1,1,1,1,14,0,-11.5540,14.3852,-18.0733,-15.3767,13.5980,-6.6177
1705,1117759055776,171308.199,99.451,VIRTUAL_FORWARD,1,1,1,1,14,0,-11.5540,14.3852,-18.0733,-15.3731,13.6009,-6.6213
1706,1117859164800,171408.308,100.109,VIRTUAL_FORWARD,1,1,1,1,14,0,-11.5540,14.3852,-18.0733,-15.3691,13.6038,-6.6254
1707,1117962082816,171511.226,102.918,VIRTUAL_FORWARD,1,1,1,1,14,0,-11.5540,14.3852,-18.0733,-15.3649,13.6064,-6.6296
1708,1118058229312,171607.372,96.146,VIRTUAL_FORWARD,1,1,1,1,14,0,-11.5540,14.3852,-18.0733,-15.3603,13.6094,-6.6350
1709,1118157797760,171706.941,99.568,VIRTUAL_FORWARD,1,1,1,1,14,0,-11.5540,14.3852,-18.0733,-15.3557,13.6124,-6.6399
1710,1118261280736,171810.424,103.483,VIRTUAL_FORWARD,1,1,1,1,14,0,-11.5540,14.3852,-18.0733,-15.3524,13.6160,-6.6456
1711,1118357305728,171906.449,96.025,VIRTUAL_FORWARD,1,1,1,1,14,0,-11.5540,14.3852,-18.0733,-15.3499,13.6195,-6.6501
1712,1118460279168,172009.422,102.973,VIRTUAL_FORWARD,1,1,1,1,14,0,-11.5540,14.3852,-18.0733,-15.3474,13.6223,-6.6540
1713,1118558485824,172107.629,98.207,VIRTUAL_FORWARD,1,1,1,1,14,0,-11.5540,14.3852,-18.0733,-15.3447,13.6243,-6.6587
1714,1118659981792,172209.125,101.496,VIRTUAL_FORWARD,1,1,1,1,14,0,-11.5540,14.3852,-18.0733,-15.3416,13.6281,-6.6637
1715,1118758375360,172307.518,98.394,VIRTUAL_FORWARD,1,1,1,1,14,0,-11.5540,14.3852,-18.0733,-15.3381,13.6328,-6.6678
1716,1118857218304,172406.361,98.843,VIRTUAL_FORWARD,1,1,1,1,14,0,-11.5540,14.3852,-18.0733,-15.3338,13.6372,-6.6728
1717,1118958870816,172508.014,101.653,VIRTUAL_FORWARD,1,1,1,1,14,0,-11.5540,14.3852,-18.0733,-15.3289,13.6408,-6.6782
1718,1119057751136,172606.894,98.880,VIRTUAL_FORWARD,1,1,1,1,14,0,-11.5540,14.3852,-18.0733,-15.3242,13.6450,-6.6831
1719,1119160718304,172709.861,102.967,VIRTUAL_FORWARD,1,1,1,1,14,0,-11.5540,14.3852,-18.0733,-15.3197,13.6501,-6.6881
1720,1119262518464,172811.661,101.800,VIRTUAL_FORWARD,1,1,1,1,14,0,-11.5540,14.3852,-18.0733,-15.3151,13.6550,-6.6927
1721,1119357631776,172906.775,95.113,VIRTUAL_FORWARD,1,1,1,1,14,0,-11.5540,14.3852,-18.0733,-15.3107,13.6595,-6.6974
1722,1119460879520,173010.022,103.248,VIRTUAL_FORWARD,1,1,1,1,14,0,-11.5540,14.3852,-18.0733,-15.3059,13.6642,-6.7040
1723,1119562299584,173111.442,101.420,VIRTUAL_FORWARD,1,1,1,1,14,0,-11.5540,14.3852,-18.0733,-15.3014,13.6683,-6.7103
1724,1119660635872,173209.779,98.336,VIRTUAL_FORWARD,1,1,1,1,14,0,-11.5540,14.3852,-18.0733,-15.2982,13.6727,-6.7160
1725,1119762639264,173311.782,102.003,VIRTUAL_FORWARD,1,1,1,1,14,0,-11.5540,14.3852,-18.0733,-15.2961,13.6772,-6.7213
1726,1119859904576,173409.047,97.265,VIRTUAL_FORWARD,1,1,1,1,14,0,-11.5540,14.3852,-18.0733,-15.2933,13.6814,-6.7285
1727,1119960975296,173510.118,101.071,VIRTUAL_FORWARD,1,1,1,1,14,0,-11.5540,14.3852,-18.0733,-15.2905,13.6847,-6.7344
1728,1120062072224,173611.215,101.097,VIRTUAL_FORWARD,1,1,1,1,14,0,-11.5540,14.3852,-18.0733,-15.2848,13.6892,-6.7391
1729,1120160958656,173710.102,98.886,VIRTUAL_FORWARD,1,1,1,1,14,0,-11.5540,14.3852,-18.0733,-15.2782,13.6939,-6.7422
1730,1120261001408,173810.144,100.043,VIRTUAL_FORWARD,1,1,1,1,14,0,-11.5540,14.3852,-18.0733,-15.2730,13.6979,-6.7454
1731,1120362045216,173911.188,101.044,VIRTUAL_FORWARD,1,1,1,1,14,0,-11.5540,14.3852,-18.0733,-15.2689,13.7012,-6.7482
1732,1120459847104,174008.990,97.802,VIRTUAL_FORWARD,1,1,1,1,14,0,-11.5540,14.3852,-18.0733,-15.2647,13.7047,-6.7515
1733,1120558668288,174107.811,98.821,VIRTUAL_FORWARD,1,1,1,1,14,0,-11.5540,14.3852,-18.0733,-15.2604,13.7083,-6.7538
1734,1120658115008,174207.258,99.447,VIRTUAL_FORWARD,1,1,1,1,14,0,-11.5540,14.3852,-18.0733,-15.2557,13.7129,-6.7579
1735,1120761897120,174311.040,103.782,VIRTUAL_FORWARD,1,1,1,1,14,0,-11.5540,14.3852,-18.0733,-15.2518,13.7170,-6.7617
1736,1120862455904,174411.599,100.559,VIRTUAL_FORWARD,1,1,1,1,14,0,-11.5540,14.3852,-18.0733,-15.2488,13.7207,-6.7664
1737,1120961711520,174510.854,99.256,VIRTUAL_FORWARD,1,1,1,1,14,0,-11.5540,14.3852,-18.0733,-15.2465,13.7238,-6.7709
1738,1121061749760,174610.893,100.038,VIRTUAL_FORWARD,1,1,1,1,14,0,-11.5540,14.3852,-18.0733,-15.2438,13.7291,-6.7754
1739,1121160529152,174709.672,98.779,VIRTUAL_FORWARD,1,1,1,1,14,0,-11.5540,14.3852,-18.0733,-15.2412,13.7349,-6.7777
1740,1121257371808,174806.515,96.843,VIRTUAL_FORWARD,1,1,1,1,14,0,-11.5540,14.3852,-18.0733,-15.2378,13.7398,-6.7816
1741,1121361030656,174910.174,103.659,VIRTUAL_FORWARD,1,1,1,1,14,0,-11.5540,14.3852,-18.0733,-15.2339,13.7438,-6.7861
1742,1121459049376,175008.192,98.019,VIRTUAL_FORWARD,1,1,1,1,14,0,-11.5540,14.3852,-18.0733,-15.2304,13.7472,-6.7900
1743,1121560655552,175109.798,101.606,VIRTUAL_FORWARD,1,1,1,1,14,0,-11.5540,14.3852,-18.0733,-15.2269,13.7505,-6.7937
1744,1121661759776,175210.903,101.104,VIRTUAL_FORWARD,1,1,1,1,14,0,-11.5540,14.3852,-18.0733,-15.2244,13.7552,-6.7983
1745,1121759186880,175308.330,97.427,VIRTUAL_FORWARD,1,1,1,1,14,0,-11.5540,14.3852,-18.0733,-15.2224,13.7603,-6.8026
1746,1121857233248,175406.376,98.046,VIRTUAL_FORWARD,1,1,1,1,14,0,-11.5540,14.3852,-18.0733,-15.2193,13.7654,-6.8074
1747,1121959474144,175508.617,102.241,VIRTUAL_FORWARD,1,1,1,1,14,0,-11.5540,14.3852,-18.0733,-15.2155,13.7703,-6.8117
1748,1122058515904,175607.659,99.042,VIRTUAL_FORWARD,1,1,1,1,14,0,-11.5540,14.3852,-18.0733,-15.2114,13.7761,-6.8159
1749,1122161388000,175710.531,102.872,VIRTUAL_FORWARD,1,1,1,1,14,0,-11.5540,14.3852,-18.0733,-15.2073,13.7822,-6.8198
1750,1122257968672,175807.112,96.581,VIRTUAL_FORWARD,1,1,1,1,14,0,-11.5540,14.3852,-18.0733,-15.2035,13.7872,-6.8234
1751,1122363614400,175912.757,105.646,VIRTUAL_FORWARD,1,1,1,1,14,0,-11.5540,14.3852,-18.0733,-15.1998,13.7915,-6.8272
1752,1122458488064,176007.631,94.874,VIRTUAL_FORWARD,1,1,1,1,14,0,-11.5540,14.3852,-18.0733,-15.1957,13.7960,-6.8317
1753,1122562423680,176111.567,103.936,VIRTUAL_FORWARD,1,1,1,1,14,0,-11.5540,14.3852,-18.0733,-15.1913,13.8008,-6.8365
1754,1122658786784,176207.930,96.363,VIRTUAL_FORWARD,1,1,1,1,14,0,-11.5540,14.3852,-18.0733,-15.1876,13.8057,-6.8407
1755,1122762070016,176311.213,103.283,VIRTUAL_FORWARD,1,1,1,1,14,0,-11.5540,14.3852,-18.0733,-15.1844,13.8105,-6.8451
1756,1122860104096,176409.247,98.034,VIRTUAL_FORWARD,1,1,1,1,14,0,-11.5540,14.3852,-18.0733,-15.1815,13.8157,-6.8493
1757,1122962740608,176511.884,102.637,VIRTUAL_FORWARD,1,1,1,1,14,0,-11.5540,14.3852,-18.0733,-15.1789,13.8207,-6.8536
1758,1123061831104,176610.974,99.090,VIRTUAL_FORWARD,1,1,1,1,14,0,-11.5540,14.3852,-18.0733,-15.1761,13.8264,-6.8591
1759,1123157969024,176707.112,96.138,VIRTUAL_FORWARD,1,1,1,1,14,0,-11.5540,14.3852,-18.0733,-15.1733,13.8323,-6.8645
1760,1123260890016,176810.033,102.921,VIRTUAL_FORWARD,1,1,1,1,14,0,-11.5540,14.3852,-18.0733,-15.1707,13.8376,-6.8681
1761,1123358378656,176907.522,97.489,VIRTUAL_FORWARD,1,1,1,1,14,0,-11.5540,14.3852,-18.0733,-15.1674,13.8435,-6.8711
1762,1123457728256,177006.871,99.350,VIRTUAL_FORWARD,1,1,1,1,14,0,-11.5540,14.3852,-18.0733,-15.1633,13.8485,-6.8738
1763,1123558881472,177108.024,101.153,VIRTUAL_FORWARD,1,1,1,1,14,0,-11.5540,14.3852,-18.0733,-15.1588,13.8527,-6.8751
1764,1123661302720,177210.446,102.421,VIRTUAL_FORWARD,1,1,1,1,14,0,-11.5540,14.3852,-18.0733,-15.1542,13.8578,-6.8770
1765,1123759924224,177309.067,98.622,VIRTUAL_FORWARD,1,1,1,1,14,0,-11.5540,14.3852,-18.0733,-15.1499,13.8628,-6.8782
1766,1123862932768,177412.076,103.009,VIRTUAL_FORWARD,1,1,1,1,14,0,-11.5540,14.3852,-18.0733,-15.1454,13.8676,-6.8788
1767,1123960180032,177509.323,97.247,VIRTUAL_FORWARD,1,1,1,1,14,0,-11.5540,14.3852,-18.0733,-15.1409,13.8721,-6.8810
1768,1124058857312,177608.000,98.677,VIRTUAL_FORWARD,1,1,1,1,14,0,-11.5540,14.3852,-18.0733,-15.1367,13.8763,-6.8836
1769,1124159387168,177708.530,100.530,VIRTUAL_FORWARD,1,1,1,1,14,0,-11.5540,14.3852,-18.0733,-15.1329,13.8801,-6.8853
1770,1124261391840,177810.535,102.005,VIRTUAL_FORWARD,1,1,1,1,14,0,-11.5540,14.3852,-18.0733,-15.1285,13.8850,-6.8884
1771,1124362081440,177911.224,100.690,VIRTUAL_FORWARD,1,1,1,1,14,0,-11.5540,14.3852,-18.0733,-15.1245,13.8895,-6.8908
1772,1124460705888,178009.849,98.624,VIRTUAL_FORWARD,1,1,1,1,14,0,-11.5540,14.3852,-18.0733,-15.1213,13.8954,-6.8939
1773,1124561065856,178110.209,100.360,VIRTUAL_FORWARD,1,1,1,1,14,0,-11.5540,14.3852,-18.0733,-15.1188,13.9013,-6.8970
1774,1124659288928,178208.432,98.223,VIRTUAL_FORWARD,1,1,1,1,14,0,-11.5540,14.3852,-18.0733,-15.1167,13.9080,-6.9017
1775,1124767008128,178316.151,107.719,VIRTUAL_FORWARD,1,1,1,1,14,0,-11.5540,14.3852,-18.0733,-15.1149,13.9145,-6.9056
1776,1124859542976,178408.686,92.535,VIRTUAL_FORWARD,1,1,1,1,14,0,-11.5540,14.3852,-18.0733,-15.1127,13.9204,-6.9094
1777,1124959444288,178508.587,99.901,VIRTUAL_FORWARD,1,1,1,1,14,0,-11.5540,14.3852,-18.0733,-15.1100,13.9259,-6.9136
1778,1125057617952,178606.761,98.174,VIRTUAL_FORWARD,1,1,1,1,14,0,-11.5540,14.3852,-18.0733,-15.1067,13.9308,-6.9186
1779,1125162071936,178711.215,104.454,VIRTUAL_FORWARD,1,1,1,1,14,0,-11.5540,14.3852,-18.0733,-15.1036,13.9343,-6.9230
1780,1125259620704,178808.764,97.549,VIRTUAL_FORWARD,1,1,1,1,14,0,-11.5540,14.3852,-18.0733,-15.1010,13.9382,-6.9277
1781,1125359511648,178908.655,99.891,VIRTUAL_FORWARD,1,1,1,1,14,0,-11.5540,14.3852,-18.0733,-15.0991,13.9423,-6.9324
1782,1125462264384,179011.407,102.753,VIRTUAL_FORWARD,1,1,1,1,14,0,-11.5540,14.3852,-18.0733,-15.0968,13.9466,-6.9373
1783,1125558481728,179107.625,96.217,VIRTUAL_FORWARD,1,1,1,1,14,0,-11.5540,14.3852,-18.0733,-15.0945,13.9508,-6.9422
1784,1125661904416,179211.047,103.423,VIRTUAL_FORWARD,1,1,1,1,14,0,-11.5540,14.3852,-18.0733,-15.0922,13.9554,-6.9465
1785,1125762220224,179311.363,100.316,VIRTUAL_FORWARD,1,1,1,1,14,0,-11.5540,14.3852,-18.0733,-15.0900,13.9607,-6.9510
1786,1125858249728,179407.393,96.030,VIRTUAL_FORWARD,1,1,1,1,14,0,-11.5540,14.3852,-18.0733,-15.0878,13.9665,-6.9563
1787,1125957295744,179506.439,99.046,VIRTUAL_FORWARD,1,1,1,1,14,0,-11.5540,14.3852,-18.0733,-15.0854,13.9739,-6.9627
1788,1126062358688,179611.502,105.063,VIRTUAL_FORWARD,1,1,1,1,14,0,-11.5540,14.3852,-18.0733,-15.0830,13.9792,-6.9687
1789,1126162607872,179711.751,100.249,VIRTUAL_FORWARD,1,1,1,1,14,0,-11.5540,14.3852,-18.0733,-15.0806,13.9835,-6.9743
1790,1126260980064,179810.123,98.372,VIRTUAL_FORWARD,1,1,1,1,14,0,-11.5540,14.3852,-18.0733,-15.0781,13.9897,-6.9815
1791,1126364473760,179913.617,103.494,VIRTUAL_FORWARD,1,1,1,1,14,0,-11.5540,14.3852,-18.0733,-15.0760,13.9962,-6.9879
1792,1126459008960,180008.152,94.535,VIRTUAL_FORWARD,1,1,1,1,14,0,-11.5540,14.3852,-18.0733,-15.0737,14.0023,-6.9946
1793,1126565579200,180114.722,106.570,VIRTUAL_FORWARD,1,1,1,1,14,0,-11.5540,14.3852,-18.0733,-15.0714,14.0079,-7.0002
1794,1126660200832,180209.344,94.622,VIRTUAL_FORWARD,1,1,1,1,14,0,-11.5540,14.3852,-18.0733,-15.0691,14.0141,-7.0047
1795,1126762576224,180311.719,102.375,VIRTUAL_FORWARD,1,1,1,1,14,0,-11.5540,14.3852,-18.0733,-15.0669,14.0203,-7.0090
1796,1126858998784,180408.142,96.423,VIRTUAL_FORWARD,1,1,1,1,14,0,-11.5540,14.3852,-18.0733,-15.0649,14.0267,-7.0140
1797,1126958153184,180507.296,99.154,VIRTUAL_FORWARD,1,1,1,1,14,0,-11.5540,14.3852,-18.0733,-15.0629,14.0342,-7.0208
1798,1127060087424,180609.230,101.934,VIRTUAL_FORWARD,1,1,1,1,14,0,-11.5540,14.3852,-18.0733,-15.0599,14.0407,-7.0275
1799,1127157817696,180706.961,97.730,VIRTUAL_FORWARD,1,1,1,1,14,0,-11.5540,14.3852,-18.0733,-15.0566,14.0463,-7.0331
1800,1127268307648,180817.451,110.490,VIRTUAL_FORWARD,1,1,1,1,14,0,-11.5540,14.3852,-18.0733,-15.0543,14.0526,-7.0403
1801,1127360846496,180909.989,92.539,VIRTUAL_FORWARD,1,1,1,1,14,0,-11.5540,14.3852,-18.0733,-15.0527,14.0585,-7.0472
1802,1127459615424,181008.758,98.769,VIRTUAL_FORWARD,1,1,1,1,14,0,-11.5540,14.3852,-18.0733,-15.0506,14.0645,-7.0541
1803,1127557444384,181106.587,97.829,VIRTUAL_FORWARD,1,1,1,1,14,0,-11.5540,14.3852,-18.0733,-15.0483,14.0703,-7.0605
1804,1127657690400,181206.833,100.246,VIRTUAL_FORWARD,1,1,1,1,14,0,-11.5540,14.3852,-18.0733,-15.0466,14.0757,-7.0660
1805,1127759236128,181308.379,101.546,VIRTUAL_FORWARD,1,1,1,1,14,0,-11.5540,14.3852,-18.0733,-15.0453,14.0817,-7.0719
1806,1127863396192,181412.539,104.160,VIRTUAL_FORWARD,1,1,1,1,14,0,-11.5540,14.3852,-18.0733,-15.0450,14.0877,-7.0774
1807,1127957450112,181506.593,94.054,VIRTUAL_FORWARD,1,1,1,1,14,0,-11.5540,14.3852,-18.0733,-15.0453,14.0939,-7.0838
1808,1128059334560,181608.477,101.884,VIRTUAL_FORWARD,1,1,1,1,14,0,-11.5540,14.3852,-18.0733,-15.0441,14.0999,-7.0914
1809,1128161064800,181710.208,101.730,VIRTUAL_FORWARD,1,1,1,1,14,0,-11.5540,14.3852,-18.0733,-15.0417,14.1056,-7.0986
1810,1128261294720,181810.438,100.230,VIRTUAL_FORWARD,1,1,1,1,14,0,-11.5540,14.3852,-18.0733,-15.0403,14.1115,-7.1067
1811,1128358413024,181907.556,97.118,VIRTUAL_FORWARD,1,1,1,1,14,0,-11.5540,14.3852,-18.0733,-15.0396,14.1173,-7.1153
1812,1128462744128,182011.887,104.331,VIRTUAL_FORWARD,1,1,1,1,14,0,-11.5540,14.3852,-18.0733,-15.0386,14.1233,-7.1245
1813,1128567579648,182116.723,104.836,VIRTUAL_FORWARD,1,1,1,1,14,0,-11.5540,14.3852,-18.0733,-15.0374,14.1292,-7.1323
1814,1128663541056,182212.684,95.961,VIRTUAL_FORWARD,1,1,1,1,14,0,-11.5540,14.3852,-18.0733,-15.0356,14.1353,-7.1403
1815,1128759042976,182308.186,95.502,VIRTUAL_FORWARD,1,1,1,1,14,0,-11.5540,14.3852,-18.0733,-15.0334,14.1406,-7.1483
1816,1128861164320,182410.307,102.121,VIRTUAL_FORWARD,1,1,1,1,14,0,-11.5540,14.3852,-18.0733,-15.0316,14.1464,-7.1571
1817,1128962519520,182511.662,101.355,VIRTUAL_FORWARD,1,1,1,1,14,0,-11.5540,14.3852,-18.0733,-15.0300,14.1524,-7.1663
1818,1129057033056,182606.176,94.514,VIRTUAL_FORWARD,1,1,1,1,14,0,-11.5540,14.3852,-18.0733,-15.0282,14.1631,-7.1817
1819,1129161382016,182710.525,104.349,VIRTUAL_FORWARD,1,1,1,1,14,0,-11.5540,14.3852,-18.0733,-15.0278,14.1654,-7.1846
1820,1129260509440,182809.652,99.127,VIRTUAL_FORWARD,1,1,1,1,14,0,-11.5540,14.3852,-18.0733,-15.0274,14.1713,-7.1920
1821,1129359139264,182908.282,98.630,VIRTUAL_FORWARD,1,1,1,1,14,0,-11.5540,14.3852,-18.0733,-15.0280,14.1784,-7.2014
1822,1129464566976,183013.710,105.428,VIRTUAL_FORWARD,1,1,1,1,14,0,-11.5540,14.3852,-18.0733,-15.0284,14.1862,-7.2105
1823,1129558100736,183107.244,93.534,VIRTUAL_FORWARD,1,1,1,1,14,0,-11.5540,14.3852,-18.0733,-15.0286,14.1944,-7.2176
1824,1129660708608,183209.852,102.608,VIRTUAL_FORWARD,1,1,1,1,14,0,-11.5540,14.3852,-18.0733,-15.0293,14.2031,-7.2262
1825,1129768811232,183317.954,108.103,VIRTUAL_FORWARD,1,1,1,1,14,0,-11.5540,14.3852,-18.0733,-15.0305,14.2185,-7.2461
1826,1129862560512,183411.703,93.749,VIRTUAL_FORWARD,1,1,1,1,14,0,-11.5540,14.3852,-18.0733,-15.0305,14.2185,-7.2461
1827,1129962962112,183512.105,100.402,VIRTUAL_FORWARD,1,1,1,1,14,0,-11.5540,14.3852,-18.0733,-15.0308,14.2259,-7.2554
1828,1130058136544,183607.279,95.174,VIRTUAL_FORWARD,1,1,1,1,14,0,-11.5540,14.3852,-18.0733,-15.0312,14.2328,-7.2655
1829,1130157234080,183706.377,99.098,VIRTUAL_FORWARD,1,1,1,1,14,0,-11.5540,14.3852,-18.0733,-15.0316,14.2386,-7.2743
1830,1130259568448,183808.711,102.334,VIRTUAL_FORWARD,1,1,1,1,14,0,-11.5540,14.3852,-18.0733,-15.0321,14.2460,-7.2849
1831,1130359044800,183908.188,99.476,VIRTUAL_FORWARD,1,1,1,1,14,0,-11.5540,14.3852,-18.0733,-15.0325,14.2521,-7.2928
1832,1130461476192,184010.619,102.431,VIRTUAL_FORWARD,1,1,1,1,14,0,-11.5540,14.3852,-18.0733,-15.0324,14.2585,-7.3028
1833,1130562902560,184112.045,101.426,VIRTUAL_FORWARD,1,1,1,1,14,0,-11.5540,14.3852,-18.0733,-15.0318,14.2647,-7.3141
1834,1130659441056,184208.584,96.538,VIRTUAL_FORWARD,1,1,1,1,14,0,-11.5540,14.3852,-18.0733,-15.0317,14.2715,-7.3261
1835,1130759555936,184308.699,100.115,VIRTUAL_FORWARD,1,1,1,1,14,0,-11.5540,14.3852,-18.0733,-15.0319,14.2780,-7.3373
1836,1130860826208,184409.969,101.270,VIRTUAL_FORWARD,1,1,1,1,14,0,-11.5540,14.3852,-18.0733,-15.0324,14.2847,-7.3481
1837,1130963419328,184512.562,102.593,VIRTUAL_FORWARD,1,1,1,1,14,0,-11.5540,14.3852,-18.0733,-15.0332,14.2920,-7.3607
1838,1131057174432,184606.317,93.755,VIRTUAL_FORWARD,1,1,1,1,14,0,-11.5540,14.3852,-18.0733,-15.0333,14.2986,-7.3733
1839,1131159340192,184708.483,102.166,VIRTUAL_FORWARD,1,1,1,1,14,0,-11.5540,14.3852,-18.0733,-15.0327,14.3048,-7.3852
1840,1131258466080,184807.609,99.126,VIRTUAL_FORWARD,1,1,1,1,14,0,-11.5540,14.3852,-18.0733,-15.0322,14.3107,-7.3958
1841,1131358926880,184908.070,100.461,VIRTUAL_FORWARD,1,1,1,1,14,0,-11.5540,14.3852,-18.0733,-15.0316,14.3179,-7.4068
1842,1131461273472,185010.416,102.347,VIRTUAL_FORWARD,1,1,1,1,14,0,-11.5540,14.3852,-18.0733,-15.0327,14.3246,-7.4186
1843,1131558854656,185107.998,97.581,VIRTUAL_FORWARD,1,1,1,1,14,0,-11.5540,14.3852,-18.0733,-15.0346,14.3307,-7.4287
1844,1131662544064,185211.687,103.689,VIRTUAL_FORWARD,1,1,1,1,14,0,-11.5540,14.3852,-18.0733,-15.0355,14.3368,-7.4387
1845,1131759052576,185308.195,96.509,VIRTUAL_FORWARD,1,1,1,1,14,0,-11.5540,14.3852,-18.0733,-15.0357,14.3427,-7.4474
1846,1131861195552,185410.338,102.143,VIRTUAL_FORWARD,1,1,1,1,14,0,-11.5540,14.3852,-18.0733,-15.0366,14.3482,-7.4553
1847,1131959684672,185508.828,98.489,VIRTUAL_FORWARD,1,1,1,1,14,0,-11.5540,14.3852,-18.0733,-15.0383,14.3536,-7.4646
1848,1132057044512,185606.187,97.360,VIRTUAL_FORWARD,1,1,1,1,14,0,-11.5540,14.3852,-18.0733,-15.0395,14.3594,-7.4741
1849,1132160649984,185709.793,103.605,VIRTUAL_FORWARD,1,1,1,1,14,0,-11.5540,14.3852,-18.0733,-15.0404,14.3657,-7.4844
1850,1132264178528,185813.321,103.529,VIRTUAL_FORWARD,1,1,1,1,14,0,-11.5540,14.3852,-18.0733,-15.0415,14.3709,-7.4940
1851,1132363215712,185912.359,99.037,VIRTUAL_FORWARD,1,1,1,1,14,0,-11.5540,14.3852,-18.0733,-15.0430,14.3765,-7.5038
1852,1132461299200,186010.442,98.083,VIRTUAL_FORWARD,1,1,1,1,14,0,-11.5540,14.3852,-18.0733,-15.0439,14.3834,-7.5137
1853,1132560958112,186110.101,99.659,VIRTUAL_FORWARD,1,1,1,1,14,0,-11.5540,14.3852,-18.0733,-15.0444,14.3897,-7.5211
1854,1132657194976,186206.338,96.237,VIRTUAL_FORWARD,1,1,1,1,14,0,-11.5540,14.3852,-18.0733,-15.0444,14.3969,-7.5289
1855,1132758505248,186307.648,101.310,VIRTUAL_FORWARD,1,1,1,1,14,0,-11.5540,14.3852,-18.0733,-15.0441,14.4038,-7.5357
1856,1132859285856,186408.429,100.781,VIRTUAL_FORWARD,1,1,1,1,14,0,-11.5540,14.3852,-18.0733,-15.0444,14.4100,-7.5428
1857,1132959433056,186508.576,100.147,VIRTUAL_FORWARD,1,1,1,1,14,0,-11.5540,14.3852,-18.0733,-15.0454,14.4159,-7.5506
1858,1133062072576,186611.215,102.640,VIRTUAL_FORWARD,1,1,1,1,14,0,-11.5540,14.3852,-18.0733,-15.0462,14.4213,-7.5566
1859,1133157530624,186706.674,95.458,VIRTUAL_FORWARD,1,1,1,1,14,0,-11.5540,14.3852,-18.0733,-15.0468,14.4269,-7.5625
1860,1133259474080,186808.617,101.943,VIRTUAL_FORWARD,1,1,1,1,14,0,-11.5540,14.3852,-18.0733,-15.0472,14.4338,-7.5671
1861,1133357835648,186906.979,98.362,VIRTUAL_FORWARD,1,1,1,1,14,0,-11.5540,14.3852,-18.0733,-15.0474,14.4417,-7.5723
1862,1133460868288,187010.011,103.033,VIRTUAL_FORWARD,1,1,1,1,14,0,-11.5540,14.3852,-18.0733,-15.0484,14.4488,-7.5779
1863,1133557487584,187106.630,96.619,VIRTUAL_FORWARD,1,1,1,1,14,0,-11.5540,14.3852,-18.0733,-15.0498,14.4548,-7.5835
1864,1133658627904,187207.771,101.140,VIRTUAL_FORWARD,1,1,1,1,14,0,-11.5540,14.3852,-18.0733,-15.0511,14.4603,-7.5891
1865,1133761908352,187311.051,103.280,VIRTUAL_FORWARD,1,1,1,1,14,0,-11.5540,14.3852,-18.0733,-15.0520,14.4651,-7.5943
1866,1133858368576,187407.511,96.460,VIRTUAL_FORWARD,1,1,1,1,14,0,-11.5540,14.3852,-18.0733,-15.0524,14.4697,-7.5991
1867,1133962546912,187511.690,104.178,VIRTUAL_FORWARD,1,1,1,1,14,0,-11.5540,14.3852,-18.0733,-15.0522,14.4742,-7.6047
1868,1134060956128,187610.099,98.409,VIRTUAL_FORWARD,1,1,1,1,14,0,-11.5540,14.3852,-18.0733,-15.0529,14.4796,-7.6103
1869,1134159335712,187708.479,98.380,VIRTUAL_FORWARD,1,1,1,1,14,0,-11.5540,14.3852,-18.0733,-15.0550,14.4869,-7.6184
1870,1134262063840,187811.207,102.728,VIRTUAL_FORWARD,1,1,1,1,14,0,-11.5540,14.3852,-18.0733,-15.0543,14.4962,-7.6288
1871,1134360204704,187909.348,98.141,VIRTUAL_FORWARD,1,1,1,1,14,0,-11.5540,14.3852,-18.0733,-15.0539,14.4975,-7.6300
1872,1134458817088,188007.960,98.612,VIRTUAL_FORWARD,1,1,1,1,14,0,-11.5540,14.3852,-18.0733,-15.0537,14.5036,-7.6362
1873,1134561299264,188110.442,102.482,VIRTUAL_FORWARD,1,1,1,1,14,0,-11.5540,14.3852,-18.0733,-15.0542,14.5103,-7.6428
1874,1134662431104,188211.574,101.132,VIRTUAL_FORWARD,1,1,1,1,14,0,-11.5540,14.3852,-18.0733,-15.0556,14.5174,-7.6510
1875,1134759463584,188308.606,97.032,VIRTUAL_FORWARD,1,1,1,1,14,0,-11.5540,14.3852,-18.0733,-15.0571,14.5227,-7.6571
1876,1134860367328,188409.510,100.904,VIRTUAL_FORWARD,1,1,1,1,14,0,-11.5540,14.3852,-18.0733,-15.0589,14.5287,-7.6647
1877,1134959288480,188508.431,98.921,VIRTUAL_FORWARD,1,1,1,1,14,0,-11.5540,14.3852,-18.0733,-15.0608,14.5351,-7.6716
1878,1135060877760,188610.021,101.589,VIRTUAL_FORWARD,1,1,1,1,14,0,-11.5540,14.3852,-18.0733,-15.0625,14.5410,-7.6799
1879,1135162194592,188711.338,101.317,VIRTUAL_FORWARD,1,1,1,1,14,0,-11.5540,14.3852,-18.0733,-15.0639,14.5460,-7.6848
1880,1135257951424,188807.094,95.757,VIRTUAL_FORWARD,1,1,1,1,14,0,-11.5540,14.3852,-18.0733,-15.0652,14.5517,-7.6882
1881,1135361990816,188911.134,104.039,VIRTUAL_FORWARD,1,1,1,1,14,0,-11.5540,14.3852,-18.0733,-15.0664,14.5586,-7.6933
1882,1135461215904,189010.359,99.225,VIRTUAL_FORWARD,1,1,1,1,14,0,-11.5540,14.3852,-18.0733,-15.0680,14.5654,-7.6988
1883,1135557927392,189107.070,96.711,VIRTUAL_FORWARD,1,1,1,1,14,0,-11.5540,14.3852,-18.0733,-15.0697,14.5716,-7.7053
1884,1135659737888,189208.881,101.810,VIRTUAL_FORWARD,1,1,1,1,14,0,-11.5540,14.3852,-18.0733,-15.0714,14.5781,-7.7123
1885,1135759655712,189308.799,99.918,VIRTUAL_FORWARD,1,1,1,1,14,0,-11.5540,14.3852,-18.0733,-15.0730,14.5843,-7.7203
1886,1135860438656,189409.582,100.783,VIRTUAL_FORWARD,1,1,1,1,14,0,-11.5540,14.3852,-18.0733,-15.0746,14.5903,-7.7292
1887,1135957753824,189506.897,97.315,VIRTUAL_FORWARD,1,1,1,1,14,0,-11.5540,14.3852,-18.0733,-15.0761,14.5965,-7.7374
1888,1136057900448,189607.043,100.147,VIRTUAL_FORWARD,1,1,1,1,14,0,-11.5540,14.3852,-18.0733,-15.0772,14.6026,-7.7450
1889,1136159423328,189708.566,101.523,VIRTUAL_FORWARD,1,1,1,1,14,0,-11.5540,14.3852,-18.0733,-15.0780,14.6087,-7.7519
1890,1136259824448,189808.967,100.401,VIRTUAL_FORWARD,1,1,1,1,14,0,-11.5540,14.3852,-18.0733,-15.0792,14.6157,-7.7598
1891,1136360104096,189909.247,100.280,VIRTUAL_FORWARD,1,1,1,1,14,0,-11.5540,14.3852,-18.0733,-15.0803,14.6222,-7.7662
1892,1136459497568,190008.640,99.393,VIRTUAL_FORWARD,1,1,1,1,14,0,-11.5540,14.3852,-18.0733,-15.0813,14.6296,-7.7736
1893,1136559791712,190108.935,100.294,VIRTUAL_FORWARD,1,1,1,1,14,0,-11.5540,14.3852,-18.0733,-15.0821,14.6379,-7.7817
1894,1136660414080,190209.557,100.622,VIRTUAL_FORWARD,1,1,1,1,14,0,-11.5540,14.3852,-18.0733,-15.0833,14.6445,-7.7898
1895,1136762381152,190311.524,101.967,VIRTUAL_FORWARD,1,1,1,1,14,0,-11.5540,14.3852,-18.0733,-15.0851,14.6517,-7.7977
1896,1136862286400,190411.429,99.905,VIRTUAL_FORWARD,1,1,1,1,14,0,-11.5540,14.3852,-18.0733,-15.0866,14.6603,-7.8053
1897,1136962057536,190511.200,99.771,VIRTUAL_FORWARD,1,1,1,1,14,0,-11.5540,14.3852,-18.0733,-15.0878,14.6689,-7.8117
1898,1137059802656,190608.946,97.745,VIRTUAL_FORWARD,1,1,1,1,14,0,-11.5540,14.3852,-18.0733,-15.0886,14.6772,-7.8182
1899,1137157994592,190707.138,98.192,VIRTUAL_FORWARD,1,1,1,1,14,0,-11.5540,14.3852,-18.0733,-15.0888,14.6849,-7.8239
1900,1137259636416,190808.779,101.642,VIRTUAL_FORWARD,1,1,1,1,14,0,-11.5540,14.3852,-18.0733,-15.0895,14.6924,-7.8293
1901,1137362844992,190911.988,103.209,VIRTUAL_FORWARD,1,1,1,1,14,0,-11.5540,14.3852,-18.0733,-15.0907,14.7001,-7.8361
1902,1137466710688,191015.854,103.866,VIRTUAL_FORWARD,1,1,1,1,14,0,-11.5540,14.3852,-18.0733,-15.0912,14.7079,-7.8436
1903,1137561201856,191110.345,94.491,VIRTUAL_FORWARD,1,1,1,1,14,0,-11.5540,14.3852,-18.0733,-15.0911,14.7154,-7.8516
1904,1137659382304,191208.525,98.180,VIRTUAL_FORWARD,1,1,1,1,14,0,-11.5540,14.3852,-18.0733,-15.0927,14.7231,-7.8619
1905,1137757529952,191306.673,98.148,VIRTUAL_FORWARD,1,1,1,1,14,0,-11.5540,14.3852,-18.0733,-15.0949,14.7292,-7.8705
1906,1137860146080,191409.289,102.616,VIRTUAL_FORWARD,1,1,1,1,14,0,-11.5540,14.3852,-18.0733,-15.0964,14.7360,-7.8800
1907,1137958306400,191507.449,98.160,VIRTUAL_FORWARD,1,1,1,1,14,0,-11.5540,14.3852,-18.0733,-15.0971,14.7431,-7.8895
1908,1138058458464,191607.601,100.152,VIRTUAL_FORWARD,1,1,1,1,14,0,-11.5540,14.3852,-18.0733,-15.0977,14.7503,-7.8999
1909,1138160553376,191709.696,102.095,VIRTUAL_FORWARD,1,1,1,1,14,0,-11.5540,14.3852,-18.0733,-15.0981,14.7573,-7.9091
1910,1138261717536,191810.860,101.164,VIRTUAL_FORWARD,1,1,1,1,14,0,-11.5540,14.3852,-18.0733,-15.0983,14.7641,-7.9158
1911,1138360832640,191909.976,99.115,VIRTUAL_FORWARD,1,1,1,1,14,0,-11.5540,14.3852,-18.0733,-15.0984,14.7703,-7.9203
1912,1138458141408,192007.284,97.309,VIRTUAL_FORWARD,1,1,1,1,14,0,-11.5540,14.3852,-18.0733,-15.0989,14.7767,-7.9240
1913,1138562680960,192111.824,104.540,VIRTUAL_FORWARD,1,1,1,1,14,0,-11.5540,14.3852,-18.0733,-15.1002,14.7843,-7.9298
1914,1138659947264,192209.090,97.266,VIRTUAL_FORWARD,1,1,1,1,14,0,-11.5540,14.3852,-18.0733,-15.1013,14.7923,-7.9365
1915,1138773022816,192322.166,113.076,VIRTUAL_FORWARD,1,1,1,1,14,0,-11.5540,14.3852,-18.0733,-15.1024,14.8007,-7.9435
1916,1138859296288,192408.439,86.273,VIRTUAL_FORWARD,1,1,1,1,14,0,-11.5540,14.3852,-18.0733,-15.1035,14.8083,-7.9510
1917,1138957238112,192506.381,97.942,VIRTUAL_FORWARD,1,1,1,1,14,0,-11.5540,14.3852,-18.0733,-15.1046,14.8150,-7.9584
1918,1139061053696,192610.197,103.816,VIRTUAL_FORWARD,1,1,1,1,14,0,-11.5540,14.3852,-18.0733,-15.1050,14.8228,-7.9656
1919,1139158872064,192708.015,97.818,VIRTUAL_FORWARD,1,1,1,1,14,0,-11.5540,14.3852,-18.0733,-15.1051,14.8323,-7.9733
1920,1139257502528,192806.645,98.630,VIRTUAL_FORWARD,1,1,1,1,14,0,-11.5540,14.3852,-18.0733,-15.1052,14.8402,-7.9790
1921,1139368577440,192917.720,111.075,VIRTUAL_FORWARD,1,1,1,1,14,0,-11.5540,14.3852,-18.0733,-15.1059,14.8475,-7.9870
1922,1139461035296,193010.178,92.458,VIRTUAL_FORWARD,1,1,1,1,14,0,-11.5540,14.3852,-18.0733,-15.1067,14.8545,-7.9928
1923,1139562453472,193111.596,101.418,VIRTUAL_FORWARD,1,1,1,1,14,0,-11.5540,14.3852,-18.0733,-15.1087,14.8633,-8.0013
1924,1139657843264,193206.986,95.390,VIRTUAL_FORWARD,1,1,1,1,14,0,-11.5540,14.3852,-18.0733,-15.1103,14.8717,-8.0079
1925,1139759698560,193308.841,101.855,VIRTUAL_FORWARD,1,1,1,1,14,0,-11.5540,14.3852,-18.0733,-15.1121,14.8812,-8.0166
1926,1139860368928,193409.512,100.670,VIRTUAL_FORWARD,1,1,1,1,14,0,-11.5540,14.3852,-18.0733,-15.1131,14.8906,-8.0255
1927,1139962224928,193511.368,101.856,VIRTUAL_FORWARD,1,1,1,1,14,0,-11.5540,14.3852,-18.0733,-15.1133,14.9004,-8.0343
1928,1140059546720,193608.690,97.322,VIRTUAL_FORWARD,1,1,1,1,14,0,-11.5540,14.3852,-18.0733,-15.1139,14.9096,-8.0427
1929,1140157362784,193706.506,97.816,VIRTUAL_FORWARD,1,1,1,1,14,0,-11.5540,14.3852,-18.0733,-15.1148,14.9188,-8.0517
1930,1140260648864,193809.792,103.286,VIRTUAL_FORWARD,1,1,1,1,14,0,-11.5540,14.3852,-18.0733,-15.1148,14.9279,-8.0607
1931,1140361036448,193910.179,100.388,VIRTUAL_FORWARD,1,1,1,1,14,0,-11.5540,14.3852,-18.0733,-15.1141,14.9364,-8.0695
1932,1140462130272,194011.273,101.094,VIRTUAL_FORWARD,1,1,1,1,14,0,-11.5540,14.3852,-18.0733,-15.1141,14.9454,-8.0778
1933,1140562225088,194111.368,100.095,VIRTUAL_FORWARD,1,1,1,1,14,0,-11.5540,14.3852,-18.0733,-15.1152,14.9542,-8.0860
1934,1140659763808,194208.907,97.539,VIRTUAL_FORWARD,1,1,1,1,14,0,-11.5540,14.3852,-18.0733,-15.1169,14.9635,-8.0937
1935,1140759414880,194308.558,99.651,VIRTUAL_FORWARD,1,1,1,1,14,0,-11.5540,14.3852,-18.0733,-15.1188,14.9726,-8.1009
1936,1140861186528,194410.329,101.772,VIRTUAL_FORWARD,1,1,1,1,14,0,-11.5540,14.3852,-18.0733,-15.1202,14.9812,-8.1073
1937,1140961072352,194510.215,99.886,VIRTUAL_FORWARD,1,1,1,1,14,0,-11.5540,14.3852,-18.0733,-15.1216,14.9904,-8.1148
1938,1141060939616,194610.083,99.867,VIRTUAL_FORWARD,1,1,1,1,14,0,-11.5540,14.3852,-18.0733,-15.1225,14.9983,-8.1225
1939,1141171456096,194720.599,110.516,VIRTUAL_FORWARD,1,1,1,1,14,0,-11.5540,14.3852,-18.0733,-15.1232,15.0065,-8.1307
1940,1141257957440,194807.100,86.501,VIRTUAL_FORWARD,1,1,1,1,14,0,-11.5540,14.3852,-18.0733,-15.1235,15.0158,-8.1394
1941,1141363833824,194912.977,105.876,VIRTUAL_FORWARD,1,1,1,1,14,0,-11.5540,14.3852,-18.0733,-15.1234,15.0243,-8.1471
1942,1141461218784,195010.362,97.385,VIRTUAL_FORWARD,1,1,1,1,14,0,-11.5540,14.3852,-18.0733,-15.1242,15.0348,-8.1574
1943,1141559883264,195109.026,98.664,VIRTUAL_FORWARD,1,1,1,1,14,0,-11.5540,14.3852,-18.0733,-15.1250,15.0450,-8.1665
1944,1141660862016,195210.005,100.979,VIRTUAL_FORWARD,1,1,1,1,14,0,-11.5540,14.3852,-18.0733,-15.1262,15.0545,-8.1753
1945,1141761821088,195310.964,100.959,VIRTUAL_FORWARD,1,1,1,1,14,0,-11.5540,14.3852,-18.0733,-15.1273,15.0631,-8.1829
1946,1141857955136,195407.098,96.134,VIRTUAL_FORWARD,1,1,1,1,14,0,-11.5540,14.3852,-18.0733,-15.1283,15.0731,-8.1915
1947,1141962698784,195511.842,104.744,VIRTUAL_FORWARD,1,1,1,1,14,0,-11.5540,14.3852,-18.0733,-15.1289,15.0838,-8.1996
1948,1142061405536,195610.548,98.707,VIRTUAL_FORWARD,1,1,1,1,14,0,-11.5540,14.3852,-18.0733,-15.1300,15.0946,-8.2094
1949,1142159106560,195708.249,97.701,VIRTUAL_FORWARD,1,1,1,1,14,0,-11.5540,14.3852,-18.0733,-15.1311,15.1032,-8.2170
1950,1142262996000,195812.139,103.889,VIRTUAL_FORWARD,1,1,1,1,14,0,-11.5540,14.3852,-18.0733,-15.1317,15.1131,-8.2267
1951,1142358943744,195908.087,95.948,VIRTUAL_FORWARD,1,1,1,1,14,0,-11.5540,14.3852,-18.0733,-15.1317,15.1224,-8.2343
1952,1142461315584,196010.458,102.372,VIRTUAL_FORWARD,1,1,1,1,14,0,-11.5540,14.3852,-18.0733,-15.1319,15.1330,-8.2445
1953,1142557422144,196106.565,96.107,VIRTUAL_FORWARD,1,1,1,1,14,0,-11.5540,14.3852,-18.0733,-15.1322,15.1431,-8.2533
1954,1142657340256,196206.483,99.918,VIRTUAL_FORWARD,1,1,1,1,14,0,-11.5540,14.3852,-18.0733,-15.1325,15.1532,-8.2625
1955,1142758063552,196307.206,100.723,VIRTUAL_FORWARD,1,1,1,1,14,0,-11.5540,14.3852,-18.0733,-15.1328,15.1631,-8.2719
1956,1142862321632,196411.465,104.258,VIRTUAL_FORWARD,1,1,1,1,14,0,-11.5540,14.3852,-18.0733,-15.1339,15.1736,-8.2832
1957,1142958000352,196507.143,95.679,VIRTUAL_FORWARD,1,1,1,1,14,0,-11.5540,14.3852,-18.0733,-15.1352,15.1830,-8.2923
1958,1143058158912,196607.302,100.159,VIRTUAL_FORWARD,1,1,1,1,14,0,-11.5540,14.3852,-18.0733,-15.1379,15.1941,-8.3033
1959,1143158757696,196707.901,100.599,VIRTUAL_FORWARD,1,1,1,1,14,0,-11.5540,14.3852,-18.0733,-15.1408,15.2036,-8.3119
1960,1143258451456,196807.594,99.694,VIRTUAL_FORWARD,1,1,1,1,14,0,-11.5540,14.3852,-18.0733,-15.1429,15.2149,-8.3228
1961,1143362257280,196911.400,103.806,VIRTUAL_FORWARD,1,1,1,1,14,0,-11.5540,14.3852,-18.0733,-15.1439,15.2238,-8.3321
1962,1143463008160,197012.151,100.751,VIRTUAL_FORWARD,1,1,1,1,14,0,-11.5540,14.3852,-18.0733,-15.1444,15.2336,-8.3441
1963,1143558408160,197107.551,95.400,VIRTUAL_FORWARD,1,1,1,1,14,0,-11.5540,14.3852,-18.0733,-15.1442,15.2429,-8.3550
1964,1143664564800,197213.708,106.157,VIRTUAL_FORWARD,1,1,1,1,14,0,-11.5540,14.3852,-18.0733,-15.1454,15.2528,-8.3668
1965,1143757623072,197306.766,93.058,VIRTUAL_FORWARD,1,1,1,1,14,0,-11.5540,14.3852,-18.0733,-15.1476,15.2628,-8.3779
1966,1143857191520,197406.334,99.568,VIRTUAL_FORWARD,1,1,1,1,14,0,-11.5540,14.3852,-18.0733,-15.1493,15.2722,-8.3875
1967,1143957999296,197507.142,100.808,VIRTUAL_FORWARD,1,1,1,1,14,0,-11.5540,14.3852,-18.0733,-15.1510,15.2824,-8.3986
1968,1144059369888,197608.513,101.371,VIRTUAL_FORWARD,1,1,1,1,14,0,-11.5540,14.3852,-18.0733,-15.1525,15.2932,-8.4097
1969,1144157785792,197706.929,98.416,VIRTUAL_FORWARD,1,1,1,1,14,0,-11.5540,14.3852,-18.0733,-15.1538,15.3035,-8.4191
1970,1144260481632,197809.625,102.696,VIRTUAL_FORWARD,1,1,1,1,14,0,-11.5540,14.3852,-18.0733,-15.1561,15.3144,-8.4307
1971,1144358951328,197908.094,98.470,VIRTUAL_FORWARD,1,1,1,1,14,0,-11.5540,14.3852,-18.0733,-15.1584,15.3243,-8.4400
1972,1144458819200,198007.962,99.868,VIRTUAL_FORWARD,1,1,1,1,14,0,-11.5540,14.3852,-18.0733,-15.1607,15.3355,-8.4522
1973,1144562246432,198111.389,103.427,VIRTUAL_FORWARD,1,1,1,1,14,0,-11.5540,14.3852,-18.0733,-15.1622,15.3442,-8.4615
1974,1144658073632,198207.217,95.827,VIRTUAL_FORWARD,1,1,1,1,14,0,-11.5540,14.3852,-18.0733,-15.1645,15.3551,-8.4731
1975,1144757781600,198306.925,99.708,VIRTUAL_FORWARD,1,1,1,1,14,0,-11.5540,14.3852,-18.0733,-15.1670,15.3671,-8.4847
1976,1144861155616,198410.299,103.374,VIRTUAL_FORWARD,1,1,1,1,14,0,-11.5540,14.3852,-18.0733,-15.1699,15.3782,-8.4980
1977,1144959946304,198509.089,98.791,VIRTUAL_FORWARD,1,1,1,1,14,0,-11.5540,14.3852,-18.0733,-15.1725,15.3881,-8.5102
1978,1145062772736,198611.916,102.826,VIRTUAL_FORWARD,1,1,1,1,14,0,-11.5540,14.3852,-18.0733,-15.1746,15.3991,-8.5229
1979,1145162450560,198711.593,99.678,VIRTUAL_FORWARD,1,1,1,1,14,0,-11.5540,14.3852,-18.0733,-15.1762,15.4104,-8.5358
1980,1145258035840,198807.179,95.585,VIRTUAL_FORWARD,1,1,1,1,14,0,-11.5540,14.3852,-18.0733,-15.1783,15.4218,-8.5493
1981,1145360759776,198909.903,102.724,VIRTUAL_FORWARD,1,1,1,1,14,0,-11.5540,14.3852,-18.0733,-15.1814,15.4348,-8.5663
1982,1145458471648,199007.615,97.712,VIRTUAL_FORWARD,1,1,1,1,14,0,-11.5540,14.3852,-18.0733,-15.1843,15.4462,-8.5832
1983,1145558863840,199108.007,100.392,VIRTUAL_FORWARD,1,1,1,1,14,0,-11.5540,14.3852,-18.0733,-15.1869,15.4573,-8.5984
1984,1145662884192,199212.027,104.020,VIRTUAL_FORWARD,1,1,1,1,14,0,-11.5540,14.3852,-18.0733,-15.1919,15.4704,-8.6159
1985,1145762185472,199311.328,99.301,VIRTUAL_FORWARD,1,1,1,1,14,0,-11.5540,14.3852,-18.0733,-15.1971,15.4818,-8.6299
1986,1145857014688,199406.158,94.829,VIRTUAL_FORWARD,1,1,1,1,14,0,-11.5540,14.3852,-18.0733,-15.2012,15.4939,-8.6448
1987,1145958882752,199508.026,101.868,VIRTUAL_FORWARD,1,1,1,1,14,0,-11.5540,14.3852,-18.0733,-15.2043,15.5061,-8.6597
1988,1146061739104,199610.882,102.856,VIRTUAL_FORWARD,1,1,1,1,14,0,-11.5540,14.3852,-18.0733,-15.2078,15.5186,-8.6768
1989,1146158238912,199707.382,96.500,VIRTUAL_FORWARD,1,1,1,1,14,0,-11.5540,14.3852,-18.0733,-15.2108,15.5297,-8.6913
1990,1146257076896,199806.220,98.838,VIRTUAL_FORWARD,1,1,1,1,14,0,-11.5540,14.3852,-18.0733,-15.2148,15.5409,-8.7071
1991,1146357972864,199907.116,100.896,VIRTUAL_FORWARD,1,1,1,1,14,0,-11.5540,14.3852,-18.0733,-15.2193,15.5518,-8.7220
1992,1146463503040,200012.646,105.530,VIRTUAL_FORWARD,1,1,1,1,14,0,-11.5540,14.3852,-18.0733,-15.2244,15.5650,-8.7399
1993,1146559507744,200108.651,96.005,VIRTUAL_FORWARD,1,1,1,1,14,0,-11.5540,14.3852,-18.0733,-15.2288,15.5768,-8.7549
1994,1146661028960,200210.172,101.521,VIRTUAL_FORWARD,1,1,1,1,14,0,-11.5540,14.3852,-18.0733,-15.2335,15.5875,-8.7734
1995,1146757990560,200307.133,96.962,VIRTUAL_FORWARD,1,1,1,1,14,0,-11.5540,14.3852,-18.0733,-15.2376,15.5965,-8.7893
1996,1146862504864,200411.648,104.514,VIRTUAL_FORWARD,1,1,1,1,14,0,-11.5540,14.3852,-18.0733,-15.2413,15.6068,-8.8056
1997,1146959176960,200508.320,96.672,VIRTUAL_FORWARD,1,1,1,1,14,0,-11.5540,14.3852,-18.0733,-15.2444,15.6175,-8.8218
1998,1147058991104,200608.134,99.814,VIRTUAL_FORWARD,1,1,1,1,14,0,-11.5540,14.3852,-18.0733,-15.2482,15.6278,-8.8374
1999,1147160476640,200709.620,101.486,VIRTUAL_FORWARD,1,1,1,1,14,0,-11.5540,14.3852,-18.0733,-15.2533,15.6383,-8.8539
2000,1147260575040,200809.718,100.098,VIRTUAL_FORWARD,1,1,1,1,14,0,-11.5540,14.3852,-18.0733,-15.2578,15.6484,-8.8703
2001,1147359385152,200908.528,98.810,VIRTUAL_FORWARD,1,1,1,1,14,0,-11.5540,14.3852,-18.0733,-15.2623,15.6586,-8.8876
2002,1147459499616,201008.643,100.114,VIRTUAL_FORWARD,1,1,1,1,14,0,-11.5540,14.3852,-18.0733,-15.2676,15.6696,-8.9063
2003,1147557501024,201106.644,98.001,VIRTUAL_FORWARD,1,1,1,1,14,0,-11.5540,14.3852,-18.0733,-15.2738,15.6816,-8.9244
2004,1147663579808,201212.723,106.079,VIRTUAL_FORWARD,1,1,1,1,14,0,-11.5540,14.3852,-18.0733,-15.2802,15.6924,-8.9447
2005,1147761385856,201310.529,97.806,VIRTUAL_FORWARD,1,1,1,1,14,0,-11.5540,14.3852,-18.0733,-15.2861,15.7022,-8.9625
2006,1147859330048,201408.473,97.944,VIRTUAL_FORWARD,1,1,1,1,14,0,-11.5540,14.3852,-18.0733,-15.2922,15.7119,-8.9845
2007,1147958201984,201507.345,98.872,VIRTUAL_FORWARD,1,1,1,1,14,0,-11.5540,14.3852,-18.0733,-15.2975,15.7203,-9.0055
2008,1148060068384,201609.211,101.866,VIRTUAL_FORWARD,1,1,1,1,14,0,-11.5540,14.3852,-18.0733,-15.3044,15.7290,-9.0304
2009,1148160785792,201709.929,100.717,VIRTUAL_FORWARD,1,1,1,1,14,0,-11.5540,14.3852,-18.0733,-15.3106,15.7363,-9.0485
2010,1148261799488,201810.942,101.014,VIRTUAL_FORWARD,1,1,1,1,14,0,-11.5540,14.3852,-18.0733,-15.3172,15.7442,-9.0682
2011,1148365076960,201914.220,103.277,VIRTUAL_FORWARD,1,1,1,1,14,0,-11.5540,14.3852,-18.0733,-15.3231,15.7516,-9.0852
2012,1148460081504,202009.224,95.005,VIRTUAL_FORWARD,1,1,1,1,14,0,-11.5540,14.3852,-18.0733,-15.3297,15.7582,-9.1043
2013,1148560118304,202109.261,100.037,VIRTUAL_FORWARD,1,1,1,1,14,0,-11.5540,14.3852,-18.0733,-15.3351,15.7629,-9.1195
2014,1148658762304,202207.905,98.644,VIRTUAL_FORWARD,1,1,1,1,14,0,-11.5540,14.3852,-18.0733,-15.3411,15.7679,-9.1365
2015,1148759767424,202308.910,101.005,VIRTUAL_FORWARD,1,1,1,1,14,0,-11.5540,14.3852,-18.0733,-15.3467,15.7724,-9.1512
2016,1148858263968,202407.407,98.497,VIRTUAL_FORWARD,1,1,1,1,14,0,-11.5540,14.3852,-18.0733,-15.3523,15.7782,-9.1679
2017,1148958713472,202507.856,100.450,VIRTUAL_FORWARD,1,1,1,1,14,0,-11.5540,14.3852,-18.0733,-15.3571,15.7838,-9.1816
2018,1149060347264,202609.490,101.634,VIRTUAL_FORWARD,1,1,1,1,14,0,-11.5540,14.3852,-18.0733,-15.3623,15.7887,-9.1949
2019,1149157840512,202706.983,97.493,VIRTUAL_FORWARD,1,1,1,1,14,0,-11.5540,14.3852,-18.0733,-15.3674,15.7927,-9.2068
2020,1149261519648,202810.663,103.679,VIRTUAL_FORWARD,1,1,1,1,14,0,-11.5540,14.3852,-18.0733,-15.3723,15.7968,-9.2185
2021,1149360498784,202909.642,98.979,VIRTUAL_FORWARD,1,1,1,1,14,0,-11.5540,14.3852,-18.0733,-15.3763,15.8002,-9.2292
2022,1149458985312,203008.128,98.487,VIRTUAL_FORWARD,1,1,1,1,14,0,-11.5540,14.3852,-18.0733,-15.3801,15.8049,-9.2426
2023,1149561092320,203110.235,102.107,VIRTUAL_FORWARD,1,1,1,1,14,0,-11.5540,14.3852,-18.0733,-15.3836,15.8104,-9.2563
2024,1149658194592,203207.338,97.102,VIRTUAL_FORWARD,1,1,1,1,14,0,-11.5540,14.3852,-18.0733,-15.3881,15.8159,-9.2693
2025,1149760437856,203309.581,102.243,VIRTUAL_FORWARD,1,1,1,1,14,0,-11.5540,14.3852,-18.0733,-15.3932,15.8213,-9.2820
2026,1149860949408,203410.092,100.512,VIRTUAL_FORWARD,1,1,1,1,14,0,-11.5540,14.3852,-18.0733,-15.3983,15.8263,-9.2962
2027,1149960113280,203509.256,99.164,VIRTUAL_FORWARD,1,1,1,1,14,0,-11.5540,14.3852,-18.0733,-15.4033,15.8309,-9.3105
2028,1150060612768,203609.756,100.499,VIRTUAL_FORWARD,1,1,1,1,14,0,-11.5540,14.3852,-18.0733,-15.4080,15.8359,-9.3270
2029,1150160691776,203709.835,100.079,VIRTUAL_FORWARD,1,1,1,1,14,0,-11.5540,14.3852,-18.0733,-15.4128,15.8415,-9.3442
2030,1150259324416,203808.467,98.633,VIRTUAL_FORWARD,1,1,1,1,14,0,-11.5540,14.3852,-18.0733,-15.4169,15.8459,-9.3612
2031,1150362216160,203911.359,102.892,VIRTUAL_FORWARD,1,1,1,1,14,0,-11.5540,14.3852,-18.0733,-15.4202,15.8495,-9.3745
2032,1150461861984,204011.005,99.646,VIRTUAL_FORWARD,1,1,1,1,14,0,-11.5540,14.3852,-18.0733,-15.4240,15.8530,-9.3888
2033,1150561096160,204110.239,99.234,VIRTUAL_FORWARD,1,1,1,1,14,0,-11.5540,14.3852,-18.0733,-15.4306,15.8584,-9.4112
2034,1150661252576,204210.395,100.156,VIRTUAL_FORWARD,1,1,1,1,14,0,-11.5540,14.3852,-18.0733,-15.4326,15.8598,-9.4178
2035,1150757833184,204306.976,96.581,VIRTUAL_FORWARD,1,1,1,1,14,0,-11.5540,14.3852,-18.0733,-15.4362,15.8622,-9.4276
2036,1150861562624,204410.706,103.729,VIRTUAL_FORWARD,1,1,1,1,14,0,-11.5540,14.3852,-18.0733,-15.4404,15.8668,-9.4416
2037,1150960268160,204509.411,98.706,VIRTUAL_FORWARD,1,1,1,1,14,0,-11.5540,14.3852,-18.0733,-15.4434,15.8710,-9.4521
2038,1151061439584,204610.582,101.171,VIRTUAL_FORWARD,1,1,1,1,14,0,-11.5540,14.3852,-18.0733,-15.4470,15.8760,-9.4657
2039,1151158577792,204707.721,97.138,VIRTUAL_FORWARD,1,1,1,1,14,0,-11.5540,14.3852,-18.0733,-15.4499,15.8800,-9.4766
2040,1151259924000,204809.067,101.346,VIRTUAL_FORWARD,1,1,1,1,14,0,-11.5540,14.3852,-18.0733,-15.4526,15.8833,-9.4869
2041,1151359461312,204908.604,99.537,VIRTUAL_FORWARD,1,1,1,1,14,0,-11.5540,14.3852,-18.0733,-15.4552,15.8862,-9.4986
2042,1151457807200,205006.950,98.346,VIRTUAL_FORWARD,1,1,1,1,14,0,-11.5540,14.3852,-18.0733,-15.4582,15.8891,-9.5093
2043,1151557833344,205106.976,100.026,VIRTUAL_FORWARD,1,1,1,1,14,0,-11.5540,14.3852,-18.0733,-15.4619,15.8922,-9.5208
2044,1151659808032,205208.951,101.975,VIRTUAL_FORWARD,1,1,1,1,14,0,-11.5540,14.3852,-18.0733,-15.4648,15.8965,-9.5305
2045,1151760928672,205310.072,101.121,VIRTUAL_FORWARD,1,1,1,1,14,0,-11.5540,14.3852,-18.0733,-15.4671,15.9026,-9.5420
2046,1151857347328,205406.490,96.419,VIRTUAL_FORWARD,1,1,1,1,14,0,-11.5540,14.3852,-18.0733,-15.4691,15.9071,-9.5513
2047,1151957407648,205506.551,100.060,VIRTUAL_FORWARD,1,1,1,1,14,0,-11.5540,14.3852,-18.0733,-15.4717,15.9107,-9.5642
2048,1152064693696,205613.837,107.286,VIRTUAL_FORWARD,1,1,1,1,14,0,-11.5540,14.3852,-18.0733,-15.4742,15.9142,-9.5750
2049,1152159077280,205708.220,94.384,VIRTUAL_FORWARD,1,1,1,1,14,0,-11.5540,14.3852,-18.0733,-15.4766,15.9178,-9.5857
2050,1152262510848,205811.654,103.434,VIRTUAL_FORWARD,1,1,1,1,14,0,-11.5540,14.3852,-18.0733,-15.4795,15.9203,-9.5954
2051,1152357318400,205906.461,94.808,VIRTUAL_FORWARD,1,1,1,1,14,0,-11.5540,14.3852,-18.0733,-15.4825,15.9218,-9.6035
2052,1152460782432,206009.925,103.464,VIRTUAL_FORWARD,1,1,1,1,14,0,-11.5540,14.3852,-18.0733,-15.4852,15.9245,-9.6134
2053,1152564518848,206113.662,103.736,VIRTUAL_FORWARD,1,1,1,1,14,0,-11.5540,14.3852,-18.0733,-15.4875,15.9281,-9.6225
2054,1152664289824,206213.433,99.771,VIRTUAL_FORWARD,1,1,1,1,14,0,-11.5540,14.3852,-18.0733,-15.4896,15.9308,-9.6318
2055,1152760176896,206309.320,95.887,VIRTUAL_FORWARD,1,1,1,1,14,0,-11.5540,14.3852,-18.0733,-15.4915,15.9328,-9.6397
2056,1152860710016,206409.853,100.533,VIRTUAL_FORWARD,1,1,1,1,14,0,-11.5540,14.3852,-18.0733,-15.4933,15.9352,-9.6457
2057,1152962589152,206511.732,101.879,VIRTUAL_FORWARD,1,1,1,1,14,0,-11.5540,14.3852,-18.0733,-15.4954,15.9384,-9.6519
2058,1153057425920,206606.569,94.837,VIRTUAL_FORWARD,1,1,1,1,14,0,-11.5540,14.3852,-18.0733,-15.4976,15.9393,-9.6567
2059,1153167471168,206716.614,110.045,VIRTUAL_FORWARD,1,1,1,1,14,0,-11.5540,14.3852,-18.0733,-15.4999,15.9388,-9.6608
2060,1153261540032,206810.683,94.069,VIRTUAL_FORWARD,1,1,1,1,14,0,-11.5540,14.3852,-18.0733,-15.5021,15.9395,-9.6653
2061,1153357444320,206906.587,95.904,VIRTUAL_FORWARD,1,1,1,1,14,0,-11.5540,14.3852,-18.0733,-15.5042,15.9410,-9.6690
2062,1153459178784,207008.322,101.734,VIRTUAL_FORWARD,1,1,1,1,14,0,-11.5540,14.3852,-18.0733,-15.5061,15.9424,-9.6724
2063,1153558278656,207107.422,99.100,VIRTUAL_FORWARD,1,1,1,1,14,0,-11.5540,14.3852,-18.0733,-15.5080,15.9437,-9.6757
2064,1153665570944,207214.714,107.292,VIRTUAL_FORWARD,1,1,1,1,14,0,-11.5540,14.3852,-18.0733,-15.5103,15.9442,-9.6787
2065,1153758038240,207307.181,92.467,VIRTUAL_FORWARD,1,1,1,1,14,0,-11.5540,14.3852,-18.0733,-15.5132,15.9437,-9.6828
2066,1153861068256,207410.211,103.030,VIRTUAL_FORWARD,1,1,1,1,14,0,-11.5540,14.3852,-18.0733,-15.5157,15.9435,-9.6870
2067,1153961254048,207510.397,100.186,VIRTUAL_FORWARD,1,1,1,1,14,0,-11.5540,14.3852,-18.0733,-15.5175,15.9435,-9.6915
2068,1154062416928,207611.560,101.163,VIRTUAL_FORWARD,1,1,1,1,14,0,-11.5540,14.3852,-18.0733,-15.5198,15.9436,-9.6960
2069,1154160271776,207709.415,97.855,VIRTUAL_FORWARD,1,1,1,1,14,0,-11.5540,14.3852,-18.0733,-15.5224,15.9436,-9.6993
2070,1154258372928,207807.516,98.101,VIRTUAL_FORWARD,1,1,1,1,14,0,-11.5540,14.3852,-18.0733,-15.5239,15.9435,-9.7020
2071,1154359751360,207908.894,101.378,VIRTUAL_FORWARD,1,1,1,1,14,0,-11.5540,14.3852,-18.0733,-15.5246,15.9435,-9.7052
2072,1154457954816,208007.098,98.203,VIRTUAL_FORWARD,1,1,1,1,14,0,-11.5540,14.3852,-18.0733,-15.5258,15.9432,-9.7083
2073,1154561194112,208110.337,103.239,VIRTUAL_FORWARD,1,1,1,1,14,0,-11.5540,14.3852,-18.0733,-15.5270,15.9426,-9.7113
2074,1154665166560,208214.309,103.972,VIRTUAL_FORWARD,1,1,1,1,14,0,-11.5540,14.3852,-18.0733,-15.5280,15.9423,-9.7135
2075,1154761972352,208311.115,96.806,VIRTUAL_FORWARD,1,1,1,1,14,0,-11.5540,14.3852,-18.0733,-15.5289,15.9422,-9.7155
2076,1154860523968,208409.667,98.552,VIRTUAL_FORWARD,1,1,1,1,14,0,-11.5540,14.3852,-18.0733,-15.5306,15.9425,-9.7179
2077,1154959770400,208508.913,99.246,VIRTUAL_FORWARD,1,1,1,1,14,0,-11.5540,14.3852,-18.0733,-15.5325,15.9427,-9.7193
2078,1155062280160,208611.423,102.510,VIRTUAL_FORWARD,1,1,1,1,14,0,-11.5540,14.3852,-18.0733,-15.5338,15.9428,-9.7218
2079,1155161735584,208710.878,99.455,VIRTUAL_FORWARD,1,1,1,1,14,0,-11.5540,14.3852,-18.0733,-15.5347,15.9428,-9.7230
2080,1155261865696,208811.009,100.130,VIRTUAL_FORWARD,1,1,1,1,14,0,-11.5540,14.3852,-18.0733,-15.5352,15.9429,-9.7235
2081,1155361938240,208911.081,100.073,VIRTUAL_FORWARD,1,1,1,1,14,0,-11.5540,14.3852,-18.0733,-15.5353,15.9430,-9.7236
2082,1155461311968,209010.455,99.374,VIRTUAL_FORWARD,1,1,1,1,14,0,-11.5540,14.3852,-18.0733,-15.5354,15.9431,-9.7244
2083,1155562470944,209111.614,101.159,VIRTUAL_FORWARD,1,1,1,1,14,0,-11.5540,14.3852,-18.0733,-15.5357,15.9433,-9.7261
2084,1155662788992,209211.932,100.318,VIRTUAL_FORWARD,1,1,1,1,14,0,-11.5540,14.3852,-18.0733,-15.5365,15.9425,-9.7282
2085,1155760801344,209309.944,98.012,VIRTUAL_FORWARD,1,1,1,1,14,0,-11.5540,14.3852,-18.0733,-15.5378,15.9410,-9.7284
2086,1155857691168,209406.834,96.890,VIRTUAL_FORWARD,1,1,1,1,14,0,-11.5540,14.3852,-18.0733,-15.5384,15.9394,-9.7272
2087,1155961898336,209511.041,104.207,VIRTUAL_FORWARD,1,1,1,1,14,0,-11.5540,14.3852,-18.0733,-15.5386,15.9378,-9.7246
2088,1156059555680,209608.699,97.657,VIRTUAL_FORWARD,1,1,1,1,14,0,-11.5540,14.3852,-18.0733,-15.5384,15.9362,-9.7219
2089,1156157372832,209706.516,97.817,VIRTUAL_FORWARD,1,1,1,1,14,0,-11.5540,14.3852,-18.0733,-15.5381,15.9345,-9.7203
2090,1156258172960,209807.316,100.800,VIRTUAL_FORWARD,1,1,1,1,14,0,-11.5540,14.3852,-18.0733,-15.5381,15.9330,-9.7186
2091,1156359562976,209908.706,101.390,VIRTUAL_FORWARD,1,1,1,1,14,0,-11.5540,14.3852,-18.0733,-15.5382,15.9315,-9.7156
2092,1156460579200,210009.722,101.016,VIRTUAL_FORWARD,1,1,1,1,14,0,-11.5540,14.3852,-18.0733,-15.5379,15.9302,-9.7122
2093,1156558151456,210107.294,97.572,VIRTUAL_FORWARD,1,1,1,1,14,0,-11.5540,14.3852,-18.0733,-15.5374,15.9286,-9.7079
2094,1156663334016,210212.477,105.183,VIRTUAL_FORWARD,1,1,1,1,14,0,-11.5540,14.3852,-18.0733,-15.5369,15.9270,-9.7028
2095,1156762306880,210311.450,98.973,VIRTUAL_FORWARD,1,1,1,1,14,0,-11.5540,14.3852,-18.0733,-15.5369,15.9270,-9.7028
2096,1156862244288,210411.387,99.937,VIRTUAL_FORWARD,1,1,1,1,14,0,-11.5540,14.3852,-18.0733,-15.5359,15.9217,-9.6863
2097,1156962748832,210511.892,100.505,VIRTUAL_FORWARD,1,1,1,1,14,0,-11.5540,14.3852,-18.0733,-15.5355,15.9195,-9.6815
2098,1157061965504,210611.108,99.217,VIRTUAL_FORWARD,1,1,1,1,14,0,-11.5540,14.3852,-18.0733,-15.5348,15.9175,-9.6752
2099,1157161302720,210710.446,99.337,VIRTUAL_FORWARD,1,1,1,1,14,0,-11.5540,14.3852,-18.0733,-15.5339,15.9162,-9.6695
2100,1157260193696,210809.337,98.891,VIRTUAL_FORWARD,1,1,1,1,14,0,-11.5540,14.3852,-18.0733,-15.5330,15.9146,-9.6637
2101,1157357466080,210906.609,97.272,VIRTUAL_FORWARD,1,1,1,1,14,0,-11.5540,14.3852,-18.0733,-15.5324,15.9120,-9.6585
2102,1157458275776,211007.419,100.810,VIRTUAL_FORWARD,1,1,1,1,14,0,-11.5540,14.3852,-18.0733,-15.5315,15.9099,-9.6532
2103,1157562066624,211111.210,103.791,VIRTUAL_FORWARD,1,1,1,1,14,0,-11.5540,14.3852,-18.0733,-15.5304,15.9080,-9.6481
2104,1157658702432,211207.845,96.636,VIRTUAL_FORWARD,1,1,1,1,14,0,-11.5540,14.3852,-18.0733,-15.5294,15.9057,-9.6430
2105,1157757399776,211306.543,98.697,VIRTUAL_FORWARD,1,1,1,1,14,0,-11.5540,14.3852,-18.0733,-15.5285,15.9028,-9.6383
2106,1157857266848,211406.410,99.867,VIRTUAL_FORWARD,1,1,1,1,14,0,-11.5540,14.3852,-18.0733,-15.5276,15.9004,-9.6343
2107,1157962554912,211511.698,105.288,VIRTUAL_FORWARD,1,1,1,1,14,0,-11.5540,14.3852,-18.0733,-15.5269,15.8983,-9.6297
2108,1158058669504,211607.812,96.115,VIRTUAL_FORWARD,1,1,1,1,14,0,-11.5540,14.3852,-18.0733,-15.5254,15.8953,-9.6244
2109,1158159874720,211709.018,101.205,VIRTUAL_FORWARD,1,1,1,1,14,0,-11.5540,14.3852,-18.0733,-15.5233,15.8911,-9.6177
2110,1158258365184,211807.508,98.490,VIRTUAL_FORWARD,1,1,1,1,14,0,-11.5540,14.3852,-18.0733,-15.5213,15.8877,-9.6118
2111,1158360489472,211909.632,102.124,VIRTUAL_FORWARD,1,1,1,1,14,0,-11.5540,14.3852,-18.0733,-15.5192,15.8846,-9.6051
2112,1158462571904,212011.715,102.082,VIRTUAL_FORWARD,1,1,1,1,14,0,-11.5540,14.3852,-18.0733,-15.5162,15.8830,-9.5979
2113,1158557953440,212107.096,95.382,VIRTUAL_FORWARD,1,1,1,1,14,0,-11.5540,14.3852,-18.0733,-15.5124,15.8821,-9.5904
2114,1158661729792,212210.873,103.776,VIRTUAL_FORWARD,1,1,1,1,14,0,-11.5540,14.3852,-18.0733,-15.5096,15.8807,-9.5835
2115,1158758414176,212307.557,96.684,VIRTUAL_FORWARD,1,1,1,1,14,0,-11.5540,14.3852,-18.0733,-15.5077,15.8788,-9.5760
2116,1158858251104,212407.394,99.837,VIRTUAL_FORWARD,1,1,1,1,14,0,-11.5540,14.3852,-18.0733,-15.5058,15.8772,-9.5685
2117,1158957096992,212506.240,98.846,VIRTUAL_FORWARD,1,1,1,1,14,0,-11.5540,14.3852,-18.0733,-15.5041,15.8755,-9.5622
2118,1159061371648,212610.515,104.275,VIRTUAL_FORWARD,1,1,1,1,14,0,-11.5540,14.3852,-18.0733,-15.5024,15.8735,-9.5568
2119,1159162347040,212711.490,100.975,VIRTUAL_FORWARD,1,1,1,1,14,0,-11.5540,14.3852,-18.0733,-15.5005,15.8707,-9.5499
2120,1159259498656,212808.642,97.152,VIRTUAL_FORWARD,1,1,1,1,14,0,-11.5540,14.3852,-18.0733,-15.4984,15.8686,-9.5432
2121,1159359845536,212908.988,100.347,VIRTUAL_FORWARD,1,1,1,1,14,0,-11.5540,14.3852,-18.0733,-15.4958,15.8666,-9.5374
2122,1159457916032,213007.059,98.070,VIRTUAL_FORWARD,1,1,1,1,14,0,-11.5540,14.3852,-18.0733,-15.4930,15.8634,-9.5304
2123,1159558078272,213107.221,100.162,VIRTUAL_FORWARD,1,1,1,1,14,0,-11.5540,14.3852,-18.0733,-15.4902,15.8594,-9.5219
2124,1159660744544,213209.887,102.666,VIRTUAL_FORWARD,1,1,1,1,14,0,-11.5540,14.3852,-18.0733,-15.4871,15.8567,-9.5140
2125,1159758941728,213308.085,98.197,VIRTUAL_FORWARD,1,1,1,1,14,0,-11.5540,14.3852,-18.0733,-15.4836,15.8551,-9.5077
2126,1159859571808,213408.715,100.630,VIRTUAL_FORWARD,1,1,1,1,14,0,-11.5540,14.3852,-18.0733,-15.4810,15.8522,-9.5026
2127,1159965033600,213514.177,105.462,VIRTUAL_FORWARD,1,1,1,1,14,0,-11.5540,14.3852,-18.0733,-15.4790,15.8484,-9.4977
2128,1160060966656,213610.110,95.933,VIRTUAL_FORWARD,1,1,1,1,14,0,-11.5540,14.3852,-18.0733,-15.4767,15.8436,-9.4908
2129,1160159589536,213708.732,98.623,VIRTUAL_FORWARD,1,1,1,1,14,0,-11.5540,14.3852,-18.0733,-15.4746,15.8392,-9.4846
2130,1160262387424,213811.530,102.798,VIRTUAL_FORWARD,1,1,1,1,14,0,-11.5540,14.3852,-18.0733,-15.4719,15.8355,-9.4792
2131,1160360488768,213909.632,98.101,VIRTUAL_FORWARD,1,1,1,1,14,0,-11.5540,14.3852,-18.0733,-15.4690,15.8324,-9.4741
2132,1160462384512,214011.527,101.896,VIRTUAL_FORWARD,1,1,1,1,14,0,-11.5540,14.3852,-18.0733,-15.4660,15.8287,-9.4694
2133,1160562022880,214111.166,99.638,VIRTUAL_FORWARD,1,1,1,1,14,0,-11.5540,14.3852,-18.0733,-15.4631,15.8248,-9.4649
2134,1160661544416,214210.687,99.522,VIRTUAL_FORWARD,1,1,1,1,14,0,-11.5540,14.3852,-18.0733,-15.4606,15.8201,-9.4598
2135,1160759865760,214309.009,98.321,VIRTUAL_FORWARD,1,1,1,1,14,0,-11.5540,14.3852,-18.0733,-15.4584,15.8152,-9.4546
2136,1160857985248,214407.128,98.119,VIRTUAL_FORWARD,1,1,1,1,14,0,-11.5540,14.3852,-18.0733,-15.4553,15.8102,-9.4497
2137,1160958885856,214508.029,100.901,VIRTUAL_FORWARD,1,1,1,1,14,0,-11.5540,14.3852,-18.0733,-15.4515,15.8052,-9.4453
2138,1161059315360,214608.458,100.430,VIRTUAL_FORWARD,1,1,1,1,14,0,-11.5540,14.3852,-18.0733,-15.4484,15.7983,-9.4399
2139,1161159368256,214708.511,100.053,VIRTUAL_FORWARD,1,1,1,1,14,0,-11.5540,14.3852,-18.0733,-15.4460,15.7924,-9.4352
2140,1161261531424,214810.674,102.163,VIRTUAL_FORWARD,1,1,1,1,14,0,-11.5540,14.3852,-18.0733,-15.4433,15.7872,-9.4314
2141,1161358070944,214907.214,96.540,VIRTUAL_FORWARD,1,1,1,1,14,0,-11.5540,14.3852,-18.0733,-15.4405,15.7827,-9.4284
2142,1161458920608,215008.064,100.850,VIRTUAL_FORWARD,1,1,1,1,14,0,-11.5540,14.3852,-18.0733,-15.4375,15.7778,-9.4255
2143,1161557371040,215106.514,98.450,VIRTUAL_FORWARD,1,1,1,1,14,0,-11.5540,14.3852,-18.0733,-15.4346,15.7729,-9.4225
2144,1161658767328,215207.910,101.396,VIRTUAL_FORWARD,1,1,1,1,14,0,-11.5540,14.3852,-18.0733,-15.4319,15.7678,-9.4201
2145,1161762586848,215311.730,103.820,VIRTUAL_FORWARD,1,1,1,1,14,0,-11.5540,14.3852,-18.0733,-15.4295,15.7629,-9.4181
2146,1161857673120,215406.816,95.086,VIRTUAL_FORWARD,1,1,1,1,14,0,-11.5540,14.3852,-18.0733,-15.4264,15.7565,-9.4156
2147,1161965116640,215514.260,107.444,VIRTUAL_FORWARD,1,1,1,1,14,0,-11.5540,14.3852,-18.0733,-15.4209,15.7456,-9.4086
2148,1162061855872,215610.999,96.739,VIRTUAL_FORWARD,1,1,1,1,14,0,-11.5540,14.3852,-18.0733,-15.4189,15.7429,-9.4076
2149,1162162555136,215711.698,100.699,VIRTUAL_FORWARD,1,1,1,1,14,0,-11.5540,14.3852,-18.0733,-15.4150,15.7379,-9.4040
2150,1162258092864,215807.236,95.538,VIRTUAL_FORWARD,1,1,1,1,14,0,-11.5540,14.3852,-18.0733,-15.4122,15.7315,-9.3997
2151,1162364498400,215913.641,106.406,VIRTUAL_FORWARD,1,1,1,1,14,0,-11.5540,14.3852,-18.0733,-15.4106,15.7246,-9.3960
2152,1162460465088,216009.608,95.967,VIRTUAL_FORWARD,1,1,1,1,14,0,-11.5540,14.3852,-18.0733,-15.4084,15.7191,-9.3930
2153,1162560455680,216109.599,99.991,VIRTUAL_FORWARD,1,1,1,1,14,0,-11.5540,14.3852,-18.0733,-15.4058,15.7147,-9.3894
2154,1162658503840,216207.647,98.048,VIRTUAL_FORWARD,1,1,1,1,14,0,-11.5540,14.3852,-18.0733,-15.4030,15.7086,-9.3858
2155,1162757793760,216306.937,99.290,VIRTUAL_FORWARD,1,1,1,1,14,0,-11.5540,14.3852,-18.0733,-15.4004,15.7020,-9.3830
2156,1162861680960,216410.824,103.887,VIRTUAL_FORWARD,1,1,1,1,14,0,-11.5540,14.3852,-18.0733,-15.3980,15.6954,-9.3793
2157,1162957414208,216506.557,95.733,VIRTUAL_FORWARD,1,1,1,1,14,0,-11.5540,14.3852,-18.0733,-15.3957,15.6890,-9.3739
2158,1163059438368,216608.581,102.024,VIRTUAL_FORWARD,1,1,1,1,14,0,-11.5540,14.3852,-18.0733,-15.3934,15.6831,-9.3692
2159,1163161810656,216710.954,102.372,VIRTUAL_FORWARD,1,1,1,1,14,0,-11.5540,14.3852,-18.0733,-15.3911,15.6779,-9.3655
2160,1163259615296,216808.758,97.805,VIRTUAL_FORWARD,1,1,1,1,14,0,-11.5540,14.3852,-18.0733,-15.3884,15.6730,-9.3628
2161,1163359505536,216908.648,99.890,VIRTUAL_FORWARD,1,1,1,1,14,0,-11.5540,14.3852,-18.0733,-15.3853,15.6681,-9.3624
2162,1163458126912,217007.270,98.621,VIRTUAL_FORWARD,1,1,1,1,14,0,-11.5540,14.3852,-18.0733,-15.3829,15.6632,-9.3616
2163,1163557477312,217106.620,99.350,VIRTUAL_FORWARD,1,1,1,1,14,0,-11.5540,14.3852,-18.0733,-15.3813,15.6582,-9.3614
2164,1163661941504,217211.084,104.464,VIRTUAL_FORWARD,1,1,1,1,14,0,-11.5540,14.3852,-18.0733,-15.3790,15.6520,-9.3612
2165,1163761509472,217310.652,99.568,VIRTUAL_FORWARD,1,1,1,1,14,0,-11.5540,14.3852,-18.0733,-15.3769,15.6466,-9.3607
2166,1163862286624,217411.430,100.777,VIRTUAL_FORWARD,1,1,1,1,14,0,-11.5540,14.3852,-18.0733,-15.3744,15.6406,-9.3599
2167,1163957941184,217507.084,95.655,VIRTUAL_FORWARD,1,1,1,1,14,0,-11.5540,14.3852,-18.0733,-15.3718,15.6345,-9.3579
2168,1164059410240,217608.553,101.469,VIRTUAL_FORWARD,1,1,1,1,14,0,-11.5540,14.3852,-18.0733,-15.3690,15.6277,-9.3557
2169,1164159429632,217708.573,100.019,VIRTUAL_FORWARD,1,1,1,1,14,0,-11.5540,14.3852,-18.0733,-15.3664,15.6213,-9.3536
2170,1164262369824,217811.513,102.940,VIRTUAL_FORWARD,1,1,1,1,14,0,-11.5540,14.3852,-18.0733,-15.3638,15.6150,-9.3516
2171,1164357721792,217906.865,95.352,VIRTUAL_FORWARD,1,1,1,1,14,0,-11.5540,14.3852,-18.0733,-15.3619,15.6106,-9.3498
2172,1164463417728,218012.561,105.696,VIRTUAL_FORWARD,1,1,1,1,14,0,-11.5540,14.3852,-18.0733,-15.3595,15.6041,-9.3473
2173,1164562544480,218111.687,99.127,VIRTUAL_FORWARD,1,1,1,1,14,0,-11.5540,14.3852,-18.0733,-15.3571,15.5974,-9.3447
2174,1164661474208,218210.617,98.930,VIRTUAL_FORWARD,1,1,1,1,14,0,-11.5540,14.3852,-18.0733,-15.3542,15.5917,-9.3420
2175,1164762442912,218311.586,100.969,VIRTUAL_FORWARD,1,1,1,1,14,0,-11.5540,14.3852,-18.0733,-15.3508,15.5870,-9.3403
2176,1164863580992,218412.724,101.138,VIRTUAL_FORWARD,1,1,1,1,14,0,-11.5540,14.3852,-18.0733,-15.3473,15.5806,-9.3391
2177,1164959209952,218508.353,95.629,VIRTUAL_FORWARD,1,1,1,1,14,0,-11.5540,14.3852,-18.0733,-15.3440,15.5742,-9.3382
2178,1165057879488,218607.022,98.670,VIRTUAL_FORWARD,1,1,1,1,14,0,-11.5540,14.3852,-18.0733,-15.3416,15.5674,-9.3352
2179,1165158282688,218707.426,100.403,VIRTUAL_FORWARD,1,1,1,1,14,0,-11.5540,14.3852,-18.0733,-15.3399,15.5605,-9.3316
2180,1165259030688,218808.174,100.748,VIRTUAL_FORWARD,1,1,1,1,14,0,-11.5540,14.3852,-18.0733,-15.3381,15.5545,-9.3285
2181,1165357435296,218906.578,98.405,VIRTUAL_FORWARD,1,1,1,1,14,0,-11.5540,14.3852,-18.0733,-15.3362,15.5484,-9.3241
2182,1165459685632,219008.829,102.250,VIRTUAL_FORWARD,1,1,1,1,14,0,-11.5540,14.3852,-18.0733,-15.3346,15.5426,-9.3206
2183,1165561894304,219111.037,102.209,VIRTUAL_FORWARD,1,1,1,1,14,0,-11.5540,14.3852,-18.0733,-15.3333,15.5367,-9.3181
2184,1165660661952,219209.805,98.768,VIRTUAL_FORWARD,1,1,1,1,14,0,-11.5540,14.3852,-18.0733,-15.3308,15.5318,-9.3161
2185,1165762084640,219311.228,101.423,VIRTUAL_FORWARD,1,1,1,1,14,0,-11.5540,14.3852,-18.0733,-15.3276,15.5278,-9.3149
2186,1165866846208,219415.989,104.762,VIRTUAL_FORWARD,1,1,1,1,14,0,-11.5540,14.3852,-18.0733,-15.3256,15.5231,-9.3147
2187,1165957266656,219506.410,90.420,VIRTUAL_FORWARD,1,1,1,1,14,0,-11.5540,14.3852,-18.0733,-15.3245,15.5179,-9.3142
2188,1166061479040,219610.622,104.212,VIRTUAL_FORWARD,1,1,1,1,14,0,-11.5540,14.3852,-18.0733,-15.3228,15.5127,-9.3139
2189,1166158214592,219707.358,96.736,VIRTUAL_FORWARD,1,1,1,1,14,0,-11.5540,14.3852,-18.0733,-15.3208,15.5077,-9.3128
2190,1166260652544,219809.795,102.438,VIRTUAL_FORWARD,1,1,1,1,14,0,-11.5540,14.3852,-18.0733,-15.3190,15.5025,-9.3114
2191,1166359543744,219908.687,98.891,VIRTUAL_FORWARD,1,1,1,1,14,0,-11.5540,14.3852,-18.0733,-15.3176,15.4984,-9.3094
2192,1166462595104,220011.738,103.051,VIRTUAL_FORWARD,1,1,1,1,14,0,-11.5540,14.3852,-18.0733,-15.3159,15.4942,-9.3075
2193,1166558877152,220108.020,96.282,VIRTUAL_FORWARD,1,1,1,1,14,0,-11.5540,14.3852,-18.0733,-15.3141,15.4901,-9.3074
2194,1166659943808,220209.087,101.067,VIRTUAL_FORWARD,1,1,1,1,14,0,-11.5540,14.3852,-18.0733,-15.3121,15.4860,-9.3085
2195,1166760335648,220309.479,100.392,VIRTUAL_FORWARD,1,1,1,1,14,0,-11.5540,14.3852,-18.0733,-15.3101,15.4819,-9.3093
2196,1166860440896,220409.584,100.105,VIRTUAL_FORWARD,1,1,1,1,14,0,-11.5540,14.3852,-18.0733,-15.3082,15.4775,-9.3095
2197,1166957287424,220506.430,96.847,VIRTUAL_FORWARD,1,1,1,1,14,0,-11.5540,14.3852,-18.0733,-15.3063,15.4723,-9.3084
2198,1167068956448,220618.099,111.669,VIRTUAL_FORWARD,1,1,1,1,14,0,-11.5540,14.3852,-18.0733,-15.3044,15.4685,-9.3070
2199,1167159986496,220709.129,91.030,VIRTUAL_FORWARD,1,1,1,1,14,0,-11.5540,14.3852,-18.0733,-15.3022,15.4658,-9.3069
2200,1167263415520,220812.558,103.429,VIRTUAL_FORWARD,1,1,1,1,14,0,-11.5540,14.3852,-18.0733,-15.2997,15.4621,-9.3090
2201,1167359260064,220908.403,95.845,VIRTUAL_FORWARD,1,1,1,1,14,0,-11.5540,14.3852,-18.0733,-15.2970,15.4585,-9.3113
2202,1167457282624,221006.426,98.023,VIRTUAL_FORWARD,1,1,1,1,14,0,-11.5540,14.3852,-18.0733,-15.2947,15.4540,-9.3133
2203,1167557863520,221107.006,100.581,VIRTUAL_FORWARD,1,1,1,1,14,0,-11.5540,14.3852,-18.0733,-15.2928,15.4498,-9.3139
2204,1167660920576,221210.063,103.057,VIRTUAL_FORWARD,1,1,1,1,14,0,-11.5540,14.3852,-18.0733,-15.2914,15.4460,-9.3134
2205,1167758925120,221308.068,98.005,VIRTUAL_FORWARD,1,1,1,1,14,0,-11.5540,14.3852,-18.0733,-15.2902,15.4430,-9.3126
2206,1167862347392,221411.490,103.422,VIRTUAL_FORWARD,1,1,1,1,14,0,-11.5540,14.3852,-18.0733,-15.2890,15.4398,-9.3120
2207,1167962032928,221511.176,99.686,VIRTUAL_FORWARD,1,1,1,1,14,0,-11.5540,14.3852,-18.0733,-15.2877,15.4367,-9.3113
2208,1168062437376,221611.580,100.404,VIRTUAL_FORWARD,1,1,1,1,14,0,-11.5540,14.3852,-18.0733,-15.2864,15.4337,-9.3115
2209,1168161706080,221710.849,99.269,VIRTUAL_FORWARD,1,1,1,1,14,0,-11.5540,14.3852,-18.0733,-15.2848,15.4308,-9.3126
2210,1168257790624,221806.934,96.085,VIRTUAL_FORWARD,1,1,1,1,14,0,-11.5540,14.3852,-18.0733,-15.2838,15.4279,-9.3129
2211,1168362337088,221911.480,104.546,VIRTUAL_FORWARD,1,1,1,1,14,0,-11.5540,14.3852,-18.0733,-15.2829,15.4253,-9.3125
2212,1168462225536,222011.368,99.888,VIRTUAL_FORWARD,1,1,1,1,14,0,-11.5540,14.3852,-18.0733,-15.2824,15.4223,-9.3118
2213,1168560802368,222109.945,98.577,VIRTUAL_FORWARD,1,1,1,1,14,0,-11.5540,14.3852,-18.0733,-15.2820,15.4196,-9.3116
2214,1168659161376,222208.304,98.359,VIRTUAL_FORWARD,1,1,1,1,14,0,-11.5540,14.3852,-18.0733,-15.2816,15.4167,-9.3116
2215,1168759902976,222309.046,100.742,VIRTUAL_FORWARD,1,1,1,1,14,0,-11.5540,14.3852,-18.0733,-15.2810,15.4140,-9.3117
2216,1168862105856,222411.249,102.203,VIRTUAL_FORWARD,1,1,1,1,14,0,-11.5540,14.3852,-18.0733,-15.2801,15.4105,-9.3125
2217,1168957647776,222506.791,95.542,VIRTUAL_FORWARD,1,1,1,1,14,0,-11.5540,14.3852,-18.0733,-15.2789,15.4067,-9.3133
2218,1169063014528,222612.157,105.367,VIRTUAL_FORWARD,1,1,1,1,14,0,-11.5540,14.3852,-18.0733,-15.2773,15.4040,-9.3137
2219,1169159365504,222708.508,96.351,VIRTUAL_FORWARD,1,1,1,1,14,0,-11.5540,14.3852,-18.0733,-15.2754,15.4018,-9.3133
2220,1169258804864,222807.948,99.439,VIRTUAL_FORWARD,1,1,1,1,14,0,-11.5540,14.3852,-18.0733,-15.2737,15.3998,-9.3123
2221,1169360707424,222909.850,101.903,VIRTUAL_FORWARD,1,1,1,1,14,0,-11.5540,14.3852,-18.0733,-15.2723,15.3975,-9.3111
2222,1169457444192,223006.587,96.737,VIRTUAL_FORWARD,1,1,1,1,14,0,-11.5540,14.3852,-18.0733,-15.2709,15.3957,-9.3094
2223,1169558302464,223107.445,100.858,VIRTUAL_FORWARD,1,1,1,1,14,0,-11.5540,14.3852,-18.0733,-15.2698,15.3937,-9.3077
2224,1169659346304,223208.489,101.044,VIRTUAL_FORWARD,1,1,1,1,14,0,-11.5540,14.3852,-18.0733,-15.2688,15.3921,-9.3066
2225,1169760721056,223309.864,101.375,VIRTUAL_FORWARD,1,1,1,1,14,0,-11.5540,14.3852,-18.0733,-15.2678,15.3908,-9.3066
2226,1169857161504,223406.304,96.440,VIRTUAL_FORWARD,1,1,1,1,14,0,-11.5540,14.3852,-18.0733,-15.2674,15.3890,-9.3079
2227,1169960452128,223509.595,103.291,VIRTUAL_FORWARD,1,1,1,1,14,0,-11.5540,14.3852,-18.0733,-15.2676,15.3872,-9.3096
2228,1170062429728,223611.573,101.978,VIRTUAL_FORWARD,1,1,1,1,14,0,-11.5540,14.3852,-18.0733,-15.2672,15.3863,-9.3133
2229,1170159952640,223709.096,97.523,VIRTUAL_FORWARD,1,1,1,1,14,0,-11.5540,14.3852,-18.0733,-15.2665,15.3861,-9.3152
2230,1170260255104,223809.398,100.302,VIRTUAL_FORWARD,1,1,1,1,14,0,-11.5540,14.3852,-18.0733,-15.2659,15.3857,-9.3176
2231,1170358349760,223907.493,98.095,VIRTUAL_FORWARD,1,1,1,1,14,0,-11.5540,14.3852,-18.0733,-15.2655,15.3853,-9.3196
2232,1170466980032,224016.123,108.630,VIRTUAL_FORWARD,1,1,1,1,14,0,-11.5540,14.3852,-18.0733,-15.2649,15.3845,-9.3203
2233,1170557012864,224106.156,90.033,VIRTUAL_FORWARD,1,1,1,1,14,0,-11.5540,14.3852,-18.0733,-15.2642,15.3833,-9.3211
2234,1170659974336,224209.117,102.961,VIRTUAL_FORWARD,1,1,1,1,14,0,-11.5540,14.3852,-18.0733,-15.2637,15.3828,-9.3218
2235,1170761453152,224310.596,101.479,VIRTUAL_FORWARD,1,1,1,1,14,0,-11.5540,14.3852,-18.0733,-15.2634,15.3829,-9.3220
2236,1170862266016,224411.409,100.813,VIRTUAL_FORWARD,1,1,1,1,14,0,-11.5540,14.3852,-18.0733,-15.2625,15.3838,-9.3217
2237,1170967478368,224516.621,105.212,VIRTUAL_FORWARD,1,1,1,1,14,0,-11.5540,14.3852,-18.0733,-15.2613,15.3852,-9.3216
2238,1171057861920,224607.005,90.384,VIRTUAL_FORWARD,1,1,1,1,14,0,-11.5540,14.3852,-18.0733,-15.2613,15.3858,-9.3216
2239,1171161481312,224710.624,103.619,VIRTUAL_FORWARD,1,1,1,1,14,0,-11.5540,14.3852,-18.0733,-15.2623,15.3857,-9.3214
2240,1171261302368,224810.445,99.821,VIRTUAL_FORWARD,1,1,1,1,14,0,-11.5540,14.3852,-18.0733,-15.2622,15.3861,-9.3210
2241,1171357198592,224906.342,95.896,VIRTUAL_FORWARD,1,1,1,1,14,0,-11.5540,14.3852,-18.0733,-15.2611,15.3869,-9.3193
2242,1171458773152,225007.916,101.575,VIRTUAL_FORWARD,1,1,1,1,14,0,-11.5540,14.3852,-18.0733,-15.2612,15.3871,-9.3181
2243,1171562548864,225111.692,103.776,VIRTUAL_FORWARD,1,1,1,1,14,0,-11.5540,14.3852,-18.0733,-15.2617,15.3873,-9.3184
2244,1171661402400,225210.545,98.854,VIRTUAL_FORWARD,1,1,1,1,14,0,-11.5540,14.3852,-18.0733,-15.2621,15.3873,-9.3193
2245,1171757370208,225306.513,95.968,VIRTUAL_FORWARD,1,1,1,1,14,0,-11.5540,14.3852,-18.0733,-15.2622,15.3872,-9.3202
2246,1171860822336,225409.965,103.452,VIRTUAL_FORWARD,1,1,1,1,14,0,-11.5540,14.3852,-18.0733,-15.2628,15.3873,-9.3195
2247,1171961570176,225510.713,100.748,VIRTUAL_FORWARD,1,1,1,1,14,0,-11.5540,14.3852,-18.0733,-15.2635,15.3876,-9.3187
2248,1172060276768,225609.420,98.707,VIRTUAL_FORWARD,1,1,1,1,14,0,-11.5540,14.3852,-18.0733,-15.2628,15.3884,-9.3180
2249,1172159000512,225708.143,98.724,VIRTUAL_FORWARD,1,1,1,1,14,0,-11.5540,14.3852,-18.0733,-15.2611,15.3897,-9.3173
2250,1172259087520,225808.230,100.087,VIRTUAL_FORWARD,1,1,1,1,14,0,-11.5540,14.3852,-18.0733,-15.2601,15.3914,-9.3154
2251,1172359967328,225909.110,100.880,VIRTUAL_FORWARD,1,1,1,1,14,0,-11.5540,14.3852,-18.0733,-15.2595,15.3934,-9.3128
2252,1172458327520,226007.470,98.360,VIRTUAL_FORWARD,1,1,1,1,14,0,-11.5540,14.3852,-18.0733,-15.2592,15.3940,-9.3103
2253,1172557858496,226107.001,99.531,VIRTUAL_FORWARD,1,1,1,1,14,0,-11.5540,14.3852,-18.0733,-15.2588,15.3941,-9.3072
2254,1172661399776,226210.543,103.541,VIRTUAL_FORWARD,1,1,1,1,14,0,-11.5540,14.3852,-18.0733,-15.2584,15.3953,-9.3052
2255,1172761640832,226310.784,100.241,VIRTUAL_FORWARD,1,1,1,1,14,0,-11.5540,14.3852,-18.0733,-15.2578,15.3973,-9.3034
2256,1172857053472,226406.196,95.413,VIRTUAL_FORWARD,1,1,1,1,14,0,-11.5540,14.3852,-18.0733,-15.2567,15.3988,-9.3030
2257,1172958603936,226507.747,101.550,VIRTUAL_FORWARD,1,1,1,1,14,0,-11.5540,14.3852,-18.0733,-15.2552,15.4000,-9.3015
2258,1173059148768,226608.292,100.545,VIRTUAL_FORWARD,1,1,1,1,14,0,-11.5540,14.3852,-18.0733,-15.2546,15.4015,-9.3017
2259,1173160335136,226709.478,101.186,VIRTUAL_FORWARD,1,1,1,1,14,0,-11.5540,14.3852,-18.0733,-15.2546,15.4031,-9.3011
2260,1173259643008,226808.786,99.308,VIRTUAL_FORWARD,1,1,1,1,14,0,-11.5540,14.3852,-18.0733,-15.2542,15.4041,-9.2984
2261,1173359496512,226908.639,99.854,VIRTUAL_FORWARD,1,1,1,1,14,0,-11.5540,14.3852,-18.0733,-15.2535,15.4047,-9.2954
2262,1173459857824,227009.001,100.361,VIRTUAL_FORWARD,1,1,1,1,14,0,-11.5540,14.3852,-18.0733,-15.2526,15.4054,-9.2925
2263,1173559001280,227108.144,99.143,VIRTUAL_FORWARD,1,1,1,1,14,0,-11.5540,14.3852,-18.0733,-15.2515,15.4062,-9.2900
2264,1173658329760,227207.473,99.328,VIRTUAL_FORWARD,1,1,1,1,14,0,-11.5540,14.3852,-18.0733,-15.2502,15.4067,-9.2874
2265,1173761630432,227310.773,103.301,VIRTUAL_FORWARD,1,1,1,1,14,0,-11.5540,14.3852,-18.0733,-15.2486,15.4070,-9.2840
2266,1173857702752,227406.846,96.072,VIRTUAL_FORWARD,1,1,1,1,14,0,-11.5540,14.3852,-18.0733,-15.2471,15.4082,-9.2806
2267,1173960495552,227509.638,102.793,VIRTUAL_FORWARD,1,1,1,1,14,0,-11.5540,14.3852,-18.0733,-15.2457,15.4100,-9.2789
2268,1174062497120,227611.640,102.002,VIRTUAL_FORWARD,1,1,1,1,14,0,-11.5540,14.3852,-18.0733,-15.2445,15.4113,-9.2778
2269,1174160432416,227709.575,97.935,VIRTUAL_FORWARD,1,1,1,1,14,0,-11.5540,14.3852,-18.0733,-15.2435,15.4126,-9.2755
2270,1174262022976,227811.166,101.591,VIRTUAL_FORWARD,1,1,1,1,14,0,-11.5540,14.3852,-18.0733,-15.2413,15.4150,-9.2755
2271,1174361956320,227911.099,99.933,VIRTUAL_FORWARD,1,1,1,1,14,0,-11.5540,14.3852,-18.0733,-15.2404,15.4162,-9.2754
2272,1174462071616,228011.215,100.115,VIRTUAL_FORWARD,1,1,1,1,14,0,-11.5540,14.3852,-18.0733,-15.2394,15.4174,-9.2755
2273,1174557092352,228106.235,95.021,VIRTUAL_FORWARD,1,1,1,1,14,0,-11.5540,14.3852,-18.0733,-15.2387,15.4184,-9.2771
2274,1174657686336,228206.829,100.594,VIRTUAL_FORWARD,1,1,1,1,14,0,-11.5540,14.3852,-18.0733,-15.2376,15.4199,-9.2796
2275,1174759097408,228308.240,101.411,VIRTUAL_FORWARD,1,1,1,1,14,0,-11.5540,14.3852,-18.0733,-15.2363,15.4218,-9.2810
2276,1174858887840,228408.031,99.790,VIRTUAL_FORWARD,1,1,1,1,14,0,-11.5540,14.3852,-18.0733,-15.2348,15.4231,-9.2816
2277,1174964959424,228514.102,106.072,VIRTUAL_FORWARD,1,1,1,1,14,0,-11.5540,14.3852,-18.0733,-15.2331,15.4239,-9.2832
2278,1175058468416,228607.611,93.509,VIRTUAL_FORWARD,1,1,1,1,14,0,-11.5540,14.3852,-18.0733,-15.2311,15.4254,-9.2854
2279,1175161073280,228710.216,102.605,VIRTUAL_FORWARD,1,1,1,1,14,0,-11.5540,14.3852,-18.0733,-15.2290,15.4275,-9.2879
2280,1175258555328,228807.698,97.482,VIRTUAL_FORWARD,1,1,1,1,14,0,-11.5540,14.3852,-18.0733,-15.2275,15.4302,-9.2894
2281,1175359125088,228908.268,100.570,VIRTUAL_FORWARD,1,1,1,1,14,0,-11.5540,14.3852,-18.0733,-15.2265,15.4337,-9.2917
2282,1175460505632,229009.649,101.381,VIRTUAL_FORWARD,1,1,1,1,14,0,-11.5540,14.3852,-18.0733,-15.2249,15.4365,-9.2931
2283,1175559961120,229109.104,99.455,VIRTUAL_FORWARD,1,1,1,1,14,0,-11.5540,14.3852,-18.0733,-15.2229,15.4390,-9.2947
2284,1175657892192,229207.035,97.931,VIRTUAL_FORWARD,1,1,1,1,14,0,-11.5540,14.3852,-18.0733,-15.2208,15.4420,-9.2967
2285,1175758003296,229307.146,100.111,VIRTUAL_FORWARD,1,1,1,1,14,0,-11.5540,14.3852,-18.0733,-15.2186,15.4452,-9.2980
2286,1175862039520,229411.182,104.036,VIRTUAL_FORWARD,1,1,1,1,14,0,-11.5540,14.3852,-18.0733,-15.2165,15.4486,-9.2986
2287,1175959128160,229508.271,97.089,VIRTUAL_FORWARD,1,1,1,1,14,0,-11.5540,14.3852,-18.0733,-15.2144,15.4519,-9.2992
2288,1176061575264,229610.718,102.447,VIRTUAL_FORWARD,1,1,1,1,14,0,-11.5540,14.3852,-18.0733,-15.2124,15.4550,-9.3006
2289,1176157225440,229706.368,95.650,VIRTUAL_FORWARD,1,1,1,1,14,0,-11.5540,14.3852,-18.0733,-15.2105,15.4577,-9.3032
2290,1176260831808,229809.975,103.606,VIRTUAL_FORWARD,1,1,1,1,14,0,-11.5540,14.3852,-18.0733,-15.2083,15.4620,-9.3064
2291,1176357828992,229906.972,96.997,VIRTUAL_FORWARD,1,1,1,1,14,0,-11.5540,14.3852,-18.0733,-15.2062,15.4665,-9.3091
2292,1176460533184,230009.676,102.704,VIRTUAL_FORWARD,1,1,1,1,14,0,-11.5540,14.3852,-18.0733,-15.2053,15.4698,-9.3117
2293,1176561335168,230110.478,100.802,VIRTUAL_FORWARD,1,1,1,1,14,0,-11.5540,14.3852,-18.0733,-15.2050,15.4725,-9.3125
2294,1176660354624,230209.498,99.019,VIRTUAL_FORWARD,1,1,1,1,14,0,-11.5540,14.3852,-18.0733,-15.2032,15.4755,-9.3151
2295,1176761949888,230311.093,101.595,VIRTUAL_FORWARD,1,1,1,1,14,0,-11.5540,14.3852,-18.0733,-15.2011,15.4785,-9.3179
2296,1176859694464,230408.837,97.745,VIRTUAL_FORWARD,1,1,1,1,14,0,-11.5540,14.3852,-18.0733,-15.1994,15.4823,-9.3208
2297,1176959863776,230509.007,100.169,VIRTUAL_FORWARD,1,1,1,1,14,0,-11.5540,14.3852,-18.0733,-15.1980,15.4868,-9.3260
2298,1177059610368,230608.753,99.747,VIRTUAL_FORWARD,1,1,1,1,14,0,-11.5540,14.3852,-18.0733,-15.1964,15.4911,-9.3310
2299,1177158843360,230707.986,99.233,VIRTUAL_FORWARD,1,1,1,1,14,0,-11.5540,14.3852,-18.0733,-15.1944,15.4955,-9.3363
2300,1177260508480,230809.651,101.665,VIRTUAL_FORWARD,1,1,1,1,14,0,-11.5540,14.3852,-18.0733,-15.1927,15.4989,-9.3398
2301,1177362612864,230911.756,102.104,VIRTUAL_FORWARD,1,1,1,1,14,0,-11.5540,14.3852,-18.0733,-15.1911,15.5017,-9.3428
2302,1177457939584,231007.082,95.327,VIRTUAL_FORWARD,1,1,1,1,14,0,-11.5540,14.3852,-18.0733,-15.1892,15.5050,-9.3463
2303,1177563429408,231112.572,105.490,VIRTUAL_FORWARD,1,1,1,1,14,0,-11.5540,14.3852,-18.0733,-15.1870,15.5090,-9.3489
2304,1177658478368,231207.621,95.049,VIRTUAL_FORWARD,1,1,1,1,14,0,-11.5540,14.3852,-18.0733,-15.1846,15.5133,-9.3501
2305,1177761934656,231311.078,103.456,VIRTUAL_FORWARD,1,1,1,1,14,0,-11.5540,14.3852,-18.0733,-15.1822,15.5177,-9.3511
2306,1177861383296,231410.526,99.449,VIRTUAL_FORWARD,1,1,1,1,14,0,-11.5540,14.3852,-18.0733,-15.1795,15.5224,-9.3511
2307,1177959210688,231508.354,97.827,VIRTUAL_FORWARD,1,1,1,1,14,0,-11.5540,14.3852,-18.0733,-15.1765,15.5278,-9.3516
2308,1178062517568,231611.660,103.307,VIRTUAL_FORWARD,1,1,1,1,14,0,-11.5540,14.3852,-18.0733,-15.1738,15.5324,-9.3525
2309,1178162491616,231711.635,99.974,VIRTUAL_FORWARD,1,1,1,1,14,0,-11.5540,14.3852,-18.0733,-15.1713,15.5367,-9.3524
2310,1178260250592,231809.394,97.759,VIRTUAL_FORWARD,1,1,1,1,14,0,-11.5540,14.3852,-18.0733,-15.1688,15.5415,-9.3517
2311,1178357537664,231906.681,97.287,VIRTUAL_FORWARD,1,1,1,1,14,0,-11.5540,14.3852,-18.0733,-15.1664,15.5463,-9.3506
2312,1178457963136,232007.106,100.425,VIRTUAL_FORWARD,1,1,1,1,14,0,-11.5540,14.3852,-18.0733,-15.1639,15.5503,-9.3505
2313,1178559977888,232109.121,102.015,VIRTUAL_FORWARD,1,1,1,1,14,0,-11.5540,14.3852,-18.0733,-15.1615,15.5536,-9.3509
2314,1178661512064,232210.655,101.534,VIRTUAL_FORWARD,1,1,1,1,14,0,-11.5540,14.3852,-18.0733,-15.1584,15.5576,-9.3501
2315,1178761702432,232310.845,100.190,VIRTUAL_FORWARD,1,1,1,1,14,0,-11.5540,14.3852,-18.0733,-15.1551,15.5620,-9.3493
2316,1178861673376,232410.816,99.971,VIRTUAL_FORWARD,1,1,1,1,14,0,-11.5540,14.3852,-18.0733,-15.1522,15.5665,-9.3481
2317,1178962563040,232511.706,100.890,VIRTUAL_FORWARD,1,1,1,1,14,0,-11.5540,14.3852,-18.0733,-15.1494,15.5713,-9.3469
2318,1179057656832,232606.800,95.094,VIRTUAL_FORWARD,1,1,1,1,14,0,-11.5540,14.3852,-18.0733,-15.1470,15.5751,-9.3449
2319,1179161522080,232710.665,103.865,VIRTUAL_FORWARD,1,1,1,1,14,0,-11.5540,14.3852,-18.0733,-15.1447,15.5783,-9.3426
2320,1179258124352,232807.267,96.602,VIRTUAL_FORWARD,1,1,1,1,14,0,-11.5540,14.3852,-18.0733,-15.1426,15.5823,-9.3404
2321,1179368058592,232917.202,109.934,VIRTUAL_FORWARD,1,1,1,1,14,0,-11.5540,14.3852,-18.0733,-15.1408,15.5862,-9.3395
2322,1179458911520,233008.054,90.853,VIRTUAL_FORWARD,1,1,1,1,14,0,-11.5540,14.3852,-18.0733,-15.1384,15.5908,-9.3383
2323,1179564415584,233113.558,105.504,VIRTUAL_FORWARD,1,1,1,1,14,0,-11.5540,14.3852,-18.0733,-15.1360,15.5954,-9.3366
2324,1179658854112,233207.997,94.439,VIRTUAL_FORWARD,1,1,1,1,14,0,-11.5540,14.3852,-18.0733,-15.1338,15.5992,-9.3365
2325,1179758451840,233307.595,99.598,VIRTUAL_FORWARD,1,1,1,1,14,0,-11.5540,14.3852,-18.0733,-15.1317,15.6022,-9.3367
2326,1179864484128,233413.627,106.032,VIRTUAL_FORWARD,1,1,1,1,14,0,-11.5540,14.3852,-18.0733,-15.1298,15.6058,-9.3371
2327,1179957398368,233506.541,92.914,VIRTUAL_FORWARD,1,1,1,1,14,0,-11.5540,14.3852,-18.0733,-15.1283,15.6091,-9.3382
2328,1180060402752,233609.546,103.004,VIRTUAL_FORWARD,1,1,1,1,14,0,-11.5540,14.3852,-18.0733,-15.1262,15.6121,-9.3389
2329,1180161995584,233711.138,101.593,VIRTUAL_FORWARD,1,1,1,1,14,0,-11.5540,14.3852,-18.0733,-15.1239,15.6147,-9.3389
2330,1180259315200,233808.458,97.320,VIRTUAL_FORWARD,1,1,1,1,14,0,-11.5540,14.3852,-18.0733,-15.1211,15.6179,-9.3383
2331,1180368995072,233918.138,109.680,VIRTUAL_FORWARD,1,1,1,1,14,0,-11.5540,14.3852,-18.0733,-15.1179,15.6213,-9.3376
2332,1180458987680,234008.131,89.993,VIRTUAL_FORWARD,1,1,1,1,14,0,-11.5540,14.3852,-18.0733,-15.1125,15.6267,-9.3381
2333,1180561922560,234111.065,102.935,VIRTUAL_FORWARD,1,1,1,1,14,0,-11.5540,14.3852,-18.0733,-15.1113,15.6279,-9.3382
2334,1180659621376,234208.764,97.699,VIRTUAL_FORWARD,1,1,1,1,14,0,-11.5540,14.3852,-18.0733,-15.1097,15.6300,-9.3393
2335,1180759756512,234308.899,100.135,VIRTUAL_FORWARD,1,1,1,1,14,0,-11.5540,14.3852,-18.0733,-15.1091,15.6315,-9.3404
2336,1180858806176,234407.949,99.050,VIRTUAL_FORWARD,1,1,1,1,14,0,-11.5540,14.3852,-18.0733,-15.1071,15.6333,-9.3412
2337,1180957489280,234506.632,98.683,VIRTUAL_FORWARD,1,1,1,1,14,0,-11.5540,14.3852,-18.0733,-15.1046,15.6352,-9.3412
2338,1181059676608,234608.820,102.187,VIRTUAL_FORWARD,1,1,1,1,14,0,-11.5540,14.3852,-18.0733,-15.1014,15.6373,-9.3413
2339,1181159386912,234708.530,99.710,VIRTUAL_FORWARD,1,1,1,1,14,0,-11.5540,14.3852,-18.0733,-15.0978,15.6393,-9.3426
2340,1181263068320,234812.211,103.681,VIRTUAL_FORWARD,1,1,1,1,14,0,-11.5540,14.3852,-18.0733,-15.0950,15.6415,-9.3430
2341,1181359582112,234908.725,96.514,VIRTUAL_FORWARD,1,1,1,1,14,0,-11.5540,14.3852,-18.0733,-15.0932,15.6439,-9.3433
2342,1181464511872,235013.655,104.930,VIRTUAL_FORWARD,1,1,1,1,14,0,-11.5540,14.3852,-18.0733,-15.0909,15.6466,-9.3437
2343,1181560232160,235109.375,95.720,VIRTUAL_FORWARD,1,1,1,1,14,0,-11.5540,14.3852,-18.0733,-15.0888,15.6488,-9.3445
2344,1181668068000,235217.211,107.836,VIRTUAL_FORWARD,1,1,1,1,14,0,-11.5540,14.3852,-18.0733,-15.0860,15.6517,-9.3453
2345,1181762455904,235311.599,94.388,VIRTUAL_FORWARD,1,1,1,1,14,0,-11.5540,14.3852,-18.0733,-15.0829,15.6547,-9.3468
2346,1181859103072,235408.246,96.647,VIRTUAL_FORWARD,1,1,1,1,14,0,-11.5540,14.3852,-18.0733,-15.0801,15.6579,-9.3490
2347,1181961649152,235510.792,102.546,VIRTUAL_FORWARD,1,1,1,1,14,0,-11.5540,14.3852,-18.0733,-15.0777,15.6608,-9.3514
2348,1182060467872,235609.611,98.819,VIRTUAL_FORWARD,1,1,1,1,14,0,-11.5540,14.3852,-18.0733,-15.0752,15.6632,-9.3544
2349,1182157075424,235706.218,96.608,VIRTUAL_FORWARD,1,1,1,1,14,0,-11.5540,14.3852,-18.0733,-15.0725,15.6650,-9.3565
2350,1182258616224,235807.759,101.541,VIRTUAL_FORWARD,1,1,1,1,14,0,-11.5540,14.3852,-18.0733,-15.0695,15.6665,-9.3582
2351,1182357909568,235907.052,99.293,VIRTUAL_FORWARD,1,1,1,1,14,0,-11.5540,14.3852,-18.0733,-15.0661,15.6676,-9.3621
2352,1182459280800,236008.424,101.371,VIRTUAL_FORWARD,1,1,1,1,14,0,-11.5540,14.3852,-18.0733,-15.0621,15.6692,-9.3668
2353,1182558005504,236107.148,98.725,VIRTUAL_FORWARD,1,1,1,1,14,0,-11.5540,14.3852,-18.0733,-15.0582,15.6711,-9.3711
2354,1182660992064,236210.135,102.987,VIRTUAL_FORWARD,1,1,1,1,14,0,-11.5540,14.3852,-18.0733,-15.0539,15.6733,-9.3757
2355,1182764743168,236313.886,103.751,VIRTUAL_FORWARD,1,1,1,1,14,0,-11.5540,14.3852,-18.0733,-15.0493,15.6756,-9.3806
2356,1182859697504,236408.840,94.954,VIRTUAL_FORWARD,1,1,1,1,14,0,-11.5540,14.3852,-18.0733,-15.0455,15.6778,-9.3851
2357,1182958713408,236507.856,99.016,VIRTUAL_FORWARD,1,1,1,1,14,0,-11.5540,14.3852,-18.0733,-15.0423,15.6801,-9.3894
2358,1183060567072,236609.710,101.854,VIRTUAL_FORWARD,1,1,1,1,14,0,-11.5540,14.3852,-18.0733,-15.0389,15.6821,-9.3946
2359,1183157567296,236706.710,97.000,VIRTUAL_FORWARD,1,1,1,1,14,0,-11.5540,14.3852,-18.0733,-15.0354,15.6838,-9.3993
2360,1183261790240,236810.933,104.223,VIRTUAL_FORWARD,1,1,1,1,14,0,-11.5540,14.3852,-18.0733,-15.0325,15.6854,-9.4028
2361,1183359199200,236908.342,97.409,VIRTUAL_FORWARD,1,1,1,1,14,0,-11.5540,14.3852,-18.0733,-15.0300,15.6874,-9.4068
2362,1183461484160,237010.627,102.285,VIRTUAL_FORWARD,1,1,1,1,14,0,-11.5540,14.3852,-18.0733,-15.0272,15.6874,-9.4068
2363,1183560518848,237109.662,99.035,VIRTUAL_FORWARD,1,1,1,1,14,0,-11.5540,14.3852,-18.0733,-15.0241,15.6861,-9.4055
2364,1183658952992,237208.096,98.434,VIRTUAL_FORWARD,1,1,1,1,14,0,-11.5540,14.3852,-18.0733,-15.0212,15.6864,-9.4041
2365,1183758357312,237307.500,99.404,VIRTUAL_FORWARD,1,1,1,1,14,0,-11.5540,14.3852,-18.0733,-15.0184,15.6878,-9.4035
2366,1183860392160,237409.535,102.035,VIRTUAL_FORWARD,1,1,1,1,14,0,-11.5540,14.3852,-18.0733,-15.0147,15.6889,-9.4040
2367,1183957862432,237507.005,97.470,VIRTUAL_FORWARD,1,1,1,1,14,0,-11.5540,14.3852,-18.0733,-15.0105,15.6896,-9.4048
2368,1184063428032,237612.571,105.566,VIRTUAL_FORWARD,1,1,1,1,14,0,-11.5540,14.3852,-18.0733,-15.0064,15.6908,-9.4051
2369,1184157618368,237706.761,94.190,VIRTUAL_FORWARD,1,1,1,1,14,0,-11.5540,14.3852,-18.0733,-15.0021,15.6924,-9.4052
2370,1184259143232,237808.286,101.525,VIRTUAL_FORWARD,1,1,1,1,14,0,-11.5540,14.3852,-18.0733,-14.9980,15.6939,-9.4047
2371,1184362960768,237912.104,103.818,VIRTUAL_FORWARD,1,1,1,1,14,0,-11.5540,14.3852,-18.0733,-14.9941,15.6953,-9.4043
2372,1184460935104,238010.078,97.974,VIRTUAL_FORWARD,1,1,1,1,14,0,-11.5540,14.3852,-18.0733,-14.9902,15.6945,-9.4048
2373,1184560359904,238109.503,99.425,VIRTUAL_FORWARD,1,1,1,1,14,0,-11.5540,14.3852,-18.0733,-14.9866,15.6926,-9.4064
2374,1184660856544,238209.999,100.497,VIRTUAL_FORWARD,1,1,1,1,14,0,-11.5540,14.3852,-18.0733,-14.9831,15.6922,-9.4080
2375,1184762906112,238312.049,102.050,VIRTUAL_FORWARD,1,1,1,1,14,0,-11.5540,14.3852,-18.0733,-14.9796,15.6928,-9.4098
2376,1184861200032,238410.343,98.294,VIRTUAL_FORWARD,1,1,1,1,14,0,-11.5540,14.3852,-18.0733,-14.9759,15.6920,-9.4103
2377,1184957798112,238506.941,96.598,VIRTUAL_FORWARD,1,1,1,1,14,0,-11.5540,14.3852,-18.0733,-14.9721,15.6901,-9.4102
2378,1185058214176,238607.357,100.416,VIRTUAL_FORWARD,1,1,1,1,14,0,-11.5540,14.3852,-18.0733,-14.9683,15.6889,-9.4098
2379,1185160136416,238709.279,101.922,VIRTUAL_FORWARD,1,1,1,1,14,0,-11.5540,14.3852,-18.0733,-14.9652,15.6886,-9.4096
2380,1185260840320,238809.983,100.704,VIRTUAL_FORWARD,1,1,1,1,14,0,-11.5540,14.3852,-18.0733,-14.9612,15.6886,-9.4092
2381,1185360724672,238909.868,99.884,VIRTUAL_FORWARD,1,1,1,1,14,0,-11.5540,14.3852,-18.0733,-14.9563,15.6890,-9.4084
2382,1185457868160,239007.011,97.143,VIRTUAL_FORWARD,1,1,1,1,14,0,-11.5540,14.3852,-18.0733,-14.9514,15.6891,-9.4076
2383,1185558800192,239107.943,100.932,VIRTUAL_FORWARD,1,1,1,1,14,0,-11.5540,14.3852,-18.0733,-14.9463,15.6890,-9.4063
2384,1185661595872,239210.739,102.796,VIRTUAL_FORWARD,1,1,1,1,14,0,-11.5540,14.3852,-18.0733,-14.9412,15.6884,-9.4043
2385,1185762378208,239311.521,100.782,VIRTUAL_FORWARD,1,1,1,1,14,0,-11.5540,14.3852,-18.0733,-14.9364,15.6876,-9.4014
2386,1185857708864,239406.852,95.331,VIRTUAL_FORWARD,1,1,1,1,14,0,-11.5540,14.3852,-18.0733,-14.9316,15.6877,-9.4002
2387,1185957906624,239507.050,100.198,VIRTUAL_FORWARD,1,1,1,1,14,0,-11.5540,14.3852,-18.0733,-14.9267,15.6888,-9.3987
2388,1186062261312,239611.404,104.355,VIRTUAL_FORWARD,1,1,1,1,14,0,-11.5540,14.3852,-18.0733,-14.9222,15.6885,-9.3990
2389,1186158798944,239707.942,96.538,VIRTUAL_FORWARD,1,1,1,1,14,0,-11.5540,14.3852,-18.0733,-14.9188,15.6871,-9.3999
2390,1186260634016,239809.777,101.835,VIRTUAL_FORWARD,1,1,1,1,14,0,-11.5540,14.3852,-18.0733,-14.9143,15.6858,-9.4008
2391,1186362730688,239911.874,102.097,VIRTUAL_FORWARD,1,1,1,1,14,0,-11.5540,14.3852,-18.0733,-14.9093,15.6847,-9.4015
2392,1186469779392,240018.922,107.049,VIRTUAL_FORWARD,1,1,1,1,14,0,-11.5540,14.3852,-18.0733,-14.9042,15.6842,-9.4026
2393,1186561380896,240110.524,91.602,VIRTUAL_FORWARD,1,1,1,1,14,0,-11.5540,14.3852,-18.0733,-14.8987,15.6841,-9.4036
2394,1186657518912,240206.662,96.138,VIRTUAL_FORWARD,1,1,1,1,14,0,-11.5540,14.3852,-18.0733,-14.8930,15.6845,-3.5408
2395,1186759697856,240308.841,102.179,VIRTUAL_FORWARD,1,1,1,1,14,0,-11.5540,14.3852,-18.0733,-14.8868,15.6854,-3.5460
2396,1186863449664,240412.593,103.752,VIRTUAL_FORWARD,1,1,1,1,14,0,-11.5540,14.3852,-18.0733,-14.8810,15.6850,-3.5474
2397,1186960468128,240509.611,97.018,VIRTUAL_FORWARD,1,1,1,1,14,0,-11.5540,14.3852,-18.0733,-14.8765,15.6835,-3.5408
2398,1187059787168,240608.930,99.319,VIRTUAL_FORWARD,1,1,1,1,14,0,-11.5540,14.3852,-18.0733,-14.8709,15.6821,-3.5398
2399,1187160723680,240709.867,100.937,VIRTUAL_FORWARD,1,1,1,1,14,0,-11.5540,14.3852,-18.0733,-14.8652,15.6810,-3.5380
2400,1187264324352,240813.467,103.601,VIRTUAL_FORWARD,1,1,1,1,14,0,-11.5540,14.3852,-18.0733,-14.8596,15.6804,-3.5454
2401,1187361885408,240911.028,97.561,VIRTUAL_FORWARD,1,1,1,1,14,0,-11.5540,14.3852,-18.0733,-14.8539,15.6805,-3.5441
2402,1187458845696,241007.989,96.960,VIRTUAL_FORWARD,1,1,1,1,14,0,-11.5540,14.3852,-18.0733,-14.8479,15.6797,-3.5427
2403,1187558587424,241107.730,99.742,VIRTUAL_FORWARD,1,1,1,1,14,0,-11.5540,14.3852,-18.0733,-14.8413,15.6780,-3.5425
2404,1187658519072,241207.662,99.932,VIRTUAL_FORWARD,1,1,1,1,14,0,-11.5540,14.3852,-18.0733,-14.8348,15.6782,-3.5423
2405,1187765076064,241314.219,106.557,VIRTUAL_FORWARD,1,1,1,1,14,0,-11.5540,14.3852,-18.0733,-14.8287,15.6799,-3.5448
2406,1187860310176,241409.453,95.234,VIRTUAL_FORWARD,1,1,1,1,14,0,-11.5540,14.3852,-18.0733,-14.8219,15.6801,-3.5463
2407,1187961822752,241510.966,101.513,VIRTUAL_FORWARD,1,1,1,1,14,0,-11.5540,14.3852,-18.0733,-14.8160,15.6795,-3.5448
2408,1188062759744,241611.903,100.937,VIRTUAL_FORWARD,1,1,1,1,14,0,-11.5540,14.3852,-18.0733,-14.8103,15.6788,-3.5412
2409,1188158790816,241707.934,96.031,VIRTUAL_FORWARD,1,1,1,1,14,0,-11.5540,14.3852,-18.0733,-14.8049,15.6779,-3.5383
2410,1188262171456,241811.314,103.381,VIRTUAL_FORWARD,1,1,1,1,14,0,-11.5540,14.3852,-18.0733,-14.7987,15.6765,-3.5354
2411,1188358376448,241907.519,96.205,VIRTUAL_FORWARD,1,1,1,1,14,0,-11.5540,14.3852,-18.0733,-14.7921,15.6748,-3.5348
2412,1188460685632,242009.829,102.309,VIRTUAL_FORWARD,1,1,1,1,14,0,-11.5540,14.3852,-18.0733,-14.7855,15.6728,-3.5340
2413,1188561123616,242110.267,100.438,VIRTUAL_FORWARD,1,1,1,1,14,0,-11.5540,14.3852,-18.0733,-14.7787,15.6703,-3.5324
2414,1188657536448,242206.679,96.413,VIRTUAL_FORWARD,1,1,1,1,14,0,-11.5540,14.3852,-18.0733,-14.7726,15.6674,-3.5306
2415,1188759211968,242308.355,101.676,VIRTUAL_FORWARD,1,1,1,1,14,0,-11.5540,14.3852,-18.0733,-14.7665,15.6636,-3.5291
2416,1188861709408,242410.852,102.497,VIRTUAL_FORWARD,1,1,1,1,14,0,-11.5540,14.3852,-18.0733,-14.7604,15.6611,-3.5266
2417,1188959518464,242508.661,97.809,VIRTUAL_FORWARD,1,1,1,1,14,0,-11.5540,14.3852,-18.0733,-14.7535,15.6592,-3.5246
2418,1189059709888,242608.853,100.191,VIRTUAL_FORWARD,1,1,1,1,14,0,-11.5540,14.3852,-18.0733,-14.7473,15.6567,-3.5213
2419,1189162764096,242711.907,103.054,VIRTUAL_FORWARD,1,1,1,1,14,0,-11.5540,14.3852,-18.0733,-14.7414,15.6534,-3.5165
2420,1189261883808,242811.027,99.120,VIRTUAL_FORWARD,1,1,1,1,14,0,-11.5540,14.3852,-18.0733,-14.7355,15.6515,-3.5128
2421,1189362315872,242911.459,100.432,VIRTUAL_FORWARD,1,1,1,1,14,0,-11.5540,14.3852,-18.0733,-14.7283,15.6511,-3.5087
2422,1189459430912,243008.574,97.115,VIRTUAL_FORWARD,1,1,1,1,14,0,-11.5540,14.3852,-18.0733,-14.7218,15.6500,-3.5055
2423,1189560868416,243110.011,101.438,VIRTUAL_FORWARD,1,1,1,1,14,0,-11.5540,14.3852,-18.0733,-14.7153,15.6471,-3.5021
2424,1189659400192,243208.543,98.532,VIRTUAL_FORWARD,1,1,1,1,14,0,-11.5540,14.3852,-18.0733,-14.7073,15.6436,-3.4968
2425,1189761845344,243310.988,102.445,VIRTUAL_FORWARD,1,1,1,1,14,0,-11.5540,14.3852,-18.0733,-14.7001,15.6406,-3.4926
2426,1189863444512,243412.587,101.599,VIRTUAL_FORWARD,1,1,1,1,14,0,-11.5540,14.3852,-18.0733,-14.6938,15.6368,-3.4889
2427,1189960989600,243510.133,97.545,VIRTUAL_FORWARD,1,1,1,1,14,0,-11.5540,14.3852,-18.0733,-14.6883,15.6317,-3.4864
2428,1190061387552,243610.530,100.398,VIRTUAL_FORWARD,1,1,1,1,14,0,-11.5540,14.3852,-18.0733,-14.6827,15.6274,-3.4833
2429,1190161327456,243710.470,99.940,VIRTUAL_FORWARD,1,1,1,1,14,0,-11.5540,14.3852,-18.0733,-14.6766,15.6236,-3.4812
2430,1190259962496,243809.105,98.635,VIRTUAL_FORWARD,1,1,1,1,14,0,-11.5540,14.3852,-18.0733,-14.6698,15.6205,-3.4781
2431,1190361934304,243911.077,101.972,VIRTUAL_FORWARD,1,1,1,1,14,0,-11.5540,14.3852,-18.0733,-14.6626,15.6181,-3.4732
2432,1190457060736,244006.204,95.126,VIRTUAL_FORWARD,1,1,1,1,14,0,-11.5540,14.3852,-18.0733,-14.6556,15.6154,-3.4682
2433,1190559523648,244108.667,102.463,VIRTUAL_FORWARD,1,1,1,1,14,0,-11.5540,14.3852,-18.0733,-14.6484,15.6123,-3.4641
2434,1190658903264,244208.046,99.380,VIRTUAL_FORWARD,1,1,1,1,14,0,-11.5540,14.3852,-18.0733,-14.6421,15.6098,-3.4602
2435,1190757096608,244306.240,98.193,VIRTUAL_FORWARD,1,1,1,1,14,0,-11.5540,14.3852,-18.0733,-14.6361,15.6077,-3.4564
2436,1190859195328,244408.338,102.099,VIRTUAL_FORWARD,1,1,1,1,14,0,-11.5540,14.3852,-18.0733,-14.6300,15.6059,-3.4521
2437,1190961687648,244510.831,102.492,VIRTUAL_FORWARD,1,1,1,1,14,0,-11.5540,14.3852,-18.0733,-14.6241,15.6045,-3.4478
2438,1191061018080,244610.161,99.330,VIRTUAL_FORWARD,1,1,1,1,14,0,-11.5540,14.3852,-18.0733,-14.6175,15.6026,-3.4440
2439,1191160801184,244709.944,99.783,VIRTUAL_FORWARD,1,1,1,1,14,0,-11.5540,14.3852,-18.0733,-14.6106,15.6005,-3.4409
2440,1191257369824,244806.513,96.569,VIRTUAL_FORWARD,1,1,1,1,14,0,-11.5540,14.3852,-18.0733,-14.6035,15.5979,-3.4369
2441,1191359840896,244908.984,102.471,VIRTUAL_FORWARD,1,1,1,1,14,0,-11.5540,14.3852,-18.0733,-14.5957,15.5949,-3.4315
2442,1191460791136,245009.934,100.950,VIRTUAL_FORWARD,1,1,1,1,14,0,-11.5540,14.3852,-18.0733,-14.5884,15.5915,-3.4256
2443,1191562341056,245111.484,101.550,VIRTUAL_FORWARD,1,1,1,1,14,0,-11.5540,14.3852,-18.0733,-14.5817,15.5880,-3.4196
2444,1191658291488,245207.434,95.950,VIRTUAL_FORWARD,1,1,1,1,14,0,-11.5540,14.3852,-18.0733,-14.5738,15.5841,-3.4136
2445,1191757908864,245307.052,99.617,VIRTUAL_FORWARD,1,1,1,1,14,0,-11.5540,14.3852,-18.0733,-14.5678,15.5814,-3.4099
2446,1191858468288,245407.611,100.559,VIRTUAL_FORWARD,1,1,1,1,14,0,-11.5540,14.3852,-18.0733,-14.5608,15.5790,-3.4037
2447,1191960698848,245509.842,102.231,VIRTUAL_FORWARD,1,1,1,1,14,0,-11.5540,14.3852,-18.0733,-14.5543,15.5773,-3.3974
2448,1192062192160,245611.335,101.493,VIRTUAL_FORWARD,1,1,1,1,14,0,-11.5540,14.3852,-18.0733,-14.5475,15.5747,-3.3907
2449,1192157071648,245706.215,94.879,VIRTUAL_FORWARD,1,1,1,1,14,0,-11.5540,14.3852,-18.0733,-14.5412,15.5720,-3.3846
2450,1192258708832,245807.852,101.637,VIRTUAL_FORWARD,1,1,1,1,14,0,-11.5540,14.3852,-18.0733,-14.5332,15.5681,-3.3769
2451,1192358977440,245908.120,100.269,VIRTUAL_FORWARD,1,1,1,1,14,0,-11.5540,14.3852,-18.0733,-14.5264,15.5649,-3.3709
2452,1192462147968,246011.291,103.171,VIRTUAL_FORWARD,1,1,1,1,14,0,-11.5540,14.3852,-18.0733,-14.5185,15.5597,-3.3641
2453,1192562146368,246111.289,99.998,VIRTUAL_FORWARD,1,1,1,1,14,0,-11.5540,14.3852,-18.0733,-14.5108,15.5542,-3.3581
2454,1192662040128,246211.183,99.894,VIRTUAL_FORWARD,1,1,1,1,14,0,-11.5540,14.3852,-18.0733,-14.5035,15.5486,-3.3511
2455,1192760456928,246309.600,98.417,VIRTUAL_FORWARD,1,1,1,1,14,0,-11.5540,14.3852,-18.0733,-14.4961,15.5427,-3.3436
2456,1192864891712,246414.035,104.435,VIRTUAL_FORWARD,1,1,1,1,14,0,-11.5540,14.3852,-18.0733,-14.4902,15.5384,-3.3392
2457,1192960423296,246509.566,95.532,VIRTUAL_FORWARD,1,1,1,1,14,0,-11.5540,14.3852,-18.0733,-14.4836,15.5339,-3.3347
2458,1193057871648,246607.015,97.448,VIRTUAL_FORWARD,1,1,1,1,14,0,-11.5540,14.3852,-18.0733,-14.4761,15.5290,-3.3296
2459,1193160896608,246710.040,103.025,VIRTUAL_FORWARD,1,1,1,1,14,0,-11.5540,14.3852,-18.0733,-14.4685,15.5245,-3.3251
2460,1193263952608,246813.096,103.056,VIRTUAL_FORWARD,1,1,1,1,14,0,-11.5540,14.3852,-18.0733,-14.4595,15.5190,-3.3195
2461,1193359389472,246908.532,95.437,VIRTUAL_FORWARD,1,1,1,1,14,0,-11.5540,14.3852,-18.0733,-14.4509,15.5133,-3.3147
2462,1193462619104,247011.762,103.230,VIRTUAL_FORWARD,1,1,1,1,14,0,-11.5540,14.3852,-18.0733,-14.4433,15.5083,-3.3094
2463,1193561224160,247110.367,98.605,VIRTUAL_FORWARD,1,1,1,1,14,0,-11.5540,14.3852,-18.0733,-14.4369,15.5034,-3.3043
2464,1193659263936,247208.407,98.040,VIRTUAL_FORWARD,1,1,1,1,14,0,-11.5540,14.3852,-18.0733,-14.4291,15.4986,-3.2988
2465,1193764854656,247313.998,105.591,VIRTUAL_FORWARD,1,1,1,1,14,0,-11.5540,14.3852,-18.0733,-14.4215,15.4927,-3.2939
2466,1193858992448,247408.135,94.138,VIRTUAL_FORWARD,1,1,1,1,14,0,-11.5540,14.3852,-18.0733,-14.4129,15.4875,-3.2878
2467,1193961245184,247510.388,102.253,VIRTUAL_FORWARD,1,1,1,1,14,0,-11.5540,14.3852,-18.0733,-14.4046,15.4823,-3.2818
2468,1194062570336,247611.713,101.325,VIRTUAL_FORWARD,1,1,1,1,14,0,-11.5540,14.3852,-18.0733,-14.3958,15.4756,-3.2736
2469,1194162194112,247711.337,99.624,VIRTUAL_FORWARD,1,1,1,1,14,0,-11.5540,14.3852,-18.0733,-14.3889,15.4689,-3.2665
2470,1194257630912,247806.774,95.437,VIRTUAL_FORWARD,1,1,1,1,14,0,-11.5540,14.3852,-18.0733,-14.3826,15.4610,-3.2601
2471,1194358547520,247907.690,100.917,VIRTUAL_FORWARD,1,1,1,1,14,0,-11.5540,14.3852,-18.0733,-14.3779,15.4529,-3.2547
2472,1194462777120,248011.920,104.230,VIRTUAL_FORWARD,1,1,1,1,14,0,-11.5540,14.3852,-18.0733,-14.3720,15.4449,-3.2483
2473,1194559213408,248108.356,96.436,VIRTUAL_FORWARD,1,1,1,1,14,0,-11.5540,14.3852,-18.0733,-14.3652,15.4378,-3.2423
2474,1194658883648,248208.027,99.670,VIRTUAL_FORWARD,1,1,1,1,14,0,-11.5540,14.3852,-18.0733,-14.3573,15.4316,-3.2341
2475,1194760342688,248309.486,101.459,VIRTUAL_FORWARD,1,1,1,1,14,0,-11.5540,14.3852,-18.0733,-14.3517,15.4233,-3.2258
2476,1194857849280,248406.992,97.507,VIRTUAL_FORWARD,1,1,1,1,14,0,-11.5540,14.3852,-18.0733,-14.3447,15.4144,-3.2176
2477,1194957012768,248506.156,99.163,VIRTUAL_FORWARD,1,1,1,1,14,0,-11.5540,14.3852,-18.0733,-14.3361,15.4047,-3.2103
2478,1195061420896,248610.564,104.408,VIRTUAL_FORWARD,1,1,1,1,14,0,-11.5540,14.3852,-18.0733,-14.3284,15.3957,-3.2031
2479,1195157472736,248706.616,96.052,VIRTUAL_FORWARD,1,1,1,1,14,0,-11.5540,14.3852,-18.0733,-14.3208,15.3872,-3.1967
2480,1195258971904,248808.115,101.499,VIRTUAL_FORWARD,1,1,1,1,14,0,-11.5540,14.3852,-18.0733,-14.3126,15.3812,-3.1899
2481,1195360065120,248909.208,101.093,VIRTUAL_FORWARD,1,1,1,1,14,0,-11.5540,14.3852,-18.0733,-14.3038,15.3760,-3.1822
2482,1195458524448,249007.667,98.459,VIRTUAL_FORWARD,1,1,1,1,14,0,-11.5540,14.3852,-18.0733,-14.2959,15.3708,-3.1741
2483,1195557840640,249106.984,99.316,VIRTUAL_FORWARD,1,1,1,1,14,0,-11.5540,14.3852,-18.0733,-14.2890,15.3647,-3.1653
2484,1195659383648,249208.527,101.543,VIRTUAL_FORWARD,1,1,1,1,14,0,-11.5540,14.3852,-18.0733,-14.2831,15.3567,-3.1580
2485,1195760774528,249309.917,101.391,VIRTUAL_FORWARD,1,1,1,1,14,0,-11.5540,14.3852,-18.0733,-14.2766,15.3496,-3.1515
2486,1195864602560,249413.745,103.828,VIRTUAL_FORWARD,1,1,1,1,14,0,-11.5540,14.3852,-18.0733,-14.2691,15.3418,-3.1439
2487,1195960114688,249509.258,95.512,VIRTUAL_FORWARD,1,1,1,1,14,0,-11.5540,14.3852,-18.0733,-14.2624,15.3345,-3.1360
2488,1196059612864,249608.756,99.498,VIRTUAL_FORWARD,1,1,1,1,14,0,-11.5540,14.3852,-18.0733,-14.2559,15.3278,-3.1271
2489,1196157489184,249706.632,97.876,VIRTUAL_FORWARD,1,1,1,1,14,0,-11.5540,14.3852,-18.0733,-14.2492,15.3207,-3.1182
2490,1196260947968,249810.091,103.459,VIRTUAL_FORWARD,1,1,1,1,14,0,-11.5540,14.3852,-18.0733,-14.2424,15.3145,-3.1108
2491,1196361542912,249910.686,100.595,VIRTUAL_FORWARD,1,1,1,1,14,0,-11.5540,14.3852,-18.0733,-14.2354,15.3080,-3.1022
2492,1196461522848,250010.666,99.980,VIRTUAL_FORWARD,1,1,1,1,14,0,-11.5540,14.3852,-18.0733,-14.2277,15.3009,-3.0917
2493,1196560284160,250109.427,98.761,VIRTUAL_FORWARD,1,1,1,1,14,0,-11.5540,14.3852,-18.0733,-14.2196,15.2918,-3.0801
2494,1196703682208,250252.825,143.398,VIRTUAL_FORWARD,1,1,1,1,14,0,-11.5540,14.3852,-18.0733,-14.2196,15.2918,-3.0801
2495,1196762395552,250311.538,58.713,VIRTUAL_FORWARD,1,1,1,1,14,0,-11.5540,14.3852,-18.0733,-14.2044,15.2757,-3.0548
2496,1196860939392,250410.082,98.544,VIRTUAL_FORWARD,1,1,1,1,14,0,-11.5540,14.3852,-18.0733,-14.1974,15.2665,-3.0423
2497,1196960744672,250509.888,99.805,VIRTUAL_FORWARD,1,1,1,1,14,0,-11.5540,14.3852,-18.0733,-14.1912,15.2559,-3.0303
2498,1197059330240,250608.473,98.586,VIRTUAL_FORWARD,1,1,1,1,14,0,-11.5540,14.3852,-18.0733,-14.1845,15.2447,-3.0179
2499,1197158483680,250707.627,99.153,VIRTUAL_FORWARD,1,1,1,1,14,0,-11.5540,14.3852,-18.0733,-14.1763,15.2350,-3.0052
2500,1197260401024,250809.544,101.917,VIRTUAL_FORWARD,1,1,1,1,14,0,-11.5540,14.3852,-18.0733,-14.1707,15.2247,-2.9933
2501,1197363369088,250912.512,102.968,VIRTUAL_FORWARD,1,1,1,1,14,0,-11.5540,14.3852,-18.0733,-14.1667,15.2140,-2.9808
2502,1197463481600,251012.625,100.113,VIRTUAL_FORWARD,1,1,1,1,14,0,-11.5540,14.3852,-18.0733,-14.1577,15.2050,-2.9650
2503,1197563435136,251112.578,99.954,VIRTUAL_FORWARD,1,1,1,1,14,0,-11.5540,14.3852,-18.0733,-14.1501,15.1989,-2.9544
2504,1197662544832,251211.688,99.110,VIRTUAL_FORWARD,1,1,1,1,14,0,-11.5540,14.3852,-18.0733,-14.1432,15.1924,-2.9452
2505,1197757142784,251306.286,94.598,VIRTUAL_FORWARD,1,1,1,1,14,0,-11.5540,14.3852,-18.0733,-14.1361,15.1815,-2.9330
2506,1197862728160,251411.871,105.585,VIRTUAL_FORWARD,1,1,1,1,14,0,-11.5540,14.3852,-18.0733,-14.1284,15.1694,-2.9191
2507,1197962133760,251511.277,99.406,VIRTUAL_FORWARD,1,1,1,1,14,0,-11.5540,14.3852,-18.0733,-14.1221,15.1594,-2.9086
2508,1198061818528,251610.961,99.685,VIRTUAL_FORWARD,1,1,1,1,14,0,-11.5540,14.3852,-18.0733,-14.1161,15.1492,-2.8981
2509,1198160690432,251709.833,98.872,VIRTUAL_FORWARD,1,1,1,1,14,0,-11.5540,14.3852,-18.0733,-14.1108,15.1393,-2.8877
2510,1198261742432,251810.885,101.052,VIRTUAL_FORWARD,1,1,1,1,14,0,-11.5540,14.3852,-18.0733,-14.1047,15.1287,-2.8761
2511,1198362554336,251911.697,100.812,VIRTUAL_FORWARD,1,1,1,1,14,0,-11.5540,14.3852,-18.0733,-14.0970,15.1196,-2.8646
2512,1198461685920,252010.829,99.132,VIRTUAL_FORWARD,1,1,1,1,14,0,-11.5540,14.3852,-18.0733,-14.0910,15.1101,-2.8526
2513,1198561502848,252110.646,99.817,VIRTUAL_FORWARD,1,1,1,1,14,0,-11.5540,14.3852,-18.0733,-14.0845,15.1001,-2.8370
2514,1198659009600,252208.153,97.507,VIRTUAL_FORWARD,1,1,1,1,14,0,-11.5540,14.3852,-18.0733,-14.0788,15.0904,-2.8231
2515,1198762001504,252311.144,102.992,VIRTUAL_FORWARD,1,1,1,1,14,0,-11.5540,14.3852,-18.0733,-14.0729,15.0809,-2.8098
2516,1198859658656,252408.802,97.657,VIRTUAL_FORWARD,1,1,1,1,14,0,-11.5540,14.3852,-18.0733,-14.0668,15.0723,-2.7968
2517,1198961065088,252510.208,101.406,VIRTUAL_FORWARD,1,1,1,1,14,0,-11.5540,14.3852,-18.0733,-14.0605,15.0638,-2.7829
2518,1199061022432,252610.165,99.957,VIRTUAL_FORWARD,1,1,1,1,14,0,-11.5540,14.3852,-18.0733,-14.0540,15.0531,-2.7694
2519,1199158859040,252708.002,97.837,VIRTUAL_FORWARD,1,1,1,1,14,0,-11.5540,14.3852,-18.0733,-14.0476,15.0413,-2.7573
2520,1199260506752,252809.650,101.648,VIRTUAL_FORWARD,1,1,1,1,14,0,-11.5540,14.3852,-18.0733,-14.0414,15.0306,-2.7439
2521,1199360958336,252910.101,100.452,VIRTUAL_FORWARD,1,1,1,1,14,0,-11.5540,14.3852,-18.0733,-14.0350,15.0203,-2.7281
2522,1199457754464,253006.897,96.796,VIRTUAL_FORWARD,1,1,1,1,14,0,-11.5540,14.3852,-18.0733,-14.0287,15.0113,-2.7129
2523,1199560848032,253109.991,103.094,VIRTUAL_FORWARD,1,1,1,1,14,0,-11.5540,14.3852,-18.0733,-14.0217,15.0023,-2.6966
2524,1199661856704,253211.000,101.009,VIRTUAL_FORWARD,1,1,1,1,14,0,-11.5540,14.3852,-18.0733,-14.0160,14.9951,-2.6840
2525,1199759024928,253308.168,97.168,VIRTUAL_FORWARD,1,1,1,1,14,0,-11.5540,14.3852,-18.0733,-14.0090,14.9852,-2.6663
2526,1199862059168,253411.202,103.034,VIRTUAL_FORWARD,1,1,1,1,14,0,-11.5540,14.3852,-18.0733,-14.0028,14.9770,-2.6514
2527,1199962744320,253511.887,100.685,VIRTUAL_FORWARD,1,1,1,1,14,0,-11.5540,14.3852,-18.0733,-13.9955,14.9683,-2.6363
2528,1200069388960,253618.532,106.645,VIRTUAL_FORWARD,1,1,1,1,14,0,-11.5540,14.3852,-18.0733,-13.9877,14.9593,-2.6209
2529,1200158591744,253707.735,89.203,VIRTUAL_FORWARD,1,1,1,1,14,0,-11.5540,14.3852,-18.0733,-13.9805,14.9512,-2.6082
2530,1200262712768,253811.856,104.121,VIRTUAL_FORWARD,1,1,1,1,14,0,-11.5540,14.3852,-18.0733,-13.9730,14.9431,-2.5949
2531,1200357243264,253906.386,94.530,VIRTUAL_FORWARD,1,1,1,1,14,0,-11.5540,14.3852,-18.0733,-13.9657,14.9355,-2.5832
2532,1200457213632,254006.357,99.970,VIRTUAL_FORWARD,1,1,1,1,14,0,-11.5540,14.3852,-18.0733,-13.9582,14.9268,-2.5717
2533,1200558371392,254107.514,101.158,VIRTUAL_FORWARD,1,1,1,1,14,0,-11.5540,14.3852,-18.0733,-13.9518,14.9186,-2.5620
2534,1200662039904,254211.183,103.669,VIRTUAL_FORWARD,1,1,1,1,14,0,-11.5540,14.3852,-18.0733,-13.9446,14.9097,-2.5526
2535,1200762948160,254312.091,100.908,VIRTUAL_FORWARD,1,1,1,1,14,0,-11.5540,14.3852,-18.0733,-13.9373,14.9006,-2.5432
2536,1200858661152,254407.804,95.713,VIRTUAL_FORWARD,1,1,1,1,14,0,-11.5540,14.3852,-18.0733,-13.9304,14.8918,-2.5353
2537,1200957141056,254506.284,98.480,VIRTUAL_FORWARD,1,1,1,1,14,0,-11.5540,14.3852,-18.0733,-13.9236,14.8827,-2.5283
2538,1201062832320,254611.975,105.691,VIRTUAL_FORWARD,1,1,1,1,14,0,-11.5540,14.3852,-18.0733,-13.9171,14.8746,-2.5208
2539,1201162054336,254711.197,99.222,VIRTUAL_FORWARD,1,1,1,1,14,0,-11.5540,14.3852,-18.0733,-13.9111,14.8677,-2.5147
2540,1201257960608,254807.104,95.906,VIRTUAL_FORWARD,1,1,1,1,14,0,-11.5540,14.3852,-18.0733,-13.9053,14.8593,-2.5092
2541,1201365581376,254914.724,107.621,VIRTUAL_FORWARD,1,1,1,1,14,0,-11.5540,14.3852,-18.0733,-13.9006,14.8494,-2.5027
2542,1201462832992,255011.976,97.252,VIRTUAL_FORWARD,1,1,1,1,14,0,-11.5540,14.3852,-18.0733,-13.8951,14.8386,-2.4963
2543,1201559529600,255108.673,96.697,VIRTUAL_FORWARD,1,1,1,1,14,0,-11.5540,14.3852,-18.0733,-13.8893,14.8274,-2.4891
2544,1201712654048,255261.797,153.124,VIRTUAL_FORWARD,1,1,1,1,14,0,-11.5540,14.3852,-18.0733,-13.8842,14.8174,-2.4800
2545,1201759461600,255308.605,46.808,VIRTUAL_FORWARD,1,1,1,1,14,0,-11.5540,14.3852,-18.0733,-13.8797,14.8085,-2.4711
2546,1201862703680,255411.847,103.242,VIRTUAL_FORWARD,1,1,1,1,14,0,-11.5540,14.3852,-18.0733,-13.8743,14.7996,-2.4622
2547,1201957013696,255506.157,94.310,VIRTUAL_FORWARD,1,1,1,1,14,0,-11.5540,14.3852,-18.0733,-13.8684,14.7908,-2.4551
2548,1202062289632,255611.433,105.276,VIRTUAL_FORWARD,1,1,1,1,14,0,-11.5540,14.3852,-18.0733,-13.8632,14.7831,-2.4488
2549,1202158523712,255707.667,96.234,VIRTUAL_FORWARD,1,1,1,1,14,0,-11.5540,14.3852,-18.0733,-13.8586,14.7759,-2.4426
2550,1202260464448,255809.607,101.941,VIRTUAL_FORWARD,1,1,1,1,14,0,-11.5540,14.3852,-18.0733,-13.8542,14.7693,-2.4384
2551,1202360703872,255909.847,100.239,VIRTUAL_FORWARD,1,1,1,1,14,0,-11.5540,14.3852,-18.0733,-13.8507,14.7640,-2.4340
2552,1202462412224,256011.555,101.708,VIRTUAL_FORWARD,1,1,1,1,14,0,-11.5540,14.3852,-18.0733,-13.8469,14.7588,-2.4301
2553,1202560239616,256109.383,97.827,VIRTUAL_FORWARD,1,1,1,1,14,0,-11.5540,14.3852,-18.0733,-13.8425,14.7534,-2.4254
2554,1202660295648,256209.439,100.056,VIRTUAL_FORWARD,1,1,1,1,14,0,-11.5540,14.3852,-18.0733,-13.8372,14.7472,-2.4201
2555,1202758444992,256307.588,98.149,VIRTUAL_FORWARD,1,1,1,1,14,0,-11.5540,14.3852,-18.0733,-13.8313,14.7407,-2.4153
2556,1202857104416,256406.247,98.659,VIRTUAL_FORWARD,1,1,1,1,14,0,-11.5540,14.3852,-18.0733,-13.8261,14.7356,-2.4109
2557,1202959625280,256508.768,102.521,VIRTUAL_FORWARD,1,1,1,1,14,0,-11.5540,14.3852,-18.0733,-13.8215,14.7315,-2.4068
2558,1203057027328,256606.170,97.402,VIRTUAL_FORWARD,1,1,1,1,14,0,-11.5540,14.3852,-18.0733,-13.8167,14.7263,-2.4029
2559,1203159637536,256708.780,102.610,VIRTUAL_FORWARD,1,1,1,1,14,0,-11.5540,14.3852,-18.0733,-13.8111,14.7189,-2.3993
2560,1203258399904,256807.543,98.762,VIRTUAL_FORWARD,1,1,1,1,14,0,-11.5540,14.3852,-18.0733,-13.8060,14.7129,-2.3963
2561,1203358391968,256907.535,99.992,VIRTUAL_FORWARD,1,1,1,1,14,0,-11.5540,14.3852,-18.0733,-13.8011,14.7076,-2.3957
2562,1203458751840,257007.895,100.360,VIRTUAL_FORWARD,1,1,1,1,14,0,-11.5540,14.3852,-18.0733,-13.7973,14.7007,-2.3951
2563,1203559215808,257108.359,100.464,VIRTUAL_FORWARD,1,1,1,1,14,0,-11.5540,14.3852,-18.0733,-13.7944,14.6929,-2.3946
2564,1203660766144,257209.909,101.550,VIRTUAL_FORWARD,1,1,1,1,14,0,-11.5540,14.3852,-18.0733,-13.7900,14.6871,-2.3931
2565,1203757240608,257306.384,96.474,VIRTUAL_FORWARD,1,1,1,1,14,0,-11.5540,14.3852,-18.0733,-13.7846,14.6828,-2.3911
2566,1203859192928,257408.336,101.952,VIRTUAL_FORWARD,1,1,1,1,14,0,-11.5540,14.3852,-18.0733,-13.7794,14.6781,-2.3891
2567,1203959918400,257509.061,100.725,VIRTUAL_FORWARD,1,1,1,1,14,0,-11.5540,14.3852,-18.0733,-13.7737,14.6718,-2.3877
2568,1204059513856,257608.657,99.595,VIRTUAL_FORWARD,1,1,1,1,14,0,-11.5540,14.3852,-18.0733,-13.7685,14.6666,-2.3865
2569,1204160519712,257709.663,101.006,VIRTUAL_FORWARD,1,1,1,1,14,0,-11.5540,14.3852,-18.0733,-13.7633,14.6620,-2.3842
2570,1204257236064,257806.379,96.716,VIRTUAL_FORWARD,1,1,1,1,14,0,-11.5540,14.3852,-18.0733,-13.7578,14.6570,-2.3816
2571,1204359836960,257908.980,102.601,VIRTUAL_FORWARD,1,1,1,1,14,0,-11.5540,14.3852,-18.0733,-13.7516,14.6511,-2.3786
2572,1204460942720,258010.086,101.106,VIRTUAL_FORWARD,1,1,1,1,14,0,-11.5540,14.3852,-18.0733,-13.7467,14.6446,-2.3765
2573,1204557430432,258106.573,96.488,VIRTUAL_FORWARD,1,1,1,1,14,0,-11.5540,14.3852,-18.0733,-13.7431,14.6368,-2.3740
2574,1204658244288,258207.387,100.814,VIRTUAL_FORWARD,1,1,1,1,14,0,-11.5540,14.3852,-18.0733,-13.7403,14.6297,-2.3725
2575,1204760825440,258309.968,102.581,VIRTUAL_FORWARD,1,1,1,1,14,0,-11.5540,14.3852,-18.0733,-13.7379,14.6235,-2.3699
2576,1204860523424,258409.666,99.698,VIRTUAL_FORWARD,1,1,1,1,14,0,-11.5540,14.3852,-18.0733,-13.7343,14.6177,-2.3675
2577,1204958287360,258507.430,97.764,VIRTUAL_FORWARD,1,1,1,1,14,0,-11.5540,14.3852,-18.0733,-13.7306,14.6131,-2.3659
2578,1205058457856,258607.601,100.170,VIRTUAL_FORWARD,1,1,1,1,14,0,-11.5540,14.3852,-18.0733,-13.7248,14.6101,-2.3627
2579,1205160559072,258709.702,102.101,VIRTUAL_FORWARD,1,1,1,1,14,0,-11.5540,14.3852,-18.0733,-13.7191,14.6065,-2.3600
2580,1205260777216,258809.920,100.218,VIRTUAL_FORWARD,1,1,1,1,14,0,-11.5540,14.3852,-18.0733,-13.7147,14.6021,-2.3583
2581,1205360312672,258909.456,99.535,VIRTUAL_FORWARD,1,1,1,1,14,0,-11.5540,14.3852,-18.0733,-13.7115,14.5972,-2.3580
2582,1205461532256,259010.675,101.220,VIRTUAL_FORWARD,1,1,1,1,14,0,-11.5540,14.3852,-18.0733,-13.7074,14.5923,-2.3559
2583,1205559922976,259109.066,98.391,VIRTUAL_FORWARD,1,1,1,1,14,0,-11.5540,14.3852,-18.0733,-13.7026,14.5878,-2.3528
2584,1205657057792,259206.201,97.135,VIRTUAL_FORWARD,1,1,1,1,14,0,-11.5540,14.3852,-18.0733,-13.7006,14.5808,-2.3508
2585,1205761336480,259310.479,104.279,VIRTUAL_FORWARD,1,1,1,1,14,0,-11.5540,14.3852,-18.0733,-13.6957,14.5760,-2.3469
2586,1205858549152,259407.692,97.213,VIRTUAL_FORWARD,1,1,1,1,14,0,-11.5540,14.3852,-18.0733,-13.6911,14.5724,-2.3415
2587,1205959413600,259508.557,100.864,VIRTUAL_FORWARD,1,1,1,1,14,0,-11.5540,14.3852,-18.0733,-13.6885,14.5681,-2.3388
2588,1206063154304,259612.297,103.741,VIRTUAL_FORWARD,1,1,1,1,14,0,-11.5540,14.3852,-18.0733,-13.6820,14.5659,-2.3332
2589,1206159500800,259708.644,96.346,VIRTUAL_FORWARD,1,1,1,1,14,0,-11.5540,14.3852,-18.0733,-13.6755,14.5636,-2.3283
2590,1206261346496,259810.489,101.846,VIRTUAL_FORWARD,1,1,1,1,14,0,-11.5540,14.3852,-18.0733,-13.6713,14.5590,-2.3243
2591,1206360577120,259909.720,99.231,VIRTUAL_FORWARD,1,1,1,1,14,0,-11.5540,14.3852,-18.0733,-13.6656,14.5559,-2.3206
2592,1206457021024,260006.164,96.444,VIRTUAL_FORWARD,1,1,1,1,14,0,-11.5540,14.3852,-18.0733,-13.6636,14.5498,-2.3184
2593,1206561480160,260110.623,104.459,VIRTUAL_FORWARD,1,1,1,1,14,0,-11.5540,14.3852,-18.0733,-13.6594,14.5464,-2.3154
2594,1206661493184,260210.636,100.013,VIRTUAL_FORWARD,1,1,1,1,14,0,-11.5540,14.3852,-18.0733,-13.6556,14.5404,-2.3101
2595,1206759548480,260308.691,98.055,VIRTUAL_FORWARD,1,1,1,1,14,0,-11.5540,14.3852,-18.0733,-13.6533,14.5326,-2.3058
2596,1206860426112,260409.569,100.878,VIRTUAL_FORWARD,1,1,1,1,14,0,-11.5540,14.3852,-18.0733,-13.6493,14.5277,-2.3000
2597,1206960427872,260509.571,100.002,VIRTUAL_FORWARD,1,1,1,1,14,0,-11.5540,14.3852,-18.0733,-13.6443,14.5247,-2.2945
2598,1207062364608,260611.508,101.937,VIRTUAL_FORWARD,1,1,1,1,14,0,-11.5540,14.3852,-18.0733,-13.6398,14.5194,-2.2890
2599,1207157298720,260706.442,94.934,VIRTUAL_FORWARD,1,1,1,1,14,0,-11.5540,14.3852,-18.0733,-13.6366,14.5133,-2.2854
2600,1207260437376,260809.580,103.139,VIRTUAL_FORWARD,1,1,1,1,14,0,-11.5540,14.3852,-18.0733,-13.6336,14.5076,-2.2821
2601,1207357322624,260906.466,96.885,VIRTUAL_FORWARD,1,1,1,1,14,0,-11.5540,14.3852,-18.0733,-13.6299,14.5026,-2.2788
2602,1207461260064,261010.403,103.937,VIRTUAL_FORWARD,1,1,1,1,14,0,-11.5540,14.3852,-18.0733,-13.6249,14.4987,-2.2748
2603,1207561312896,261110.456,100.053,VIRTUAL_FORWARD,1,1,1,1,14,0,-11.5540,14.3852,-18.0733,-13.6191,14.4950,-2.2706
2604,1207657593792,261206.737,96.281,VIRTUAL_FORWARD,1,1,1,1,14,0,-11.5540,14.3852,-18.0733,-13.6133,14.4925,-2.2668
2605,1207758177536,261307.320,100.584,VIRTUAL_FORWARD,1,1,1,1,14,0,-11.5540,14.3852,-18.0733,-13.6077,14.4909,-2.2641
2606,1207859790240,261408.933,101.613,VIRTUAL_FORWARD,1,1,1,1,14,0,-11.5540,14.3852,-18.0733,-13.6023,14.4868,-2.2605
2607,1207961265952,261510.409,101.476,VIRTUAL_FORWARD,1,1,1,1,14,0,-11.5540,14.3852,-18.0733,-13.5975,14.4831,-2.2577
2608,1208058753280,261607.896,97.487,VIRTUAL_FORWARD,1,1,1,1,14,0,-11.5540,14.3852,-18.0733,-13.5919,14.4817,-2.2532
2609,1208160252992,261709.396,101.500,VIRTUAL_FORWARD,1,1,1,1,14,0,-11.5540,14.3852,-18.0733,-13.5862,14.4816,-2.2481
2610,1208257390656,261806.534,97.138,VIRTUAL_FORWARD,1,1,1,1,14,0,-11.5540,14.3852,-18.0733,-13.5809,14.4786,-2.2435
2611,1208359631936,261908.775,102.241,VIRTUAL_FORWARD,1,1,1,1,14,0,-11.5540,14.3852,-18.0733,-13.5765,14.4740,-2.2413
2612,1208457694528,262006.837,98.063,VIRTUAL_FORWARD,1,1,1,1,14,0,-11.5540,14.3852,-18.0733,-13.5716,14.4694,-2.2370
2613,1208562255712,262111.399,104.561,VIRTUAL_FORWARD,1,1,1,1,14,0,-11.5540,14.3852,-18.0733,-13.5666,14.4653,-2.2323
2614,1208658513664,262207.657,96.258,VIRTUAL_FORWARD,1,1,1,1,14,0,-11.5540,14.3852,-18.0733,-13.5607,14.4623,-2.2269
2615,1208760952512,262310.095,102.439,VIRTUAL_FORWARD,1,1,1,1,14,0,-11.5540,14.3852,-18.0733,-13.5550,14.4603,-2.2230
2616,1208858075552,262407.218,97.123,VIRTUAL_FORWARD,1,1,1,1,14,0,-11.5540,14.3852,-18.0733,-13.5500,14.4585,-2.2183
2617,1208962810624,262511.954,104.735,VIRTUAL_FORWARD,1,1,1,1,14,0,-11.5540,14.3852,-18.0733,-13.5459,14.4573,-2.2151
2618,1209057230080,262606.373,94.419,VIRTUAL_FORWARD,1,1,1,1,14,0,-11.5540,14.3852,-18.0733,-13.5392,14.4517,-2.2093
2619,1209161398592,262710.542,104.169,VIRTUAL_FORWARD,1,1,1,1,14,0,-11.5540,14.3852,-18.0733,-13.5367,14.4495,-2.2081
2620,1209257784096,262806.927,96.386,VIRTUAL_FORWARD,1,1,1,1,14,0,-11.5540,14.3852,-18.0733,-13.5327,14.4460,-2.2048
2621,1209362078976,262911.222,104.295,VIRTUAL_FORWARD,1,1,1,1,14,0,-11.5540,14.3852,-18.0733,-13.5290,14.4432,-2.2017
2622,1209460618112,263009.761,98.539,VIRTUAL_FORWARD,1,1,1,1,14,0,-11.5540,14.3852,-18.0733,-13.5247,14.4385,-2.1988
2623,1209558930976,263108.074,98.313,VIRTUAL_FORWARD,1,1,1,1,14,0,-11.5540,14.3852,-18.0733,-13.5209,14.4343,-2.1972
2624,1209658040704,263207.184,99.110,VIRTUAL_FORWARD,1,1,1,1,14,0,-11.5540,14.3852,-18.0733,-13.5170,14.4284,-2.1948
2625,1209760254784,263309.398,102.214,VIRTUAL_FORWARD,1,1,1,1,14,0,-11.5540,14.3852,-18.0733,-13.5144,14.4215,-2.1934
2626,1209859057280,263408.200,98.802,VIRTUAL_FORWARD,1,1,1,1,14,0,-11.5540,14.3852,-18.0733,-13.5097,14.4168,-2.1903
2627,1209961013088,263510.156,101.956,VIRTUAL_FORWARD,1,1,1,1,14,0,-11.5540,14.3852,-18.0733,-13.5044,14.4129,-2.1872
2628,1210059504832,263608.648,98.492,VIRTUAL_FORWARD,1,1,1,1,14,0,-11.5540,14.3852,-18.0733,-13.5013,14.4079,-2.1849
2629,1210162360288,263711.503,102.855,VIRTUAL_FORWARD,1,1,1,1,14,0,-11.5540,14.3852,-18.0733,-13.4974,14.4043,-2.1810
2630,1210258379904,263807.523,96.020,VIRTUAL_FORWARD,1,1,1,1,14,0,-11.5540,14.3852,-18.0733,-13.4932,14.3984,-2.1764
2631,1210360148768,263909.292,101.769,VIRTUAL_FORWARD,1,1,1,1,14,0,-11.5540,14.3852,-18.0733,-13.4892,14.3932,-2.1724
2632,1210464456640,264013.600,104.308,VIRTUAL_FORWARD,1,1,1,1,14,0,-11.5540,14.3852,-18.0733,-13.4867,14.3870,-2.1675
2633,1210562405344,264111.548,97.949,VIRTUAL_FORWARD,1,1,1,1,14,0,-11.5540,14.3852,-18.0733,-13.4840,14.3826,-2.1636
2634,1210657038976,264206.182,94.634,VIRTUAL_FORWARD,1,1,1,1,14,0,-11.5540,14.3852,-18.0733,-13.4806,14.3783,-2.1590
2635,1210759658176,264308.801,102.619,VIRTUAL_FORWARD,1,1,1,1,14,0,-11.5540,14.3852,-18.0733,-13.4770,14.3752,-2.1557
2636,1210861839712,264410.983,102.182,VIRTUAL_FORWARD,1,1,1,1,14,0,-11.5540,14.3852,-18.0733,-13.4734,14.3714,-2.1515
2637,1210959143424,264508.286,97.304,VIRTUAL_FORWARD,1,1,1,1,14,0,-11.5540,14.3852,-18.0733,-13.4709,14.3672,-2.1485
2638,1211061523840,264610.667,102.380,VIRTUAL_FORWARD,1,1,1,1,14,0,-11.5540,14.3852,-18.0733,-13.4675,14.3625,-2.1437
2639,1211165995648,264715.139,104.472,VIRTUAL_FORWARD,1,1,1,1,14,0,-11.5540,14.3852,-18.0733,-13.4638,14.3579,-2.1406
2640,1211259361568,264808.504,93.366,VIRTUAL_FORWARD,1,1,1,1,14,0,-11.5540,14.3852,-18.0733,-13.4598,14.3534,-2.1351
2641,1211357952512,264907.095,98.591,VIRTUAL_FORWARD,1,1,1,1,14,0,-11.5540,14.3852,-18.0733,-13.4559,14.3494,-2.1317
2642,1211457382688,265006.526,99.430,VIRTUAL_FORWARD,1,1,1,1,14,0,-11.5540,14.3852,-18.0733,-13.4515,14.3438,-2.1285
2643,1211557905440,265107.048,100.523,VIRTUAL_FORWARD,1,1,1,1,14,0,-11.5540,14.3852,-18.0733,-13.4470,14.3386,-2.1273
2644,1211660894656,265210.038,102.989,VIRTUAL_FORWARD,1,1,1,1,14,0,-11.5540,14.3852,-18.0733,-13.4435,14.3338,-2.1257
2645,1211813920064,265363.063,153.025,VIRTUAL_FORWARD,1,1,1,1,14,0,-11.5540,14.3852,-18.0733,-13.4407,14.3298,-2.1239
2646,1211861380256,265410.523,47.460,VIRTUAL_FORWARD,1,1,1,1,14,0,-11.5540,14.3852,-18.0733,-13.4383,14.3257,-2.1210
2647,1211957271840,265506.415,95.892,VIRTUAL_FORWARD,1,1,1,1,14,0,-11.5540,14.3852,-18.0733,-13.4364,14.3210,-2.1186
2648,1212058714176,265607.857,101.442,VIRTUAL_FORWARD,1,1,1,1,14,0,-11.5540,14.3852,-18.0733,-13.4318,14.3189,-2.1136
2649,1212170993856,265720.137,112.280,VIRTUAL_FORWARD,1,1,1,1,14,0,-11.5540,14.3852,-18.0733,-13.4280,14.3170,-2.1101
2650,1212260373088,265809.516,89.379,VIRTUAL_FORWARD,1,1,1,1,14,0,-11.5540,14.3852,-18.0733,-13.4226,14.3144,-2.1057
2651,1212361431712,265910.575,101.059,VIRTUAL_FORWARD,1,1,1,1,14,0,-11.5540,14.3852,-18.0733,-13.4174,14.3123,-2.1024
2652,1212461057824,266010.201,99.626,VIRTUAL_FORWARD,1,1,1,1,14,0,-11.5540,14.3852,-18.0733,-13.4140,14.3089,-2.1000
2653,1212561892352,266111.035,100.835,VIRTUAL_FORWARD,1,1,1,1,14,0,-11.5540,14.3852,-18.0733,-13.4118,14.3054,-2.0982
2654,1212661397344,266210.540,99.505,VIRTUAL_FORWARD,1,1,1,1,14,0,-11.5540,14.3852,-18.0733,-13.4087,14.3011,-2.0961
2655,1212760140256,266309.283,98.743,VIRTUAL_FORWARD,1,1,1,1,14,0,-11.5540,14.3852,-18.0733,-13.4050,14.2977,-2.0951
2656,1212857546656,266406.690,97.406,VIRTUAL_FORWARD,1,1,1,1,14,0,-11.5540,14.3852,-18.0733,-13.4015,14.2937,-2.0944
2657,1212957772416,266506.915,100.226,VIRTUAL_FORWARD,1,1,1,1,14,0,-11.5540,14.3852,-18.0733,-13.3987,14.2905,-2.0947
2658,1213059464032,266608.607,101.692,VIRTUAL_FORWARD,1,1,1,1,14,0,-11.5540,14.3852,-18.0733,-13.3951,14.2860,-2.0938
2659,1213158585376,266707.728,99.121,VIRTUAL_FORWARD,1,1,1,1,14,0,-11.5540,14.3852,-18.0733,-13.3918,14.2826,-2.0946
2660,1213260329888,266809.473,101.745,VIRTUAL_FORWARD,1,1,1,1,14,0,-11.5540,14.3852,-18.0733,-13.3897,14.2797,-2.0943
2661,1213358399840,266907.543,98.070,VIRTUAL_FORWARD,1,1,1,1,14,0,-11.5540,14.3852,-18.0733,-13.3881,14.2779,-2.0931
2662,1213458021696,267007.165,99.622,VIRTUAL_FORWARD,1,1,1,1,14,0,-11.5540,14.3852,-18.0733,-13.3858,14.2752,-2.0898
2663,1213560810176,267109.953,102.788,VIRTUAL_FORWARD,1,1,1,1,14,0,-11.5540,14.3852,-18.0733,-13.3838,14.2722,-2.0878
2664,1213661185440,267210.328,100.375,VIRTUAL_FORWARD,1,1,1,1,14,0,-11.5540,14.3852,-18.0733,-13.3798,14.2688,-2.0850
2665,1213758563744,267307.707,97.378,VIRTUAL_FORWARD,1,1,1,1,14,0,-11.5540,14.3852,-18.0733,-13.3754,14.2677,-2.0823
2666,1213862557152,267411.700,103.993,VIRTUAL_FORWARD,1,1,1,1,14,0,-11.5540,14.3852,-18.0733,-13.3729,14.2633,-2.0784
2667,1213961701728,267510.845,99.145,VIRTUAL_FORWARD,1,1,1,1,14,0,-11.5540,14.3852,-18.0733,-13.3721,14.2587,-2.0771
2668,1214061725056,267610.868,100.023,VIRTUAL_FORWARD,1,1,1,1,14,0,-11.5540,14.3852,-18.0733,-13.3698,14.2552,-2.0746
2669,1214162441600,267711.585,100.717,VIRTUAL_FORWARD,1,1,1,1,14,0,-11.5540,14.3852,-18.0733,-13.3688,14.2509,-2.0736
2670,1214258268224,267807.411,95.827,VIRTUAL_FORWARD,1,1,1,1,14,0,-11.5540,14.3852,-18.0733,-13.3673,14.2454,-2.0702
2671,1214358318016,267907.461,100.050,VIRTUAL_FORWARD,1,1,1,1,14,0,-11.5540,14.3852,-18.0733,-13.3657,14.2401,-2.0664
2672,1214462057888,268011.201,103.740,VIRTUAL_FORWARD,1,1,1,1,14,0,-11.5540,14.3852,-18.0733,-13.3644,14.2347,-2.0606
2673,1214564846816,268113.990,102.789,VIRTUAL_FORWARD,1,1,1,1,14,0,-11.5540,14.3852,-18.0733,-13.3634,14.2299,-2.0559
2674,1214660727424,268209.870,95.881,VIRTUAL_FORWARD,1,1,1,1,14,0,-11.5540,14.3852,-18.0733,-13.3621,14.2248,-2.0494
2675,1214759013312,268308.156,98.286,VIRTUAL_FORWARD,1,1,1,1,14,0,-11.5540,14.3852,-18.0733,-13.3610,14.2208,-2.0428
2676,1214857934048,268407.077,98.921,VIRTUAL_FORWARD,1,1,1,1,14,0,-11.5540,14.3852,-18.0733,-13.3582,14.2168,-2.0357
2677,1214960356128,268509.499,102.422,VIRTUAL_FORWARD,1,1,1,1,14,0,-11.5540,14.3852,-18.0733,-13.3549,14.2136,-2.0303
2678,1215060575968,268609.719,100.220,VIRTUAL_FORWARD,1,1,1,1,14,0,-11.5540,14.3852,-18.0733,-13.3531,14.2101,-2.0245
2679,1215159919488,268709.062,99.344,VIRTUAL_FORWARD,1,1,1,1,14,0,-11.5540,14.3852,-18.0733,-13.3526,14.2066,-2.0192
2680,1215258269376,268807.412,98.350,VIRTUAL_FORWARD,1,1,1,1,14,0,-11.5540,14.3852,-18.0733,-13.3504,14.2045,-2.0129
2681,1215359270144,268908.413,101.001,VIRTUAL_FORWARD,1,1,1,1,14,0,-11.5540,14.3852,-18.0733,-13.3470,14.2036,-2.0079
2682,1215464732224,269013.875,105.462,VIRTUAL_FORWARD,1,1,1,1,14,0,-11.5540,14.3852,-18.0733,-13.3444,14.2005,-2.0038
2683,1215558504800,269107.648,93.773,VIRTUAL_FORWARD,1,1,1,1,14,0,-11.5540,14.3852,-18.0733,-13.3422,14.1955,-2.0007
2684,1215658475200,269207.618,99.970,VIRTUAL_FORWARD,1,1,1,1,14,0,-11.5540,14.3852,-18.0733,-13.3396,14.1934,-1.9990
2685,1215759007744,269308.151,100.533,VIRTUAL_FORWARD,1,1,1,1,14,0,-11.5540,14.3852,-18.0733,-13.3369,14.1929,-1.9983
2686,1215859871072,269409.014,100.863,VIRTUAL_FORWARD,1,1,1,1,14,0,-11.5540,14.3852,-18.0733,-13.3351,14.1918,-1.9968
2687,1215959729984,269508.873,99.859,VIRTUAL_FORWARD,1,1,1,1,14,0,-11.5540,14.3852,-18.0733,-13.3336,14.1908,-1.9955
2688,1216059067552,269608.210,99.338,VIRTUAL_FORWARD,1,1,1,1,14,0,-11.5540,14.3852,-18.0733,-13.3321,14.1891,-1.9948
2689,1216157574080,269706.717,98.507,VIRTUAL_FORWARD,1,1,1,1,14,0,-11.5540,14.3852,-18.0733,-13.3305,14.1870,-1.9949
2690,1216262131232,269811.274,104.557,VIRTUAL_FORWARD,1,1,1,1,14,0,-11.5540,14.3852,-18.0733,-13.3275,14.1852,-1.9950
2691,1216361051616,269910.195,98.920,VIRTUAL_FORWARD,1,1,1,1,14,0,-11.5540,14.3852,-18.0733,-13.3239,14.1841,-1.9957
2692,1216462908032,270012.051,101.856,VIRTUAL_FORWARD,1,1,1,1,14,0,-11.5540,14.3852,-18.0733,-13.3209,14.1823,-1.9952
2693,1216562836352,270111.979,99.928,VIRTUAL_FORWARD,1,1,1,1,14,0,-11.5540,14.3852,-18.0733,-13.3182,14.1801,-1.9946
2694,1216658048256,270207.191,95.212,VIRTUAL_FORWARD,1,1,1,1,14,0,-11.5540,14.3852,-18.0733,-13.3149,14.1784,-1.9926
2695,1216759849408,270308.992,101.801,VIRTUAL_FORWARD,1,1,1,1,14,0,-11.5540,14.3852,-18.0733,-13.3119,14.1763,-1.9893
2696,1216857235808,270406.379,97.386,VIRTUAL_FORWARD,1,1,1,1,14,0,-11.5540,14.3852,-18.0733,-13.3086,14.1750,-1.9854
2697,1216957551648,270506.695,100.316,VIRTUAL_FORWARD,1,1,1,1,14,0,-11.5540,14.3852,-18.0733,-13.3054,14.1741,-1.9815
2698,1217059739232,270608.882,102.188,VIRTUAL_FORWARD,1,1,1,1,14,0,-11.5540,14.3852,-18.0733,-13.3023,14.1740,-1.9782
2699,1217161018912,270710.162,101.280,VIRTUAL_FORWARD,1,1,1,1,14,0,-11.5540,14.3852,-18.0733,-13.2998,14.1742,-1.9757
2700,1217259581024,270808.724,98.562,VIRTUAL_FORWARD,1,1,1,1,14,0,-11.5540,14.3852,-18.0733,-13.2958,14.1745,-1.9735
2701,1217362202528,270911.345,102.622,VIRTUAL_FORWARD,1,1,1,1,14,0,-11.5540,14.3852,-18.0733,-13.2907,14.1754,-1.9726
2702,1217462849792,271011.993,100.647,VIRTUAL_FORWARD,1,1,1,1,14,0,-11.5540,14.3852,-18.0733,-13.2880,14.1747,-1.9724
2703,1217558182976,271107.326,95.333,VIRTUAL_FORWARD,1,1,1,1,14,0,-11.5540,14.3852,-18.0733,-13.2861,14.1747,-1.9730
2704,1217660545152,271209.688,102.362,VIRTUAL_FORWARD,1,1,1,1,14,0,-11.5540,14.3852,-18.0733,-13.2843,14.1745,-1.9733
2705,1217762722528,271311.865,102.177,VIRTUAL_FORWARD,1,1,1,1,14,0,-11.5540,14.3852,-18.0733,-13.2818,14.1754,-1.9726
2706,1217861078880,271410.222,98.356,VIRTUAL_FORWARD,1,1,1,1,14,0,-11.5540,14.3852,-18.0733,-13.2795,14.1733,-1.9720
2707,1217958406912,271507.550,97.328,VIRTUAL_FORWARD,1,1,1,1,14,0,-11.5540,14.3852,-18.0733,-13.2763,14.1704,-1.9714
2708,1218062642720,271611.786,104.236,VIRTUAL_FORWARD,1,1,1,1,14,0,-11.5540,14.3852,-18.0733,-13.2737,14.1698,-1.9698
2709,1218158734304,271707.877,96.092,VIRTUAL_FORWARD,1,1,1,1,14,0,-11.5540,14.3852,-18.0733,-13.2737,14.1688,-1.9700
2710,1218261457504,271810.600,102.723,VIRTUAL_FORWARD,1,1,1,1,14,0,-11.5540,14.3852,-18.0733,-13.2725,14.1696,-1.9687
2711,1218357918048,271907.061,96.461,VIRTUAL_FORWARD,1,1,1,1,14,0,-11.5540,14.3852,-18.0733,-13.2714,14.1711,-1.9674
2712,1218463001920,272012.145,105.084,VIRTUAL_FORWARD,1,1,1,1,14,0,-11.5540,14.3852,-18.0733,-13.2696,14.1709,-1.9656
2713,1218563056672,272112.200,100.055,VIRTUAL_FORWARD,1,1,1,1,14,0,-11.5540,14.3852,-18.0733,-13.2683,14.1694,-1.9637
2714,1218659562368,272208.705,96.506,VIRTUAL_FORWARD,1,1,1,1,14,0,-11.5540,14.3852,-18.0733,-13.2661,14.1697,-1.9616
2715,1218761071968,272310.215,101.510,VIRTUAL_FORWARD,1,1,1,1,14,0,-11.5540,14.3852,-18.0733,-13.2642,14.1702,-1.9616
2716,1218861073024,272410.216,100.001,VIRTUAL_FORWARD,1,1,1,1,14,0,-11.5540,14.3852,-18.0733,-13.2635,14.1709,-1.9606
2717,1218959363328,272508.506,98.290,VIRTUAL_FORWARD,1,1,1,1,14,0,-11.5540,14.3852,-18.0733,-13.2628,14.1722,-1.9597
2718,1219061865376,272611.008,102.502,VIRTUAL_FORWARD,1,1,1,1,14,0,-11.5540,14.3852,-18.0733,-13.2603,14.1754,-1.9564
2719,1219157588864,272706.732,95.723,VIRTUAL_FORWARD,1,1,1,1,14,0,-11.5540,14.3852,-18.0733,-13.2577,14.1787,-1.9532
2720,1219268943680,272818.087,111.355,VIRTUAL_FORWARD,1,1,1,1,14,0,-11.5540,14.3852,-18.0733,-13.2548,14.1821,-1.9488
2721,1219358549632,272907.693,89.606,VIRTUAL_FORWARD,1,1,1,1,14,0,-11.5540,14.3852,-18.0733,-13.2517,14.1855,-1.9448
2722,1219459730752,273008.874,101.181,VIRTUAL_FORWARD,1,1,1,1,14,0,-11.5540,14.3852,-18.0733,-13.2497,14.1885,-1.9398
2723,1219559867072,273109.010,100.136,VIRTUAL_FORWARD,1,1,1,1,14,0,-11.5540,14.3852,-18.0733,-13.2479,14.1917,-1.9365
2724,1219661889216,273211.032,102.022,VIRTUAL_FORWARD,1,1,1,1,14,0,-11.5540,14.3852,-18.0733,-13.2459,14.1947,-1.9320
2725,1219771401504,273320.544,109.512,VIRTUAL_FORWARD,1,1,1,1,14,0,-11.5540,14.3852,-18.0733,-13.2432,14.1983,-1.9277
2726,1219858496544,273407.639,87.095,VIRTUAL_FORWARD,1,1,1,1,14,0,-11.5540,14.3852,-18.0733,-13.2418,14.2002,-1.9223
2727,1219959281152,273508.424,100.785,VIRTUAL_FORWARD,1,1,1,1,14,0,-11.5540,14.3852,-18.0733,-13.2412,14.2012,-1.9178
2728,1220059689408,273608.832,100.408,VIRTUAL_FORWARD,1,1,1,1,14,0,-11.5540,14.3852,-18.0733,-13.2408,14.2033,-1.9134
2729,1220157983552,273707.126,98.294,VIRTUAL_FORWARD,1,1,1,1,14,0,-11.5540,14.3852,-18.0733,-13.2387,14.2079,-1.9087
2730,1220260894816,273810.038,102.911,VIRTUAL_FORWARD,1,1,1,1,14,0,-11.5540,14.3852,-18.0733,-13.2377,14.2119,-1.9052
2731,1220359359200,273908.502,98.464,VIRTUAL_FORWARD,1,1,1,1,14,0,-11.5540,14.3852,-18.0733,-13.2358,14.2172,-1.9023
2732,1220458590016,274007.733,99.231,VIRTUAL_FORWARD,1,1,1,1,14,0,-11.5540,14.3852,-18.0733,-13.2324,14.2215,-1.8986
2733,1220559394880,274108.538,100.805,VIRTUAL_FORWARD,1,1,1,1,14,0,-11.5540,14.3852,-18.0733,-13.2280,14.2255,-1.8949
2734,1220662584832,274211.728,103.190,VIRTUAL_FORWARD,1,1,1,1,14,0,-11.5540,14.3852,-18.0733,-13.2245,14.2286,-1.8925
2735,1220759779424,274308.922,97.195,VIRTUAL_FORWARD,1,1,1,1,14,0,-11.5540,14.3852,-18.0733,-13.2217,14.2311,-1.8912
2736,1220862067296,274411.210,102.288,VIRTUAL_FORWARD,1,1,1,1,14,0,-11.5540,14.3852,-18.0733,-13.2199,14.2336,-1.8901
2737,1220958703168,274507.846,96.636,VIRTUAL_FORWARD,1,1,1,1,14,0,-11.5540,14.3852,-18.0733,-13.2182,14.2363,-1.8900
2738,1221059895296,274609.038,101.192,VIRTUAL_FORWARD,1,1,1,1,14,0,-11.5540,14.3852,-18.0733,-13.2174,14.2394,-1.8912
2739,1221161604672,274710.748,101.709,VIRTUAL_FORWARD,1,1,1,1,14,0,-11.5540,14.3852,-18.0733,-13.2158,14.2440,-1.8918
2740,1221261432288,274810.575,99.828,VIRTUAL_FORWARD,1,1,1,1,14,0,-11.5540,14.3852,-18.0733,-13.2138,14.2474,-1.8921
2741,1221364372448,274913.515,102.940,VIRTUAL_FORWARD,1,1,1,1,14,0,-11.5540,14.3852,-18.0733,-13.2115,14.2505,-1.8932
2742,1221458405440,275007.548,94.033,VIRTUAL_FORWARD,1,1,1,1,14,0,-11.5540,14.3852,-18.0733,-13.2094,14.2537,-1.8948
2743,1221562713536,275111.856,104.308,VIRTUAL_FORWARD,1,1,1,1,14,0,-11.5540,14.3852,-18.0733,-13.2076,14.2567,-1.8962
2744,1221661777280,275210.920,99.064,VIRTUAL_FORWARD,1,1,1,1,14,0,-11.5540,14.3852,-18.0733,-13.2064,14.2587,-1.8967
2745,1221766231360,275315.374,104.454,VIRTUAL_FORWARD,1,1,1,1,14,0,-11.5540,14.3852,-18.0733,-13.2053,14.2602,-1.8966
2746,1221859168288,275408.311,92.937,VIRTUAL_FORWARD,1,1,1,1,14,0,-11.5540,14.3852,-18.0733,-13.2044,14.2620,-1.8961
2747,1221962975040,275512.118,103.807,VIRTUAL_FORWARD,1,1,1,1,14,0,-11.5540,14.3852,-18.0733,-13.2044,14.2630,-1.8971
2748,1222058734112,275607.877,95.759,VIRTUAL_FORWARD,1,1,1,1,14,0,-11.5540,14.3852,-18.0733,-13.2039,14.2666,-1.8982
2749,1222162403872,275711.547,103.670,VIRTUAL_FORWARD,1,1,1,1,14,0,-11.5540,14.3852,-18.0733,-13.2028,14.2720,-1.8993
2750,1222257922528,275807.065,95.519,VIRTUAL_FORWARD,1,1,1,1,14,0,-11.5540,14.3852,-18.0733,-13.1998,14.2768,-1.8999
2751,1222362108224,275911.251,104.186,VIRTUAL_FORWARD,1,1,1,1,14,0,-11.5540,14.3852,-18.0733,-13.1959,14.2814,-1.9007
2752,1222459828384,276008.971,97.720,VIRTUAL_FORWARD,1,1,1,1,14,0,-11.5540,14.3852,-18.0733,-13.1932,14.2864,-1.9005
2753,1222562155328,276111.298,102.327,VIRTUAL_FORWARD,1,1,1,1,14,0,-11.5540,14.3852,-18.0733,-13.1922,14.2897,-1.9006
2754,1222659994912,276209.138,97.840,VIRTUAL_FORWARD,1,1,1,1,14,0,-11.5540,14.3852,-18.0733,-13.1901,14.2947,-1.9001
2755,1222757330112,276306.473,97.335,VIRTUAL_FORWARD,1,1,1,1,14,0,-11.5540,14.3852,-18.0733,-13.1869,14.3012,-1.8998
2756,1222870318784,276419.462,112.989,VIRTUAL_FORWARD,1,1,1,1,14,0,-11.5540,14.3852,-18.0733,-13.1856,14.3055,-1.8989
2757,1222959519328,276508.662,89.201,VIRTUAL_FORWARD,1,1,1,1,14,0,-11.5540,14.3852,-18.0733,-13.1845,14.3096,-1.8978
2758,1223059248608,276608.392,99.729,VIRTUAL_FORWARD,1,1,1,1,14,0,-11.5540,14.3852,-18.0733,-13.1830,14.3147,-1.8964
2759,1223164613344,276713.756,105.365,VIRTUAL_FORWARD,1,1,1,1,14,0,-11.5540,14.3852,-18.0733,-13.1815,14.3201,-1.8952
2760,1223262419776,276811.563,97.806,VIRTUAL_FORWARD,1,1,1,1,14,0,-11.5540,14.3852,-18.0733,-13.1795,14.3243,-1.8939
2761,1223361502752,276910.646,99.083,VIRTUAL_FORWARD,1,1,1,1,14,0,-11.5540,14.3852,-18.0733,-13.1770,14.3279,-1.8926
2762,1223460771200,277009.914,99.268,VIRTUAL_FORWARD,1,1,1,1,14,0,-11.5540,14.3852,-18.0733,-13.1725,14.3329,-1.8908
2763,1223559520192,277108.663,98.749,VIRTUAL_FORWARD,1,1,1,1,14,0,-11.5540,14.3852,-18.0733,-13.1670,14.3387,-1.8889
2764,1223659247136,277208.390,99.727,VIRTUAL_FORWARD,1,1,1,1,14,0,-11.5540,14.3852,-18.0733,-13.1685,14.3397,-1.8843
2765,1223758992768,277308.136,99.746,VIRTUAL_FORWARD,1,1,1,1,14,0,-11.5540,14.3852,-18.0733,-13.1726,14.3394,-1.8796
2766,1223860258624,277409.402,101.266,VIRTUAL_FORWARD,1,1,1,1,14,0,-11.5540,14.3852,-18.0733,-13.1765,14.3412,-1.8757
2767,1223957410592,277506.554,97.152,VIRTUAL_FORWARD,1,1,1,1,14,0,-11.5540,14.3852,-18.0733,-13.1803,14.3439,-1.8727
2768,1224060314720,277609.458,102.904,VIRTUAL_FORWARD,1,1,1,1,14,0,-11.5540,14.3852,-18.0733,-13.1842,14.3459,-1.8706
2769,1224164536512,277713.679,104.222,VIRTUAL_FORWARD,1,1,1,1,14,0,-11.5540,14.3852,-18.0733,-13.1876,14.3475,-1.8703
2770,1224261019616,277810.163,96.483,VIRTUAL_FORWARD,1,1,1,1,14,0,-11.5540,14.3852,-18.0733,-13.1890,14.3521,-1.8700
2771,1224362450112,277911.593,101.430,VIRTUAL_FORWARD,1,1,1,1,14,0,-11.5540,14.3852,-18.0733,-13.1892,14.3577,-1.8709
2772,1224459500992,278008.644,97.051,VIRTUAL_FORWARD,1,1,1,1,14,0,-11.5540,14.3852,-18.0733,-13.1889,14.3627,-1.8709
2773,1224560410048,278109.553,100.909,VIRTUAL_FORWARD,1,1,1,1,14,0,-11.5540,14.3852,-18.0733,-13.1886,14.3670,-1.8707
2774,1224660969344,278210.112,100.559,VIRTUAL_FORWARD,1,1,1,1,14,0,-11.5540,14.3852,-18.0733,-13.1889,14.3707,-1.8699
2775,1224760486464,278309.629,99.517,VIRTUAL_FORWARD,1,1,1,1,14,0,-11.5540,14.3852,-18.0733,-13.1892,14.3739,-1.8702
2776,1224859415872,278408.559,98.929,VIRTUAL_FORWARD,1,1,1,1,14,0,-11.5540,14.3852,-18.0733,-13.1890,14.3766,-1.8700
2777,1224957095872,278506.239,97.680,VIRTUAL_FORWARD,1,1,1,1,14,0,-11.5540,14.3852,-18.0733,-13.1891,14.3784,-1.8692
2778,1225059406752,278608.550,102.311,VIRTUAL_FORWARD,1,1,1,1,14,0,-11.5540,14.3852,-18.0733,-13.1883,14.3820,-1.8657
2779,1225161142272,278710.285,101.736,VIRTUAL_FORWARD,1,1,1,1,14,0,-11.5540,14.3852,-18.0733,-13.1874,14.3864,-1.8608
2780,1225261305440,278810.448,100.163,VIRTUAL_FORWARD,1,1,1,1,14,0,-11.5540,14.3852,-18.0733,-13.1869,14.3933,-1.8562
2781,1225358478240,278907.621,97.173,VIRTUAL_FORWARD,1,1,1,1,14,0,-11.5540,14.3852,-18.0733,-13.1860,14.4032,-1.8520
2782,1225459156128,279008.299,100.678,VIRTUAL_FORWARD,1,1,1,1,14,0,-11.5540,14.3852,-18.0733,-13.1848,14.4124,-1.8473
2783,1225558544224,279107.687,99.388,VIRTUAL_FORWARD,1,1,1,1,14,0,-11.5540,14.3852,-18.0733,-13.1839,14.4187,-1.8431
2784,1225660095616,279209.239,101.551,VIRTUAL_FORWARD,1,1,1,1,14,0,-11.5540,14.3852,-18.0733,-13.1818,14.4272,-1.8367
2785,1225760406144,279309.549,100.311,VIRTUAL_FORWARD,1,1,1,1,14,0,-11.5540,14.3852,-18.0733,-13.1796,14.4355,-1.8320
2786,1225861755488,279410.898,101.349,VIRTUAL_FORWARD,1,1,1,1,14,0,-11.5540,14.3852,-18.0733,-13.1783,14.4424,-1.8274
2787,1225963489344,279512.632,101.734,VIRTUAL_FORWARD,1,1,1,1,14,0,-11.5540,14.3852,-18.0733,-13.1774,14.4479,-1.8237
2788,1226059937472,279609.080,96.448,VIRTUAL_FORWARD,1,1,1,1,14,0,-11.5540,14.3852,-18.0733,-13.1763,14.4520,-1.8196
2789,1226162230112,279711.373,102.293,VIRTUAL_FORWARD,1,1,1,1,14,0,-11.5540,14.3852,-18.0733,-13.1755,14.4556,-1.8172
2790,1226261178400,279810.321,98.948,VIRTUAL_FORWARD,1,1,1,1,14,0,-11.5540,14.3852,-18.0733,-13.1737,14.4605,-1.8143
2791,1226361938400,279911.081,100.760,VIRTUAL_FORWARD,1,1,1,1,14,0,-11.5540,14.3852,-18.0733,-13.1720,14.4655,-1.8116
2792,1226459517408,280008.660,97.579,VIRTUAL_FORWARD,1,1,1,1,14,0,-11.5540,14.3852,-18.0733,-13.1706,14.4704,-1.8076
2793,1226558717952,280107.861,99.201,VIRTUAL_FORWARD,1,1,1,1,14,0,-11.5540,14.3852,-18.0733,-13.1698,14.4739,-1.8054
2794,1226662869376,280212.012,104.151,VIRTUAL_FORWARD,1,1,1,1,14,0,-11.5540,14.3852,-18.0733,-13.1693,14.4804,-1.8009
2795,1226758444448,280307.587,95.575,VIRTUAL_FORWARD,1,1,1,1,14,0,-11.5540,14.3852,-18.0733,-13.1687,14.4869,-1.7971
2796,1226861342560,280410.485,102.898,VIRTUAL_FORWARD,1,1,1,1,14,0,-11.5540,14.3852,-18.0733,-13.1676,14.4927,-1.7921
2797,1226957352928,280506.496,96.010,VIRTUAL_FORWARD,1,1,1,1,14,0,-11.5540,14.3852,-18.0733,-13.1665,14.4965,-1.7897
2798,1227061494688,280610.638,104.142,VIRTUAL_FORWARD,1,1,1,1,14,0,-11.5540,14.3852,-18.0733,-13.1662,14.5028,-1.7859
2799,1227212674624,280761.818,151.180,VIRTUAL_FORWARD,1,1,1,1,14,0,-11.5540,14.3852,-18.0733,-13.1657,14.5087,-1.7821
2800,1227257849664,280806.993,45.175,VIRTUAL_FORWARD,1,1,1,1,14,0,-11.5540,14.3852,-18.0733,-13.1663,14.5159,-1.7776
2801,1227361144384,280910.287,103.295,VIRTUAL_FORWARD,1,1,1,1,14,0,-11.5540,14.3852,-18.0733,-13.1663,14.5159,-1.7776
2802,1227459618496,281008.761,98.474,VIRTUAL_FORWARD,1,1,1,1,14,0,-11.5540,14.3852,-18.0733,-13.1671,14.5285,-1.7687
2803,1227559811648,281108.955,100.193,VIRTUAL_FORWARD,1,1,1,1,14,0,-11.5540,14.3852,-18.0733,-13.1692,14.5372,-1.7614
2804,1227661229888,281210.373,101.418,VIRTUAL_FORWARD,1,1,1,1,14,0,-11.5540,14.3852,-18.0733,-13.1686,14.5429,-1.7584
2805,1227757808256,281306.951,96.578,VIRTUAL_FORWARD,1,1,1,1,14,0,-11.5540,14.3852,-18.0733,-13.1684,14.5494,-1.7557
2806,1227860743840,281409.887,102.936,VIRTUAL_FORWARD,1,1,1,1,14,0,-11.5540,14.3852,-18.0733,-13.1696,14.5579,-1.7501
2807,1227961790560,281510.933,101.047,VIRTUAL_FORWARD,1,1,1,1,14,0,-11.5540,14.3852,-18.0733,-13.1703,14.5644,-1.7459
2808,1228057957984,281607.101,96.167,VIRTUAL_FORWARD,1,1,1,1,14,0,-11.5540,14.3852,-18.0733,-13.1714,14.5716,-1.7425
2809,1228160497952,281709.641,102.540,VIRTUAL_FORWARD,1,1,1,1,14,0,-11.5540,14.3852,-18.0733,-13.1725,14.5778,-1.7395
2810,1228259755648,281808.899,99.258,VIRTUAL_FORWARD,1,1,1,1,14,0,-11.5540,14.3852,-18.0733,-13.1721,14.5825,-1.7366
2811,1228361831840,281910.975,102.076,VIRTUAL_FORWARD,1,1,1,1,14,0,-11.5540,14.3852,-18.0733,-13.1718,14.5864,-1.7342
2812,1228458469600,282007.613,96.638,VIRTUAL_FORWARD,1,1,1,1,14,0,-11.5540,14.3852,-18.0733,-13.1708,14.5907,-1.7323
2813,1228559693056,282108.836,101.223,VIRTUAL_FORWARD,1,1,1,1,14,0,-11.5540,14.3852,-18.0733,-13.1700,14.5933,-1.7310
2814,1228659567328,282208.710,99.874,VIRTUAL_FORWARD,1,1,1,1,14,0,-11.5540,14.3852,-18.0733,-13.1697,14.6072,-1.7295
2815,1228761543168,282310.686,101.976,VIRTUAL_FORWARD,1,1,1,1,14,0,-11.5540,14.3852,-18.0733,-13.1695,14.6112,-1.7297
2816,1228860769888,282409.913,99.227,VIRTUAL_FORWARD,1,1,1,1,14,0,-11.5540,14.3852,-18.0733,-13.1686,14.6169,-1.7307
2817,1228959838496,282508.981,99.069,VIRTUAL_FORWARD,1,1,1,1,14,0,-11.5540,14.3852,-18.0733,-13.1672,14.6215,-1.7313
2818,1229057284608,282606.428,97.446,VIRTUAL_FORWARD,1,1,1,1,14,0,-11.5540,14.3852,-18.0733,-13.1681,14.6292,-1.7328
2819,1229161426080,282710.569,104.141,VIRTUAL_FORWARD,1,1,1,1,14,0,-11.5540,14.3852,-18.0733,-13.1688,14.6358,-1.7344
2820,1229257623680,282806.767,96.198,VIRTUAL_FORWARD,1,1,1,1,14,0,-11.5540,14.3852,-18.0733,-13.1680,14.6441,-1.7365
2821,1229361100704,282910.244,103.477,VIRTUAL_FORWARD,1,1,1,1,14,0,-11.5540,14.3852,-18.0733,-13.1669,14.6516,-1.7392
2822,1229459435488,283008.578,98.335,VIRTUAL_FORWARD,1,1,1,1,14,0,-11.5540,14.3852,-18.0733,-13.1660,14.6607,-1.7431
2823,1229560229280,283109.372,100.794,VIRTUAL_FORWARD,1,1,1,1,14,0,-11.5540,14.3852,-18.0733,-13.1653,14.6696,-1.7471
2824,1229660963968,283210.107,100.735,VIRTUAL_FORWARD,1,1,1,1,14,0,-11.5540,14.3852,-18.0733,-13.1645,14.6777,-1.7517
2825,1229757896640,283307.040,96.933,VIRTUAL_FORWARD,1,1,1,1,14,0,-11.5540,14.3852,-18.0733,-13.1639,14.6841,-1.7557
2826,1229861075520,283410.218,103.179,VIRTUAL_FORWARD,1,1,1,1,14,0,-11.5540,14.3852,-18.0733,-13.1634,14.6929,-1.7602
2827,1229960334496,283509.477,99.259,VIRTUAL_FORWARD,1,1,1,1,14,0,-11.5540,14.3852,-18.0733,-13.1637,14.7007,-1.7652
2828,1230057406976,283606.550,97.072,VIRTUAL_FORWARD,1,1,1,1,14,0,-11.5540,14.3852,-18.0733,-13.1644,14.7084,-1.7717
2829,1230159961440,283709.104,102.554,VIRTUAL_FORWARD,1,1,1,1,14,0,-11.5540,14.3852,-18.0733,-13.1656,14.7159,-1.7792
2830,1230258697696,283807.841,98.736,VIRTUAL_FORWARD,1,1,1,1,14,0,-11.5540,14.3852,-18.0733,-13.1654,14.7233,-1.7847
2831,1230357303808,283906.447,98.606,VIRTUAL_FORWARD,1,1,1,1,14,0,-11.5540,14.3852,-18.0733,-13.1641,14.7311,-1.7897
2832,1230458387872,284007.531,101.084,VIRTUAL_FORWARD,1,1,1,1,14,0,-11.5540,14.3852,-18.0733,-13.1623,14.7408,-1.7958
2833,1230560192128,284109.335,101.804,VIRTUAL_FORWARD,1,1,1,1,14,0,-11.5540,14.3852,-18.0733,-13.1599,14.7500,-1.7996
2834,1230658268320,284207.411,98.076,VIRTUAL_FORWARD,1,1,1,1,14,0,-11.5540,14.3852,-18.0733,-13.1594,14.7590,-1.8047
2835,1230759478944,284308.622,101.211,VIRTUAL_FORWARD,1,1,1,1,14,0,-11.5540,14.3852,-18.0733,-13.1589,14.7659,-1.8087
2836,1230860130816,284409.274,100.652,VIRTUAL_FORWARD,1,1,1,1,14,0,-11.5540,14.3852,-18.0733,-13.1574,14.7761,-1.8123
2837,1230958454048,284507.597,98.323,VIRTUAL_FORWARD,1,1,1,1,14,0,-11.5540,14.3852,-18.0733,-13.1551,14.7856,-1.8142
2838,1231059808800,284608.952,101.355,VIRTUAL_FORWARD,1,1,1,1,14,0,-11.5540,14.3852,-18.0733,-13.1524,14.7970,-1.8176
2839,1231162588576,284711.731,102.780,VIRTUAL_FORWARD,1,1,1,1,14,0,-11.5540,14.3852,-18.0733,-13.1507,14.8061,-1.8214
2840,1231262848608,284811.992,100.260,VIRTUAL_FORWARD,1,1,1,1,14,0,-11.5540,14.3852,-18.0733,-13.1462,14.8188,-1.8248
2841,1231361055808,284910.199,98.207,VIRTUAL_FORWARD,1,1,1,1,14,0,-11.5540,14.3852,-18.0733,-13.1424,14.8300,-1.8300
2842,1231459656960,285008.800,98.601,VIRTUAL_FORWARD,1,1,1,1,14,0,-11.5540,14.3852,-18.0733,-13.1416,14.8411,-1.8356
2843,1231560334080,285109.477,100.677,VIRTUAL_FORWARD,1,1,1,1,14,0,-11.5540,14.3852,-18.0733,-13.1400,14.8511,-1.8388
2844,1231662380544,285211.523,102.046,VIRTUAL_FORWARD,1,1,1,1,14,0,-11.5540,14.3852,-18.0733,-13.1392,14.8624,-1.8428
2845,1231763387744,285312.531,101.007,VIRTUAL_FORWARD,1,1,1,1,14,0,-11.5540,14.3852,-18.0733,-13.1389,14.8711,-1.8465
2846,1231859753888,285408.897,96.366,VIRTUAL_FORWARD,1,1,1,1,14,0,-11.5540,14.3852,-18.0733,-13.1345,14.8825,-1.8494
2847,1231964556128,285513.699,104.802,VIRTUAL_FORWARD,1,1,1,1,14,0,-11.5540,14.3852,-18.0733,-13.1301,14.8922,-1.8514
2848,1232058046720,285607.190,93.491,VIRTUAL_FORWARD,1,1,1,1,14,0,-11.5540,14.3852,-18.0733,-13.1267,14.9001,-1.8520
2849,1232162065664,285711.209,104.019,VIRTUAL_FORWARD,1,1,1,1,14,0,-11.5540,14.3852,-18.0733,-13.1243,14.9059,-1.8532
2850,1232257945568,285807.088,95.880,VIRTUAL_FORWARD,1,1,1,1,14,0,-11.5540,14.3852,-18.0733,-13.1234,14.9091,-1.8546
2851,1232360609568,285909.752,102.664,VIRTUAL_FORWARD,1,1,1,1,14,0,-11.5540,14.3852,-18.0733,-13.1225,14.9115,-1.8554
2852,1232463010400,286012.153,102.401,VIRTUAL_FORWARD,1,1,1,1,14,0,-11.5540,14.3852,-18.0733,-13.1197,14.9169,-1.8546
2853,1232562784384,286111.927,99.774,VIRTUAL_FORWARD,1,1,1,1,14,0,-11.5540,14.3852,-18.0733,-13.1172,14.9217,-1.8548
2854,1232659821600,286208.965,97.037,VIRTUAL_FORWARD,1,1,1,1,14,0,-11.5540,14.3852,-18.0733,-13.1129,14.9270,-1.8528
2855,1232758661440,286307.804,98.840,VIRTUAL_FORWARD,1,1,1,1,14,0,-11.5540,14.3852,-18.0733,-13.1097,14.9302,-1.8512
2856,1232860391136,286409.534,101.730,VIRTUAL_FORWARD,1,1,1,1,14,0,-11.5540,14.3852,-18.0733,-13.1067,14.9326,-1.8502
2857,1232960967136,286510.110,100.576,VIRTUAL_FORWARD,1,1,1,1,14,0,-11.5540,14.3852,-18.0733,-13.1044,14.9337,-1.8484
2858,1233061062592,286610.206,100.095,VIRTUAL_FORWARD,1,1,1,1,14,0,-11.5540,14.3852,-18.0733,-13.1033,14.9348,-1.8451
2859,1233157622656,286706.766,96.560,VIRTUAL_FORWARD,1,1,1,1,14,0,-11.5540,14.3852,-18.0733,-13.1016,14.9367,-1.8405
2860,1233257481312,286806.624,99.859,VIRTUAL_FORWARD,1,1,1,1,14,0,-11.5540,14.3852,-18.0733,-13.0984,14.9409,-1.8379
2861,1233361938528,286911.081,104.457,VIRTUAL_FORWARD,1,1,1,1,14,0,-11.5540,14.3852,-18.0733,-13.0953,14.9445,-1.8371
2862,1233460485632,287009.629,98.547,VIRTUAL_FORWARD,1,1,1,1,14,0,-11.5540,14.3852,-18.0733,-13.0896,14.9496,-1.8371
2863,1233559287456,287108.430,98.802,VIRTUAL_FORWARD,1,1,1,1,14,0,-11.5540,14.3852,-18.0733,-13.0841,14.9536,-1.8367
2864,1233659217056,287208.360,99.930,VIRTUAL_FORWARD,1,1,1,1,14,0,-11.5540,14.3852,-18.0733,-13.0800,14.9616,-1.8382
2865,1233758955584,287308.098,99.739,VIRTUAL_FORWARD,1,1,1,1,14,0,-11.5540,14.3852,-18.0733,-13.0769,14.9695,-1.8407
2866,1233861243008,287410.386,102.287,VIRTUAL_FORWARD,1,1,1,1,14,0,-11.5540,14.3852,-18.0733,-13.0717,14.9843,-1.8440
2867,1233960620704,287509.764,99.378,VIRTUAL_FORWARD,1,1,1,1,14,0,-11.5540,14.3852,-18.0733,-13.0717,14.9843,-1.8440
2868,1234059146880,287608.290,98.526,VIRTUAL_FORWARD,1,1,1,1,14,0,-11.5540,14.3852,-18.0733,-13.0640,15.0041,-1.8462
2869,1234158401088,287707.544,99.254,VIRTUAL_FORWARD,1,1,1,1,14,0,-11.5540,14.3852,-18.0733,-13.0611,15.0120,-1.8470
2870,1234260512480,287809.655,102.111,VIRTUAL_FORWARD,1,1,1,1,14,0,-11.5540,14.3852,-18.0733,-13.0585,15.0247,-1.8506
2871,1234360829760,287909.973,100.317,VIRTUAL_FORWARD,1,1,1,1,14,0,-11.5540,14.3852,-18.0733,-13.0566,15.0348,-1.8539
2872,1234462145664,288011.289,101.316,VIRTUAL_FORWARD,1,1,1,1,14,0,-11.5540,14.3852,-18.0733,-13.0529,15.0452,-1.8605
2873,1234559531776,288108.675,97.386,VIRTUAL_FORWARD,1,1,1,1,14,0,-11.5540,14.3852,-18.0733,-13.0493,15.0537,-1.8657
2874,1234661827872,288210.971,102.296,VIRTUAL_FORWARD,1,1,1,1,14,0,-11.5540,14.3852,-18.0733,-13.0447,15.0667,-1.8736
2875,1234758422048,288307.565,96.594,VIRTUAL_FORWARD,1,1,1,1,14,0,-11.5540,14.3852,-18.0733,-13.0410,15.0772,-1.8796
2876,1234857227552,288406.370,98.806,VIRTUAL_FORWARD,1,1,1,1,14,0,-11.5540,14.3852,-18.0733,-13.0368,15.0896,-1.8880
2877,1234962053344,288511.196,104.826,VIRTUAL_FORWARD,1,1,1,1,14,0,-11.5540,14.3852,-18.0733,-13.0337,15.0986,-1.8949
2878,1235058950528,288608.093,96.897,VIRTUAL_FORWARD,1,1,1,1,14,0,-11.5540,14.3852,-18.0733,-13.0309,15.1082,-1.9040
2879,1235159511168,288708.654,100.561,VIRTUAL_FORWARD,1,1,1,1,14,0,-11.5540,14.3852,-18.0733,-13.0282,15.1158,-1.9093
2880,1235257542176,288806.685,98.031,VIRTUAL_FORWARD,1,1,1,1,14,0,-11.5540,14.3852,-18.0733,-13.0241,15.1280,-1.9173
2881,1235364278176,288913.421,106.736,VIRTUAL_FORWARD,1,1,1,1,14,0,-11.5540,14.3852,-18.0733,-13.0196,15.1393,-1.9258
2882,1235457721088,289006.864,93.443,VIRTUAL_FORWARD,1,1,1,1,14,0,-11.5540,14.3852,-18.0733,-13.0172,15.1515,-1.9350
2883,1235573203808,289122.347,115.483,VIRTUAL_FORWARD,1,1,1,1,14,0,-11.5540,14.3852,-18.0733,-13.0160,15.1613,-1.9428
2884,1235658674560,289207.817,85.471,VIRTUAL_FORWARD,1,1,1,1,14,0,-11.5540,14.3852,-18.0733,-13.0136,15.1746,-1.9510
2885,1235762433472,289311.576,103.759,VIRTUAL_FORWARD,1,1,1,1,14,0,-11.5540,14.3852,-18.0733,-13.0110,15.1875,-1.9577
2886,1235857031392,289406.174,94.598,VIRTUAL_FORWARD,1,1,1,1,14,0,-11.5540,14.3852,-18.0733,-13.0075,15.1996,-1.9659
2887,1235960330848,289509.474,103.299,VIRTUAL_FORWARD,1,1,1,1,14,0,-11.5540,14.3852,-18.0733,-13.0055,15.2088,-1.9716
2888,1236058978560,289608.121,98.648,VIRTUAL_FORWARD,1,1,1,1,14,0,-11.5540,14.3852,-18.0733,-13.0017,15.2227,-1.9755
2889,1236165269472,289714.412,106.291,VIRTUAL_FORWARD,1,1,1,1,14,0,-11.5540,14.3852,-18.0733,-13.0000,15.2332,-1.9784
2890,1236257292064,289806.435,92.023,VIRTUAL_FORWARD,1,1,1,1,14,0,-11.5540,14.3852,-18.0733,-12.9968,15.2450,-1.9836
2891,1236361839328,289910.982,104.547,VIRTUAL_FORWARD,1,1,1,1,14,0,-11.5540,14.3852,-18.0733,-12.9937,15.2549,-1.9867
2892,1236458627168,290007.770,96.788,VIRTUAL_FORWARD,1,1,1,1,14,0,-11.5540,14.3852,-18.0733,-12.9910,15.2638,-1.9924
2893,1236562105344,290111.248,103.478,VIRTUAL_FORWARD,1,1,1,1,14,0,-11.5540,14.3852,-18.0733,-12.9892,15.2707,-1.9967
2894,1236659977536,290209.120,97.872,VIRTUAL_FORWARD,1,1,1,1,14,0,-11.5540,14.3852,-18.0733,-12.9840,15.2795,-2.0016
2895,1236759368448,290308.511,99.391,VIRTUAL_FORWARD,1,1,1,1,14,0,-11.5540,14.3852,-18.0733,-12.9782,15.2881,-2.0061
2896,1236857578496,290406.721,98.210,VIRTUAL_FORWARD,1,1,1,1,14,0,-11.5540,14.3852,-18.0733,-12.9728,15.2957,-2.0118
2897,1236958388992,290507.532,100.810,VIRTUAL_FORWARD,1,1,1,1,14,0,-11.5540,14.3852,-18.0733,-12.9680,15.3018,-2.0164
2898,1237059264096,290608.407,100.875,VIRTUAL_FORWARD,1,1,1,1,14,0,-11.5540,14.3852,-18.0733,-12.9583,15.3016,-2.0215
2899,1237159585568,290708.728,100.321,VIRTUAL_FORWARD,1,1,1,1,14,0,-11.5540,14.3852,-18.0733,-12.9484,15.2989,-2.0257
2900,1237261539424,290810.682,101.954,VIRTUAL_FORWARD,1,1,1,1,14,0,-11.5540,14.3852,-18.0733,-12.9382,15.2956,-2.0317
2901,1237360875616,290910.019,99.336,VIRTUAL_FORWARD,1,1,1,1,14,0,-11.5540,14.3852,-18.0733,-12.9286,15.2919,-2.0377
2902,1237459767008,291008.910,98.891,VIRTUAL_FORWARD,1,1,1,1,14,0,-11.5540,14.3852,-18.0733,-12.9228,15.2928,-2.0497
2903,1237557544672,291106.688,97.778,VIRTUAL_FORWARD,1,1,1,1,14,0,-11.5540,14.3852,-18.0733,-12.9200,15.2947,-2.0589
2904,1237658327904,291207.471,100.783,VIRTUAL_FORWARD,1,1,1,1,14,0,-11.5540,14.3852,-18.0733,-12.9178,15.2996,-2.0707
2905,1237757873568,291307.016,99.546,VIRTUAL_FORWARD,1,1,1,1,14,0,-11.5540,14.3852,-18.0733,-12.9160,15.3032,-2.0804
2906,1237860653920,291409.797,102.780,VIRTUAL_FORWARD,1,1,1,1,14,0,-11.5540,14.3852,-18.0733,-12.9112,15.3125,-2.0916
2907,1237958067584,291507.210,97.414,VIRTUAL_FORWARD,1,1,1,1,14,0,-11.5540,14.3852,-18.0733,-12.9061,15.3215,-2.1013
2908,1238068340800,291617.484,110.273,VIRTUAL_FORWARD,1,1,1,1,14,0,-11.5540,14.3852,-18.0733,-12.8999,15.3333,-2.1132
2909,1238157338368,291706.481,88.998,VIRTUAL_FORWARD,1,1,1,1,14,0,-11.5540,14.3852,-18.0733,-12.8938,15.3449,-2.1245
2910,1238257555712,291806.699,100.217,VIRTUAL_FORWARD,1,1,1,1,14,0,-11.5540,14.3852,-18.0733,-12.8908,15.3572,-2.1395
2911,1238359325728,291908.469,101.770,VIRTUAL_FORWARD,1,1,1,1,14,0,-11.5540,14.3852,-18.0733,-12.8896,15.3664,-2.1517
2912,1238459040480,292008.183,99.715,VIRTUAL_FORWARD,1,1,1,1,14,0,-11.5540,14.3852,-18.0733,-12.8885,15.3763,-2.1666
2913,1238560240160,292109.383,101.200,VIRTUAL_FORWARD,1,1,1,1,14,0,-11.5540,14.3852,-18.0733,-12.8875,15.3843,-2.1796
2914,1238657297376,292206.440,97.057,VIRTUAL_FORWARD,1,1,1,1,14,0,-11.5540,14.3852,-18.0733,-12.8864,15.3937,-2.1941
2915,1238759026400,292308.169,101.729,VIRTUAL_FORWARD,1,1,1,1,14,0,-11.5540,14.3852,-18.0733,-12.8853,15.4017,-2.2063
2916,1238862242656,292411.386,103.216,VIRTUAL_FORWARD,1,1,1,1,14,0,-11.5540,14.3852,-18.0733,-12.8835,15.4121,-2.2193
2917,1238957779072,292506.922,95.536,VIRTUAL_FORWARD,1,1,1,1,14,0,-11.5540,14.3852,-18.0733,-12.8816,15.4211,-2.2292
2918,1239061450496,292610.593,103.671,VIRTUAL_FORWARD,1,1,1,1,14,0,-11.5540,14.3852,-18.0733,-12.8806,15.4314,-2.2417
2919,1239157508768,292706.652,96.058,VIRTUAL_FORWARD,1,1,1,1,14,0,-11.5540,14.3852,-18.0733,-12.8806,15.4314,-2.2417
2920,1239262376256,292811.519,104.867,VIRTUAL_FORWARD,1,1,1,1,14,0,-11.5540,14.3852,-18.0733,-12.8792,15.4449,-2.2577
2921,1239359885248,292909.028,97.509,VIRTUAL_FORWARD,1,1,1,1,14,0,-11.5540,14.3852,-18.0733,-12.8772,15.4592,-2.2746
2922,1239461945792,293011.089,102.061,VIRTUAL_FORWARD,1,1,1,1,14,0,-11.5540,14.3852,-18.0733,-12.8769,15.4632,-2.2807
2923,1239563354912,293112.498,101.409,VIRTUAL_FORWARD,1,1,1,1,14,0,-11.5540,14.3852,-18.0733,-12.8763,15.4693,-2.2894
2924,1239662587808,293211.731,99.233,VIRTUAL_FORWARD,1,1,1,1,14,0,-11.5540,14.3852,-18.0733,-12.8764,15.4770,-2.3019
2925,1239758059616,293307.203,95.472,VIRTUAL_FORWARD,1,1,1,1,14,0,-11.5540,14.3852,-18.0733,-12.8765,15.4831,-2.3122
2926,1239861007808,293410.151,102.948,VIRTUAL_FORWARD,1,1,1,1,14,0,-11.5540,14.3852,-18.0733,-12.8762,15.4887,-2.3246
2927,1239963205184,293512.348,102.197,VIRTUAL_FORWARD,1,1,1,1,14,0,-11.5540,14.3852,-18.0733,-12.8757,15.4933,-2.3364
2928,1240061505024,293610.648,98.300,VIRTUAL_FORWARD,1,1,1,1,14,0,-11.5540,14.3852,-18.0733,-12.8756,15.5013,-2.3498
2929,1240164438848,293713.582,102.934,VIRTUAL_FORWARD,1,1,1,1,14,0,-11.5540,14.3852,-18.0733,-12.8757,15.5099,-2.3613
2930,1240261743936,293810.887,97.305,VIRTUAL_FORWARD,1,1,1,1,14,0,-11.5540,14.3852,-18.0733,-12.8738,15.5184,-2.3756
2931,1240358218464,293907.361,96.475,VIRTUAL_FORWARD,1,1,1,1,14,0,-11.5540,14.3852,-18.0733,-12.8712,15.5250,-2.3879
2932,1240475608064,294024.751,117.390,VIRTUAL_FORWARD,1,1,1,1,14,0,-11.5540,14.3852,-18.0733,-12.8692,15.5311,-2.4029
2933,1240559381760,294108.525,83.774,VIRTUAL_FORWARD,1,1,1,1,14,0,-11.5540,14.3852,-18.0733,-12.8678,15.5361,-2.4165
2934,1240661426304,294210.569,102.045,VIRTUAL_FORWARD,1,1,1,1,14,0,-11.5540,14.3852,-18.0733,-12.8666,15.5430,-2.4333
2935,1240761347296,294310.490,99.921,VIRTUAL_FORWARD,1,1,1,1,14,0,-11.5540,14.3852,-18.0733,-12.8658,15.5490,-2.4472
2936,1240860554656,294409.698,99.207,VIRTUAL_FORWARD,1,1,1,1,14,0,-11.5540,14.3852,-18.0733,-12.8640,15.5562,-2.4635
2937,1240958999488,294508.142,98.445,VIRTUAL_FORWARD,1,1,1,1,14,0,-11.5540,14.3852,-18.0733,-12.8621,15.5630,-2.4779
2938,1241064562976,294613.706,105.563,VIRTUAL_FORWARD,1,1,1,1,14,0,-11.5540,14.3852,-18.0733,-12.8619,15.5697,-2.4942
2939,1241159733888,294708.877,95.171,VIRTUAL_FORWARD,1,1,1,1,14,0,-11.5540,14.3852,-18.0733,-12.8628,15.5758,-2.5105
2940,1241260512480,294809.655,100.779,VIRTUAL_FORWARD,1,1,1,1,14,0,-11.5540,14.3852,-18.0733,-12.8623,15.5811,-2.5277
2941,1241360429280,294909.572,99.917,VIRTUAL_FORWARD,1,1,1,1,14,0,-11.5540,14.3852,-18.0733,-12.8615,15.5850,-2.5421
2942,1241460864448,295010.007,100.435,VIRTUAL_FORWARD,1,1,1,1,14,0,-11.5540,14.3852,-18.0733,-12.8615,15.5922,-2.5596
2943,1241561014464,295110.157,100.150,VIRTUAL_FORWARD,1,1,1,1,14,0,-11.5540,14.3852,-18.0733,-12.8617,15.5990,-2.5725
2944,1241657725536,295206.868,96.711,VIRTUAL_FORWARD,1,1,1,1,14,0,-11.5540,14.3852,-18.0733,-12.8599,15.6034,-2.5874
2945,1241759454304,295308.597,101.729,VIRTUAL_FORWARD,1,1,1,1,14,0,-11.5540,14.3852,-18.0733,-12.8581,15.6060,-2.5997
2946,1241860350496,295409.493,100.896,VIRTUAL_FORWARD,1,1,1,1,14,0,-11.5540,14.3852,-18.0733,-12.8566,15.6130,-2.6147
2947,1241960545984,295509.689,100.195,VIRTUAL_FORWARD,1,1,1,1,14,0,-11.5540,14.3852,-18.0733,-12.8556,15.6191,-2.6258
2948,1242063041504,295612.184,102.496,VIRTUAL_FORWARD,1,1,1,1,14,0,-11.5540,14.3852,-18.0733,-12.8544,15.6269,-2.6405
2949,1242162506240,295711.649,99.465,VIRTUAL_FORWARD,1,1,1,1,14,0,-11.5540,14.3852,-18.0733,-12.8536,15.6327,-2.6510
2950,1242258488512,295807.631,95.982,VIRTUAL_FORWARD,1,1,1,1,14,0,-11.5540,14.3852,-18.0733,-12.8523,15.6385,-2.6647
2951,1242358449984,295907.593,99.961,VIRTUAL_FORWARD,1,1,1,1,14,0,-11.5540,14.3852,-18.0733,-12.8514,15.6426,-2.6745
2952,1242458992256,296008.135,100.542,VIRTUAL_FORWARD,1,1,1,1,14,0,-11.5540,14.3852,-18.0733,-12.8514,15.6426,-2.6745
2953,1242558481824,296107.625,99.490,VIRTUAL_FORWARD,1,1,1,1,14,0,-11.5540,14.3852,-18.0733,-12.8467,15.6480,-2.6989
2954,1242662879680,296212.023,104.398,VIRTUAL_FORWARD,1,1,1,1,14,0,-11.5540,14.3852,-18.0733,-12.8426,15.6511,-2.7281
2955,1242757668512,296306.811,94.789,VIRTUAL_FORWARD,1,1,1,1,14,0,-11.5540,14.3852,-18.0733,-12.8415,15.6516,-2.7363
2956,1242861080032,296410.223,103.412,VIRTUAL_FORWARD,1,1,1,1,14,0,-11.5540,14.3852,-18.0733,-12.8391,15.6539,-2.7567
2957,1242958240480,296507.383,97.160,VIRTUAL_FORWARD,1,1,1,1,14,0,-11.5540,14.3852,-18.0733,-12.8373,15.6551,-2.7713
2958,1243058762272,296607.905,100.522,VIRTUAL_FORWARD,1,1,1,1,14,0,-11.5540,14.3852,-18.0733,-12.8342,15.6567,-2.7915
2959,1243157324416,296706.467,98.562,VIRTUAL_FORWARD,1,1,1,1,14,0,-11.5540,14.3852,-18.0733,-12.8315,15.6574,-2.8057
2960,1243259171232,296808.314,101.847,VIRTUAL_FORWARD,1,1,1,1,14,0,-11.5540,14.3852,-18.0733,-12.8289,15.6595,-2.8229
2961,1243362557984,296911.701,103.387,VIRTUAL_FORWARD,1,1,1,1,14,0,-11.5540,14.3852,-18.0733,-12.8269,15.6612,-2.8365
2962,1243457631616,297006.775,95.074,VIRTUAL_FORWARD,1,1,1,1,14,0,-11.5540,14.3852,-18.0733,-12.8236,15.6648,-2.8572
2963,1243558852640,297107.996,101.221,VIRTUAL_FORWARD,1,1,1,1,14,0,-11.5540,14.3852,-18.0733,-12.8209,15.6673,-2.8722
2964,1243662479744,297211.623,103.627,VIRTUAL_FORWARD,1,1,1,1,14,0,-11.5540,14.3852,-18.0733,-12.8172,15.6707,-2.8957
2965,1243762555008,297311.698,100.075,VIRTUAL_FORWARD,1,1,1,1,14,0,-11.5540,14.3852,-18.0733,-12.8145,15.6727,-2.9100
2966,1243859953632,297409.097,97.399,VIRTUAL_FORWARD,1,1,1,1,14,0,-11.5540,14.3852,-18.0733,-12.8104,15.6756,-2.9324
2967,1243960359264,297509.502,100.406,VIRTUAL_FORWARD,1,1,1,1,14,0,-11.5540,14.3852,-18.0733,-12.8072,15.6773,-2.9463
2968,1244058387552,297607.530,98.028,VIRTUAL_FORWARD,1,1,1,1,14,0,-11.5540,14.3852,-18.0733,-12.8028,15.6828,-2.9675
2969,1244162655616,297711.799,104.268,VIRTUAL_FORWARD,1,1,1,1,14,0,-11.5540,14.3852,-18.0733,-12.7990,15.6869,-2.9843
2970,1244257422272,297806.565,94.767,VIRTUAL_FORWARD,1,1,1,1,14,0,-11.5540,14.3852,-18.0733,-12.7958,15.6878,-3.0055
2971,1244357290944,297906.434,99.869,VIRTUAL_FORWARD,1,1,1,1,14,0,-11.5540,14.3852,-18.0733,-12.7934,15.6877,-3.0206
2972,1244457387584,298006.530,100.097,VIRTUAL_FORWARD,1,1,1,1,14,0,-11.5540,14.3852,-18.0733,-12.7929,15.6861,-3.0286
2973,1244558900896,298108.044,101.513,VIRTUAL_FORWARD,1,1,1,1,14,0,-11.5540,14.3852,-18.0733,-12.7938,15.6833,-3.0320
2974,1244660974464,298210.117,102.074,VIRTUAL_FORWARD,1,1,1,1,14,0,-11.5540,14.3852,-18.0733,-12.7898,15.6895,-3.0283
2975,1244759462368,298308.605,98.488,VIRTUAL_FORWARD,1,1,1,1,14,0,-11.5540,14.3852,-18.0733,-12.7841,15.6965,-3.0221
2976,1244862432224,298411.575,102.970,VIRTUAL_FORWARD,1,1,1,1,14,0,-11.5540,14.3852,-18.0733,-12.7829,15.6954,-3.0145
2977,1244959542240,298508.685,97.110,VIRTUAL_FORWARD,1,1,1,1,14,0,-11.5540,14.3852,-18.0733,-12.7823,15.6930,-3.0043
2978,1245064509440,298613.652,104.967,VIRTUAL_FORWARD,1,1,1,1,14,0,-11.5540,14.3852,-18.0733,-12.7792,15.6960,-2.9940
2979,1245159534208,298708.677,95.025,VIRTUAL_FORWARD,1,1,1,1,14,0,-11.5540,14.3852,-18.0733,-12.7763,15.6984,-2.9825
2980,1245261511520,298810.654,101.977,VIRTUAL_FORWARD,1,1,1,1,14,0,-11.5540,14.3852,-18.0733,-12.7718,15.7006,-2.9689
2981,1245359777568,298908.920,98.266,VIRTUAL_FORWARD,1,1,1,1,14,0,-11.5540,14.3852,-18.0733,-12.7688,15.7007,-2.9556
2982,1245462557440,299011.700,102.780,VIRTUAL_FORWARD,1,1,1,1,14,0,-11.5540,14.3852,-18.0733,-12.7649,15.7012,-2.9424
2983,1245559836704,299108.980,97.279,VIRTUAL_FORWARD,1,1,1,1,14,0,-11.5540,14.3852,-18.0733,-12.7617,15.7013,-2.9315
2984,1245661730528,299210.873,101.894,VIRTUAL_FORWARD,1,1,1,1,14,0,-11.5540,14.3852,-18.0733,-12.7566,15.7012,-2.9199
2985,1245762376000,299311.519,100.645,VIRTUAL_FORWARD,1,1,1,1,14,0,-11.5540,14.3852,-18.0733,-12.7566,15.7012,-2.9199
2986,1245857315744,299406.459,94.940,VIRTUAL_FORWARD,1,1,1,1,14,0,-11.5540,14.3852,-18.0733,-12.7466,15.6995,-2.8947
2987,1245959024928,299508.168,101.709,VIRTUAL_FORWARD,1,1,1,1,14,0,-11.5540,14.3852,-18.0733,-12.7412,15.6990,-2.8801
2988,1246061026816,299610.170,102.002,VIRTUAL_FORWARD,1,1,1,1,14,0,-11.5540,14.3852,-18.0733,-12.7380,15.6977,-2.8671
2989,1246176418336,299725.561,115.392,VIRTUAL_FORWARD,1,1,1,1,14,0,-11.5540,14.3852,-18.0733,-12.7347,15.6971,-2.8545
2990,1246261998816,299811.142,85.580,VIRTUAL_FORWARD,1,1,1,1,14,0,-11.5540,14.3852,-18.0733,-12.7313,15.6944,-2.8431
2991,1246357927168,299907.070,95.928,VIRTUAL_FORWARD,1,1,1,1,14,0,-11.5540,14.3852,-18.0733,-12.7276,15.6917,-2.8322
2992,1246463301248,300012.444,105.374,VIRTUAL_FORWARD,1,1,1,1,14,0,-11.5540,14.3852,-18.0733,-12.7242,15.6885,-2.8232
2993,1246560373888,300109.517,97.073,VIRTUAL_FORWARD,1,1,1,1,14,0,-11.5540,14.3852,-18.0733,-12.7211,15.6857,-2.8144
2994,1246657917152,300207.060,97.543,VIRTUAL_FORWARD,1,1,1,1,14,0,-11.5540,14.3852,-18.0733,-12.7157,15.6848,-2.8052
2995,1246759541280,300308.684,101.624,VIRTUAL_FORWARD,1,1,1,1,14,0,-11.5540,14.3852,-18.0733,-12.7119,15.6830,-2.7973
2996,1246865181632,300414.325,105.640,VIRTUAL_FORWARD,1,1,1,1,14,0,-11.5540,14.3852,-18.0733,-12.7080,15.6832,-2.7914
2997,1246962460192,300511.603,97.279,VIRTUAL_FORWARD,1,1,1,1,14,0,-11.5540,14.3852,-18.0733,-12.7035,15.6832,-2.7818
2998,1247059474336,300608.617,97.014,VIRTUAL_FORWARD,1,1,1,1,14,0,-11.5540,14.3852,-18.0733,-12.7035,15.6832,-2.7818
2999,1247157225440,300706.368,97.751,VIRTUAL_FORWARD,1,1,1,1,14,0,-11.5540,14.3852,-18.0733,-12.6982,15.6832,-2.7670
3000,1247259795200,300808.938,102.570,VIRTUAL_FORWARD,1,1,1,1,14,0,-11.5540,14.3852,-18.0733,-12.6966,15.6803,-2.7577
3001,1247359027168,300908.170,99.232,VIRTUAL_FORWARD,1,1,1,1,14,0,-11.5540,14.3852,-18.0733,-12.6941,15.6785,-2.7478
3002,1247459614048,301008.757,100.587,VIRTUAL_FORWARD,1,1,1,1,14,0,-11.5540,14.3852,-18.0733,-12.6902,15.6784,-2.7386
3003,1247559882560,301109.025,100.269,VIRTUAL_FORWARD,1,1,1,1,14,0,-11.5540,14.3852,-18.0733,-12.6870,15.6781,-2.7293
3004,1247658045824,301207.189,98.163,VIRTUAL_FORWARD,1,1,1,1,14,0,-11.5540,14.3852,-18.0733,-12.6832,15.6787,-2.7206
3005,1247762286368,301311.429,104.241,VIRTUAL_FORWARD,1,1,1,1,14,0,-11.5540,14.3852,-18.0733,-12.6799,15.6794,-2.7129
3006,1247862515520,301411.658,100.229,VIRTUAL_FORWARD,1,1,1,1,14,0,-11.5540,14.3852,-18.0733,-12.6763,15.6789,-2.7064
3007,1247959561856,301508.705,97.046,VIRTUAL_FORWARD,1,1,1,1,14,0,-11.5540,14.3852,-18.0733,-12.6734,15.6775,-2.6995
3008,1248062526208,301611.669,102.964,VIRTUAL_FORWARD,1,1,1,1,14,0,-11.5540,14.3852,-18.0733,-12.6701,15.6769,-2.6925
3009,1248168098816,301717.242,105.573,VIRTUAL_FORWARD,1,1,1,1,14,0,-11.5540,14.3852,-18.0733,-12.6674,15.6761,-2.6838
3010,1248257090880,301806.234,88.992,VIRTUAL_FORWARD,1,1,1,1,14,0,-11.5540,14.3852,-18.0733,-12.6642,15.6739,-2.6788
3011,1248360697952,301909.841,103.607,VIRTUAL_FORWARD,1,1,1,1,14,0,-11.5540,14.3852,-18.0733,-12.6606,15.6720,-2.6732
3012,1248461400832,302010.544,100.703,VIRTUAL_FORWARD,1,1,1,1,14,0,-11.5540,14.3852,-18.0733,-12.6570,15.6685,-2.6692
3013,1248557713760,302106.857,96.313,VIRTUAL_FORWARD,1,1,1,1,14,0,-11.5540,14.3852,-18.0733,-12.6549,15.6639,-2.6654
3014,1248662984352,302212.127,105.271,VIRTUAL_FORWARD,1,1,1,1,14,0,-11.5540,14.3852,-18.0733,-12.6517,15.6609,-2.6635
3015,1248757305504,302306.448,94.321,VIRTUAL_FORWARD,1,1,1,1,14,0,-11.5540,14.3852,-18.0733,-12.6495,15.6578,-2.6610
3016,1248858852544,302407.995,101.547,VIRTUAL_FORWARD,1,1,1,1,14,0,-11.5540,14.3852,-18.0733,-12.6486,15.6531,-2.6603
3017,1248963069568,302512.212,104.217,VIRTUAL_FORWARD,1,1,1,1,14,0,-11.5540,14.3852,-18.0733,-12.6482,15.6490,-2.6573
3018,1249059956544,302609.099,96.887,VIRTUAL_FORWARD,1,1,1,1,14,0,-11.5540,14.3852,-18.0733,-12.6467,15.6436,-2.6547
3019,1249158272256,302707.415,98.316,VIRTUAL_FORWARD,1,1,1,1,14,0,-11.5540,14.3852,-18.0733,-12.6453,15.6399,-2.6511
3020,1249261321728,302810.465,103.049,VIRTUAL_FORWARD,1,1,1,1,14,0,-11.5540,14.3852,-18.0733,-12.6421,15.6350,-2.6477
3021,1249364482560,302913.625,103.161,VIRTUAL_FORWARD,1,1,1,1,14,0,-11.5540,14.3852,-18.0733,-12.6398,15.6300,-2.6441
3022,1249459872864,303009.016,95.390,VIRTUAL_FORWARD,1,1,1,1,14,0,-11.5540,14.3852,-18.0733,-12.6399,15.6217,-2.6424
3023,1249561346432,303110.489,101.474,VIRTUAL_FORWARD,1,1,1,1,14,0,-11.5540,14.3852,-18.0733,-12.6394,15.6156,-2.6402
3024,1249657286688,303206.430,95.940,VIRTUAL_FORWARD,1,1,1,1,14,0,-11.5540,14.3852,-18.0733,-12.6375,15.6097,-2.6394
3025,1249757052928,303306.196,99.766,VIRTUAL_FORWARD,1,1,1,1,14,0,-11.5540,14.3852,-18.0733,-12.6357,15.6049,-2.6383
3026,1249861627264,303410.770,104.574,VIRTUAL_FORWARD,1,1,1,1,14,0,-11.5540,14.3852,-18.0733,-12.6340,15.5967,-2.6340
3027,1249957970688,303507.114,96.343,VIRTUAL_FORWARD,1,1,1,1,14,0,-11.5540,14.3852,-18.0733,-12.6329,15.5905,-2.6288
3028,1250061367584,303610.510,103.397,VIRTUAL_FORWARD,1,1,1,1,14,0,-11.5540,14.3852,-18.0733,-12.6325,15.5837,-2.6224
3029,1250160352320,303709.495,98.985,VIRTUAL_FORWARD,1,1,1,1,14,0,-11.5540,14.3852,-18.0733,-12.6327,15.5775,-2.6158
3030,1250261333472,303810.476,100.981,VIRTUAL_FORWARD,1,1,1,1,14,0,-11.5540,14.3852,-18.0733,-12.6302,15.5736,-2.6098
3031,1250357520416,303906.663,96.187,VIRTUAL_FORWARD,1,1,1,1,14,0,-11.5540,14.3852,-18.0733,-12.6285,15.5703,-2.6039
3032,1250458011936,304007.155,100.492,VIRTUAL_FORWARD,1,1,1,1,14,0,-11.5540,14.3852,-18.0733,-12.6254,15.5671,-2.5982
3033,1250559702912,304108.846,101.691,VIRTUAL_FORWARD,1,1,1,1,14,0,-11.5540,14.3852,-18.0733,-12.6239,15.5629,-2.5923
3034,1250658804000,304207.947,99.101,VIRTUAL_FORWARD,1,1,1,1,14,0,-11.5540,14.3852,-18.0733,-12.6195,15.5591,-2.5871
3035,1250760924992,304310.068,102.121,VIRTUAL_FORWARD,1,1,1,1,14,0,-11.5540,14.3852,-18.0733,-12.6159,15.5549,-2.5818
3036,1250862140864,304411.284,101.216,VIRTUAL_FORWARD,1,1,1,1,14,0,-11.5540,14.3852,-18.0733,-12.6118,15.5503,-2.5790
3037,1250961153408,304510.296,99.013,REQUEST_LAND_DISARMED,1,1,1,1,14,0,-11.5540,14.3852,-18.0733,-12.6089,15.5465,-2.5759
3038,1251057393792,304606.537,96.240,REQUEST_LAND_DISARMED,1,1,1,1,14,0,-11.5540,14.3852,-18.0733,-12.6070,15.5369,-2.5726
3039,1251159835616,304708.979,102.442,REQUEST_LAND_DISARMED,1,1,1,1,14,0,-11.5540,14.3852,-18.0733,-12.6058,15.5288,-2.5698
3040,1251257120448,304806.263,97.285,REQUEST_LAND_DISARMED,1,1,1,1,14,0,-11.5540,14.3852,-18.0733,-12.6035,15.5199,-2.5669
3041,1251357574112,304906.717,100.454,REQUEST_LAND_DISARMED,1,1,1,1,14,0,-11.5540,14.3852,-18.0733,-12.6013,15.5124,-2.5627
3042,1251458437568,305007.580,100.863,REQUEST_LAND_DISARMED,1,1,1,1,14,0,-11.5540,14.3852,-18.0733,-12.5986,15.5047,-2.5572
